create table DE_COLL_ATTR_RECORD_VALUES (IDENTIFIER bigint generated by default as identity, RECORD_VALUE varchar(4000), COLLECTION_ATTR_RECORD_ID bigint, primary key (IDENTIFIER));
create table DE_FILE_ATTR_RECORD_VALUES (IDENTIFIER bigint generated by default as identity, CONTENT_TYPE varchar(255), FILE_CONTENT blob(255), FILE_NAME varchar(255), RECORD_ID bigint, primary key (IDENTIFIER));
create table DE_OBJECT_ATTR_RECORD_VALUES (IDENTIFIER bigint generated by default as identity, CLASS_NAME varchar(255), OBJECT_CONTENT blob(255), RECORD_ID bigint, primary key (IDENTIFIER));
create table DYEXTN_ABSTRACT_ENTITY (id bigint not null, primary key (id));
create table DYEXTN_ABSTRACT_METADATA (IDENTIFIER bigint generated by default as identity, CREATED_DATE date, DESCRIPTION varchar(1000), LAST_UPDATED date, NAME varchar(1000), PUBLIC_ID varchar(255), primary key (IDENTIFIER));
create table DYEXTN_ABSTR_CONTAIN_CTR (IDENTIFIER bigint not null, CONTAINER_ID bigint, primary key (IDENTIFIER));
create table DYEXTN_ASSOCIATION (IDENTIFIER bigint not null, IS_COLLECTION smallint, DIRECTION varchar(255), TARGET_ENTITY_ID bigint, SOURCE_ROLE_ID bigint, TARGET_ROLE_ID bigint, IS_SYSTEM_GENERATED smallint, primary key (IDENTIFIER));
create table DYEXTN_ASSO_DISPLAY_ATTR (IDENTIFIER bigint generated by default as identity, SEQUENCE_NUMBER integer, DISPLAY_ATTRIBUTE_ID bigint, SELECT_CONTROL_ID bigint, primary key (IDENTIFIER));
create table DYEXTN_ATTRIBUTE (IDENTIFIER bigint not null, ENTIY_ID bigint, primary key (IDENTIFIER));
create table DYEXTN_ATTRIBUTE_RECORD (IDENTIFIER bigint generated by default as identity, ENTITY_ID bigint, ATTRIBUTE_ID bigint, RECORD_ID bigint, primary key (IDENTIFIER));
create table DYEXTN_ATTRIBUTE_TYPE_INFO (IDENTIFIER bigint generated by default as identity, PRIMITIVE_ATTRIBUTE_ID bigint, primary key (IDENTIFIER));
create table DYEXTN_BARR_CONCEPT_VALUE (IDENTIFIER bigint not null, primary key (IDENTIFIER));
create table DYEXTN_BASE_ABSTRACT_ATTRIBUTE (IDENTIFIER bigint not null, primary key (IDENTIFIER));
create table DYEXTN_BOOLEAN_CONCEPT_VALUE (IDENTIFIER bigint not null, VALUE smallint, primary key (IDENTIFIER));
create table DYEXTN_BOOLEAN_TYPE_INFO (IDENTIFIER bigint not null, primary key (IDENTIFIER));
create table DYEXTN_BYTE_ARRAY_TYPE_INFO (IDENTIFIER bigint not null, CONTENT_TYPE varchar(255), primary key (IDENTIFIER));
create table DYEXTN_CADSRDE (IDENTIFIER bigint not null, PUBLIC_ID varchar(255), primary key (IDENTIFIER));
create table DYEXTN_CADSR_VALUE_DOMAIN_INFO (IDENTIFIER bigint generated by default as identity, DATATYPE varchar(255), NAME varchar(255), TYPE varchar(255), PRIMITIVE_ATTRIBUTE_ID bigint, primary key (IDENTIFIER));
create table DYEXTN_CATEGORY (IDENTIFIER bigint not null, ROOT_CATEGORY_ELEMENT bigint, CATEGORY_ENTITY_ID bigint, primary key (IDENTIFIER));
create table DYEXTN_CATEGORY_ASSOCIATION (IDENTIFIER bigint not null, CATEGORY_ENTIY_ID bigint, CATEGORY_ENTITY_ID bigint, primary key (IDENTIFIER));
create table DYEXTN_CATEGORY_ATTRIBUTE (IDENTIFIER bigint not null, ABSTRACT_ATTRIBUTE_ID bigint, CATEGORY_ENTIY_ID bigint, IS_VISIBLE smallint, IS_RELATTRIBUTE smallint, CATEGORY_ENTITY_ID bigint, primary key (IDENTIFIER));
create table DYEXTN_CATEGORY_ENTITY (IDENTIFIER bigint not null, NUMBER_OF_ENTRIES integer, ENTITY_ID bigint, OWN_PARENT_CATEGORY_ENTITY_ID bigint, TREE_PARENT_CATEGORY_ENTITY_ID bigint, IS_CREATETABLE smallint, CATEGORY_ASSOCIATION_ID bigint, PARENT_CATEGORY_ENTITY_ID bigint, REL_ATTR_CAT_ENTITY_ID bigint, primary key (IDENTIFIER));
create table DYEXTN_CAT_ASSO_CTL (IDENTIFIER bigint not null, primary key (IDENTIFIER));
create table DYEXTN_CHECK_BOX (IDENTIFIER bigint not null, primary key (IDENTIFIER));
create table DYEXTN_COLUMN_PROPERTIES (IDENTIFIER bigint not null, CONSTRAINT_NAME varchar(255), CATEGORY_ATTRIBUTE_ID bigint, PRIMITIVE_ATTRIBUTE_ID bigint, primary key (IDENTIFIER));
create table DYEXTN_COMBOBOX (IDENTIFIER bigint not null, primary key (IDENTIFIER));
create table DYEXTN_CONSTRAINT_PROPERTIES (IDENTIFIER bigint not null, SOURCE_ENTITY_KEY varchar(255), TARGET_ENTITY_KEY varchar(255), SRC_CONSTRAINT_NAME varchar(255), TARGET_CONSTRAINT_NAME varchar(255), CATEGORY_ASSOCIATION_ID bigint, ASSOCIATION_ID bigint, primary key (IDENTIFIER));
create table DYEXTN_CONTAINER (IDENTIFIER bigint generated by default as identity, BUTTON_CSS varchar(255), CAPTION varchar(255), ABSTRACT_ENTITY_ID bigint, MAIN_TABLE_CSS varchar(255), REQUIRED_FIELD_INDICATOR varchar(255), REQUIRED_FIELD_WARNING_MESSAGE varchar(255), TITLE_CSS varchar(255), BASE_CONTAINER_ID bigint, ADD_CAPTION smallint, ENTITY_GROUP_ID bigint, VIEW_ID bigint, primary key (IDENTIFIER));
create table DYEXTN_CONTAINMENT_CONTROL (IDENTIFIER bigint not null, primary key (IDENTIFIER));
create table DYEXTN_CONTROL (IDENTIFIER bigint generated by default as identity, CAPTION varchar(255), CSS_CLASS varchar(255), HIDDEN smallint, NAME varchar(255), SEQUENCE_NUMBER integer, TOOLTIP varchar(255), CONTAINER_ID bigint, BASE_ABST_ATR_ID bigint, READ_ONLY smallint, primary key (IDENTIFIER));
create table DYEXTN_DATABASE_PROPERTIES (IDENTIFIER bigint generated by default as identity, NAME varchar(255), primary key (IDENTIFIER));
create table DYEXTN_DATA_ELEMENT (IDENTIFIER bigint generated by default as identity, CATEGORY_ATTRIBUTE_ID bigint, ATTRIBUTE_TYPE_INFO_ID bigint, primary key (IDENTIFIER));
create table DYEXTN_DATA_GRID (IDENTIFIER bigint not null, primary key (IDENTIFIER));
create table DYEXTN_DATEPICKER (IDENTIFIER bigint not null, DATE_VALUE_TYPE varchar(255), primary key (IDENTIFIER));
create table DYEXTN_DATE_CONCEPT_VALUE (IDENTIFIER bigint not null, VALUE timestamp, primary key (IDENTIFIER));
create table DYEXTN_DATE_TYPE_INFO (IDENTIFIER bigint not null, FORMAT varchar(255), primary key (IDENTIFIER));
create table DYEXTN_DOUBLE_CONCEPT_VALUE (IDENTIFIER bigint not null, VALUE double, primary key (IDENTIFIER));
create table DYEXTN_DOUBLE_TYPE_INFO (IDENTIFIER bigint not null, primary key (IDENTIFIER));
create table DYEXTN_ENTITY (IDENTIFIER bigint not null, DATA_TABLE_STATE integer, ENTITY_GROUP_ID bigint, IS_ABSTRACT smallint, PARENT_ENTITY_ID bigint, INHERITANCE_STRATEGY integer, DISCRIMINATOR_COLUMN_NAME varchar(255), DISCRIMINATOR_VALUE varchar(255), primary key (IDENTIFIER));
create table DYEXTN_ENTITY_GROUP (IDENTIFIER bigint not null, LONG_NAME varchar(255), SHORT_NAME varchar(255), VERSION varchar(255), IS_SYSTEM_GENERATED smallint, primary key (IDENTIFIER));
create table DYEXTN_ENTITY_MAP (IDENTIFIER bigint generated by default as identity, CONTAINER_ID bigint, STATUS varchar(10), STATIC_ENTITY_ID bigint, CREATED_DATE date, CREATED_BY varchar(255), primary key (IDENTIFIER));
create table DYEXTN_ENTITY_MAP_CONDNS (IDENTIFIER bigint generated by default as identity, STATIC_RECORD_ID bigint, TYPE_ID bigint, FORM_CONTEXT_ID bigint, primary key (IDENTIFIER));
create table DYEXTN_ENTITY_MAP_RECORD (IDENTIFIER bigint generated by default as identity, FORM_CONTEXT_ID bigint, STATIC_ENTITY_RECORD_ID bigint, STATUS varchar(10), DYNAMIC_ENTITY_RECORD_ID bigint, MODIFIED_DATE date, CREATED_DATE date, CREATED_BY varchar(255), primary key (IDENTIFIER));
create table DYEXTN_FILE_EXTENSIONS (IDENTIFIER bigint generated by default as identity, FILE_EXTENSION varchar(255), ATTRIBUTE_ID bigint, primary key (IDENTIFIER));
create table DYEXTN_FILE_TYPE_INFO (IDENTIFIER bigint not null, MAX_FILE_SIZE float, primary key (IDENTIFIER));
create table DYEXTN_FILE_UPLOAD (IDENTIFIER bigint not null, NO_OF_COLUMNS integer, primary key (IDENTIFIER));
create table DYEXTN_FLOAT_CONCEPT_VALUE (IDENTIFIER bigint not null, VALUE float, primary key (IDENTIFIER));
create table DYEXTN_FLOAT_TYPE_INFO (IDENTIFIER bigint not null, primary key (IDENTIFIER));
create table DYEXTN_FORM_CONTEXT (IDENTIFIER bigint generated by default as identity, IS_INFINITE_ENTRY smallint, ENTITY_MAP_ID bigint, STUDY_FORM_LABEL varchar(255), NO_OF_ENTRIES integer, primary key (IDENTIFIER));
create table DYEXTN_INTEGER_CONCEPT_VALUE (IDENTIFIER bigint not null, VALUE integer, primary key (IDENTIFIER));
create table DYEXTN_INTEGER_TYPE_INFO (IDENTIFIER bigint not null, primary key (IDENTIFIER));
create table DYEXTN_LIST_BOX (IDENTIFIER bigint not null, NO_OF_ROWS integer, MULTISELECT smallint, primary key (IDENTIFIER));
create table DYEXTN_LONG_CONCEPT_VALUE (IDENTIFIER bigint not null, VALUE bigint, primary key (IDENTIFIER));
create table DYEXTN_LONG_TYPE_INFO (IDENTIFIER bigint not null, primary key (IDENTIFIER));
create table DYEXTN_NUMERIC_TYPE_INFO (IDENTIFIER bigint not null, MEASUREMENT_UNITS varchar(255), DECIMAL_PLACES integer, NO_DIGITS integer, primary key (IDENTIFIER));
create table DYEXTN_OBJECT_TYPE_INFO (IDENTIFIER bigint not null, primary key (IDENTIFIER));
create table DYEXTN_PATH (IDENTIFIER bigint generated by default as identity, CATEGORY_ENTITY_ID bigint, primary key (IDENTIFIER));
create table DYEXTN_PATH_ASSO_REL (IDENTIFIER bigint generated by default as identity, PATH_ID bigint, ASSOCIATION_ID bigint, PATH_SEQUENCE_NUMBER integer, SRC_INSTANCE_ID bigint, TGT_INSTANCE_ID bigint, primary key (IDENTIFIER));
create table DYEXTN_PERMISSIBLE_VALUE (IDENTIFIER bigint generated by default as identity, DESCRIPTION varchar(255), CATEGORY_ATTRIBUTE_ID bigint, ATTRIBUTE_TYPE_INFO_ID bigint, primary key (IDENTIFIER));
create table DYEXTN_PRIMITIVE_ATTRIBUTE (IDENTIFIER bigint not null, IS_IDENTIFIED smallint, IS_PRIMARY_KEY smallint, IS_NULLABLE smallint, primary key (IDENTIFIER));
create table DYEXTN_RADIOBUTTON (IDENTIFIER bigint not null, primary key (IDENTIFIER));
create table DYEXTN_ROLE (IDENTIFIER bigint generated by default as identity, ASSOCIATION_TYPE varchar(255), MAX_CARDINALITY integer, MIN_CARDINALITY integer, NAME varchar(255), primary key (IDENTIFIER));
create table DYEXTN_RULE (IDENTIFIER bigint generated by default as identity, NAME varchar(255), IS_IMPLICIT smallint, CATEGORY_ATTR_ID bigint, ATTRIBUTE_ID bigint, primary key (IDENTIFIER));
create table DYEXTN_RULE_PARAMETER (IDENTIFIER bigint generated by default as identity, NAME varchar(255), VALUE varchar(255), RULE_ID bigint, primary key (IDENTIFIER));
create table DYEXTN_SELECT_CONTROL (IDENTIFIER bigint not null, SEPARATOR_STRING varchar(255), primary key (IDENTIFIER));
create table DYEXTN_SEMANTIC_PROPERTY (IDENTIFIER bigint generated by default as identity, CONCEPT_CODE varchar(255), TERM varchar(255), THESAURAS_NAME varchar(255), SEQUENCE_NUMBER integer, CONCEPT_DEFINITION varchar(255), ABSTRACT_METADATA_ID bigint, ABSTRACT_VALUE_ID bigint, primary key (IDENTIFIER));
create table DYEXTN_SHORT_CONCEPT_VALUE (IDENTIFIER bigint not null, VALUE smallint, primary key (IDENTIFIER));
create table DYEXTN_SHORT_TYPE_INFO (IDENTIFIER bigint not null, primary key (IDENTIFIER));
create table DYEXTN_SQL_AUDIT (IDENTIFIER bigint generated by default as identity, AUDIT_DATE date, QUERY_EXECUTED varchar(4000), USER_ID bigint, primary key (IDENTIFIER));
create table DYEXTN_STRING_CONCEPT_VALUE (IDENTIFIER bigint not null, VALUE varchar(255), primary key (IDENTIFIER));
create table DYEXTN_STRING_TYPE_INFO (IDENTIFIER bigint not null, MAX_SIZE integer, primary key (IDENTIFIER));
create table DYEXTN_TABLE_PROPERTIES (IDENTIFIER bigint not null, CONSTRAINT_NAME varchar(255), ABSTRACT_ENTITY_ID bigint, primary key (IDENTIFIER));
create table DYEXTN_TAGGED_VALUE (IDENTIFIER bigint generated by default as identity, T_KEY varchar(255), T_VALUE varchar(255), ABSTRACT_METADATA_ID bigint, primary key (IDENTIFIER));
create table DYEXTN_TEXTAREA (IDENTIFIER bigint not null, TEXTAREA_COLUMNS integer, TEXTAREA_ROWS integer, primary key (IDENTIFIER));
create table DYEXTN_TEXTFIELD (IDENTIFIER bigint not null, NO_OF_COLUMNS integer, IS_PASSWORD smallint, IS_URL smallint, primary key (IDENTIFIER));
create table DYEXTN_USERDEFINED_DE (IDENTIFIER bigint not null, primary key (IDENTIFIER));
create table DYEXTN_USERDEF_DE_VALUE_REL (USER_DEF_DE_ID bigint not null, PERMISSIBLE_VALUE_ID bigint not null, primary key (USER_DEF_DE_ID, PERMISSIBLE_VALUE_ID));
create table DYEXTN_VIEW (IDENTIFIER bigint generated by default as identity, NAME varchar(255), primary key (IDENTIFIER));
create table dyextn_id_generator (id bigint not null, next_available_id bigint, primary key (id));

/*Meta data Loading starts*/

/*Data for the table  association  */

insert into  association  values (1,2);
insert into  association  values (2,2);
insert into  association  values (3,2);
insert into  association  values (4,2);
insert into  association  values (5,2);
insert into  association  values (6,2);
insert into  association  values (7,2);
insert into  association  values (8,2);
insert into  association  values (9,2);
insert into  association  values (10,2);
insert into  association  values (11,2);
insert into  association  values (12,2);
insert into  association  values (13,2);
insert into  association  values (14,2);
insert into  association  values (15,2);
insert into  association  values (16,2);
insert into  association  values (17,2);
insert into  association  values (18,2);
insert into  association  values (19,2);
insert into  association  values (20,2);
insert into  association  values (21,2);
insert into  association  values (22,2);
insert into  association  values (23,2);
insert into  association  values (24,2);
insert into  association  values (25,2);
insert into  association  values (26,2);
insert into  association  values (27,2);
insert into  association  values (28,2);
insert into  association  values (29,2);
insert into  association  values (30,2);
insert into  association  values (31,2);
insert into  association  values (32,2);
insert into  association  values (33,2);
insert into  association  values (34,2);
insert into  association  values (35,2);
insert into  association  values (36,2);
insert into  association  values (37,2);
insert into  association  values (38,2);
insert into  association  values (39,2);
insert into  association  values (40,2);
insert into  association  values (41,2);
insert into  association  values (42,2);
insert into  association  values (43,2);
insert into  association  values (44,2);
insert into  association  values (45,2);
insert into  association  values (46,2);
insert into  association  values (47,2);
insert into  association  values (48,2);
insert into  association  values (49,2);
insert into  association  values (50,2);
insert into  association  values (51,2);
insert into  association  values (52,2);
insert into  association  values (53,2);
insert into  association  values (54,2);
insert into  association  values (55,2);
insert into  association  values (56,2);
insert into  association  values (57,2);
insert into  association  values (58,2);
insert into  association  values (59,2);
insert into  association  values (60,2);
insert into  association  values (61,2);
insert into  association  values (62,2);
insert into  association  values (63,2);
insert into  association  values (64,2);
insert into  association  values (65,2);
insert into  association  values (66,2);
insert into  association  values (67,2);
insert into  association  values (68,2);
insert into  association  values (69,2);
insert into  association  values (70,2);
insert into  association  values (71,2);
insert into  association  values (72,2);

insert into  dyextn_abstr_contain_ctr  values (10,7);
insert into  dyextn_abstr_contain_ctr  values (43,24);
insert into  dyextn_abstr_contain_ctr  values (42,25);
insert into  dyextn_abstr_contain_ctr  values (41,28);
insert into  dyextn_abstr_contain_ctr  values (70,29);
insert into  dyextn_abstr_contain_ctr  values (44,30);
insert into  dyextn_abstr_contain_ctr  values (48,31);
insert into  dyextn_abstr_contain_ctr  values (50,32);
insert into  dyextn_abstr_contain_ctr  values (51,33);
insert into  dyextn_abstr_contain_ctr  values (52,34);
insert into  dyextn_abstr_contain_ctr  values (67,35);

/*Data for the table  dyextn_abstract_entity  */

insert into  dyextn_abstract_entity  values (2);
insert into  dyextn_abstract_entity  values (7);
insert into  dyextn_abstract_entity  values (8);
insert into  dyextn_abstract_entity  values (13);
insert into  dyextn_abstract_entity  values (23);
insert into  dyextn_abstract_entity  values (26);
insert into  dyextn_abstract_entity  values (27);
insert into  dyextn_abstract_entity  values (28);
insert into  dyextn_abstract_entity  values (31);
insert into  dyextn_abstract_entity  values (34);
insert into  dyextn_abstract_entity  values (37);
insert into  dyextn_abstract_entity  values (40);
insert into  dyextn_abstract_entity  values (43);
insert into  dyextn_abstract_entity  values (44);
insert into  dyextn_abstract_entity  values (58);
insert into  dyextn_abstract_entity  values (63);
insert into  dyextn_abstract_entity  values (72);
insert into  dyextn_abstract_entity  values (76);
insert into  dyextn_abstract_entity  values (78);
insert into  dyextn_abstract_entity  values (81);
insert into  dyextn_abstract_entity  values (90);
insert into  dyextn_abstract_entity  values (112);
insert into  dyextn_abstract_entity  values (115);
insert into  dyextn_abstract_entity  values (118);
insert into  dyextn_abstract_entity  values (119);
insert into  dyextn_abstract_entity  values (122);
insert into  dyextn_abstract_entity  values (131);
insert into  dyextn_abstract_entity  values (134);
insert into  dyextn_abstract_entity  values (137);
insert into  dyextn_abstract_entity  values (141);
insert into  dyextn_abstract_entity  values (142);
insert into  dyextn_abstract_entity  values (154);
insert into  dyextn_abstract_entity  values (155);
insert into  dyextn_abstract_entity  values (158);
insert into  dyextn_abstract_entity  values (161);
insert into  dyextn_abstract_entity  values (164);
insert into  dyextn_abstract_entity  values (167);
insert into  dyextn_abstract_entity  values (179);
insert into  dyextn_abstract_entity  values (185);
insert into  dyextn_abstract_entity  values (190);
insert into  dyextn_abstract_entity  values (191);
insert into  dyextn_abstract_entity  values (194);
insert into  dyextn_abstract_entity  values (197);
insert into  dyextn_abstract_entity  values (207);
insert into  dyextn_abstract_entity  values (208);
insert into  dyextn_abstract_entity  values (212);
insert into  dyextn_abstract_entity  values (215);
insert into  dyextn_abstract_entity  values (216);
insert into  dyextn_abstract_entity  values (220);
insert into  dyextn_abstract_entity  values (223);
insert into  dyextn_abstract_entity  values (225);
insert into  dyextn_abstract_entity  values (226);
insert into  dyextn_abstract_entity  values (227);
insert into  dyextn_abstract_entity  values (233);
insert into  dyextn_abstract_entity  values (244);
insert into  dyextn_abstract_entity  values (247);
insert into  dyextn_abstract_entity  values (275);
insert into  dyextn_abstract_entity  values (277);
insert into  dyextn_abstract_entity  values (279);
insert into  dyextn_abstract_entity  values (283);
insert into  dyextn_abstract_entity  values (285);
insert into  dyextn_abstract_entity  values (287);
insert into  dyextn_abstract_entity  values (289);

/*Data for the table  dyextn_abstract_metadata  */

insert into  dyextn_abstract_metadata  values (1,NULL,'cider',NULL,'cider',NULL);
insert into  dyextn_abstract_metadata  values (2,'2008-12-11','cider-PatientLocation','2008-12-11','PatientLocation',NULL);
insert into  dyextn_abstract_metadata  values (3,NULL,NULL,NULL,'room',NULL);
insert into  dyextn_abstract_metadata  values (4,NULL,NULL,NULL,'location',NULL);
insert into  dyextn_abstract_metadata  values (5,NULL,NULL,NULL,'bed',NULL);
insert into  dyextn_abstract_metadata  values (6,NULL,NULL,NULL,'id',NULL);
insert into  dyextn_abstract_metadata  values (7,'2008-12-11','cider-Provider','2008-12-11','Provider',NULL);
insert into  dyextn_abstract_metadata  values (8,'2008-12-11','cider-MedicalEntitiesDictionary','2008-12-11','MedicalEntitiesDictionary',NULL);
insert into  dyextn_abstract_metadata  values (9,NULL,NULL,NULL,'shortName',NULL);
insert into  dyextn_abstract_metadata  values (10,NULL,NULL,NULL,'name',NULL);
insert into  dyextn_abstract_metadata  values (11,NULL,NULL,NULL,'id',NULL);
insert into  dyextn_abstract_metadata  values (12,NULL,NULL,NULL,'AssociationName_4',NULL);
insert into  dyextn_abstract_metadata  values (13,'2008-12-11','cider-PersonName','2008-12-11','PersonName',NULL);
insert into  dyextn_abstract_metadata  values (14,NULL,NULL,NULL,'suffix',NULL);
insert into  dyextn_abstract_metadata  values (15,NULL,NULL,NULL,'prefix',NULL);
insert into  dyextn_abstract_metadata  values (16,NULL,NULL,NULL,'middleName',NULL);
insert into  dyextn_abstract_metadata  values (17,NULL,NULL,NULL,'lastNameCompressed',NULL);
insert into  dyextn_abstract_metadata  values (18,NULL,NULL,NULL,'lastName',NULL);
insert into  dyextn_abstract_metadata  values (19,NULL,NULL,NULL,'firstName',NULL);
insert into  dyextn_abstract_metadata  values (20,NULL,NULL,NULL,'degree',NULL);
insert into  dyextn_abstract_metadata  values (21,NULL,NULL,NULL,'id',NULL);
insert into  dyextn_abstract_metadata  values (22,NULL,NULL,NULL,'AssociationName_3',NULL);
insert into  dyextn_abstract_metadata  values (23,'2008-12-11','cider-ProviderType','2008-12-11','ProviderType',NULL);
insert into  dyextn_abstract_metadata  values (24,NULL,NULL,NULL,'id',NULL);
insert into  dyextn_abstract_metadata  values (25,NULL,NULL,NULL,'AssociationName_2',NULL);
insert into  dyextn_abstract_metadata  values (26,'2008-12-11','cider-Person','2008-12-11','Person',NULL);
insert into  dyextn_abstract_metadata  values (27,'2008-12-11','cider-Encounter','2008-12-11','Encounter',NULL);
insert into  dyextn_abstract_metadata  values (28,'2008-12-11','cider-EncounterDetails','2008-12-11','EncounterDetails',NULL);
insert into  dyextn_abstract_metadata  values (29,NULL,NULL,NULL,'AssociationName_30',NULL);
insert into  dyextn_abstract_metadata  values (30,NULL,NULL,NULL,'AssociationName_29',NULL);
insert into  dyextn_abstract_metadata  values (31,'2008-12-11','cider-VipIndicator','2008-12-11','VipIndicator',NULL);
insert into  dyextn_abstract_metadata  values (32,NULL,NULL,NULL,'id',NULL);
insert into  dyextn_abstract_metadata  values (33,NULL,NULL,NULL,'AssociationName_28',NULL);
insert into  dyextn_abstract_metadata  values (34,'2008-12-11','cider-DiagnosticRelatedGroup','2008-12-11','DiagnosticRelatedGroup',NULL);
insert into  dyextn_abstract_metadata  values (35,NULL,NULL,NULL,'id',NULL);
insert into  dyextn_abstract_metadata  values (36,NULL,NULL,NULL,'AssociationName_27',NULL);
insert into  dyextn_abstract_metadata  values (37,'2008-12-11','cider-FacilityDischargeDisposition','2008-12-11','FacilityDischargeDisposition',NULL);
insert into  dyextn_abstract_metadata  values (38,NULL,NULL,NULL,'id',NULL);
insert into  dyextn_abstract_metadata  values (39,NULL,NULL,NULL,'AssociationName_26',NULL);
insert into  dyextn_abstract_metadata  values (40,'2008-12-11','cider-FinancialClass','2008-12-11','FinancialClass',NULL);
insert into  dyextn_abstract_metadata  values (41,NULL,NULL,NULL,'id',NULL);
insert into  dyextn_abstract_metadata  values (42,NULL,NULL,NULL,'AssociationName_25',NULL);
insert into  dyextn_abstract_metadata  values (43,'2008-12-11','cider-Insurance','2008-12-11','Insurance',NULL);
insert into  dyextn_abstract_metadata  values (44,'2008-12-11','cider-RelationToPerson','2008-12-11','RelationToPerson',NULL);
insert into  dyextn_abstract_metadata  values (45,NULL,NULL,NULL,'id',NULL);
insert into  dyextn_abstract_metadata  values (46,NULL,NULL,NULL,'AssociationName_4',NULL);
insert into  dyextn_abstract_metadata  values (47,NULL,NULL,NULL,'id',NULL);
insert into  dyextn_abstract_metadata  values (48,NULL,NULL,NULL,'companyId',NULL);
insert into  dyextn_abstract_metadata  values (49,NULL,NULL,NULL,'groupName',NULL);
insert into  dyextn_abstract_metadata  values (50,NULL,NULL,NULL,'groupNumber',NULL);
insert into  dyextn_abstract_metadata  values (51,NULL,NULL,NULL,'insuredGroupEmpId',NULL);
insert into  dyextn_abstract_metadata  values (52,NULL,NULL,NULL,'insuredGroupEmpName',NULL);
insert into  dyextn_abstract_metadata  values (53,NULL,NULL,NULL,'planId',NULL);
insert into  dyextn_abstract_metadata  values (54,NULL,NULL,NULL,'policyNumber',NULL);
insert into  dyextn_abstract_metadata  values (55,NULL,NULL,NULL,'preAdmitCert',NULL);
insert into  dyextn_abstract_metadata  values (56,NULL,NULL,NULL,'sequence',NULL);
insert into  dyextn_abstract_metadata  values (57,NULL,NULL,NULL,'AssociationName_1',NULL);
insert into  dyextn_abstract_metadata  values (58,'2008-12-11','cider-InsurancePlanType','2008-12-11','InsurancePlanType',NULL);
insert into  dyextn_abstract_metadata  values (59,NULL,NULL,NULL,'id',NULL);
insert into  dyextn_abstract_metadata  values (60,NULL,NULL,NULL,'AssociationName_2',NULL);
insert into  dyextn_abstract_metadata  values (61,NULL,NULL,NULL,'AssociationName_3',NULL);
insert into  dyextn_abstract_metadata  values (62,NULL,NULL,NULL,'AssociationName_24',NULL);
insert into  dyextn_abstract_metadata  values (63,'2008-12-11','cider-ClinicalTrial','2008-12-11','ClinicalTrial',NULL);
insert into  dyextn_abstract_metadata  values (64,NULL,NULL,NULL,'AssociationName_1',NULL);
insert into  dyextn_abstract_metadata  values (65,NULL,NULL,NULL,'trialId',NULL);
insert into  dyextn_abstract_metadata  values (66,NULL,NULL,NULL,'trailName',NULL);
insert into  dyextn_abstract_metadata  values (67,NULL,NULL,NULL,'startTimeStamp',NULL);
insert into  dyextn_abstract_metadata  values (68,NULL,NULL,NULL,'protocolId',NULL);
insert into  dyextn_abstract_metadata  values (69,NULL,NULL,NULL,'endTimeStamp',NULL);
insert into  dyextn_abstract_metadata  values (70,NULL,NULL,NULL,'id',NULL);
insert into  dyextn_abstract_metadata  values (71,NULL,NULL,NULL,'AssociationName_23',NULL);
insert into  dyextn_abstract_metadata  values (72,'2008-12-11','cider-Service','2008-12-11','Service',NULL);
insert into  dyextn_abstract_metadata  values (73,NULL,NULL,NULL,'id',NULL);
insert into  dyextn_abstract_metadata  values (74,NULL,NULL,NULL,'AssociationName_22',NULL);
insert into  dyextn_abstract_metadata  values (75,NULL,NULL,NULL,'AssociationName_21',NULL);
insert into  dyextn_abstract_metadata  values (76,'2008-12-11','cider-Procedure','2008-12-11','Procedure',NULL);
insert into  dyextn_abstract_metadata  values (77,NULL,NULL,NULL,'AssociationName_5',NULL);
insert into  dyextn_abstract_metadata  values (78,'2008-12-11','cider-ProcedureCode','2008-12-11','ProcedureCode',NULL);
insert into  dyextn_abstract_metadata  values (79,NULL,NULL,NULL,'id',NULL);
insert into  dyextn_abstract_metadata  values (80,NULL,NULL,NULL,'AssociationName_4',NULL);
insert into  dyextn_abstract_metadata  values (81,'2008-12-11','cider-ProcedureType','2008-12-11','ProcedureType',NULL);
insert into  dyextn_abstract_metadata  values (82,NULL,NULL,NULL,'id',NULL);
insert into  dyextn_abstract_metadata  values (83,NULL,NULL,NULL,'AssociationName_3',NULL);
insert into  dyextn_abstract_metadata  values (84,NULL,NULL,NULL,'AssociationName_2',NULL);
insert into  dyextn_abstract_metadata  values (85,NULL,NULL,NULL,'AssociationName_1',NULL);
insert into  dyextn_abstract_metadata  values (86,NULL,NULL,NULL,'sequence',NULL);
insert into  dyextn_abstract_metadata  values (87,NULL,NULL,NULL,'date',NULL);
insert into  dyextn_abstract_metadata  values (88,NULL,NULL,NULL,'id',NULL);
insert into  dyextn_abstract_metadata  values (89,NULL,NULL,NULL,'AssociationName_20',NULL);
insert into  dyextn_abstract_metadata  values (90,'2008-12-11','cider-HipaaNotified','2008-12-11','HipaaNotified',NULL);
insert into  dyextn_abstract_metadata  values (91,NULL,NULL,NULL,'id',NULL);
insert into  dyextn_abstract_metadata  values (92,NULL,NULL,NULL,'AssociationName_19',NULL);
insert into  dyextn_abstract_metadata  values (93,NULL,NULL,NULL,'AssociationName_6',NULL);
insert into  dyextn_abstract_metadata  values (94,NULL,NULL,NULL,'AssociationName_5',NULL);
insert into  dyextn_abstract_metadata  values (95,NULL,NULL,NULL,'AssociationName_4',NULL);
insert into  dyextn_abstract_metadata  values (96,NULL,NULL,NULL,'AssociationName_3',NULL);
insert into  dyextn_abstract_metadata  values (97,NULL,NULL,NULL,'AssociationName_2',NULL);
insert into  dyextn_abstract_metadata  values (98,NULL,NULL,NULL,'AssociationName_1',NULL);
insert into  dyextn_abstract_metadata  values (99,NULL,NULL,NULL,'teachingTeam',NULL);
insert into  dyextn_abstract_metadata  values (100,NULL,NULL,NULL,'registrationTimeStamp',NULL);
insert into  dyextn_abstract_metadata  values (101,NULL,NULL,NULL,'effectingStartTimeStamp',NULL);
insert into  dyextn_abstract_metadata  values (102,NULL,NULL,NULL,'effectingEndTimeStamp',NULL);
insert into  dyextn_abstract_metadata  values (103,NULL,NULL,NULL,'dischargeTimeStamp',NULL);
insert into  dyextn_abstract_metadata  values (104,NULL,NULL,NULL,'ageAtEncounter',NULL);
insert into  dyextn_abstract_metadata  values (105,NULL,NULL,NULL,'id',NULL);
insert into  dyextn_abstract_metadata  values (106,NULL,NULL,NULL,'AssociationName_7',NULL);
insert into  dyextn_abstract_metadata  values (107,NULL,NULL,NULL,'AssociationName_8',NULL);
insert into  dyextn_abstract_metadata  values (108,NULL,NULL,NULL,'AssociationName_9',NULL);
insert into  dyextn_abstract_metadata  values (109,NULL,NULL,NULL,'AssociationName_10',NULL);
insert into  dyextn_abstract_metadata  values (110,NULL,NULL,NULL,'AssociationName_11',NULL);
insert into  dyextn_abstract_metadata  values (111,NULL,NULL,NULL,'AssociationName_12',NULL);
insert into  dyextn_abstract_metadata  values (112,'2008-12-11','cider-PatientClass','2008-12-11','PatientClass',NULL);
insert into  dyextn_abstract_metadata  values (113,NULL,NULL,NULL,'id',NULL);
insert into  dyextn_abstract_metadata  values (114,NULL,NULL,NULL,'AssociationName_13',NULL);
insert into  dyextn_abstract_metadata  values (115,'2008-12-11','cider-PatientType','2008-12-11','PatientType',NULL);
insert into  dyextn_abstract_metadata  values (116,NULL,NULL,NULL,'id',NULL);
insert into  dyextn_abstract_metadata  values (117,NULL,NULL,NULL,'AssociationName_14',NULL);
insert into  dyextn_abstract_metadata  values (118,'2008-12-11','cider-Diagnosis','2008-12-11','Diagnosis',NULL);
insert into  dyextn_abstract_metadata  values (119,'2008-12-11','cider-DiagnosisType','2008-12-11','DiagnosisType',NULL);
insert into  dyextn_abstract_metadata  values (120,NULL,NULL,NULL,'id',NULL);
insert into  dyextn_abstract_metadata  values (121,NULL,NULL,NULL,'AssociationName_4',NULL);
insert into  dyextn_abstract_metadata  values (122,'2008-12-11','cider-DiagnosisCode','2008-12-11','DiagnosisCode',NULL);
insert into  dyextn_abstract_metadata  values (123,NULL,NULL,NULL,'id',NULL);
insert into  dyextn_abstract_metadata  values (124,NULL,NULL,NULL,'AssociationName_3',NULL);
insert into  dyextn_abstract_metadata  values (125,NULL,NULL,NULL,'AssociationName_2',NULL);
insert into  dyextn_abstract_metadata  values (126,NULL,NULL,NULL,'AssociationName_1',NULL);
insert into  dyextn_abstract_metadata  values (127,NULL,NULL,NULL,'sequence',NULL);
insert into  dyextn_abstract_metadata  values (128,NULL,NULL,NULL,'description',NULL);
insert into  dyextn_abstract_metadata  values (129,NULL,NULL,NULL,'id',NULL);
insert into  dyextn_abstract_metadata  values (130,NULL,NULL,NULL,'AssociationName_15',NULL);
insert into  dyextn_abstract_metadata  values (131,'2008-12-11','cider-OptOutIndicator','2008-12-11','OptOutIndicator',NULL);
insert into  dyextn_abstract_metadata  values (132,NULL,NULL,NULL,'id',NULL);
insert into  dyextn_abstract_metadata  values (133,NULL,NULL,NULL,'AssociationName_16',NULL);
insert into  dyextn_abstract_metadata  values (134,'2008-12-11','cider-DischargeDisposition','2008-12-11','DischargeDisposition',NULL);
insert into  dyextn_abstract_metadata  values (135,NULL,NULL,NULL,'id',NULL);
insert into  dyextn_abstract_metadata  values (136,NULL,NULL,NULL,'AssociationName_17',NULL);
insert into  dyextn_abstract_metadata  values (137,'2008-12-11','cider-InfectionControlCode','2008-12-11','InfectionControlCode',NULL);
insert into  dyextn_abstract_metadata  values (138,NULL,NULL,NULL,'id',NULL);
insert into  dyextn_abstract_metadata  values (139,NULL,NULL,NULL,'AssociationName_18',NULL);
insert into  dyextn_abstract_metadata  values (140,NULL,NULL,NULL,'AssociationName_3',NULL);
insert into  dyextn_abstract_metadata  values (141,'2008-12-11','cider-MedicalRecordNumber','2008-12-11','MedicalRecordNumber',NULL);
insert into  dyextn_abstract_metadata  values (142,'2008-12-11','cider-Facility','2008-12-11','Facility',NULL);
insert into  dyextn_abstract_metadata  values (143,NULL,NULL,NULL,'initials',NULL);
insert into  dyextn_abstract_metadata  values (144,NULL,NULL,NULL,'id',NULL);
insert into  dyextn_abstract_metadata  values (145,NULL,NULL,NULL,'AssociationName_1',NULL);
insert into  dyextn_abstract_metadata  values (146,NULL,NULL,NULL,'value',NULL);
insert into  dyextn_abstract_metadata  values (147,NULL,NULL,NULL,'type',NULL);
insert into  dyextn_abstract_metadata  values (148,NULL,NULL,NULL,'id',NULL);
insert into  dyextn_abstract_metadata  values (149,NULL,NULL,NULL,'AssociationName_2',NULL);
insert into  dyextn_abstract_metadata  values (150,NULL,NULL,NULL,'AssociationName_1',NULL);
insert into  dyextn_abstract_metadata  values (151,NULL,NULL,NULL,'patientAccountNumber',NULL);
insert into  dyextn_abstract_metadata  values (152,NULL,NULL,NULL,'id',NULL);
insert into  dyextn_abstract_metadata  values (153,NULL,NULL,NULL,'AssociationName_3',NULL);
insert into  dyextn_abstract_metadata  values (154,'2008-12-11','cider-Demographics','2008-12-11','Demographics',NULL);
insert into  dyextn_abstract_metadata  values (155,'2008-12-11','cider-Gender','2008-12-11','Gender',NULL);
insert into  dyextn_abstract_metadata  values (156,NULL,NULL,NULL,'id',NULL);
insert into  dyextn_abstract_metadata  values (157,NULL,NULL,NULL,'AssociationName_10',NULL);
insert into  dyextn_abstract_metadata  values (158,'2008-12-11','cider-AdvancedDirectiveExists','2008-12-11','AdvancedDirectiveExists',NULL);
insert into  dyextn_abstract_metadata  values (159,NULL,NULL,NULL,'id',NULL);
insert into  dyextn_abstract_metadata  values (160,NULL,NULL,NULL,'AssociationName_9',NULL);
insert into  dyextn_abstract_metadata  values (161,'2008-12-11','cider-Religion','2008-12-11','Religion',NULL);
insert into  dyextn_abstract_metadata  values (162,NULL,NULL,NULL,'id',NULL);
insert into  dyextn_abstract_metadata  values (163,NULL,NULL,NULL,'AssociationName_8',NULL);
insert into  dyextn_abstract_metadata  values (164,'2008-12-11','cider-Race','2008-12-11','Race',NULL);
insert into  dyextn_abstract_metadata  values (165,NULL,NULL,NULL,'id',NULL);
insert into  dyextn_abstract_metadata  values (166,NULL,NULL,NULL,'AssociationName_7',NULL);
insert into  dyextn_abstract_metadata  values (167,'2008-12-11','cider-MaritalStatus','2008-12-11','MaritalStatus',NULL);
insert into  dyextn_abstract_metadata  values (168,NULL,NULL,NULL,'id',NULL);
insert into  dyextn_abstract_metadata  values (169,NULL,NULL,NULL,'AssociationName_6',NULL);
insert into  dyextn_abstract_metadata  values (170,NULL,NULL,NULL,'id',NULL);
insert into  dyextn_abstract_metadata  values (171,NULL,NULL,NULL,'dateOfBirth',NULL);
insert into  dyextn_abstract_metadata  values (172,NULL,NULL,NULL,'dateOfDeath',NULL);
insert into  dyextn_abstract_metadata  values (173,NULL,NULL,NULL,'effectiveEndTimeStamp',NULL);
insert into  dyextn_abstract_metadata  values (174,NULL,NULL,NULL,'effectiveStartTimeStamp',NULL);
insert into  dyextn_abstract_metadata  values (175,NULL,NULL,NULL,'mothersMaidenName',NULL);
insert into  dyextn_abstract_metadata  values (176,NULL,NULL,NULL,'placeOfBirth',NULL);
insert into  dyextn_abstract_metadata  values (177,NULL,NULL,NULL,'socialSecurityNumber',NULL);
insert into  dyextn_abstract_metadata  values (178,NULL,NULL,NULL,'AssociationName_1',NULL);
insert into  dyextn_abstract_metadata  values (179,'2008-12-11','cider-AssociatedPerson','2008-12-11','AssociatedPerson',NULL);
insert into  dyextn_abstract_metadata  values (180,NULL,NULL,NULL,'AssociationName_2',NULL);
insert into  dyextn_abstract_metadata  values (181,NULL,NULL,NULL,'AssociationName_1',NULL);
insert into  dyextn_abstract_metadata  values (182,NULL,NULL,NULL,'id',NULL);
insert into  dyextn_abstract_metadata  values (183,NULL,NULL,NULL,'AssociationName_2',NULL);
insert into  dyextn_abstract_metadata  values (184,NULL,NULL,NULL,'AssociationName_3',NULL);
insert into  dyextn_abstract_metadata  values (185,'2008-12-11','cider-Phone','2008-12-11','Phone',NULL);
insert into  dyextn_abstract_metadata  values (186,NULL,NULL,NULL,'type',NULL);
insert into  dyextn_abstract_metadata  values (187,NULL,NULL,NULL,'number',NULL);
insert into  dyextn_abstract_metadata  values (188,NULL,NULL,NULL,'id',NULL);
insert into  dyextn_abstract_metadata  values (189,NULL,NULL,NULL,'AssociationName_4',NULL);
insert into  dyextn_abstract_metadata  values (190,'2008-12-11','cider-Address','2008-12-11','Address',NULL);
insert into  dyextn_abstract_metadata  values (191,'2008-12-11','cider-State','2008-12-11','State',NULL);
insert into  dyextn_abstract_metadata  values (192,NULL,NULL,NULL,'id',NULL);
insert into  dyextn_abstract_metadata  values (193,NULL,NULL,NULL,'AssociationName_3',NULL);
insert into  dyextn_abstract_metadata  values (194,'2008-12-11','cider-AddressType','2008-12-11','AddressType',NULL);
insert into  dyextn_abstract_metadata  values (195,NULL,NULL,NULL,'id',NULL);
insert into  dyextn_abstract_metadata  values (196,NULL,NULL,NULL,'AssociationName_2',NULL);
insert into  dyextn_abstract_metadata  values (197,'2008-12-11','cider-Country','2008-12-11','Country',NULL);
insert into  dyextn_abstract_metadata  values (198,NULL,NULL,NULL,'id',NULL);
insert into  dyextn_abstract_metadata  values (199,NULL,NULL,NULL,'AssociationName_1',NULL);
insert into  dyextn_abstract_metadata  values (200,NULL,NULL,NULL,'postalCode',NULL);
insert into  dyextn_abstract_metadata  values (201,NULL,NULL,NULL,'line2',NULL);
insert into  dyextn_abstract_metadata  values (202,NULL,NULL,NULL,'line1',NULL);
insert into  dyextn_abstract_metadata  values (203,NULL,NULL,NULL,'city',NULL);
insert into  dyextn_abstract_metadata  values (204,NULL,NULL,NULL,'id',NULL);
insert into  dyextn_abstract_metadata  values (205,NULL,NULL,NULL,'AssociationName_5',NULL);
insert into  dyextn_abstract_metadata  values (206,NULL,NULL,NULL,'AssociationName_2',NULL);
insert into  dyextn_abstract_metadata  values (207,'2008-12-11','cider-LaboratoryProcedure','2008-12-11','LaboratoryProcedure',NULL);
insert into  dyextn_abstract_metadata  values (208,'2008-12-11','cider-LaboratoryProcedureType','2008-12-11','LaboratoryProcedureType',NULL);
insert into  dyextn_abstract_metadata  values (209,NULL,NULL,NULL,'id',NULL);
insert into  dyextn_abstract_metadata  values (210,NULL,NULL,NULL,'AssociationName_4',NULL);
insert into  dyextn_abstract_metadata  values (211,NULL,NULL,NULL,'AssociationName_3',NULL);
insert into  dyextn_abstract_metadata  values (212,'2008-12-11','cider-Application','2008-12-11','Application',NULL);
insert into  dyextn_abstract_metadata  values (213,NULL,NULL,NULL,'id',NULL);
insert into  dyextn_abstract_metadata  values (214,NULL,NULL,NULL,'AssociationName_2',NULL);
insert into  dyextn_abstract_metadata  values (215,'2008-12-11','cider-LaboratoryProcedureDetails','2008-12-11','LaboratoryProcedureDetails',NULL);
insert into  dyextn_abstract_metadata  values (216,'2008-12-11','cider-Status','2008-12-11','Status',NULL);
insert into  dyextn_abstract_metadata  values (217,NULL,NULL,NULL,'id',NULL);
insert into  dyextn_abstract_metadata  values (218,NULL,NULL,NULL,'AssociationName_7',NULL);
insert into  dyextn_abstract_metadata  values (219,NULL,NULL,NULL,'AssociationName_6',NULL);
insert into  dyextn_abstract_metadata  values (220,'2008-12-11','cider-SpecimanType','2008-12-11','SpecimanType',NULL);
insert into  dyextn_abstract_metadata  values (221,NULL,NULL,NULL,'id',NULL);
insert into  dyextn_abstract_metadata  values (222,NULL,NULL,NULL,'AssociationName_5',NULL);
insert into  dyextn_abstract_metadata  values (223,'2008-12-11','cider-LaboratoryResult','2008-12-11','LaboratoryResult',NULL);
insert into  dyextn_abstract_metadata  values (224,NULL,NULL,NULL,'AssociationName_4',NULL);
insert into  dyextn_abstract_metadata  values (225,'2008-12-11','cider-ResultValue','2008-12-11','ResultValue',NULL);
insert into  dyextn_abstract_metadata  values (226,'2008-12-11','cider-Result','2008-12-11','Result',NULL);
insert into  dyextn_abstract_metadata  values (227,'2008-12-11','cider-NormalRange','2008-12-11','NormalRange',NULL);
insert into  dyextn_abstract_metadata  values (228,NULL,NULL,NULL,'value',NULL);
insert into  dyextn_abstract_metadata  values (229,NULL,NULL,NULL,'low',NULL);
insert into  dyextn_abstract_metadata  values (230,NULL,NULL,NULL,'high',NULL);
insert into  dyextn_abstract_metadata  values (231,NULL,NULL,NULL,'id',NULL);
insert into  dyextn_abstract_metadata  values (232,NULL,NULL,NULL,'AssociationName_2',NULL);
insert into  dyextn_abstract_metadata  values (233,'2008-12-11','cider-UnitsOfMeasure','2008-12-11','UnitsOfMeasure',NULL);
insert into  dyextn_abstract_metadata  values (234,NULL,NULL,NULL,'id',NULL);
insert into  dyextn_abstract_metadata  values (235,NULL,NULL,NULL,'AssociationName_1',NULL);
insert into  dyextn_abstract_metadata  values (236,NULL,NULL,NULL,'value',NULL);
insert into  dyextn_abstract_metadata  values (237,NULL,NULL,NULL,'low',NULL);
insert into  dyextn_abstract_metadata  values (238,NULL,NULL,NULL,'high',NULL);
insert into  dyextn_abstract_metadata  values (239,NULL,NULL,NULL,'id',NULL);
insert into  dyextn_abstract_metadata  values (240,NULL,NULL,NULL,'AssociationName_2',NULL);
insert into  dyextn_abstract_metadata  values (241,NULL,NULL,NULL,'AssociationName_1',NULL);
insert into  dyextn_abstract_metadata  values (242,NULL,NULL,NULL,'id',NULL);
insert into  dyextn_abstract_metadata  values (243,NULL,NULL,NULL,'AssociationName_3',NULL);
insert into  dyextn_abstract_metadata  values (244,'2008-12-11','cider-AbnormalFlag','2008-12-11','AbnormalFlag',NULL);
insert into  dyextn_abstract_metadata  values (245,NULL,NULL,NULL,'id',NULL);
insert into  dyextn_abstract_metadata  values (246,NULL,NULL,NULL,'AssociationName_2',NULL);
insert into  dyextn_abstract_metadata  values (247,'2008-12-11','cider-LaboratoryTestType','2008-12-11','LaboratoryTestType',NULL);
insert into  dyextn_abstract_metadata  values (248,NULL,NULL,NULL,'standardUnitOfMeasure',NULL);
insert into  dyextn_abstract_metadata  values (249,NULL,NULL,NULL,'id',NULL);
insert into  dyextn_abstract_metadata  values (250,NULL,NULL,NULL,'AssociationName_1',NULL);
insert into  dyextn_abstract_metadata  values (251,NULL,NULL,NULL,'testSynonym',NULL);
insert into  dyextn_abstract_metadata  values (252,NULL,NULL,NULL,'resultTimeStamp',NULL);
insert into  dyextn_abstract_metadata  values (253,NULL,NULL,NULL,'resultComments',NULL);
insert into  dyextn_abstract_metadata  values (254,NULL,NULL,NULL,'id',NULL);
insert into  dyextn_abstract_metadata  values (255,NULL,NULL,NULL,'AssociationName_4',NULL);
insert into  dyextn_abstract_metadata  values (256,NULL,NULL,NULL,'AssociationName_3',NULL);
insert into  dyextn_abstract_metadata  values (257,NULL,NULL,NULL,'AssociationName_2',NULL);
insert into  dyextn_abstract_metadata  values (258,NULL,NULL,NULL,'AssociationName_1',NULL);
insert into  dyextn_abstract_metadata  values (259,NULL,NULL,NULL,'procedureComment',NULL);
insert into  dyextn_abstract_metadata  values (260,NULL,NULL,NULL,'effectiveStartTimeStamp',NULL);
insert into  dyextn_abstract_metadata  values (261,NULL,NULL,NULL,'effectiveEndTimeStamp',NULL);
insert into  dyextn_abstract_metadata  values (262,NULL,NULL,NULL,'ageAtProcedure',NULL);
insert into  dyextn_abstract_metadata  values (263,NULL,NULL,NULL,'id',NULL);
insert into  dyextn_abstract_metadata  values (264,NULL,NULL,NULL,'AssociationName_1',NULL);
insert into  dyextn_abstract_metadata  values (265,NULL,NULL,NULL,'procedureSynonym',NULL);
insert into  dyextn_abstract_metadata  values (266,NULL,NULL,NULL,'patientAccountNumber',NULL);
insert into  dyextn_abstract_metadata  values (267,NULL,NULL,NULL,'accessionNumber',NULL);
insert into  dyextn_abstract_metadata  values (268,NULL,NULL,NULL,'id',NULL);
insert into  dyextn_abstract_metadata  values (269,NULL,NULL,NULL,'AssociationName_1',NULL);
insert into  dyextn_abstract_metadata  values (270,NULL,NULL,NULL,'personUpi',NULL);
insert into  dyextn_abstract_metadata  values (271,NULL,NULL,NULL,'id',NULL);
insert into  dyextn_abstract_metadata  values (272,NULL,NULL,NULL,'AssociationName_1',NULL);
insert into  dyextn_abstract_metadata  values (273,NULL,NULL,NULL,'facilityId',NULL);
insert into  dyextn_abstract_metadata  values (274,NULL,NULL,NULL,'id',NULL);
insert into  dyextn_abstract_metadata  values (275,'2008-12-11','cider-ActiveUpiFlag','2008-12-11','ActiveUpiFlag',NULL);
insert into  dyextn_abstract_metadata  values (276,NULL,NULL,NULL,'id',NULL);
insert into  dyextn_abstract_metadata  values (277,'2008-12-11','cider-PhoneType','2008-12-11','PhoneType',NULL);
insert into  dyextn_abstract_metadata  values (278,NULL,NULL,NULL,'id',NULL);
insert into  dyextn_abstract_metadata  values (279,'2008-12-11','cider-Units','2008-12-11','Units',NULL);
insert into  dyextn_abstract_metadata  values (280,NULL,NULL,NULL,'sourceUnits',NULL);
insert into  dyextn_abstract_metadata  values (281,NULL,NULL,NULL,'normalizedUnits',NULL);
insert into  dyextn_abstract_metadata  values (282,NULL,NULL,NULL,'id',NULL);
insert into  dyextn_abstract_metadata  values (283,'2008-12-11','cider-Icd9ProcedureCode','2008-12-11','Icd9ProcedureCode',NULL);
insert into  dyextn_abstract_metadata  values (284,NULL,NULL,NULL,'id',NULL);
insert into  dyextn_abstract_metadata  values (285,'2008-12-11','cider-CptProcedureCode','2008-12-11','CptProcedureCode',NULL);
insert into  dyextn_abstract_metadata  values (286,NULL,NULL,NULL,'id',NULL);
insert into  dyextn_abstract_metadata  values (287,'2008-12-11','cider-ResearchOptOut','2008-12-11','ResearchOptOut',NULL);
insert into  dyextn_abstract_metadata  values (288,NULL,NULL,NULL,'id',NULL);
insert into  dyextn_abstract_metadata  values (289,'2008-12-11','cider-MrnType','2008-12-11','MrnType',NULL);
insert into  dyextn_abstract_metadata  values (290,NULL,NULL,NULL,'id',NULL);

/*Data for the table  dyextn_asso_display_attr  */

/*Data for the table  dyextn_association  */

insert into  dyextn_association  values (12,0,'SRC_DESTINATION',8,1,2,0);
insert into  dyextn_association  values (22,0,'SRC_DESTINATION',13,3,4,0);
insert into  dyextn_association  values (25,0,'SRC_DESTINATION',23,5,6,0);
insert into  dyextn_association  values (29,0,'SRC_DESTINATION',2,7,8,0);
insert into  dyextn_association  values (30,0,'SRC_DESTINATION',7,9,10,0);
insert into  dyextn_association  values (33,0,'SRC_DESTINATION',31,11,12,0);
insert into  dyextn_association  values (36,0,'SRC_DESTINATION',34,13,14,0);
insert into  dyextn_association  values (39,0,'SRC_DESTINATION',37,15,16,0);
insert into  dyextn_association  values (42,0,'SRC_DESTINATION',40,17,18,0);
insert into  dyextn_association  values (46,0,'SRC_DESTINATION',44,19,20,0);
insert into  dyextn_association  values (57,0,'SRC_DESTINATION',13,21,22,0);
insert into  dyextn_association  values (60,0,'SRC_DESTINATION',58,23,24,0);
insert into  dyextn_association  values (61,0,'SRC_DESTINATION',8,25,26,0);
insert into  dyextn_association  values (62,0,'SRC_DESTINATION',43,27,28,0);
insert into  dyextn_association  values (64,0,'SRC_DESTINATION',13,29,30,0);
insert into  dyextn_association  values (71,0,'SRC_DESTINATION',63,31,32,0);
insert into  dyextn_association  values (74,0,'SRC_DESTINATION',72,33,34,0);
insert into  dyextn_association  values (75,0,'SRC_DESTINATION',72,35,36,0);
insert into  dyextn_association  values (77,0,'SRC_DESTINATION',7,37,38,0);
insert into  dyextn_association  values (80,0,'SRC_DESTINATION',78,39,40,0);
insert into  dyextn_association  values (83,0,'SRC_DESTINATION',81,41,42,0);
insert into  dyextn_association  values (84,0,'SRC_DESTINATION',8,43,44,0);
insert into  dyextn_association  values (85,0,'SRC_DESTINATION',8,45,46,0);
insert into  dyextn_association  values (89,0,'SRC_DESTINATION',76,47,48,0);
insert into  dyextn_association  values (92,0,'SRC_DESTINATION',90,49,50,0);
insert into  dyextn_association  values (93,0,'SRC_DESTINATION',8,51,52,0);
insert into  dyextn_association  values (94,0,'SRC_DESTINATION',8,53,54,0);
insert into  dyextn_association  values (95,0,'SRC_DESTINATION',8,55,56,0);
insert into  dyextn_association  values (96,0,'SRC_DESTINATION',8,57,58,0);
insert into  dyextn_association  values (97,0,'SRC_DESTINATION',8,59,60,0);
insert into  dyextn_association  values (98,0,'SRC_DESTINATION',8,61,62,0);
insert into  dyextn_association  values (106,0,'SRC_DESTINATION',8,63,64,0);
insert into  dyextn_association  values (107,0,'SRC_DESTINATION',8,65,66,0);
insert into  dyextn_association  values (108,0,'SRC_DESTINATION',8,67,68,0);
insert into  dyextn_association  values (109,0,'SRC_DESTINATION',8,69,70,0);
insert into  dyextn_association  values (110,0,'SRC_DESTINATION',8,71,72,0);
insert into  dyextn_association  values (111,0,'SRC_DESTINATION',8,73,74,0);
insert into  dyextn_association  values (114,0,'SRC_DESTINATION',112,75,76,0);
insert into  dyextn_association  values (117,0,'SRC_DESTINATION',115,77,78,0);
insert into  dyextn_association  values (121,0,'SRC_DESTINATION',119,79,80,0);
insert into  dyextn_association  values (124,0,'SRC_DESTINATION',122,81,82,0);
insert into  dyextn_association  values (125,0,'SRC_DESTINATION',8,83,84,0);
insert into  dyextn_association  values (126,0,'SRC_DESTINATION',8,85,86,0);
insert into  dyextn_association  values (130,0,'SRC_DESTINATION',118,87,88,0);
insert into  dyextn_association  values (133,0,'SRC_DESTINATION',131,89,90,0);
insert into  dyextn_association  values (136,0,'SRC_DESTINATION',134,91,92,0);
insert into  dyextn_association  values (139,0,'SRC_DESTINATION',137,93,94,0);
insert into  dyextn_association  values (140,0,'SRC_DESTINATION',28,95,96,0);
insert into  dyextn_association  values (145,0,'SRC_DESTINATION',142,97,98,0);
insert into  dyextn_association  values (149,0,'SRC_DESTINATION',141,99,100,0);
insert into  dyextn_association  values (150,0,'SRC_DESTINATION',142,101,102,0);
insert into  dyextn_association  values (153,0,'SRC_DESTINATION',27,103,104,0);
insert into  dyextn_association  values (157,0,'SRC_DESTINATION',155,105,106,0);
insert into  dyextn_association  values (160,0,'SRC_DESTINATION',158,107,108,0);
insert into  dyextn_association  values (163,0,'SRC_DESTINATION',161,109,110,0);
insert into  dyextn_association  values (166,0,'SRC_DESTINATION',164,111,112,0);
insert into  dyextn_association  values (169,0,'SRC_DESTINATION',167,113,114,0);
insert into  dyextn_association  values (178,0,'SRC_DESTINATION',13,115,116,0);
insert into  dyextn_association  values (180,0,'SRC_DESTINATION',44,117,118,0);
insert into  dyextn_association  values (181,0,'SRC_DESTINATION',26,119,120,0);
insert into  dyextn_association  values (183,0,'SRC_DESTINATION',179,121,122,0);
insert into  dyextn_association  values (184,0,'SRC_DESTINATION',179,123,124,0);
insert into  dyextn_association  values (189,0,'SRC_DESTINATION',185,125,126,0);
insert into  dyextn_association  values (193,0,'SRC_DESTINATION',191,127,128,0);
insert into  dyextn_association  values (196,0,'SRC_DESTINATION',194,129,130,0);
insert into  dyextn_association  values (199,0,'SRC_DESTINATION',197,131,132,0);
insert into  dyextn_association  values (205,0,'SRC_DESTINATION',190,133,134,0);
insert into  dyextn_association  values (206,0,'SRC_DESTINATION',154,135,136,0);
insert into  dyextn_association  values (210,0,'SRC_DESTINATION',208,137,138,0);
insert into  dyextn_association  values (211,0,'SRC_DESTINATION',142,139,140,0);
insert into  dyextn_association  values (214,0,'SRC_DESTINATION',212,141,142,0);
insert into  dyextn_association  values (218,0,'SRC_DESTINATION',216,143,144,0);
insert into  dyextn_association  values (219,0,'SRC_DESTINATION',142,145,146,0);
insert into  dyextn_association  values (222,0,'SRC_DESTINATION',220,147,148,0);
insert into  dyextn_association  values (224,0,'SRC_DESTINATION',216,149,150,0);
insert into  dyextn_association  values (232,0,'SRC_DESTINATION',227,151,152,0);
insert into  dyextn_association  values (235,0,'SRC_DESTINATION',233,153,154,0);
insert into  dyextn_association  values (240,0,'SRC_DESTINATION',226,155,156,0);
insert into  dyextn_association  values (241,0,'SRC_DESTINATION',226,157,158,0);
insert into  dyextn_association  values (243,0,'SRC_DESTINATION',225,159,160,0);
insert into  dyextn_association  values (246,0,'SRC_DESTINATION',244,161,162,0);
insert into  dyextn_association  values (250,0,'SRC_DESTINATION',247,163,164,0);
insert into  dyextn_association  values (255,0,'SRC_DESTINATION',223,165,166,0);
insert into  dyextn_association  values (256,0,'SRC_DESTINATION',8,167,168,0);
insert into  dyextn_association  values (257,0,'SRC_DESTINATION',8,169,170,0);
insert into  dyextn_association  values (258,0,'SRC_DESTINATION',141,171,172,0);
insert into  dyextn_association  values (264,0,'SRC_DESTINATION',215,173,174,0);
insert into  dyextn_association  values (269,0,'SRC_DESTINATION',207,175,176,0);
insert into  dyextn_association  values (272,0,'SRC_DESTINATION',26,177,178,0);

/*Data for the table  dyextn_attribute  */

insert into  dyextn_attribute  values (3,2);
insert into  dyextn_attribute  values (4,2);
insert into  dyextn_attribute  values (5,2);
insert into  dyextn_attribute  values (6,2);
insert into  dyextn_attribute  values (12,7);
insert into  dyextn_attribute  values (22,7);
insert into  dyextn_attribute  values (25,7);
insert into  dyextn_attribute  values (272,7);
insert into  dyextn_attribute  values (273,7);
insert into  dyextn_attribute  values (274,7);
insert into  dyextn_attribute  values (9,8);
insert into  dyextn_attribute  values (10,8);
insert into  dyextn_attribute  values (11,8);
insert into  dyextn_attribute  values (14,13);
insert into  dyextn_attribute  values (15,13);
insert into  dyextn_attribute  values (16,13);
insert into  dyextn_attribute  values (17,13);
insert into  dyextn_attribute  values (18,13);
insert into  dyextn_attribute  values (19,13);
insert into  dyextn_attribute  values (20,13);
insert into  dyextn_attribute  values (21,13);
insert into  dyextn_attribute  values (24,23);
insert into  dyextn_attribute  values (153,26);
insert into  dyextn_attribute  values (206,26);
insert into  dyextn_attribute  values (269,26);
insert into  dyextn_attribute  values (270,26);
insert into  dyextn_attribute  values (271,26);
insert into  dyextn_attribute  values (140,27);
insert into  dyextn_attribute  values (149,27);
insert into  dyextn_attribute  values (150,27);
insert into  dyextn_attribute  values (151,27);
insert into  dyextn_attribute  values (152,27);
insert into  dyextn_attribute  values (29,28);
insert into  dyextn_attribute  values (30,28);
insert into  dyextn_attribute  values (33,28);
insert into  dyextn_attribute  values (36,28);
insert into  dyextn_attribute  values (39,28);
insert into  dyextn_attribute  values (42,28);
insert into  dyextn_attribute  values (62,28);
insert into  dyextn_attribute  values (71,28);
insert into  dyextn_attribute  values (74,28);
insert into  dyextn_attribute  values (75,28);
insert into  dyextn_attribute  values (89,28);
insert into  dyextn_attribute  values (92,28);
insert into  dyextn_attribute  values (93,28);
insert into  dyextn_attribute  values (94,28);
insert into  dyextn_attribute  values (95,28);
insert into  dyextn_attribute  values (96,28);
insert into  dyextn_attribute  values (97,28);
insert into  dyextn_attribute  values (98,28);
insert into  dyextn_attribute  values (99,28);
insert into  dyextn_attribute  values (100,28);
insert into  dyextn_attribute  values (101,28);
insert into  dyextn_attribute  values (102,28);
insert into  dyextn_attribute  values (103,28);
insert into  dyextn_attribute  values (104,28);
insert into  dyextn_attribute  values (105,28);
insert into  dyextn_attribute  values (106,28);
insert into  dyextn_attribute  values (107,28);
insert into  dyextn_attribute  values (108,28);
insert into  dyextn_attribute  values (109,28);
insert into  dyextn_attribute  values (110,28);
insert into  dyextn_attribute  values (111,28);
insert into  dyextn_attribute  values (114,28);
insert into  dyextn_attribute  values (117,28);
insert into  dyextn_attribute  values (130,28);
insert into  dyextn_attribute  values (133,28);
insert into  dyextn_attribute  values (136,28);
insert into  dyextn_attribute  values (139,28);
insert into  dyextn_attribute  values (32,31);
insert into  dyextn_attribute  values (35,34);
insert into  dyextn_attribute  values (38,37);
insert into  dyextn_attribute  values (41,40);
insert into  dyextn_attribute  values (46,43);
insert into  dyextn_attribute  values (47,43);
insert into  dyextn_attribute  values (48,43);
insert into  dyextn_attribute  values (49,43);
insert into  dyextn_attribute  values (50,43);
insert into  dyextn_attribute  values (51,43);
insert into  dyextn_attribute  values (52,43);
insert into  dyextn_attribute  values (53,43);
insert into  dyextn_attribute  values (54,43);
insert into  dyextn_attribute  values (55,43);
insert into  dyextn_attribute  values (56,43);
insert into  dyextn_attribute  values (57,43);
insert into  dyextn_attribute  values (60,43);
insert into  dyextn_attribute  values (61,43);
insert into  dyextn_attribute  values (45,44);
insert into  dyextn_attribute  values (59,58);
insert into  dyextn_attribute  values (64,63);
insert into  dyextn_attribute  values (65,63);
insert into  dyextn_attribute  values (66,63);
insert into  dyextn_attribute  values (67,63);
insert into  dyextn_attribute  values (68,63);
insert into  dyextn_attribute  values (69,63);
insert into  dyextn_attribute  values (70,63);
insert into  dyextn_attribute  values (73,72);
insert into  dyextn_attribute  values (77,76);
insert into  dyextn_attribute  values (80,76);
insert into  dyextn_attribute  values (83,76);
insert into  dyextn_attribute  values (84,76);
insert into  dyextn_attribute  values (85,76);
insert into  dyextn_attribute  values (86,76);
insert into  dyextn_attribute  values (87,76);
insert into  dyextn_attribute  values (88,76);
insert into  dyextn_attribute  values (79,78);
insert into  dyextn_attribute  values (82,81);
insert into  dyextn_attribute  values (91,90);
insert into  dyextn_attribute  values (113,112);
insert into  dyextn_attribute  values (116,115);
insert into  dyextn_attribute  values (121,118);
insert into  dyextn_attribute  values (124,118);
insert into  dyextn_attribute  values (125,118);
insert into  dyextn_attribute  values (126,118);
insert into  dyextn_attribute  values (127,118);
insert into  dyextn_attribute  values (128,118);
insert into  dyextn_attribute  values (129,118);
insert into  dyextn_attribute  values (120,119);
insert into  dyextn_attribute  values (123,122);
insert into  dyextn_attribute  values (132,131);
insert into  dyextn_attribute  values (135,134);
insert into  dyextn_attribute  values (138,137);
insert into  dyextn_attribute  values (145,141);
insert into  dyextn_attribute  values (146,141);
insert into  dyextn_attribute  values (147,141);
insert into  dyextn_attribute  values (148,141);
insert into  dyextn_attribute  values (143,142);
insert into  dyextn_attribute  values (144,142);
insert into  dyextn_attribute  values (157,154);
insert into  dyextn_attribute  values (160,154);
insert into  dyextn_attribute  values (163,154);
insert into  dyextn_attribute  values (166,154);
insert into  dyextn_attribute  values (169,154);
insert into  dyextn_attribute  values (170,154);
insert into  dyextn_attribute  values (171,154);
insert into  dyextn_attribute  values (172,154);
insert into  dyextn_attribute  values (173,154);
insert into  dyextn_attribute  values (174,154);
insert into  dyextn_attribute  values (175,154);
insert into  dyextn_attribute  values (176,154);
insert into  dyextn_attribute  values (177,154);
insert into  dyextn_attribute  values (178,154);
insert into  dyextn_attribute  values (183,154);
insert into  dyextn_attribute  values (184,154);
insert into  dyextn_attribute  values (189,154);
insert into  dyextn_attribute  values (205,154);
insert into  dyextn_attribute  values (156,155);
insert into  dyextn_attribute  values (159,158);
insert into  dyextn_attribute  values (162,161);
insert into  dyextn_attribute  values (165,164);
insert into  dyextn_attribute  values (168,167);
insert into  dyextn_attribute  values (180,179);
insert into  dyextn_attribute  values (181,179);
insert into  dyextn_attribute  values (182,179);
insert into  dyextn_attribute  values (186,185);
insert into  dyextn_attribute  values (187,185);
insert into  dyextn_attribute  values (188,185);
insert into  dyextn_attribute  values (193,190);
insert into  dyextn_attribute  values (196,190);
insert into  dyextn_attribute  values (199,190);
insert into  dyextn_attribute  values (200,190);
insert into  dyextn_attribute  values (201,190);
insert into  dyextn_attribute  values (202,190);
insert into  dyextn_attribute  values (203,190);
insert into  dyextn_attribute  values (204,190);
insert into  dyextn_attribute  values (192,191);
insert into  dyextn_attribute  values (195,194);
insert into  dyextn_attribute  values (198,197);
insert into  dyextn_attribute  values (210,207);
insert into  dyextn_attribute  values (211,207);
insert into  dyextn_attribute  values (214,207);
insert into  dyextn_attribute  values (264,207);
insert into  dyextn_attribute  values (265,207);
insert into  dyextn_attribute  values (266,207);
insert into  dyextn_attribute  values (267,207);
insert into  dyextn_attribute  values (268,207);
insert into  dyextn_attribute  values (209,208);
insert into  dyextn_attribute  values (213,212);
insert into  dyextn_attribute  values (218,215);
insert into  dyextn_attribute  values (219,215);
insert into  dyextn_attribute  values (222,215);
insert into  dyextn_attribute  values (255,215);
insert into  dyextn_attribute  values (256,215);
insert into  dyextn_attribute  values (257,215);
insert into  dyextn_attribute  values (258,215);
insert into  dyextn_attribute  values (259,215);
insert into  dyextn_attribute  values (260,215);
insert into  dyextn_attribute  values (261,215);
insert into  dyextn_attribute  values (262,215);
insert into  dyextn_attribute  values (263,215);
insert into  dyextn_attribute  values (217,216);
insert into  dyextn_attribute  values (221,220);
insert into  dyextn_attribute  values (224,223);
insert into  dyextn_attribute  values (243,223);
insert into  dyextn_attribute  values (246,223);
insert into  dyextn_attribute  values (250,223);
insert into  dyextn_attribute  values (251,223);
insert into  dyextn_attribute  values (252,223);
insert into  dyextn_attribute  values (253,223);
insert into  dyextn_attribute  values (254,223);
insert into  dyextn_attribute  values (240,225);
insert into  dyextn_attribute  values (241,225);
insert into  dyextn_attribute  values (242,225);
insert into  dyextn_attribute  values (232,226);
insert into  dyextn_attribute  values (235,226);
insert into  dyextn_attribute  values (236,226);
insert into  dyextn_attribute  values (237,226);
insert into  dyextn_attribute  values (238,226);
insert into  dyextn_attribute  values (239,226);
insert into  dyextn_attribute  values (228,227);
insert into  dyextn_attribute  values (229,227);
insert into  dyextn_attribute  values (230,227);
insert into  dyextn_attribute  values (231,227);
insert into  dyextn_attribute  values (234,233);
insert into  dyextn_attribute  values (245,244);
insert into  dyextn_attribute  values (248,247);
insert into  dyextn_attribute  values (249,247);
insert into  dyextn_attribute  values (276,275);
insert into  dyextn_attribute  values (278,277);
insert into  dyextn_attribute  values (280,279);
insert into  dyextn_attribute  values (281,279);
insert into  dyextn_attribute  values (282,279);
insert into  dyextn_attribute  values (284,283);
insert into  dyextn_attribute  values (286,285);
insert into  dyextn_attribute  values (288,287);
insert into  dyextn_attribute  values (290,289);

/*Data for the table  dyextn_attribute_record  */

/*Data for the table  dyextn_attribute_type_info  */

insert into  dyextn_attribute_type_info  values (1,3);
insert into  dyextn_attribute_type_info  values (2,4);
insert into  dyextn_attribute_type_info  values (3,5);
insert into  dyextn_attribute_type_info  values (4,6);
insert into  dyextn_attribute_type_info  values (5,9);
insert into  dyextn_attribute_type_info  values (6,10);
insert into  dyextn_attribute_type_info  values (7,11);
insert into  dyextn_attribute_type_info  values (8,14);
insert into  dyextn_attribute_type_info  values (9,15);
insert into  dyextn_attribute_type_info  values (10,16);
insert into  dyextn_attribute_type_info  values (11,17);
insert into  dyextn_attribute_type_info  values (12,18);
insert into  dyextn_attribute_type_info  values (13,19);
insert into  dyextn_attribute_type_info  values (14,20);
insert into  dyextn_attribute_type_info  values (15,21);
insert into  dyextn_attribute_type_info  values (16,24);
insert into  dyextn_attribute_type_info  values (17,32);
insert into  dyextn_attribute_type_info  values (18,35);
insert into  dyextn_attribute_type_info  values (19,38);
insert into  dyextn_attribute_type_info  values (20,41);
insert into  dyextn_attribute_type_info  values (21,45);
insert into  dyextn_attribute_type_info  values (22,47);
insert into  dyextn_attribute_type_info  values (23,48);
insert into  dyextn_attribute_type_info  values (24,49);
insert into  dyextn_attribute_type_info  values (25,50);
insert into  dyextn_attribute_type_info  values (26,51);
insert into  dyextn_attribute_type_info  values (27,52);
insert into  dyextn_attribute_type_info  values (28,53);
insert into  dyextn_attribute_type_info  values (29,54);
insert into  dyextn_attribute_type_info  values (30,55);
insert into  dyextn_attribute_type_info  values (31,56);
insert into  dyextn_attribute_type_info  values (32,59);
insert into  dyextn_attribute_type_info  values (33,65);
insert into  dyextn_attribute_type_info  values (34,66);
insert into  dyextn_attribute_type_info  values (35,67);
insert into  dyextn_attribute_type_info  values (36,68);
insert into  dyextn_attribute_type_info  values (37,69);
insert into  dyextn_attribute_type_info  values (38,70);
insert into  dyextn_attribute_type_info  values (39,73);
insert into  dyextn_attribute_type_info  values (40,79);
insert into  dyextn_attribute_type_info  values (41,82);
insert into  dyextn_attribute_type_info  values (42,86);
insert into  dyextn_attribute_type_info  values (43,87);
insert into  dyextn_attribute_type_info  values (44,88);
insert into  dyextn_attribute_type_info  values (45,91);
insert into  dyextn_attribute_type_info  values (46,99);
insert into  dyextn_attribute_type_info  values (47,100);
insert into  dyextn_attribute_type_info  values (48,101);
insert into  dyextn_attribute_type_info  values (49,102);
insert into  dyextn_attribute_type_info  values (50,103);
insert into  dyextn_attribute_type_info  values (51,104);
insert into  dyextn_attribute_type_info  values (52,105);
insert into  dyextn_attribute_type_info  values (53,113);
insert into  dyextn_attribute_type_info  values (54,116);
insert into  dyextn_attribute_type_info  values (55,120);
insert into  dyextn_attribute_type_info  values (56,123);
insert into  dyextn_attribute_type_info  values (57,127);
insert into  dyextn_attribute_type_info  values (58,128);
insert into  dyextn_attribute_type_info  values (59,129);
insert into  dyextn_attribute_type_info  values (60,132);
insert into  dyextn_attribute_type_info  values (61,135);
insert into  dyextn_attribute_type_info  values (62,138);
insert into  dyextn_attribute_type_info  values (63,143);
insert into  dyextn_attribute_type_info  values (64,144);
insert into  dyextn_attribute_type_info  values (65,146);
insert into  dyextn_attribute_type_info  values (66,147);
insert into  dyextn_attribute_type_info  values (67,148);
insert into  dyextn_attribute_type_info  values (68,151);
insert into  dyextn_attribute_type_info  values (69,152);
insert into  dyextn_attribute_type_info  values (70,156);
insert into  dyextn_attribute_type_info  values (71,159);
insert into  dyextn_attribute_type_info  values (72,162);
insert into  dyextn_attribute_type_info  values (73,165);
insert into  dyextn_attribute_type_info  values (74,168);
insert into  dyextn_attribute_type_info  values (75,170);
insert into  dyextn_attribute_type_info  values (76,171);
insert into  dyextn_attribute_type_info  values (77,172);
insert into  dyextn_attribute_type_info  values (78,173);
insert into  dyextn_attribute_type_info  values (79,174);
insert into  dyextn_attribute_type_info  values (80,175);
insert into  dyextn_attribute_type_info  values (81,176);
insert into  dyextn_attribute_type_info  values (82,177);
insert into  dyextn_attribute_type_info  values (83,182);
insert into  dyextn_attribute_type_info  values (84,186);
insert into  dyextn_attribute_type_info  values (85,187);
insert into  dyextn_attribute_type_info  values (86,188);
insert into  dyextn_attribute_type_info  values (87,192);
insert into  dyextn_attribute_type_info  values (88,195);
insert into  dyextn_attribute_type_info  values (89,198);
insert into  dyextn_attribute_type_info  values (90,200);
insert into  dyextn_attribute_type_info  values (91,201);
insert into  dyextn_attribute_type_info  values (92,202);
insert into  dyextn_attribute_type_info  values (93,203);
insert into  dyextn_attribute_type_info  values (94,204);
insert into  dyextn_attribute_type_info  values (95,209);
insert into  dyextn_attribute_type_info  values (96,213);
insert into  dyextn_attribute_type_info  values (97,217);
insert into  dyextn_attribute_type_info  values (98,221);
insert into  dyextn_attribute_type_info  values (99,228);
insert into  dyextn_attribute_type_info  values (100,229);
insert into  dyextn_attribute_type_info  values (101,230);
insert into  dyextn_attribute_type_info  values (102,231);
insert into  dyextn_attribute_type_info  values (103,234);
insert into  dyextn_attribute_type_info  values (104,236);
insert into  dyextn_attribute_type_info  values (105,237);
insert into  dyextn_attribute_type_info  values (106,238);
insert into  dyextn_attribute_type_info  values (107,239);
insert into  dyextn_attribute_type_info  values (108,242);
insert into  dyextn_attribute_type_info  values (109,245);
insert into  dyextn_attribute_type_info  values (110,248);
insert into  dyextn_attribute_type_info  values (111,249);
insert into  dyextn_attribute_type_info  values (112,251);
insert into  dyextn_attribute_type_info  values (113,252);
insert into  dyextn_attribute_type_info  values (114,253);
insert into  dyextn_attribute_type_info  values (115,254);
insert into  dyextn_attribute_type_info  values (116,259);
insert into  dyextn_attribute_type_info  values (117,260);
insert into  dyextn_attribute_type_info  values (118,261);
insert into  dyextn_attribute_type_info  values (119,262);
insert into  dyextn_attribute_type_info  values (120,263);
insert into  dyextn_attribute_type_info  values (121,265);
insert into  dyextn_attribute_type_info  values (122,266);
insert into  dyextn_attribute_type_info  values (123,267);
insert into  dyextn_attribute_type_info  values (124,268);
insert into  dyextn_attribute_type_info  values (125,270);
insert into  dyextn_attribute_type_info  values (126,271);
insert into  dyextn_attribute_type_info  values (127,273);
insert into  dyextn_attribute_type_info  values (128,274);
insert into  dyextn_attribute_type_info  values (129,276);
insert into  dyextn_attribute_type_info  values (130,278);
insert into  dyextn_attribute_type_info  values (131,280);
insert into  dyextn_attribute_type_info  values (132,281);
insert into  dyextn_attribute_type_info  values (133,282);
insert into  dyextn_attribute_type_info  values (134,284);
insert into  dyextn_attribute_type_info  values (135,286);
insert into  dyextn_attribute_type_info  values (136,288);
insert into  dyextn_attribute_type_info  values (137,290);

/*Data for the table  dyextn_barr_concept_value  */

/*Data for the table  dyextn_base_abstract_attribute  */

insert into  dyextn_base_abstract_attribute  values (3);
insert into  dyextn_base_abstract_attribute  values (4);
insert into  dyextn_base_abstract_attribute  values (5);
insert into  dyextn_base_abstract_attribute  values (6);
insert into  dyextn_base_abstract_attribute  values (9);
insert into  dyextn_base_abstract_attribute  values (10);
insert into  dyextn_base_abstract_attribute  values (11);
insert into  dyextn_base_abstract_attribute  values (12);
insert into  dyextn_base_abstract_attribute  values (14);
insert into  dyextn_base_abstract_attribute  values (15);
insert into  dyextn_base_abstract_attribute  values (16);
insert into  dyextn_base_abstract_attribute  values (17);
insert into  dyextn_base_abstract_attribute  values (18);
insert into  dyextn_base_abstract_attribute  values (19);
insert into  dyextn_base_abstract_attribute  values (20);
insert into  dyextn_base_abstract_attribute  values (21);
insert into  dyextn_base_abstract_attribute  values (22);
insert into  dyextn_base_abstract_attribute  values (24);
insert into  dyextn_base_abstract_attribute  values (25);
insert into  dyextn_base_abstract_attribute  values (29);
insert into  dyextn_base_abstract_attribute  values (30);
insert into  dyextn_base_abstract_attribute  values (32);
insert into  dyextn_base_abstract_attribute  values (33);
insert into  dyextn_base_abstract_attribute  values (35);
insert into  dyextn_base_abstract_attribute  values (36);
insert into  dyextn_base_abstract_attribute  values (38);
insert into  dyextn_base_abstract_attribute  values (39);
insert into  dyextn_base_abstract_attribute  values (41);
insert into  dyextn_base_abstract_attribute  values (42);
insert into  dyextn_base_abstract_attribute  values (45);
insert into  dyextn_base_abstract_attribute  values (46);
insert into  dyextn_base_abstract_attribute  values (47);
insert into  dyextn_base_abstract_attribute  values (48);
insert into  dyextn_base_abstract_attribute  values (49);
insert into  dyextn_base_abstract_attribute  values (50);
insert into  dyextn_base_abstract_attribute  values (51);
insert into  dyextn_base_abstract_attribute  values (52);
insert into  dyextn_base_abstract_attribute  values (53);
insert into  dyextn_base_abstract_attribute  values (54);
insert into  dyextn_base_abstract_attribute  values (55);
insert into  dyextn_base_abstract_attribute  values (56);
insert into  dyextn_base_abstract_attribute  values (57);
insert into  dyextn_base_abstract_attribute  values (59);
insert into  dyextn_base_abstract_attribute  values (60);
insert into  dyextn_base_abstract_attribute  values (61);
insert into  dyextn_base_abstract_attribute  values (62);
insert into  dyextn_base_abstract_attribute  values (64);
insert into  dyextn_base_abstract_attribute  values (65);
insert into  dyextn_base_abstract_attribute  values (66);
insert into  dyextn_base_abstract_attribute  values (67);
insert into  dyextn_base_abstract_attribute  values (68);
insert into  dyextn_base_abstract_attribute  values (69);
insert into  dyextn_base_abstract_attribute  values (70);
insert into  dyextn_base_abstract_attribute  values (71);
insert into  dyextn_base_abstract_attribute  values (73);
insert into  dyextn_base_abstract_attribute  values (74);
insert into  dyextn_base_abstract_attribute  values (75);
insert into  dyextn_base_abstract_attribute  values (77);
insert into  dyextn_base_abstract_attribute  values (79);
insert into  dyextn_base_abstract_attribute  values (80);
insert into  dyextn_base_abstract_attribute  values (82);
insert into  dyextn_base_abstract_attribute  values (83);
insert into  dyextn_base_abstract_attribute  values (84);
insert into  dyextn_base_abstract_attribute  values (85);
insert into  dyextn_base_abstract_attribute  values (86);
insert into  dyextn_base_abstract_attribute  values (87);
insert into  dyextn_base_abstract_attribute  values (88);
insert into  dyextn_base_abstract_attribute  values (89);
insert into  dyextn_base_abstract_attribute  values (91);
insert into  dyextn_base_abstract_attribute  values (92);
insert into  dyextn_base_abstract_attribute  values (93);
insert into  dyextn_base_abstract_attribute  values (94);
insert into  dyextn_base_abstract_attribute  values (95);
insert into  dyextn_base_abstract_attribute  values (96);
insert into  dyextn_base_abstract_attribute  values (97);
insert into  dyextn_base_abstract_attribute  values (98);
insert into  dyextn_base_abstract_attribute  values (99);
insert into  dyextn_base_abstract_attribute  values (100);
insert into  dyextn_base_abstract_attribute  values (101);
insert into  dyextn_base_abstract_attribute  values (102);
insert into  dyextn_base_abstract_attribute  values (103);
insert into  dyextn_base_abstract_attribute  values (104);
insert into  dyextn_base_abstract_attribute  values (105);
insert into  dyextn_base_abstract_attribute  values (106);
insert into  dyextn_base_abstract_attribute  values (107);
insert into  dyextn_base_abstract_attribute  values (108);
insert into  dyextn_base_abstract_attribute  values (109);
insert into  dyextn_base_abstract_attribute  values (110);
insert into  dyextn_base_abstract_attribute  values (111);
insert into  dyextn_base_abstract_attribute  values (113);
insert into  dyextn_base_abstract_attribute  values (114);
insert into  dyextn_base_abstract_attribute  values (116);
insert into  dyextn_base_abstract_attribute  values (117);
insert into  dyextn_base_abstract_attribute  values (120);
insert into  dyextn_base_abstract_attribute  values (121);
insert into  dyextn_base_abstract_attribute  values (123);
insert into  dyextn_base_abstract_attribute  values (124);
insert into  dyextn_base_abstract_attribute  values (125);
insert into  dyextn_base_abstract_attribute  values (126);
insert into  dyextn_base_abstract_attribute  values (127);
insert into  dyextn_base_abstract_attribute  values (128);
insert into  dyextn_base_abstract_attribute  values (129);
insert into  dyextn_base_abstract_attribute  values (130);
insert into  dyextn_base_abstract_attribute  values (132);
insert into  dyextn_base_abstract_attribute  values (133);
insert into  dyextn_base_abstract_attribute  values (135);
insert into  dyextn_base_abstract_attribute  values (136);
insert into  dyextn_base_abstract_attribute  values (138);
insert into  dyextn_base_abstract_attribute  values (139);
insert into  dyextn_base_abstract_attribute  values (140);
insert into  dyextn_base_abstract_attribute  values (143);
insert into  dyextn_base_abstract_attribute  values (144);
insert into  dyextn_base_abstract_attribute  values (145);
insert into  dyextn_base_abstract_attribute  values (146);
insert into  dyextn_base_abstract_attribute  values (147);
insert into  dyextn_base_abstract_attribute  values (148);
insert into  dyextn_base_abstract_attribute  values (149);
insert into  dyextn_base_abstract_attribute  values (150);
insert into  dyextn_base_abstract_attribute  values (151);
insert into  dyextn_base_abstract_attribute  values (152);
insert into  dyextn_base_abstract_attribute  values (153);
insert into  dyextn_base_abstract_attribute  values (156);
insert into  dyextn_base_abstract_attribute  values (157);
insert into  dyextn_base_abstract_attribute  values (159);
insert into  dyextn_base_abstract_attribute  values (160);
insert into  dyextn_base_abstract_attribute  values (162);
insert into  dyextn_base_abstract_attribute  values (163);
insert into  dyextn_base_abstract_attribute  values (165);
insert into  dyextn_base_abstract_attribute  values (166);
insert into  dyextn_base_abstract_attribute  values (168);
insert into  dyextn_base_abstract_attribute  values (169);
insert into  dyextn_base_abstract_attribute  values (170);
insert into  dyextn_base_abstract_attribute  values (171);
insert into  dyextn_base_abstract_attribute  values (172);
insert into  dyextn_base_abstract_attribute  values (173);
insert into  dyextn_base_abstract_attribute  values (174);
insert into  dyextn_base_abstract_attribute  values (175);
insert into  dyextn_base_abstract_attribute  values (176);
insert into  dyextn_base_abstract_attribute  values (177);
insert into  dyextn_base_abstract_attribute  values (178);
insert into  dyextn_base_abstract_attribute  values (180);
insert into  dyextn_base_abstract_attribute  values (181);
insert into  dyextn_base_abstract_attribute  values (182);
insert into  dyextn_base_abstract_attribute  values (183);
insert into  dyextn_base_abstract_attribute  values (184);
insert into  dyextn_base_abstract_attribute  values (186);
insert into  dyextn_base_abstract_attribute  values (187);
insert into  dyextn_base_abstract_attribute  values (188);
insert into  dyextn_base_abstract_attribute  values (189);
insert into  dyextn_base_abstract_attribute  values (192);
insert into  dyextn_base_abstract_attribute  values (193);
insert into  dyextn_base_abstract_attribute  values (195);
insert into  dyextn_base_abstract_attribute  values (196);
insert into  dyextn_base_abstract_attribute  values (198);
insert into  dyextn_base_abstract_attribute  values (199);
insert into  dyextn_base_abstract_attribute  values (200);
insert into  dyextn_base_abstract_attribute  values (201);
insert into  dyextn_base_abstract_attribute  values (202);
insert into  dyextn_base_abstract_attribute  values (203);
insert into  dyextn_base_abstract_attribute  values (204);
insert into  dyextn_base_abstract_attribute  values (205);
insert into  dyextn_base_abstract_attribute  values (206);
insert into  dyextn_base_abstract_attribute  values (209);
insert into  dyextn_base_abstract_attribute  values (210);
insert into  dyextn_base_abstract_attribute  values (211);
insert into  dyextn_base_abstract_attribute  values (213);
insert into  dyextn_base_abstract_attribute  values (214);
insert into  dyextn_base_abstract_attribute  values (217);
insert into  dyextn_base_abstract_attribute  values (218);
insert into  dyextn_base_abstract_attribute  values (219);
insert into  dyextn_base_abstract_attribute  values (221);
insert into  dyextn_base_abstract_attribute  values (222);
insert into  dyextn_base_abstract_attribute  values (224);
insert into  dyextn_base_abstract_attribute  values (228);
insert into  dyextn_base_abstract_attribute  values (229);
insert into  dyextn_base_abstract_attribute  values (230);
insert into  dyextn_base_abstract_attribute  values (231);
insert into  dyextn_base_abstract_attribute  values (232);
insert into  dyextn_base_abstract_attribute  values (234);
insert into  dyextn_base_abstract_attribute  values (235);
insert into  dyextn_base_abstract_attribute  values (236);
insert into  dyextn_base_abstract_attribute  values (237);
insert into  dyextn_base_abstract_attribute  values (238);
insert into  dyextn_base_abstract_attribute  values (239);
insert into  dyextn_base_abstract_attribute  values (240);
insert into  dyextn_base_abstract_attribute  values (241);
insert into  dyextn_base_abstract_attribute  values (242);
insert into  dyextn_base_abstract_attribute  values (243);
insert into  dyextn_base_abstract_attribute  values (245);
insert into  dyextn_base_abstract_attribute  values (246);
insert into  dyextn_base_abstract_attribute  values (248);
insert into  dyextn_base_abstract_attribute  values (249);
insert into  dyextn_base_abstract_attribute  values (250);
insert into  dyextn_base_abstract_attribute  values (251);
insert into  dyextn_base_abstract_attribute  values (252);
insert into  dyextn_base_abstract_attribute  values (253);
insert into  dyextn_base_abstract_attribute  values (254);
insert into  dyextn_base_abstract_attribute  values (255);
insert into  dyextn_base_abstract_attribute  values (256);
insert into  dyextn_base_abstract_attribute  values (257);
insert into  dyextn_base_abstract_attribute  values (258);
insert into  dyextn_base_abstract_attribute  values (259);
insert into  dyextn_base_abstract_attribute  values (260);
insert into  dyextn_base_abstract_attribute  values (261);
insert into  dyextn_base_abstract_attribute  values (262);
insert into  dyextn_base_abstract_attribute  values (263);
insert into  dyextn_base_abstract_attribute  values (264);
insert into  dyextn_base_abstract_attribute  values (265);
insert into  dyextn_base_abstract_attribute  values (266);
insert into  dyextn_base_abstract_attribute  values (267);
insert into  dyextn_base_abstract_attribute  values (268);
insert into  dyextn_base_abstract_attribute  values (269);
insert into  dyextn_base_abstract_attribute  values (270);
insert into  dyextn_base_abstract_attribute  values (271);
insert into  dyextn_base_abstract_attribute  values (272);
insert into  dyextn_base_abstract_attribute  values (273);
insert into  dyextn_base_abstract_attribute  values (274);
insert into  dyextn_base_abstract_attribute  values (276);
insert into  dyextn_base_abstract_attribute  values (278);
insert into  dyextn_base_abstract_attribute  values (280);
insert into  dyextn_base_abstract_attribute  values (281);
insert into  dyextn_base_abstract_attribute  values (282);
insert into  dyextn_base_abstract_attribute  values (284);
insert into  dyextn_base_abstract_attribute  values (286);
insert into  dyextn_base_abstract_attribute  values (288);
insert into  dyextn_base_abstract_attribute  values (290);


insert into  dyextn_column_properties  values (2,NULL,NULL,3);
insert into  dyextn_column_properties  values (3,NULL,NULL,4);
insert into  dyextn_column_properties  values (4,NULL,NULL,5);
insert into  dyextn_column_properties  values (5,NULL,NULL,6);
insert into  dyextn_column_properties  values (8,NULL,NULL,9);
insert into  dyextn_column_properties  values (9,NULL,NULL,10);
insert into  dyextn_column_properties  values (10,NULL,NULL,11);
insert into  dyextn_column_properties  values (13,NULL,NULL,14);
insert into  dyextn_column_properties  values (14,NULL,NULL,15);
insert into  dyextn_column_properties  values (15,NULL,NULL,16);
insert into  dyextn_column_properties  values (16,NULL,NULL,17);
insert into  dyextn_column_properties  values (17,NULL,NULL,18);
insert into  dyextn_column_properties  values (18,NULL,NULL,19);
insert into  dyextn_column_properties  values (19,NULL,NULL,20);
insert into  dyextn_column_properties  values (20,NULL,NULL,21);
insert into  dyextn_column_properties  values (23,NULL,NULL,24);
insert into  dyextn_column_properties  values (31,NULL,NULL,32);
insert into  dyextn_column_properties  values (34,NULL,NULL,35);
insert into  dyextn_column_properties  values (37,NULL,NULL,38);
insert into  dyextn_column_properties  values (40,NULL,NULL,41);
insert into  dyextn_column_properties  values (44,NULL,NULL,45);
insert into  dyextn_column_properties  values (46,NULL,NULL,47);
insert into  dyextn_column_properties  values (47,NULL,NULL,48);
insert into  dyextn_column_properties  values (48,NULL,NULL,49);
insert into  dyextn_column_properties  values (49,NULL,NULL,50);
insert into  dyextn_column_properties  values (50,NULL,NULL,51);
insert into  dyextn_column_properties  values (51,NULL,NULL,52);
insert into  dyextn_column_properties  values (52,NULL,NULL,53);
insert into  dyextn_column_properties  values (53,NULL,NULL,54);
insert into  dyextn_column_properties  values (54,NULL,NULL,55);
insert into  dyextn_column_properties  values (55,NULL,NULL,56);
insert into  dyextn_column_properties  values (58,NULL,NULL,59);
insert into  dyextn_column_properties  values (64,NULL,NULL,65);
insert into  dyextn_column_properties  values (65,NULL,NULL,66);
insert into  dyextn_column_properties  values (66,NULL,NULL,67);
insert into  dyextn_column_properties  values (67,NULL,NULL,68);
insert into  dyextn_column_properties  values (68,NULL,NULL,69);
insert into  dyextn_column_properties  values (69,NULL,NULL,70);
insert into  dyextn_column_properties  values (72,NULL,NULL,73);
insert into  dyextn_column_properties  values (78,NULL,NULL,79);
insert into  dyextn_column_properties  values (81,NULL,NULL,82);
insert into  dyextn_column_properties  values (85,NULL,NULL,86);
insert into  dyextn_column_properties  values (86,NULL,NULL,87);
insert into  dyextn_column_properties  values (87,NULL,NULL,88);
insert into  dyextn_column_properties  values (90,NULL,NULL,91);
insert into  dyextn_column_properties  values (98,NULL,NULL,99);
insert into  dyextn_column_properties  values (99,NULL,NULL,100);
insert into  dyextn_column_properties  values (100,NULL,NULL,101);
insert into  dyextn_column_properties  values (101,NULL,NULL,102);
insert into  dyextn_column_properties  values (102,NULL,NULL,103);
insert into  dyextn_column_properties  values (103,NULL,NULL,104);
insert into  dyextn_column_properties  values (104,NULL,NULL,105);
insert into  dyextn_column_properties  values (112,NULL,NULL,113);
insert into  dyextn_column_properties  values (115,NULL,NULL,116);
insert into  dyextn_column_properties  values (119,NULL,NULL,120);
insert into  dyextn_column_properties  values (122,NULL,NULL,123);
insert into  dyextn_column_properties  values (126,NULL,NULL,127);
insert into  dyextn_column_properties  values (127,NULL,NULL,128);
insert into  dyextn_column_properties  values (128,NULL,NULL,129);
insert into  dyextn_column_properties  values (131,NULL,NULL,132);
insert into  dyextn_column_properties  values (134,NULL,NULL,135);
insert into  dyextn_column_properties  values (137,NULL,NULL,138);
insert into  dyextn_column_properties  values (142,NULL,NULL,143);
insert into  dyextn_column_properties  values (143,NULL,NULL,144);
insert into  dyextn_column_properties  values (145,NULL,NULL,146);
insert into  dyextn_column_properties  values (146,NULL,NULL,147);
insert into  dyextn_column_properties  values (147,NULL,NULL,148);
insert into  dyextn_column_properties  values (150,NULL,NULL,151);
insert into  dyextn_column_properties  values (151,NULL,NULL,152);
insert into  dyextn_column_properties  values (155,NULL,NULL,156);
insert into  dyextn_column_properties  values (158,NULL,NULL,159);
insert into  dyextn_column_properties  values (161,NULL,NULL,162);
insert into  dyextn_column_properties  values (164,NULL,NULL,165);
insert into  dyextn_column_properties  values (167,NULL,NULL,168);
insert into  dyextn_column_properties  values (169,NULL,NULL,170);
insert into  dyextn_column_properties  values (170,NULL,NULL,171);
insert into  dyextn_column_properties  values (171,NULL,NULL,172);
insert into  dyextn_column_properties  values (172,NULL,NULL,173);
insert into  dyextn_column_properties  values (173,NULL,NULL,174);
insert into  dyextn_column_properties  values (174,NULL,NULL,175);
insert into  dyextn_column_properties  values (175,NULL,NULL,176);
insert into  dyextn_column_properties  values (176,NULL,NULL,177);
insert into  dyextn_column_properties  values (181,NULL,NULL,182);
insert into  dyextn_column_properties  values (185,NULL,NULL,186);
insert into  dyextn_column_properties  values (186,NULL,NULL,187);
insert into  dyextn_column_properties  values (187,NULL,NULL,188);
insert into  dyextn_column_properties  values (191,NULL,NULL,192);
insert into  dyextn_column_properties  values (194,NULL,NULL,195);
insert into  dyextn_column_properties  values (197,NULL,NULL,198);
insert into  dyextn_column_properties  values (199,NULL,NULL,200);
insert into  dyextn_column_properties  values (200,NULL,NULL,201);
insert into  dyextn_column_properties  values (201,NULL,NULL,202);
insert into  dyextn_column_properties  values (202,NULL,NULL,203);
insert into  dyextn_column_properties  values (203,NULL,NULL,204);
insert into  dyextn_column_properties  values (208,NULL,NULL,209);
insert into  dyextn_column_properties  values (212,NULL,NULL,213);
insert into  dyextn_column_properties  values (216,NULL,NULL,217);
insert into  dyextn_column_properties  values (220,NULL,NULL,221);
insert into  dyextn_column_properties  values (227,NULL,NULL,228);
insert into  dyextn_column_properties  values (228,NULL,NULL,229);
insert into  dyextn_column_properties  values (229,NULL,NULL,230);
insert into  dyextn_column_properties  values (230,NULL,NULL,231);
insert into  dyextn_column_properties  values (233,NULL,NULL,234);
insert into  dyextn_column_properties  values (235,NULL,NULL,236);
insert into  dyextn_column_properties  values (236,NULL,NULL,237);
insert into  dyextn_column_properties  values (237,NULL,NULL,238);
insert into  dyextn_column_properties  values (238,NULL,NULL,239);
insert into  dyextn_column_properties  values (241,NULL,NULL,242);
insert into  dyextn_column_properties  values (244,NULL,NULL,245);
insert into  dyextn_column_properties  values (247,NULL,NULL,248);
insert into  dyextn_column_properties  values (248,NULL,NULL,249);
insert into  dyextn_column_properties  values (250,NULL,NULL,251);
insert into  dyextn_column_properties  values (251,NULL,NULL,252);
insert into  dyextn_column_properties  values (252,NULL,NULL,253);
insert into  dyextn_column_properties  values (253,NULL,NULL,254);
insert into  dyextn_column_properties  values (258,NULL,NULL,259);
insert into  dyextn_column_properties  values (259,NULL,NULL,260);
insert into  dyextn_column_properties  values (260,NULL,NULL,261);
insert into  dyextn_column_properties  values (261,NULL,NULL,262);
insert into  dyextn_column_properties  values (262,NULL,NULL,263);
insert into  dyextn_column_properties  values (264,NULL,NULL,265);
insert into  dyextn_column_properties  values (265,NULL,NULL,266);
insert into  dyextn_column_properties  values (266,NULL,NULL,267);
insert into  dyextn_column_properties  values (267,NULL,NULL,268);
insert into  dyextn_column_properties  values (269,NULL,NULL,270);
insert into  dyextn_column_properties  values (270,NULL,NULL,271);
insert into  dyextn_column_properties  values (272,NULL,NULL,273);
insert into  dyextn_column_properties  values (273,NULL,NULL,274);
insert into  dyextn_column_properties  values (275,NULL,NULL,276);
insert into  dyextn_column_properties  values (277,NULL,NULL,278);
insert into  dyextn_column_properties  values (279,NULL,NULL,280);
insert into  dyextn_column_properties  values (280,NULL,NULL,281);
insert into  dyextn_column_properties  values (281,NULL,NULL,282);
insert into  dyextn_column_properties  values (283,NULL,NULL,284);
insert into  dyextn_column_properties  values (285,NULL,NULL,286);
insert into  dyextn_column_properties  values (287,NULL,NULL,288);
insert into  dyextn_column_properties  values (289,NULL,NULL,290);

/*Data for the table  dyextn_combobox  */

insert into  dyextn_combobox  values (5);
insert into  dyextn_combobox  values (6);
insert into  dyextn_combobox  values (11);
insert into  dyextn_combobox  values (17);
insert into  dyextn_combobox  values (20);
insert into  dyextn_combobox  values (21);
insert into  dyextn_combobox  values (22);
insert into  dyextn_combobox  values (25);
insert into  dyextn_combobox  values (26);
insert into  dyextn_combobox  values (27);
insert into  dyextn_combobox  values (28);
insert into  dyextn_combobox  values (34);
insert into  dyextn_combobox  values (35);
insert into  dyextn_combobox  values (36);
insert into  dyextn_combobox  values (45);
insert into  dyextn_combobox  values (46);
insert into  dyextn_combobox  values (47);
insert into  dyextn_combobox  values (49);
insert into  dyextn_combobox  values (69);
insert into  dyextn_combobox  values (71);
insert into  dyextn_combobox  values (74);
insert into  dyextn_combobox  values (75);
insert into  dyextn_combobox  values (76);
insert into  dyextn_combobox  values (77);
insert into  dyextn_combobox  values (78);
insert into  dyextn_combobox  values (79);
insert into  dyextn_combobox  values (80);
insert into  dyextn_combobox  values (81);
insert into  dyextn_combobox  values (82);
insert into  dyextn_combobox  values (83);
insert into  dyextn_combobox  values (84);
insert into  dyextn_combobox  values (85);
insert into  dyextn_combobox  values (86);
insert into  dyextn_combobox  values (87);
insert into  dyextn_combobox  values (88);
insert into  dyextn_combobox  values (89);
insert into  dyextn_combobox  values (90);
insert into  dyextn_combobox  values (91);
insert into  dyextn_combobox  values (92);
insert into  dyextn_combobox  values (93);
insert into  dyextn_combobox  values (94);
insert into  dyextn_combobox  values (95);
insert into  dyextn_combobox  values (96);
insert into  dyextn_combobox  values (97);
insert into  dyextn_combobox  values (98);
insert into  dyextn_combobox  values (99);
insert into  dyextn_combobox  values (100);
insert into  dyextn_combobox  values (101);
insert into  dyextn_combobox  values (102);
insert into  dyextn_combobox  values (109);
insert into  dyextn_combobox  values (110);
insert into  dyextn_combobox  values (120);
insert into  dyextn_combobox  values (121);
insert into  dyextn_combobox  values (122);
insert into  dyextn_combobox  values (128);
insert into  dyextn_combobox  values (129);
insert into  dyextn_combobox  values (130);
insert into  dyextn_combobox  values (131);
insert into  dyextn_combobox  values (132);
insert into  dyextn_combobox  values (134);
insert into  dyextn_combobox  values (135);
insert into  dyextn_combobox  values (136);
insert into  dyextn_combobox  values (137);
insert into  dyextn_combobox  values (141);
insert into  dyextn_combobox  values (142);
insert into  dyextn_combobox  values (143);
insert into  dyextn_combobox  values (144);
insert into  dyextn_combobox  values (149);
insert into  dyextn_combobox  values (150);
insert into  dyextn_combobox  values (151);
insert into  dyextn_combobox  values (152);
insert into  dyextn_combobox  values (153);
insert into  dyextn_combobox  values (154);
insert into  dyextn_combobox  values (155);
insert into  dyextn_combobox  values (159);
insert into  dyextn_combobox  values (160);
insert into  dyextn_combobox  values (161);
insert into  dyextn_combobox  values (162);

/*Data for the table  dyextn_constraint_properties  */

insert into  dyextn_constraint_properties  values (11,'DE_E_S_763',NULL,'CONSRT_765','CONSRT_766',NULL,12);
insert into  dyextn_constraint_properties  values (21,'DE_E_S_758',NULL,'CONSRT_760','CONSRT_761',NULL,22);
insert into  dyextn_constraint_properties  values (24,NULL,'DE_E_T_754','CONSRT_755','CONSRT_756',NULL,25);
insert into  dyextn_constraint_properties  values (28,NULL,'DE_E_T_769','CONSRT_770','CONSRT_771',NULL,29);
insert into  dyextn_constraint_properties  values (29,NULL,'DE_E_T_739','CONSRT_740','CONSRT_741',NULL,30);
insert into  dyextn_constraint_properties  values (32,NULL,'DE_E_T_729','CONSRT_730','CONSRT_731',NULL,33);
insert into  dyextn_constraint_properties  values (35,NULL,'DE_E_T_704','CONSRT_705','CONSRT_706',NULL,36);
insert into  dyextn_constraint_properties  values (38,NULL,'DE_E_T_689','CONSRT_690','CONSRT_691',NULL,39);
insert into  dyextn_constraint_properties  values (41,NULL,'DE_E_T_679','CONSRT_680','CONSRT_681',NULL,42);
insert into  dyextn_constraint_properties  values (45,NULL,'DE_E_T_724','CONSRT_725','CONSRT_726',NULL,46);
insert into  dyextn_constraint_properties  values (56,NULL,'DE_E_T_664','CONSRT_665','CONSRT_666',NULL,57);
insert into  dyextn_constraint_properties  values (59,NULL,'DE_E_T_669','CONSRT_670','CONSRT_671',NULL,60);
insert into  dyextn_constraint_properties  values (60,'DE_E_S_673',NULL,'CONSRT_675','CONSRT_676',NULL,61);
insert into  dyextn_constraint_properties  values (61,NULL,'DE_E_T_659','CONSRT_660','CONSRT_661',NULL,62);
insert into  dyextn_constraint_properties  values (63,NULL,'DE_E_T_609','CONSRT_610','CONSRT_611',NULL,64);
insert into  dyextn_constraint_properties  values (70,NULL,'DE_E_T_604','CONSRT_605','CONSRT_606',NULL,71);
insert into  dyextn_constraint_properties  values (73,NULL,'DE_E_T_584','CONSRT_585','CONSRT_586',NULL,74);
insert into  dyextn_constraint_properties  values (74,NULL,'DE_E_T_579','CONSRT_580','CONSRT_581',NULL,75);
insert into  dyextn_constraint_properties  values (76,NULL,'DE_E_T_744','CONSRT_745','CONSRT_746',NULL,77);
insert into  dyextn_constraint_properties  values (79,NULL,'DE_E_T_684','CONSRT_685','CONSRT_686',NULL,80);
insert into  dyextn_constraint_properties  values (82,NULL,'DE_E_T_574','CONSRT_575','CONSRT_576',NULL,83);
insert into  dyextn_constraint_properties  values (83,NULL,'DE_E_T_564','CONSRT_565','CONSRT_566',NULL,84);
insert into  dyextn_constraint_properties  values (84,NULL,'DE_E_T_559','CONSRT_560','CONSRT_561',NULL,85);
insert into  dyextn_constraint_properties  values (88,NULL,'DE_E_T_554','CONSRT_555','CONSRT_556',NULL,89);
insert into  dyextn_constraint_properties  values (91,NULL,'DE_E_T_509','CONSRT_510','CONSRT_511',NULL,92);
insert into  dyextn_constraint_properties  values (92,'DE_E_S_353',NULL,'CONSRT_355','CONSRT_356',NULL,93);
insert into  dyextn_constraint_properties  values (93,'DE_E_S_348','DE_E_T_349','CONSRT_350','CONSRT_351',NULL,94);
insert into  dyextn_constraint_properties  values (94,'DE_E_S_343',NULL,'CONSRT_345','CONSRT_346',NULL,95);
insert into  dyextn_constraint_properties  values (95,'DE_E_S_338',NULL,'CONSRT_340','CONSRT_341',NULL,96);
insert into  dyextn_constraint_properties  values (96,'DE_E_S_333',NULL,'CONSRT_335','CONSRT_336',NULL,97);
insert into  dyextn_constraint_properties  values (97,'DE_E_S_328',NULL,'CONSRT_330','CONSRT_331',NULL,98);
insert into  dyextn_constraint_properties  values (105,'DE_E_S_358',NULL,'CONSRT_360','CONSRT_361',NULL,106);
insert into  dyextn_constraint_properties  values (106,'DE_E_S_363',NULL,'CONSRT_365','CONSRT_366',NULL,107);
insert into  dyextn_constraint_properties  values (107,'DE_E_S_368',NULL,'CONSRT_370','CONSRT_371',NULL,108);
insert into  dyextn_constraint_properties  values (108,'DE_E_S_373',NULL,'CONSRT_375','CONSRT_376',NULL,109);
insert into  dyextn_constraint_properties  values (109,'DE_E_S_378',NULL,'CONSRT_380','CONSRT_381',NULL,110);
insert into  dyextn_constraint_properties  values (110,NULL,'DE_E_T_384','CONSRT_385','CONSRT_386',NULL,111);
insert into  dyextn_constraint_properties  values (113,NULL,'DE_E_T_389','CONSRT_390','CONSRT_391',NULL,114);
insert into  dyextn_constraint_properties  values (116,NULL,'DE_E_T_394','CONSRT_395','CONSRT_396',NULL,117);
insert into  dyextn_constraint_properties  values (120,NULL,'DE_E_T_439','CONSRT_440','CONSRT_441',NULL,121);
insert into  dyextn_constraint_properties  values (123,NULL,'DE_E_T_429','CONSRT_430','CONSRT_431',NULL,124);
insert into  dyextn_constraint_properties  values (124,'DE_E_S_408',NULL,'CONSRT_410','CONSRT_411',NULL,125);
insert into  dyextn_constraint_properties  values (125,'DE_E_S_403',NULL,'CONSRT_405','CONSRT_406',NULL,126);
insert into  dyextn_constraint_properties  values (129,NULL,'DE_E_T_399','CONSRT_400','CONSRT_401',NULL,130);
insert into  dyextn_constraint_properties  values (132,NULL,'DE_E_T_414','CONSRT_415','CONSRT_416',NULL,133);
insert into  dyextn_constraint_properties  values (135,NULL,'DE_E_T_434','CONSRT_435','CONSRT_436',NULL,136);
insert into  dyextn_constraint_properties  values (138,NULL,'DE_E_T_504','CONSRT_505','CONSRT_506',NULL,139);
insert into  dyextn_constraint_properties  values (139,NULL,'DE_E_T_649','CONSRT_650','CONSRT_651',NULL,140);
insert into  dyextn_constraint_properties  values (144,NULL,'DE_E_T_619','CONSRT_620','CONSRT_621',NULL,145);
insert into  dyextn_constraint_properties  values (148,NULL,'DE_E_T_644','CONSRT_645','CONSRT_646',NULL,149);
insert into  dyextn_constraint_properties  values (149,NULL,'DE_E_T_639','CONSRT_640','CONSRT_641',NULL,150);
insert into  dyextn_constraint_properties  values (152,NULL,'DE_E_T_634','CONSRT_635','CONSRT_636',NULL,153);
insert into  dyextn_constraint_properties  values (156,'DE_E_S_613',NULL,'CONSRT_615','CONSRT_616',NULL,157);
insert into  dyextn_constraint_properties  values (159,'DE_E_S_598',NULL,'CONSRT_600','CONSRT_601',NULL,160);
insert into  dyextn_constraint_properties  values (162,'DE_E_S_588',NULL,'CONSRT_590','CONSRT_591',NULL,163);
insert into  dyextn_constraint_properties  values (165,'DE_E_S_568','DE_E_T_569','CONSRT_570','CONSRT_571',NULL,166);
insert into  dyextn_constraint_properties  values (168,'DE_E_S_548',NULL,'CONSRT_550','CONSRT_551',NULL,169);
insert into  dyextn_constraint_properties  values (177,NULL,'DE_E_T_524','CONSRT_525','CONSRT_526',NULL,178);
insert into  dyextn_constraint_properties  values (179,'DE_E_S_718',NULL,'CONSRT_720','CONSRT_721',NULL,180);
insert into  dyextn_constraint_properties  values (180,NULL,'DE_E_T_514','CONSRT_515','CONSRT_516',NULL,181);
insert into  dyextn_constraint_properties  values (182,NULL,'DE_E_T_529','CONSRT_530','CONSRT_531',NULL,183);
insert into  dyextn_constraint_properties  values (183,NULL,'DE_E_T_534','CONSRT_535','CONSRT_536',NULL,184);
insert into  dyextn_constraint_properties  values (188,NULL,'DE_E_T_539','CONSRT_540','CONSRT_541',NULL,189);
insert into  dyextn_constraint_properties  values (192,NULL,'DE_E_T_734','CONSRT_735','CONSRT_736',NULL,193);
insert into  dyextn_constraint_properties  values (195,NULL,'DE_E_T_654','CONSRT_655','CONSRT_656',NULL,196);
insert into  dyextn_constraint_properties  values (198,NULL,'DE_E_T_594','CONSRT_595','CONSRT_596',NULL,199);
insert into  dyextn_constraint_properties  values (204,NULL,'DE_E_T_544','CONSRT_545','CONSRT_546',NULL,205);
insert into  dyextn_constraint_properties  values (205,NULL,'DE_E_T_519','CONSRT_520','CONSRT_521',NULL,206);
insert into  dyextn_constraint_properties  values (209,NULL,'DE_E_T_709','CONSRT_710','CONSRT_711',NULL,210);
insert into  dyextn_constraint_properties  values (210,NULL,'DE_E_T_629','CONSRT_630','CONSRT_631',NULL,211);
insert into  dyextn_constraint_properties  values (213,NULL,'DE_E_T_494','CONSRT_495','CONSRT_496',NULL,214);
insert into  dyextn_constraint_properties  values (217,NULL,'DE_E_T_694','CONSRT_695','CONSRT_696',NULL,218);
insert into  dyextn_constraint_properties  values (218,NULL,'DE_E_T_624','CONSRT_625','CONSRT_626',NULL,219);
insert into  dyextn_constraint_properties  values (221,NULL,'DE_E_T_469','CONSRT_470','CONSRT_471',NULL,222);
insert into  dyextn_constraint_properties  values (223,NULL,'DE_E_T_699','CONSRT_700','CONSRT_701',NULL,224);
insert into  dyextn_constraint_properties  values (231,NULL,'DE_E_T_714','CONSRT_715','CONSRT_716',NULL,232);
insert into  dyextn_constraint_properties  values (234,NULL,'DE_E_T_444','CONSRT_445','CONSRT_446',NULL,235);
insert into  dyextn_constraint_properties  values (239,NULL,'DE_E_T_484','CONSRT_485','CONSRT_486',NULL,240);
insert into  dyextn_constraint_properties  values (240,NULL,'DE_E_T_479','CONSRT_480','CONSRT_481',NULL,241);
insert into  dyextn_constraint_properties  values (242,NULL,'DE_E_T_474','CONSRT_475','CONSRT_476',NULL,243);
insert into  dyextn_constraint_properties  values (245,NULL,'DE_E_T_424','CONSRT_425','CONSRT_426',NULL,246);
insert into  dyextn_constraint_properties  values (249,NULL,'DE_E_T_419','CONSRT_420','CONSRT_421',NULL,250);
insert into  dyextn_constraint_properties  values (254,NULL,'DE_E_T_464','CONSRT_465','CONSRT_466',NULL,255);
insert into  dyextn_constraint_properties  values (255,'DE_E_S_458','DE_E_T_459','CONSRT_460','CONSRT_461',NULL,256);
insert into  dyextn_constraint_properties  values (256,'DE_E_S_453','DE_E_T_454','CONSRT_455','CONSRT_456',NULL,257);
insert into  dyextn_constraint_properties  values (257,NULL,'DE_E_T_449','CONSRT_450','CONSRT_451',NULL,258);
insert into  dyextn_constraint_properties  values (263,NULL,'DE_E_T_489','CONSRT_490','CONSRT_491',NULL,264);
insert into  dyextn_constraint_properties  values (268,NULL,'DE_E_T_499','CONSRT_500','CONSRT_501',NULL,269);
insert into  dyextn_constraint_properties  values (271,'DE_E_S_748',NULL,'CONSRT_750','CONSRT_751',NULL,272);

/*Data for the table  dyextn_container  */

insert into  dyextn_container  values (1,NULL,'MrnType',289,NULL,'*','indicates required fields.',NULL,NULL,1,1,NULL);
insert into  dyextn_container  values (2,NULL,'Units',279,NULL,'*','indicates required fields.',NULL,NULL,1,1,NULL);
insert into  dyextn_container  values (3,NULL,'MedicalEntitiesDictionary',8,NULL,'*','indicates required fields.',NULL,NULL,1,1,NULL);
insert into  dyextn_container  values (4,NULL,'Status',216,NULL,'*','indicates required fields.',NULL,3,1,1,NULL);
insert into  dyextn_container  values (5,NULL,'ResultValue',225,NULL,'*','indicates required fields.',NULL,NULL,1,1,NULL);
insert into  dyextn_container  values (6,NULL,'Result',226,NULL,'*','indicates required fields.',NULL,NULL,1,1,NULL);
insert into  dyextn_container  values (7,NULL,'UnitsOfMeasure',233,NULL,'*','indicates required fields.',NULL,3,1,NULL,NULL);
insert into  dyextn_container  values (8,NULL,'NormalRange',227,NULL,'*','indicates required fields.',NULL,NULL,1,1,NULL);
insert into  dyextn_container  values (9,NULL,'MedicalRecordNumber',141,NULL,'*','indicates required fields.',NULL,NULL,1,1,NULL);
insert into  dyextn_container  values (10,NULL,'Facility',142,NULL,'*','indicates required fields.',NULL,3,1,1,NULL);
insert into  dyextn_container  values (11,NULL,'SpecimanType',220,NULL,'*','indicates required fields.',NULL,3,1,1,NULL);
insert into  dyextn_container  values (12,NULL,'Encounter',27,NULL,'*','indicates required fields.',NULL,NULL,1,1,NULL);
insert into  dyextn_container  values (13,NULL,'DischargeDisposition',134,NULL,'*','indicates required fields.',NULL,3,1,1,NULL);
insert into  dyextn_container  values (14,NULL,'DiagnosticRelatedGroup',34,NULL,'*','indicates required fields.',NULL,3,1,1,NULL);
insert into  dyextn_container  values (15,NULL,'DiagnosisType',119,NULL,'*','indicates required fields.',NULL,3,1,1,NULL);
insert into  dyextn_container  values (16,NULL,'DiagnosisCode',122,NULL,'*','indicates required fields.',NULL,3,1,1,NULL);
insert into  dyextn_container  values (17,NULL,'Diagnosis',118,NULL,'*','indicates required fields.',NULL,NULL,1,1,NULL);
insert into  dyextn_container  values (18,NULL,'ProcedureCode',78,NULL,'*','indicates required fields.',NULL,3,1,1,NULL);
insert into  dyextn_container  values (19,NULL,'CptProcedureCode',285,NULL,'*','indicates required fields.',NULL,18,1,1,NULL);
insert into  dyextn_container  values (20,NULL,'ClinicalTrial',63,NULL,'*','indicates required fields.',NULL,NULL,1,1,NULL);
insert into  dyextn_container  values (21,NULL,'ResearchOptOut',287,NULL,'*','indicates required fields.',NULL,NULL,1,1,NULL);
insert into  dyextn_container  values (22,NULL,'PhoneType',277,NULL,'*','indicates required fields.',NULL,NULL,1,1,NULL);
insert into  dyextn_container  values (23,NULL,'ActiveUpiFlag',275,NULL,'*','indicates required fields.',NULL,NULL,1,1,NULL);
insert into  dyextn_container  values (24,NULL,'State',191,NULL,'*','indicates required fields.',NULL,3,1,1,NULL);
insert into  dyextn_container  values (25,NULL,'AddressType',194,NULL,'*','indicates required fields.',NULL,3,1,1,NULL);
insert into  dyextn_container  values (26,NULL,'AdvancedDirectiveExists',158,NULL,'*','indicates required fields.',NULL,3,1,1,NULL);
insert into  dyextn_container  values (27,NULL,'AssociatedPerson',179,NULL,'*','indicates required fields.',NULL,NULL,1,1,NULL);
insert into  dyextn_container  values (28,NULL,'Country',197,NULL,'*','indicates required fields.',NULL,3,1,1,NULL);
insert into  dyextn_container  values (29,NULL,'Demographics',154,NULL,'*','indicates required fields.',NULL,NULL,1,1,NULL);
insert into  dyextn_container  values (30,NULL,'Address',190,NULL,'*','indicates required fields.',NULL,NULL,1,NULL,NULL);
insert into  dyextn_container  values (31,NULL,'Gender',155,NULL,'*','indicates required fields.',NULL,3,1,1,NULL);
insert into  dyextn_container  values (32,NULL,'Religion',161,NULL,'*','indicates required fields.',NULL,3,1,1,NULL);
insert into  dyextn_container  values (33,NULL,'Race',164,NULL,'*','indicates required fields.',NULL,3,1,1,NULL);
insert into  dyextn_container  values (34,NULL,'MaritalStatus',167,NULL,'*','indicates required fields.',NULL,3,1,1,NULL);
insert into  dyextn_container  values (35,NULL,'PersonName',13,NULL,'*','indicates required fields.',NULL,NULL,1,1,NULL);
insert into  dyextn_container  values (36,NULL,'Person',26,NULL,'*','indicates required fields.',NULL,NULL,1,1,NULL);
insert into  dyextn_container  values (37,NULL,'Phone',185,NULL,'*','indicates required fields.',NULL,NULL,1,1,NULL);
insert into  dyextn_container  values (38,NULL,'RelationToPerson',44,NULL,'*','indicates required fields.',NULL,3,1,1,NULL);
insert into  dyextn_container  values (39,NULL,'EncounterDetails',28,NULL,'*','indicates required fields.',NULL,NULL,1,1,NULL);
insert into  dyextn_container  values (40,NULL,'FacilityDischargeDisposition',37,NULL,'*','indicates required fields.',NULL,3,1,1,NULL);
insert into  dyextn_container  values (41,NULL,'FinancialClass',40,NULL,'*','indicates required fields.',NULL,3,1,1,NULL);
insert into  dyextn_container  values (42,NULL,'HipaaNotified',90,NULL,'*','indicates required fields.',NULL,3,1,1,NULL);
insert into  dyextn_container  values (43,NULL,'Icd9ProcedureCode',283,NULL,'*','indicates required fields.',NULL,18,1,1,NULL);
insert into  dyextn_container  values (44,NULL,'InfectionControlCode',137,NULL,'*','indicates required fields.',NULL,3,1,1,NULL);
insert into  dyextn_container  values (45,NULL,'Insurance',43,NULL,'*','indicates required fields.',NULL,NULL,1,1,NULL);
insert into  dyextn_container  values (46,NULL,'OptOutIndicator',131,NULL,'*','indicates required fields.',NULL,3,1,1,NULL);
insert into  dyextn_container  values (47,NULL,'PatientClass',112,NULL,'*','indicates required fields.',NULL,3,1,1,NULL);
insert into  dyextn_container  values (48,NULL,'PatientLocation',2,NULL,'*','indicates required fields.',NULL,NULL,1,1,NULL);
insert into  dyextn_container  values (49,NULL,'PatientType',115,NULL,'*','indicates required fields.',NULL,3,1,1,NULL);
insert into  dyextn_container  values (50,NULL,'Procedure',76,NULL,'*','indicates required fields.',NULL,NULL,1,1,NULL);
insert into  dyextn_container  values (51,NULL,'ProcedureType',81,NULL,'*','indicates required fields.',NULL,3,1,1,NULL);
insert into  dyextn_container  values (52,NULL,'Provider',7,NULL,'*','indicates required fields.',NULL,NULL,1,1,NULL);
insert into  dyextn_container  values (53,NULL,'Service',72,NULL,'*','indicates required fields.',NULL,3,1,1,NULL);
insert into  dyextn_container  values (54,NULL,'VipIndicator',31,NULL,'*','indicates required fields.',NULL,3,1,1,NULL);
insert into  dyextn_container  values (55,NULL,'AbnormalFlag',244,NULL,'*','indicates required fields.',NULL,3,1,1,NULL);
insert into  dyextn_container  values (56,NULL,'Application',212,NULL,'*','indicates required fields.',NULL,3,1,1,NULL);
insert into  dyextn_container  values (57,NULL,'LaboratoryProcedure',207,NULL,'*','indicates required fields.',NULL,NULL,1,1,NULL);
insert into  dyextn_container  values (58,NULL,'LaboratoryProcedureDetails',215,NULL,'*','indicates required fields.',NULL,NULL,1,1,NULL);
insert into  dyextn_container  values (59,NULL,'LaboratoryProcedureType',208,NULL,'*','indicates required fields.',NULL,3,1,1,NULL);
insert into  dyextn_container  values (60,NULL,'LaboratoryResult',223,NULL,'*','indicates required fields.',NULL,NULL,1,1,NULL);
insert into  dyextn_container  values (61,NULL,'LaboratoryTestType',247,NULL,'*','indicates required fields.',NULL,3,1,1,NULL);

/*Data for the table  dyextn_containment_control  */

insert into  dyextn_containment_control  values (10);
insert into  dyextn_containment_control  values (41);
insert into  dyextn_containment_control  values (42);
insert into  dyextn_containment_control  values (43);
insert into  dyextn_containment_control  values (44);
insert into  dyextn_containment_control  values (48);
insert into  dyextn_containment_control  values (50);
insert into  dyextn_containment_control  values (51);
insert into  dyextn_containment_control  values (52);
insert into  dyextn_containment_control  values (67);
insert into  dyextn_containment_control  values (70);

/*Data for the table  dyextn_control  */

insert into  dyextn_control  values (1,'normalizedUnits',NULL,NULL,'normalizedUnits',2,NULL,2,281,0);
insert into  dyextn_control  values (2,'sourceUnits',NULL,NULL,'sourceUnits',1,NULL,2,280,0);
insert into  dyextn_control  values (3,'name',NULL,NULL,'name',2,NULL,3,10,0);
insert into  dyextn_control  values (4,'shortName',NULL,NULL,'shortName',1,NULL,3,9,0);
insert into  dyextn_control  values (5,'AssociationName_1',NULL,NULL,'AssociationName_1',2,NULL,5,241,0);
insert into  dyextn_control  values (6,'AssociationName_2',NULL,NULL,'AssociationName_2',1,NULL,5,240,0);
insert into  dyextn_control  values (7,'high',NULL,NULL,'high',5,NULL,6,238,0);
insert into  dyextn_control  values (8,'low',NULL,NULL,'low',4,NULL,6,237,0);
insert into  dyextn_control  values (9,'value',NULL,NULL,'value',3,NULL,6,236,0);
insert into  dyextn_control  values (10,'AssociationName_1',NULL,NULL,'AssociationName_1',2,NULL,6,235,0);
insert into  dyextn_control  values (11,'AssociationName_2',NULL,NULL,'AssociationName_2',1,NULL,6,232,0);
insert into  dyextn_control  values (12,'high',NULL,NULL,'high',3,NULL,8,230,0);
insert into  dyextn_control  values (13,'low',NULL,NULL,'low',2,NULL,8,229,0);
insert into  dyextn_control  values (14,'value',NULL,NULL,'value',1,NULL,8,228,0);
insert into  dyextn_control  values (15,'type',NULL,NULL,'type',3,NULL,9,147,0);
insert into  dyextn_control  values (16,'value',NULL,NULL,'value',2,NULL,9,146,0);
insert into  dyextn_control  values (17,'AssociationName_1',NULL,NULL,'AssociationName_1',1,NULL,9,145,0);
insert into  dyextn_control  values (18,'initials',NULL,NULL,'initials',1,NULL,10,143,0);
insert into  dyextn_control  values (19,'patientAccountNumber',NULL,NULL,'patientAccountNumber',4,NULL,12,151,0);
insert into  dyextn_control  values (20,'AssociationName_1',NULL,NULL,'AssociationName_1',3,NULL,12,150,0);
insert into  dyextn_control  values (21,'AssociationName_2',NULL,NULL,'AssociationName_2',2,NULL,12,149,0);
insert into  dyextn_control  values (22,'AssociationName_3',NULL,NULL,'AssociationName_3',1,NULL,12,140,0);
insert into  dyextn_control  values (23,'description',NULL,NULL,'description',6,NULL,17,128,0);
insert into  dyextn_control  values (24,'sequence',NULL,NULL,'sequence',5,NULL,17,127,0);
insert into  dyextn_control  values (25,'AssociationName_1',NULL,NULL,'AssociationName_1',4,NULL,17,126,0);
insert into  dyextn_control  values (26,'AssociationName_2',NULL,NULL,'AssociationName_2',3,NULL,17,125,0);
insert into  dyextn_control  values (27,'AssociationName_3',NULL,NULL,'AssociationName_3',2,NULL,17,124,0);
insert into  dyextn_control  values (28,'AssociationName_4',NULL,NULL,'AssociationName_4',1,NULL,17,121,0);
insert into  dyextn_control  values (29,'endTimeStamp',NULL,NULL,'endTimeStamp',6,NULL,20,69,0);
insert into  dyextn_control  values (30,'protocolId',NULL,NULL,'protocolId',5,NULL,20,68,0);
insert into  dyextn_control  values (31,'startTimeStamp',NULL,NULL,'startTimeStamp',4,NULL,20,67,0);
insert into  dyextn_control  values (32,'trailName',NULL,NULL,'trailName',3,NULL,20,66,0);
insert into  dyextn_control  values (33,'trialId',NULL,NULL,'trialId',2,NULL,20,65,0);
insert into  dyextn_control  values (34,'AssociationName_1',NULL,NULL,'AssociationName_1',1,NULL,20,64,0);
insert into  dyextn_control  values (35,'AssociationName_1',NULL,NULL,'AssociationName_1',2,NULL,27,181,0);
insert into  dyextn_control  values (36,'AssociationName_2',NULL,NULL,'AssociationName_2',1,NULL,27,180,0);
insert into  dyextn_control  values (37,'city',NULL,NULL,'city',7,NULL,30,203,0);
insert into  dyextn_control  values (38,'line1',NULL,NULL,'line1',6,NULL,30,202,0);
insert into  dyextn_control  values (39,'line2',NULL,NULL,'line2',5,NULL,30,201,0);
insert into  dyextn_control  values (40,'postalCode',NULL,NULL,'postalCode',4,NULL,30,200,0);
insert into  dyextn_control  values (41,'AssociationName_1',NULL,NULL,'AssociationName_1',3,NULL,30,199,0);
insert into  dyextn_control  values (42,'AssociationName_2',NULL,NULL,'AssociationName_2',2,NULL,30,196,0);
insert into  dyextn_control  values (43,'AssociationName_3',NULL,NULL,'AssociationName_3',1,NULL,30,193,0);
insert into  dyextn_control  values (44,'AssociationName_5',NULL,NULL,'AssociationName_5',17,NULL,29,205,0);
insert into  dyextn_control  values (45,'AssociationName_4',NULL,NULL,'AssociationName_4',16,NULL,29,189,0);
insert into  dyextn_control  values (46,'AssociationName_3',NULL,NULL,'AssociationName_3',15,NULL,29,184,0);
insert into  dyextn_control  values (47,'AssociationName_2',NULL,NULL,'AssociationName_2',14,NULL,29,183,0);
insert into  dyextn_control  values (48,'AssociationName_10',NULL,NULL,'AssociationName_10',1,NULL,29,157,0);
insert into  dyextn_control  values (49,'AssociationName_9',NULL,NULL,'AssociationName_9',2,NULL,29,160,0);
insert into  dyextn_control  values (50,'AssociationName_8',NULL,NULL,'AssociationName_8',3,NULL,29,163,0);
insert into  dyextn_control  values (51,'AssociationName_7',NULL,NULL,'AssociationName_7',4,NULL,29,166,0);
insert into  dyextn_control  values (52,'AssociationName_6',NULL,NULL,'AssociationName_6',5,NULL,29,169,0);
insert into  dyextn_control  values (53,'dateOfBirth',NULL,NULL,'dateOfBirth',6,NULL,29,171,0);
insert into  dyextn_control  values (54,'dateOfDeath',NULL,NULL,'dateOfDeath',7,NULL,29,172,0);
insert into  dyextn_control  values (55,'effectiveEndTimeStamp',NULL,NULL,'effectiveEndTimeStamp',8,NULL,29,173,0);
insert into  dyextn_control  values (56,'effectiveStartTimeStamp',NULL,NULL,'effectiveStartTimeStamp',9,NULL,29,174,0);
insert into  dyextn_control  values (57,'mothersMaidenName',NULL,NULL,'mothersMaidenName',10,NULL,29,175,0);
insert into  dyextn_control  values (58,'placeOfBirth',NULL,NULL,'placeOfBirth',11,NULL,29,176,0);
insert into  dyextn_control  values (59,'socialSecurityNumber',NULL,NULL,'socialSecurityNumber',12,NULL,29,177,0);
insert into  dyextn_control  values (60,'degree',NULL,NULL,'degree',7,NULL,35,20,0);
insert into  dyextn_control  values (61,'firstName',NULL,NULL,'firstName',6,NULL,35,19,0);
insert into  dyextn_control  values (62,'lastName',NULL,NULL,'lastName',5,NULL,35,18,0);
insert into  dyextn_control  values (63,'lastNameCompressed',NULL,NULL,'lastNameCompressed',4,NULL,35,17,0);
insert into  dyextn_control  values (64,'middleName',NULL,NULL,'middleName',3,NULL,35,16,0);
insert into  dyextn_control  values (65,'prefix',NULL,NULL,'prefix',2,NULL,35,15,0);
insert into  dyextn_control  values (66,'suffix',NULL,NULL,'suffix',1,NULL,35,14,0);
insert into  dyextn_control  values (67,'AssociationName_1',NULL,NULL,'AssociationName_1',13,NULL,29,178,0);
insert into  dyextn_control  values (68,'personUpi',NULL,NULL,'personUpi',4,NULL,36,270,0);
insert into  dyextn_control  values (69,'AssociationName_1',NULL,NULL,'AssociationName_1',3,NULL,36,269,0);
insert into  dyextn_control  values (70,'AssociationName_2',NULL,NULL,'AssociationName_2',2,NULL,36,206,0);
insert into  dyextn_control  values (71,'AssociationName_3',NULL,NULL,'AssociationName_3',1,NULL,36,153,0);
insert into  dyextn_control  values (72,'number',NULL,NULL,'number',2,NULL,37,187,0);
insert into  dyextn_control  values (73,'type',NULL,NULL,'type',1,NULL,37,186,0);
insert into  dyextn_control  values (74,'AssociationName_18',NULL,NULL,'AssociationName_18',36,NULL,39,139,0);
insert into  dyextn_control  values (75,'AssociationName_17',NULL,NULL,'AssociationName_17',35,NULL,39,136,0);
insert into  dyextn_control  values (76,'AssociationName_16',NULL,NULL,'AssociationName_16',34,NULL,39,133,0);
insert into  dyextn_control  values (77,'AssociationName_15',NULL,NULL,'AssociationName_15',33,NULL,39,130,0);
insert into  dyextn_control  values (78,'AssociationName_14',NULL,NULL,'AssociationName_14',32,NULL,39,117,0);
insert into  dyextn_control  values (79,'AssociationName_13',NULL,NULL,'AssociationName_13',31,NULL,39,114,0);
insert into  dyextn_control  values (80,'AssociationName_12',NULL,NULL,'AssociationName_12',30,NULL,39,111,0);
insert into  dyextn_control  values (81,'AssociationName_11',NULL,NULL,'AssociationName_11',29,NULL,39,110,0);
insert into  dyextn_control  values (82,'AssociationName_10',NULL,NULL,'AssociationName_10',28,NULL,39,109,0);
insert into  dyextn_control  values (83,'AssociationName_9',NULL,NULL,'AssociationName_9',27,NULL,39,108,0);
insert into  dyextn_control  values (84,'AssociationName_8',NULL,NULL,'AssociationName_8',26,NULL,39,107,0);
insert into  dyextn_control  values (85,'AssociationName_6',NULL,NULL,'AssociationName_6',13,NULL,39,93,0);
insert into  dyextn_control  values (86,'AssociationName_19',NULL,NULL,'AssociationName_19',12,NULL,39,92,0);
insert into  dyextn_control  values (87,'AssociationName_20',NULL,NULL,'AssociationName_20',11,NULL,39,89,0);
insert into  dyextn_control  values (88,'AssociationName_21',NULL,NULL,'AssociationName_21',10,NULL,39,75,0);
insert into  dyextn_control  values (89,'AssociationName_22',NULL,NULL,'AssociationName_22',9,NULL,39,74,0);
insert into  dyextn_control  values (90,'AssociationName_23',NULL,NULL,'AssociationName_23',8,NULL,39,71,0);
insert into  dyextn_control  values (91,'AssociationName_24',NULL,NULL,'AssociationName_24',7,NULL,39,62,0);
insert into  dyextn_control  values (92,'AssociationName_25',NULL,NULL,'AssociationName_25',6,NULL,39,42,0);
insert into  dyextn_control  values (93,'AssociationName_26',NULL,NULL,'AssociationName_26',5,NULL,39,39,0);
insert into  dyextn_control  values (94,'AssociationName_27',NULL,NULL,'AssociationName_27',4,NULL,39,36,0);
insert into  dyextn_control  values (95,'AssociationName_28',NULL,NULL,'AssociationName_28',3,NULL,39,33,0);
insert into  dyextn_control  values (96,'AssociationName_29',NULL,NULL,'AssociationName_29',2,NULL,39,30,0);
insert into  dyextn_control  values (97,'AssociationName_30',NULL,NULL,'AssociationName_30',1,NULL,39,29,0);
insert into  dyextn_control  values (98,'AssociationName_5',NULL,NULL,'AssociationName_5',14,NULL,39,94,0);
insert into  dyextn_control  values (99,'AssociationName_4',NULL,NULL,'AssociationName_4',15,NULL,39,95,0);
insert into  dyextn_control  values (100,'AssociationName_3',NULL,NULL,'AssociationName_3',16,NULL,39,96,0);
insert into  dyextn_control  values (101,'AssociationName_2',NULL,NULL,'AssociationName_2',17,NULL,39,97,0);
insert into  dyextn_control  values (102,'AssociationName_1',NULL,NULL,'AssociationName_1',18,NULL,39,98,0);
insert into  dyextn_control  values (103,'teachingTeam',NULL,NULL,'teachingTeam',19,NULL,39,99,0);
insert into  dyextn_control  values (104,'registrationTimeStamp',NULL,NULL,'registrationTimeStamp',20,NULL,39,100,0);
insert into  dyextn_control  values (105,'effectingStartTimeStamp',NULL,NULL,'effectingStartTimeStamp',21,NULL,39,101,0);
insert into  dyextn_control  values (106,'effectingEndTimeStamp',NULL,NULL,'effectingEndTimeStamp',22,NULL,39,102,0);
insert into  dyextn_control  values (107,'dischargeTimeStamp',NULL,NULL,'dischargeTimeStamp',23,NULL,39,103,0);
insert into  dyextn_control  values (108,'ageAtEncounter',NULL,NULL,'ageAtEncounter',24,NULL,39,104,0);
insert into  dyextn_control  values (109,'AssociationName_7',NULL,NULL,'AssociationName_7',25,NULL,39,106,0);
insert into  dyextn_control  values (110,'AssociationName_4',NULL,NULL,'AssociationName_4',1,NULL,45,46,0);
insert into  dyextn_control  values (111,'companyId',NULL,NULL,'companyId',2,NULL,45,48,0);
insert into  dyextn_control  values (112,'groupName',NULL,NULL,'groupName',3,NULL,45,49,0);
insert into  dyextn_control  values (113,'groupNumber',NULL,NULL,'groupNumber',4,NULL,45,50,0);
insert into  dyextn_control  values (114,'insuredGroupEmpId',NULL,NULL,'insuredGroupEmpId',5,NULL,45,51,0);
insert into  dyextn_control  values (115,'insuredGroupEmpName',NULL,NULL,'insuredGroupEmpName',6,NULL,45,52,0);
insert into  dyextn_control  values (116,'planId',NULL,NULL,'planId',7,NULL,45,53,0);
insert into  dyextn_control  values (117,'policyNumber',NULL,NULL,'policyNumber',8,NULL,45,54,0);
insert into  dyextn_control  values (118,'preAdmitCert',NULL,NULL,'preAdmitCert',9,NULL,45,55,0);
insert into  dyextn_control  values (119,'sequence',NULL,NULL,'sequence',10,NULL,45,56,0);
insert into  dyextn_control  values (120,'AssociationName_1',NULL,NULL,'AssociationName_1',11,NULL,45,57,0);
insert into  dyextn_control  values (121,'AssociationName_2',NULL,NULL,'AssociationName_2',12,NULL,45,60,0);
insert into  dyextn_control  values (122,'AssociationName_3',NULL,NULL,'AssociationName_3',13,NULL,45,61,0);
insert into  dyextn_control  values (123,'bed',NULL,NULL,'bed',3,NULL,48,5,0);
insert into  dyextn_control  values (124,'location',NULL,NULL,'location',2,NULL,48,4,0);
insert into  dyextn_control  values (125,'room',NULL,NULL,'room',1,NULL,48,3,0);
insert into  dyextn_control  values (126,'date',NULL,NULL,'date',7,NULL,50,87,0);
insert into  dyextn_control  values (127,'sequence',NULL,NULL,'sequence',6,NULL,50,86,0);
insert into  dyextn_control  values (128,'AssociationName_1',NULL,NULL,'AssociationName_1',5,NULL,50,85,0);
insert into  dyextn_control  values (129,'AssociationName_2',NULL,NULL,'AssociationName_2',4,NULL,50,84,0);
insert into  dyextn_control  values (130,'AssociationName_3',NULL,NULL,'AssociationName_3',3,NULL,50,83,0);
insert into  dyextn_control  values (131,'AssociationName_4',NULL,NULL,'AssociationName_4',2,NULL,50,80,0);
insert into  dyextn_control  values (132,'AssociationName_5',NULL,NULL,'AssociationName_5',1,NULL,50,77,0);
insert into  dyextn_control  values (133,'facilityId',NULL,NULL,'facilityId',5,NULL,52,273,0);
insert into  dyextn_control  values (134,'AssociationName_1',NULL,NULL,'AssociationName_1',4,NULL,52,272,0);
insert into  dyextn_control  values (135,'AssociationName_2',NULL,NULL,'AssociationName_2',3,NULL,52,25,0);
insert into  dyextn_control  values (136,'AssociationName_3',NULL,NULL,'AssociationName_3',2,NULL,52,22,0);
insert into  dyextn_control  values (137,'AssociationName_4',NULL,NULL,'AssociationName_4',1,NULL,52,12,0);
insert into  dyextn_control  values (138,'accessionNumber',NULL,NULL,'accessionNumber',7,NULL,57,267,0);
insert into  dyextn_control  values (139,'patientAccountNumber',NULL,NULL,'patientAccountNumber',6,NULL,57,266,0);
insert into  dyextn_control  values (140,'procedureSynonym',NULL,NULL,'procedureSynonym',5,NULL,57,265,0);
insert into  dyextn_control  values (141,'AssociationName_1',NULL,NULL,'AssociationName_1',4,NULL,57,264,0);
insert into  dyextn_control  values (142,'AssociationName_2',NULL,NULL,'AssociationName_2',3,NULL,57,214,0);
insert into  dyextn_control  values (143,'AssociationName_3',NULL,NULL,'AssociationName_3',2,NULL,57,211,0);
insert into  dyextn_control  values (144,'AssociationName_4',NULL,NULL,'AssociationName_4',1,NULL,57,210,0);
insert into  dyextn_control  values (145,'ageAtProcedure',NULL,NULL,'ageAtProcedure',11,NULL,58,262,0);
insert into  dyextn_control  values (146,'effectiveEndTimeStamp',NULL,NULL,'effectiveEndTimeStamp',10,NULL,58,261,0);
insert into  dyextn_control  values (147,'effectiveStartTimeStamp',NULL,NULL,'effectiveStartTimeStamp',9,NULL,58,260,0);
insert into  dyextn_control  values (148,'procedureComment',NULL,NULL,'procedureComment',8,NULL,58,259,0);
insert into  dyextn_control  values (149,'AssociationName_1',NULL,NULL,'AssociationName_1',7,NULL,58,258,0);
insert into  dyextn_control  values (150,'AssociationName_2',NULL,NULL,'AssociationName_2',6,NULL,58,257,0);
insert into  dyextn_control  values (151,'AssociationName_3',NULL,NULL,'AssociationName_3',5,NULL,58,256,0);
insert into  dyextn_control  values (152,'AssociationName_4',NULL,NULL,'AssociationName_4',4,NULL,58,255,0);
insert into  dyextn_control  values (153,'AssociationName_5',NULL,NULL,'AssociationName_5',3,NULL,58,222,0);
insert into  dyextn_control  values (154,'AssociationName_6',NULL,NULL,'AssociationName_6',2,NULL,58,219,0);
insert into  dyextn_control  values (155,'AssociationName_7',NULL,NULL,'AssociationName_7',1,NULL,58,218,0);
insert into  dyextn_control  values (156,'resultComments',NULL,NULL,'resultComments',7,NULL,60,253,0);
insert into  dyextn_control  values (157,'resultTimeStamp',NULL,NULL,'resultTimeStamp',6,NULL,60,252,0);
insert into  dyextn_control  values (158,'testSynonym',NULL,NULL,'testSynonym',5,NULL,60,251,0);
insert into  dyextn_control  values (159,'AssociationName_1',NULL,NULL,'AssociationName_1',4,NULL,60,250,0);
insert into  dyextn_control  values (160,'AssociationName_2',NULL,NULL,'AssociationName_2',3,NULL,60,246,0);
insert into  dyextn_control  values (161,'AssociationName_3',NULL,NULL,'AssociationName_3',2,NULL,60,243,0);
insert into  dyextn_control  values (162,'AssociationName_4',NULL,NULL,'AssociationName_4',1,NULL,60,224,0);
insert into  dyextn_control  values (163,'standardUnitOfMeasure',NULL,NULL,'standardUnitOfMeasure',1,NULL,61,248,0);

/*Data for the table  dyextn_data_element  */

/*Data for the table  dyextn_data_grid  */

/*Data for the table  dyextn_database_properties  */

insert into  dyextn_database_properties  values (1,'DE_E_320');
insert into  dyextn_database_properties  values (2,'DE_AT_326');
insert into  dyextn_database_properties  values (3,'DE_AT_325');
insert into  dyextn_database_properties  values (4,'DE_AT_324');
insert into  dyextn_database_properties  values (5,'IDENTIFIER');
insert into  dyextn_database_properties  values (6,'DE_E_315');
insert into  dyextn_database_properties  values (7,'DE_E_11');
insert into  dyextn_database_properties  values (8,'DE_AT_16');
insert into  dyextn_database_properties  values (9,'DE_AT_15');
insert into  dyextn_database_properties  values (10,'IDENTIFIER');
insert into  dyextn_database_properties  values (11,'DE_AS_762');
insert into  dyextn_database_properties  values (12,'DE_E_130');
insert into  dyextn_database_properties  values (13,'DE_AT_140');
insert into  dyextn_database_properties  values (14,'DE_AT_139');
insert into  dyextn_database_properties  values (15,'DE_AT_138');
insert into  dyextn_database_properties  values (16,'DE_AT_137');
insert into  dyextn_database_properties  values (17,'DE_AT_136');
insert into  dyextn_database_properties  values (18,'DE_AT_135');
insert into  dyextn_database_properties  values (19,'DE_AT_134');
insert into  dyextn_database_properties  values (20,'IDENTIFIER');
insert into  dyextn_database_properties  values (21,'DE_AS_757');
insert into  dyextn_database_properties  values (22,'DE_E_47');
insert into  dyextn_database_properties  values (23,'IDENTIFIER');
insert into  dyextn_database_properties  values (24,'DE_AS_752');
insert into  dyextn_database_properties  values (25,'DE_E_148');
insert into  dyextn_database_properties  values (26,'DE_E_242');
insert into  dyextn_database_properties  values (27,'DE_E_1');
insert into  dyextn_database_properties  values (28,'DE_AS_767');
insert into  dyextn_database_properties  values (29,'DE_AS_737');
insert into  dyextn_database_properties  values (30,'DE_E_303');
insert into  dyextn_database_properties  values (31,'IDENTIFIER');
insert into  dyextn_database_properties  values (32,'DE_AS_727');
insert into  dyextn_database_properties  values (33,'DE_E_280');
insert into  dyextn_database_properties  values (34,'IDENTIFIER');
insert into  dyextn_database_properties  values (35,'DE_AS_702');
insert into  dyextn_database_properties  values (36,'DE_E_272');
insert into  dyextn_database_properties  values (37,'IDENTIFIER');
insert into  dyextn_database_properties  values (38,'DE_AS_687');
insert into  dyextn_database_properties  values (39,'DE_E_264');
insert into  dyextn_database_properties  values (40,'IDENTIFIER');
insert into  dyextn_database_properties  values (41,'DE_AS_677');
insert into  dyextn_database_properties  values (42,'DE_E_251');
insert into  dyextn_database_properties  values (43,'DE_E_295');
insert into  dyextn_database_properties  values (44,'IDENTIFIER');
insert into  dyextn_database_properties  values (45,'DE_AS_722');
insert into  dyextn_database_properties  values (46,'IDENTIFIER');
insert into  dyextn_database_properties  values (47,'DE_AT_255');
insert into  dyextn_database_properties  values (48,'DE_AT_256');
insert into  dyextn_database_properties  values (49,'DE_AT_257');
insert into  dyextn_database_properties  values (50,'DE_AT_258');
insert into  dyextn_database_properties  values (51,'DE_AT_259');
insert into  dyextn_database_properties  values (52,'DE_AT_260');
insert into  dyextn_database_properties  values (53,'DE_AT_261');
insert into  dyextn_database_properties  values (54,'DE_AT_262');
insert into  dyextn_database_properties  values (55,'DE_AT_263');
insert into  dyextn_database_properties  values (56,'DE_AS_662');
insert into  dyextn_database_properties  values (57,'DE_E_233');
insert into  dyextn_database_properties  values (58,'IDENTIFIER');
insert into  dyextn_database_properties  values (59,'DE_AS_667');
insert into  dyextn_database_properties  values (60,'DE_AS_672');
insert into  dyextn_database_properties  values (61,'DE_AS_657');
insert into  dyextn_database_properties  values (62,'DE_E_216');
insert into  dyextn_database_properties  values (63,'DE_AS_607');
insert into  dyextn_database_properties  values (64,'DE_AT_224');
insert into  dyextn_database_properties  values (65,'DE_AT_223');
insert into  dyextn_database_properties  values (66,'DE_AT_222');
insert into  dyextn_database_properties  values (67,'DE_AT_221');
insert into  dyextn_database_properties  values (68,'DE_AT_220');
insert into  dyextn_database_properties  values (69,'IDENTIFIER');
insert into  dyextn_database_properties  values (70,'DE_AS_602');
insert into  dyextn_database_properties  values (71,'DE_E_200');
insert into  dyextn_database_properties  values (72,'IDENTIFIER');
insert into  dyextn_database_properties  values (73,'DE_AS_582');
insert into  dyextn_database_properties  values (74,'DE_AS_577');
insert into  dyextn_database_properties  values (75,'DE_E_182');
insert into  dyextn_database_properties  values (76,'DE_AS_742');
insert into  dyextn_database_properties  values (77,'DE_E_268');
insert into  dyextn_database_properties  values (78,'IDENTIFIER');
insert into  dyextn_database_properties  values (79,'DE_AS_682');
insert into  dyextn_database_properties  values (80,'DE_E_196');
insert into  dyextn_database_properties  values (81,'IDENTIFIER');
insert into  dyextn_database_properties  values (82,'DE_AS_572');
insert into  dyextn_database_properties  values (83,'DE_AS_562');
insert into  dyextn_database_properties  values (84,'DE_AS_557');
insert into  dyextn_database_properties  values (85,'DE_AT_187');
insert into  dyextn_database_properties  values (86,'DE_AT_186');
insert into  dyextn_database_properties  values (87,'IDENTIFIER');
insert into  dyextn_database_properties  values (88,'DE_AS_552');
insert into  dyextn_database_properties  values (89,'DE_E_157');
insert into  dyextn_database_properties  values (90,'IDENTIFIER');
insert into  dyextn_database_properties  values (91,'DE_AS_507');
insert into  dyextn_database_properties  values (92,'DE_AS_352');
insert into  dyextn_database_properties  values (93,'DE_AS_347');
insert into  dyextn_database_properties  values (94,'DE_AS_342');
insert into  dyextn_database_properties  values (95,'DE_AS_337');
insert into  dyextn_database_properties  values (96,'DE_AS_332');
insert into  dyextn_database_properties  values (97,'DE_AS_327');
insert into  dyextn_database_properties  values (98,'DE_AT_10');
insert into  dyextn_database_properties  values (99,'DE_AT_9');
insert into  dyextn_database_properties  values (100,'DE_AT_8');
insert into  dyextn_database_properties  values (101,'DE_AT_7');
insert into  dyextn_database_properties  values (102,'DE_AT_6');
insert into  dyextn_database_properties  values (103,'DE_AT_5');
insert into  dyextn_database_properties  values (104,'IDENTIFIER');
insert into  dyextn_database_properties  values (105,'DE_AS_357');
insert into  dyextn_database_properties  values (106,'DE_AS_362');
insert into  dyextn_database_properties  values (107,'DE_AS_367');
insert into  dyextn_database_properties  values (108,'DE_AS_372');
insert into  dyextn_database_properties  values (109,'DE_AS_377');
insert into  dyextn_database_properties  values (110,'DE_AS_382');
insert into  dyextn_database_properties  values (111,'DE_E_29');
insert into  dyextn_database_properties  values (112,'IDENTIFIER');
insert into  dyextn_database_properties  values (113,'DE_AS_387');
insert into  dyextn_database_properties  values (114,'DE_E_33');
insert into  dyextn_database_properties  values (115,'IDENTIFIER');
insert into  dyextn_database_properties  values (116,'DE_AS_392');
insert into  dyextn_database_properties  values (117,'DE_E_37');
insert into  dyextn_database_properties  values (118,'DE_E_85');
insert into  dyextn_database_properties  values (119,'IDENTIFIER');
insert into  dyextn_database_properties  values (120,'DE_AS_437');
insert into  dyextn_database_properties  values (121,'DE_E_71');
insert into  dyextn_database_properties  values (122,'IDENTIFIER');
insert into  dyextn_database_properties  values (123,'DE_AS_427');
insert into  dyextn_database_properties  values (124,'DE_AS_407');
insert into  dyextn_database_properties  values (125,'DE_AS_402');
insert into  dyextn_database_properties  values (126,'DE_AT_42');
insert into  dyextn_database_properties  values (127,'DE_AT_41');
insert into  dyextn_database_properties  values (128,'IDENTIFIER');
insert into  dyextn_database_properties  values (129,'DE_AS_397');
insert into  dyextn_database_properties  values (130,'DE_E_51');
insert into  dyextn_database_properties  values (131,'IDENTIFIER');
insert into  dyextn_database_properties  values (132,'DE_AS_412');
insert into  dyextn_database_properties  values (133,'DE_E_75');
insert into  dyextn_database_properties  values (134,'IDENTIFIER');
insert into  dyextn_database_properties  values (135,'DE_AS_432');
insert into  dyextn_database_properties  values (136,'DE_E_153');
insert into  dyextn_database_properties  values (137,'IDENTIFIER');
insert into  dyextn_database_properties  values (138,'DE_AS_502');
insert into  dyextn_database_properties  values (139,'DE_AS_647');
insert into  dyextn_database_properties  values (140,'DE_E_79');
insert into  dyextn_database_properties  values (141,'DE_E_237');
insert into  dyextn_database_properties  values (142,'DE_AT_241');
insert into  dyextn_database_properties  values (143,'IDENTIFIER');
insert into  dyextn_database_properties  values (144,'DE_AS_617');
insert into  dyextn_database_properties  values (145,'DE_AT_84');
insert into  dyextn_database_properties  values (146,'DE_AT_83');
insert into  dyextn_database_properties  values (147,'IDENTIFIER');
insert into  dyextn_database_properties  values (148,'DE_AS_642');
insert into  dyextn_database_properties  values (149,'DE_AS_637');
insert into  dyextn_database_properties  values (150,'DE_AT_246');
insert into  dyextn_database_properties  values (151,'IDENTIFIER');
insert into  dyextn_database_properties  values (152,'DE_AS_632');
insert into  dyextn_database_properties  values (153,'DE_E_171');
insert into  dyextn_database_properties  values (154,'DE_E_229');
insert into  dyextn_database_properties  values (155,'IDENTIFIER');
insert into  dyextn_database_properties  values (156,'DE_AS_612');
insert into  dyextn_database_properties  values (157,'DE_E_212');
insert into  dyextn_database_properties  values (158,'IDENTIFIER');
insert into  dyextn_database_properties  values (159,'DE_AS_597');
insert into  dyextn_database_properties  values (160,'DE_E_204');
insert into  dyextn_database_properties  values (161,'IDENTIFIER');
insert into  dyextn_database_properties  values (162,'DE_AS_587');
insert into  dyextn_database_properties  values (163,'DE_E_188');
insert into  dyextn_database_properties  values (164,'IDENTIFIER');
insert into  dyextn_database_properties  values (165,'DE_AS_567');
insert into  dyextn_database_properties  values (166,'DE_E_114');
insert into  dyextn_database_properties  values (167,'IDENTIFIER');
insert into  dyextn_database_properties  values (168,'DE_AS_547');
insert into  dyextn_database_properties  values (169,'IDENTIFIER');
insert into  dyextn_database_properties  values (170,'DE_AT_175');
insert into  dyextn_database_properties  values (171,'DE_AT_176');
insert into  dyextn_database_properties  values (172,'DE_AT_177');
insert into  dyextn_database_properties  values (173,'DE_AT_178');
insert into  dyextn_database_properties  values (174,'DE_AT_179');
insert into  dyextn_database_properties  values (175,'DE_AT_180');
insert into  dyextn_database_properties  values (176,'DE_AT_181');
insert into  dyextn_database_properties  values (177,'DE_AS_522');
insert into  dyextn_database_properties  values (178,'DE_E_161');
insert into  dyextn_database_properties  values (179,'DE_AS_717');
insert into  dyextn_database_properties  values (180,'DE_AS_512');
insert into  dyextn_database_properties  values (181,'IDENTIFIER');
insert into  dyextn_database_properties  values (182,'DE_AS_527');
insert into  dyextn_database_properties  values (183,'DE_AS_532');
insert into  dyextn_database_properties  values (184,'DE_E_165');
insert into  dyextn_database_properties  values (185,'DE_AT_170');
insert into  dyextn_database_properties  values (186,'DE_AT_169');
insert into  dyextn_database_properties  values (187,'IDENTIFIER');
insert into  dyextn_database_properties  values (188,'DE_AS_537');
insert into  dyextn_database_properties  values (189,'DE_E_21');
insert into  dyextn_database_properties  values (190,'DE_E_307');
insert into  dyextn_database_properties  values (191,'IDENTIFIER');
insert into  dyextn_database_properties  values (192,'DE_AS_732');
insert into  dyextn_database_properties  values (193,'DE_E_247');
insert into  dyextn_database_properties  values (194,'IDENTIFIER');
insert into  dyextn_database_properties  values (195,'DE_AS_652');
insert into  dyextn_database_properties  values (196,'DE_E_208');
insert into  dyextn_database_properties  values (197,'IDENTIFIER');
insert into  dyextn_database_properties  values (198,'DE_AS_592');
insert into  dyextn_database_properties  values (199,'DE_AT_28');
insert into  dyextn_database_properties  values (200,'DE_AT_27');
insert into  dyextn_database_properties  values (201,'DE_AT_26');
insert into  dyextn_database_properties  values (202,'DE_AT_25');
insert into  dyextn_database_properties  values (203,'IDENTIFIER');
insert into  dyextn_database_properties  values (204,'DE_AS_542');
insert into  dyextn_database_properties  values (205,'DE_AS_517');
insert into  dyextn_database_properties  values (206,'DE_E_141');
insert into  dyextn_database_properties  values (207,'DE_E_284');
insert into  dyextn_database_properties  values (208,'IDENTIFIER');
insert into  dyextn_database_properties  values (209,'DE_AS_707');
insert into  dyextn_database_properties  values (210,'DE_AS_627');
insert into  dyextn_database_properties  values (211,'DE_E_126');
insert into  dyextn_database_properties  values (212,'IDENTIFIER');
insert into  dyextn_database_properties  values (213,'DE_AS_492');
insert into  dyextn_database_properties  values (214,'DE_E_106');
insert into  dyextn_database_properties  values (215,'DE_E_276');
insert into  dyextn_database_properties  values (216,'IDENTIFIER');
insert into  dyextn_database_properties  values (217,'DE_AS_692');
insert into  dyextn_database_properties  values (218,'DE_AS_622');
insert into  dyextn_database_properties  values (219,'DE_E_118');
insert into  dyextn_database_properties  values (220,'IDENTIFIER');
insert into  dyextn_database_properties  values (221,'DE_AS_467');
insert into  dyextn_database_properties  values (222,'DE_E_64');
insert into  dyextn_database_properties  values (223,'DE_AS_697');
insert into  dyextn_database_properties  values (224,'DE_E_122');
insert into  dyextn_database_properties  values (225,'DE_E_89');
insert into  dyextn_database_properties  values (226,'DE_E_288');
insert into  dyextn_database_properties  values (227,'DE_AT_294');
insert into  dyextn_database_properties  values (228,'DE_AT_293');
insert into  dyextn_database_properties  values (229,'DE_AT_292');
insert into  dyextn_database_properties  values (230,'IDENTIFIER');
insert into  dyextn_database_properties  values (231,'DE_AS_712');
insert into  dyextn_database_properties  values (232,'DE_E_55');
insert into  dyextn_database_properties  values (233,'IDENTIFIER');
insert into  dyextn_database_properties  values (234,'DE_AS_442');
insert into  dyextn_database_properties  values (235,'DE_AT_95');
insert into  dyextn_database_properties  values (236,'DE_AT_94');
insert into  dyextn_database_properties  values (237,'DE_AT_93');
insert into  dyextn_database_properties  values (238,'IDENTIFIER');
insert into  dyextn_database_properties  values (239,'DE_AS_482');
insert into  dyextn_database_properties  values (240,'DE_AS_477');
insert into  dyextn_database_properties  values (241,'IDENTIFIER');
insert into  dyextn_database_properties  values (242,'DE_AS_472');
insert into  dyextn_database_properties  values (243,'DE_E_43');
insert into  dyextn_database_properties  values (244,'IDENTIFIER');
insert into  dyextn_database_properties  values (245,'DE_AS_422');
insert into  dyextn_database_properties  values (246,'DE_E_59');
insert into  dyextn_database_properties  values (247,'DE_AT_63');
insert into  dyextn_database_properties  values (248,'IDENTIFIER');
insert into  dyextn_database_properties  values (249,'DE_AS_417');
insert into  dyextn_database_properties  values (250,'DE_AT_70');
insert into  dyextn_database_properties  values (251,'DE_AT_69');
insert into  dyextn_database_properties  values (252,'DE_AT_68');
insert into  dyextn_database_properties  values (253,'IDENTIFIER');
insert into  dyextn_database_properties  values (254,'DE_AS_462');
insert into  dyextn_database_properties  values (255,'DE_AS_457');
insert into  dyextn_database_properties  values (256,'DE_AS_452');
insert into  dyextn_database_properties  values (257,'DE_AS_447');
insert into  dyextn_database_properties  values (258,'DE_AT_113');
insert into  dyextn_database_properties  values (259,'DE_AT_112');
insert into  dyextn_database_properties  values (260,'DE_AT_111');
insert into  dyextn_database_properties  values (261,'DE_AT_110');
insert into  dyextn_database_properties  values (262,'IDENTIFIER');
insert into  dyextn_database_properties  values (263,'DE_AS_487');
insert into  dyextn_database_properties  values (264,'DE_AT_147');
insert into  dyextn_database_properties  values (265,'DE_AT_146');
insert into  dyextn_database_properties  values (266,'DE_AT_145');
insert into  dyextn_database_properties  values (267,'IDENTIFIER');
insert into  dyextn_database_properties  values (268,'DE_AS_497');
insert into  dyextn_database_properties  values (269,'DE_AT_152');
insert into  dyextn_database_properties  values (270,'IDENTIFIER');
insert into  dyextn_database_properties  values (271,'DE_AS_747');
insert into  dyextn_database_properties  values (272,'DE_AT_319');
insert into  dyextn_database_properties  values (273,'IDENTIFIER');
insert into  dyextn_database_properties  values (274,'DE_E_311');
insert into  dyextn_database_properties  values (275,'IDENTIFIER');
insert into  dyextn_database_properties  values (276,'DE_E_299');
insert into  dyextn_database_properties  values (277,'IDENTIFIER');
insert into  dyextn_database_properties  values (278,'DE_E_100');
insert into  dyextn_database_properties  values (279,'DE_AT_105');
insert into  dyextn_database_properties  values (280,'DE_AT_104');
insert into  dyextn_database_properties  values (281,'IDENTIFIER');
insert into  dyextn_database_properties  values (282,'DE_E_96');
insert into  dyextn_database_properties  values (283,'IDENTIFIER');
insert into  dyextn_database_properties  values (284,'DE_E_17');
insert into  dyextn_database_properties  values (285,'IDENTIFIER');
insert into  dyextn_database_properties  values (286,'DE_E_192');
insert into  dyextn_database_properties  values (287,'IDENTIFIER');
insert into  dyextn_database_properties  values (288,'DE_E_225');
insert into  dyextn_database_properties  values (289,'IDENTIFIER');

/*Data for the table  dyextn_date_concept_value  */

insert into  dyextn_date_concept_value  values (23,NULL);
insert into  dyextn_date_concept_value  values (25,NULL);
insert into  dyextn_date_concept_value  values (26,NULL);
insert into  dyextn_date_concept_value  values (28,NULL);
insert into  dyextn_date_concept_value  values (29,NULL);
insert into  dyextn_date_concept_value  values (30,NULL);
insert into  dyextn_date_concept_value  values (31,NULL);
insert into  dyextn_date_concept_value  values (37,NULL);
insert into  dyextn_date_concept_value  values (38,NULL);
insert into  dyextn_date_concept_value  values (39,NULL);
insert into  dyextn_date_concept_value  values (40,NULL);
insert into  dyextn_date_concept_value  values (54,NULL);
insert into  dyextn_date_concept_value  values (57,NULL);
insert into  dyextn_date_concept_value  values (58,NULL);

/*Data for the table  dyextn_date_type_info  */

insert into  dyextn_date_type_info  values (35,'MM-dd-yyyy');
insert into  dyextn_date_type_info  values (37,'MM-dd-yyyy');
insert into  dyextn_date_type_info  values (43,'MM-dd-yyyy');
insert into  dyextn_date_type_info  values (47,'MM-dd-yyyy');
insert into  dyextn_date_type_info  values (48,'MM-dd-yyyy');
insert into  dyextn_date_type_info  values (49,'MM-dd-yyyy');
insert into  dyextn_date_type_info  values (50,'MM-dd-yyyy');
insert into  dyextn_date_type_info  values (76,'MM-dd-yyyy');
insert into  dyextn_date_type_info  values (77,'MM-dd-yyyy');
insert into  dyextn_date_type_info  values (78,'MM-dd-yyyy');
insert into  dyextn_date_type_info  values (79,'MM-dd-yyyy');
insert into  dyextn_date_type_info  values (113,'MM-dd-yyyy');
insert into  dyextn_date_type_info  values (117,'MM-dd-yyyy');
insert into  dyextn_date_type_info  values (118,'MM-dd-yyyy');

/*Data for the table  dyextn_datepicker  */

insert into  dyextn_datepicker  values (29,NULL);
insert into  dyextn_datepicker  values (31,NULL);
insert into  dyextn_datepicker  values (53,NULL);
insert into  dyextn_datepicker  values (54,NULL);
insert into  dyextn_datepicker  values (55,NULL);
insert into  dyextn_datepicker  values (56,NULL);
insert into  dyextn_datepicker  values (104,NULL);
insert into  dyextn_datepicker  values (105,NULL);
insert into  dyextn_datepicker  values (106,NULL);
insert into  dyextn_datepicker  values (107,NULL);
insert into  dyextn_datepicker  values (126,NULL);
insert into  dyextn_datepicker  values (146,NULL);
insert into  dyextn_datepicker  values (147,NULL);
insert into  dyextn_datepicker  values (157,NULL);

/*Data for the table  dyextn_double_concept_value  */

/*Data for the table  dyextn_double_type_info  */

insert into  dyextn_double_type_info  values (31);
insert into  dyextn_double_type_info  values (42);
insert into  dyextn_double_type_info  values (51);
insert into  dyextn_double_type_info  values (57);
insert into  dyextn_double_type_info  values (100);
insert into  dyextn_double_type_info  values (101);
insert into  dyextn_double_type_info  values (105);
insert into  dyextn_double_type_info  values (106);
insert into  dyextn_double_type_info  values (119);

/*Data for the table  dyextn_entity  */

insert into  dyextn_entity  values (2,2,1,0,NULL,3,NULL,NULL);
insert into  dyextn_entity  values (7,2,1,0,NULL,3,NULL,NULL);
insert into  dyextn_entity  values (8,2,1,1,NULL,3,NULL,NULL);
insert into  dyextn_entity  values (13,2,1,0,NULL,3,NULL,NULL);
insert into  dyextn_entity  values (23,2,1,0,8,3,NULL,NULL);
insert into  dyextn_entity  values (26,2,1,0,NULL,3,NULL,NULL);
insert into  dyextn_entity  values (27,2,1,0,NULL,3,NULL,NULL);
insert into  dyextn_entity  values (28,2,1,0,NULL,3,NULL,NULL);
insert into  dyextn_entity  values (31,2,1,0,8,3,NULL,NULL);
insert into  dyextn_entity  values (34,2,1,0,8,3,NULL,NULL);
insert into  dyextn_entity  values (37,2,1,0,8,3,NULL,NULL);
insert into  dyextn_entity  values (40,2,1,0,8,3,NULL,NULL);
insert into  dyextn_entity  values (43,2,1,0,NULL,3,NULL,NULL);
insert into  dyextn_entity  values (44,2,1,0,8,3,NULL,NULL);
insert into  dyextn_entity  values (58,2,1,0,8,3,NULL,NULL);
insert into  dyextn_entity  values (63,2,1,0,NULL,3,NULL,NULL);
insert into  dyextn_entity  values (72,2,1,0,8,3,NULL,NULL);
insert into  dyextn_entity  values (76,2,1,0,NULL,3,NULL,NULL);
insert into  dyextn_entity  values (78,2,1,0,8,3,NULL,NULL);
insert into  dyextn_entity  values (81,2,1,0,8,3,NULL,NULL);
insert into  dyextn_entity  values (90,2,1,0,8,3,NULL,NULL);
insert into  dyextn_entity  values (112,2,1,0,8,3,NULL,NULL);
insert into  dyextn_entity  values (115,2,1,0,8,3,NULL,NULL);
insert into  dyextn_entity  values (118,2,1,0,NULL,3,NULL,NULL);
insert into  dyextn_entity  values (119,2,1,0,8,3,NULL,NULL);
insert into  dyextn_entity  values (122,2,1,0,8,3,NULL,NULL);
insert into  dyextn_entity  values (131,2,1,0,8,3,NULL,NULL);
insert into  dyextn_entity  values (134,2,1,0,8,3,NULL,NULL);
insert into  dyextn_entity  values (137,2,1,0,8,3,NULL,NULL);
insert into  dyextn_entity  values (141,2,1,0,NULL,3,NULL,NULL);
insert into  dyextn_entity  values (142,2,1,0,8,3,NULL,NULL);
insert into  dyextn_entity  values (154,2,1,0,NULL,3,NULL,NULL);
insert into  dyextn_entity  values (155,2,1,0,8,3,NULL,NULL);
insert into  dyextn_entity  values (158,2,1,0,8,3,NULL,NULL);
insert into  dyextn_entity  values (161,2,1,0,8,3,NULL,NULL);
insert into  dyextn_entity  values (164,2,1,0,8,3,NULL,NULL);
insert into  dyextn_entity  values (167,2,1,0,8,3,NULL,NULL);
insert into  dyextn_entity  values (179,2,1,0,NULL,3,NULL,NULL);
insert into  dyextn_entity  values (185,2,1,0,NULL,3,NULL,NULL);
insert into  dyextn_entity  values (190,2,1,0,NULL,3,NULL,NULL);
insert into  dyextn_entity  values (191,2,1,0,8,3,NULL,NULL);
insert into  dyextn_entity  values (194,2,1,0,8,3,NULL,NULL);
insert into  dyextn_entity  values (197,2,1,0,8,3,NULL,NULL);
insert into  dyextn_entity  values (207,2,1,0,NULL,3,NULL,NULL);
insert into  dyextn_entity  values (208,2,1,0,8,3,NULL,NULL);
insert into  dyextn_entity  values (212,2,1,0,8,3,NULL,NULL);
insert into  dyextn_entity  values (215,2,1,0,NULL,3,NULL,NULL);
insert into  dyextn_entity  values (216,2,1,0,8,3,NULL,NULL);
insert into  dyextn_entity  values (220,2,1,0,8,3,NULL,NULL);
insert into  dyextn_entity  values (223,2,1,0,NULL,3,NULL,NULL);
insert into  dyextn_entity  values (225,2,1,0,NULL,3,NULL,NULL);
insert into  dyextn_entity  values (226,2,1,0,NULL,3,NULL,NULL);
insert into  dyextn_entity  values (227,2,1,0,NULL,3,NULL,NULL);
insert into  dyextn_entity  values (233,2,1,0,8,3,NULL,NULL);
insert into  dyextn_entity  values (244,2,1,0,8,3,NULL,NULL);
insert into  dyextn_entity  values (247,2,1,0,8,3,NULL,NULL);
insert into  dyextn_entity  values (275,2,1,0,NULL,3,NULL,NULL);
insert into  dyextn_entity  values (277,2,1,0,NULL,3,NULL,NULL);
insert into  dyextn_entity  values (279,2,1,0,NULL,3,NULL,NULL);
insert into  dyextn_entity  values (283,2,1,0,78,3,NULL,NULL);
insert into  dyextn_entity  values (285,2,1,0,78,3,NULL,NULL);
insert into  dyextn_entity  values (287,2,1,0,NULL,3,NULL,NULL);
insert into  dyextn_entity  values (289,2,1,0,NULL,3,NULL,NULL);



insert into  dyextn_entity_group  values (1,'cider','cider',NULL,0);

insert into  dyextn_id_generator  values (1,772);

insert into  dyextn_long_type_info  values (4);
insert into  dyextn_long_type_info  values (7);
insert into  dyextn_long_type_info  values (15);
insert into  dyextn_long_type_info  values (16);
insert into  dyextn_long_type_info  values (17);
insert into  dyextn_long_type_info  values (18);
insert into  dyextn_long_type_info  values (19);
insert into  dyextn_long_type_info  values (20);
insert into  dyextn_long_type_info  values (21);
insert into  dyextn_long_type_info  values (22);
insert into  dyextn_long_type_info  values (32);
insert into  dyextn_long_type_info  values (38);
insert into  dyextn_long_type_info  values (39);
insert into  dyextn_long_type_info  values (40);
insert into  dyextn_long_type_info  values (41);
insert into  dyextn_long_type_info  values (44);
insert into  dyextn_long_type_info  values (45);
insert into  dyextn_long_type_info  values (52);
insert into  dyextn_long_type_info  values (53);
insert into  dyextn_long_type_info  values (54);
insert into  dyextn_long_type_info  values (55);
insert into  dyextn_long_type_info  values (56);
insert into  dyextn_long_type_info  values (59);
insert into  dyextn_long_type_info  values (60);
insert into  dyextn_long_type_info  values (61);
insert into  dyextn_long_type_info  values (62);
insert into  dyextn_long_type_info  values (64);
insert into  dyextn_long_type_info  values (67);
insert into  dyextn_long_type_info  values (69);
insert into  dyextn_long_type_info  values (70);
insert into  dyextn_long_type_info  values (71);
insert into  dyextn_long_type_info  values (72);
insert into  dyextn_long_type_info  values (73);
insert into  dyextn_long_type_info  values (74);
insert into  dyextn_long_type_info  values (75);
insert into  dyextn_long_type_info  values (83);
insert into  dyextn_long_type_info  values (86);
insert into  dyextn_long_type_info  values (87);
insert into  dyextn_long_type_info  values (88);
insert into  dyextn_long_type_info  values (89);
insert into  dyextn_long_type_info  values (94);
insert into  dyextn_long_type_info  values (95);
insert into  dyextn_long_type_info  values (96);
insert into  dyextn_long_type_info  values (97);
insert into  dyextn_long_type_info  values (98);
insert into  dyextn_long_type_info  values (102);
insert into  dyextn_long_type_info  values (103);
insert into  dyextn_long_type_info  values (107);
insert into  dyextn_long_type_info  values (108);
insert into  dyextn_long_type_info  values (109);
insert into  dyextn_long_type_info  values (111);
insert into  dyextn_long_type_info  values (115);
insert into  dyextn_long_type_info  values (120);
insert into  dyextn_long_type_info  values (124);
insert into  dyextn_long_type_info  values (126);
insert into  dyextn_long_type_info  values (128);
insert into  dyextn_long_type_info  values (129);
insert into  dyextn_long_type_info  values (130);
insert into  dyextn_long_type_info  values (133);
insert into  dyextn_long_type_info  values (134);
insert into  dyextn_long_type_info  values (135);
insert into  dyextn_long_type_info  values (136);
insert into  dyextn_long_type_info  values (137);

/*Data for the table  dyextn_numeric_type_info  */

insert into  dyextn_numeric_type_info  values (4,NULL,0,NULL);
insert into  dyextn_numeric_type_info  values (7,NULL,0,NULL);
insert into  dyextn_numeric_type_info  values (15,NULL,0,NULL);
insert into  dyextn_numeric_type_info  values (16,NULL,0,NULL);
insert into  dyextn_numeric_type_info  values (17,NULL,0,NULL);
insert into  dyextn_numeric_type_info  values (18,NULL,0,NULL);
insert into  dyextn_numeric_type_info  values (19,NULL,0,NULL);
insert into  dyextn_numeric_type_info  values (20,NULL,0,NULL);
insert into  dyextn_numeric_type_info  values (21,NULL,0,NULL);
insert into  dyextn_numeric_type_info  values (22,NULL,0,NULL);
insert into  dyextn_numeric_type_info  values (31,NULL,15,NULL);
insert into  dyextn_numeric_type_info  values (32,NULL,0,NULL);
insert into  dyextn_numeric_type_info  values (38,NULL,0,NULL);
insert into  dyextn_numeric_type_info  values (39,NULL,0,NULL);
insert into  dyextn_numeric_type_info  values (40,NULL,0,NULL);
insert into  dyextn_numeric_type_info  values (41,NULL,0,NULL);
insert into  dyextn_numeric_type_info  values (42,NULL,15,NULL);
insert into  dyextn_numeric_type_info  values (44,NULL,0,NULL);
insert into  dyextn_numeric_type_info  values (45,NULL,0,NULL);
insert into  dyextn_numeric_type_info  values (51,NULL,15,NULL);
insert into  dyextn_numeric_type_info  values (52,NULL,0,NULL);
insert into  dyextn_numeric_type_info  values (53,NULL,0,NULL);
insert into  dyextn_numeric_type_info  values (54,NULL,0,NULL);
insert into  dyextn_numeric_type_info  values (55,NULL,0,NULL);
insert into  dyextn_numeric_type_info  values (56,NULL,0,NULL);
insert into  dyextn_numeric_type_info  values (57,NULL,15,NULL);
insert into  dyextn_numeric_type_info  values (59,NULL,0,NULL);
insert into  dyextn_numeric_type_info  values (60,NULL,0,NULL);
insert into  dyextn_numeric_type_info  values (61,NULL,0,NULL);
insert into  dyextn_numeric_type_info  values (62,NULL,0,NULL);
insert into  dyextn_numeric_type_info  values (64,NULL,0,NULL);
insert into  dyextn_numeric_type_info  values (67,NULL,0,NULL);
insert into  dyextn_numeric_type_info  values (69,NULL,0,NULL);
insert into  dyextn_numeric_type_info  values (70,NULL,0,NULL);
insert into  dyextn_numeric_type_info  values (71,NULL,0,NULL);
insert into  dyextn_numeric_type_info  values (72,NULL,0,NULL);
insert into  dyextn_numeric_type_info  values (73,NULL,0,NULL);
insert into  dyextn_numeric_type_info  values (74,NULL,0,NULL);
insert into  dyextn_numeric_type_info  values (75,NULL,0,NULL);
insert into  dyextn_numeric_type_info  values (83,NULL,0,NULL);
insert into  dyextn_numeric_type_info  values (86,NULL,0,NULL);
insert into  dyextn_numeric_type_info  values (87,NULL,0,NULL);
insert into  dyextn_numeric_type_info  values (88,NULL,0,NULL);
insert into  dyextn_numeric_type_info  values (89,NULL,0,NULL);
insert into  dyextn_numeric_type_info  values (94,NULL,0,NULL);
insert into  dyextn_numeric_type_info  values (95,NULL,0,NULL);
insert into  dyextn_numeric_type_info  values (96,NULL,0,NULL);
insert into  dyextn_numeric_type_info  values (97,NULL,0,NULL);
insert into  dyextn_numeric_type_info  values (98,NULL,0,NULL);
insert into  dyextn_numeric_type_info  values (100,NULL,15,NULL);
insert into  dyextn_numeric_type_info  values (101,NULL,15,NULL);
insert into  dyextn_numeric_type_info  values (102,NULL,0,NULL);
insert into  dyextn_numeric_type_info  values (103,NULL,0,NULL);
insert into  dyextn_numeric_type_info  values (105,NULL,15,NULL);
insert into  dyextn_numeric_type_info  values (106,NULL,15,NULL);
insert into  dyextn_numeric_type_info  values (107,NULL,0,NULL);
insert into  dyextn_numeric_type_info  values (108,NULL,0,NULL);
insert into  dyextn_numeric_type_info  values (109,NULL,0,NULL);
insert into  dyextn_numeric_type_info  values (111,NULL,0,NULL);
insert into  dyextn_numeric_type_info  values (115,NULL,0,NULL);
insert into  dyextn_numeric_type_info  values (119,NULL,15,NULL);
insert into  dyextn_numeric_type_info  values (120,NULL,0,NULL);
insert into  dyextn_numeric_type_info  values (124,NULL,0,NULL);
insert into  dyextn_numeric_type_info  values (126,NULL,0,NULL);
insert into  dyextn_numeric_type_info  values (128,NULL,0,NULL);
insert into  dyextn_numeric_type_info  values (129,NULL,0,NULL);
insert into  dyextn_numeric_type_info  values (130,NULL,0,NULL);
insert into  dyextn_numeric_type_info  values (133,NULL,0,NULL);
insert into  dyextn_numeric_type_info  values (134,NULL,0,NULL);
insert into  dyextn_numeric_type_info  values (135,NULL,0,NULL);
insert into  dyextn_numeric_type_info  values (136,NULL,0,NULL);
insert into  dyextn_numeric_type_info  values (137,NULL,0,NULL);

/*Data for the table  dyextn_permissible_value  */

insert into  dyextn_permissible_value  values (1,NULL,NULL,1);
insert into  dyextn_permissible_value  values (2,NULL,NULL,2);
insert into  dyextn_permissible_value  values (3,NULL,NULL,3);
insert into  dyextn_permissible_value  values (4,NULL,NULL,5);
insert into  dyextn_permissible_value  values (5,NULL,NULL,6);
insert into  dyextn_permissible_value  values (6,NULL,NULL,8);
insert into  dyextn_permissible_value  values (7,NULL,NULL,9);
insert into  dyextn_permissible_value  values (8,NULL,NULL,10);
insert into  dyextn_permissible_value  values (9,NULL,NULL,11);
insert into  dyextn_permissible_value  values (10,NULL,NULL,12);
insert into  dyextn_permissible_value  values (11,NULL,NULL,13);
insert into  dyextn_permissible_value  values (12,NULL,NULL,14);
insert into  dyextn_permissible_value  values (13,NULL,NULL,23);
insert into  dyextn_permissible_value  values (14,NULL,NULL,24);
insert into  dyextn_permissible_value  values (15,NULL,NULL,25);
insert into  dyextn_permissible_value  values (16,NULL,NULL,26);
insert into  dyextn_permissible_value  values (17,NULL,NULL,27);
insert into  dyextn_permissible_value  values (18,NULL,NULL,28);
insert into  dyextn_permissible_value  values (19,NULL,NULL,29);
insert into  dyextn_permissible_value  values (20,NULL,NULL,30);
insert into  dyextn_permissible_value  values (21,NULL,NULL,33);
insert into  dyextn_permissible_value  values (22,NULL,NULL,34);
insert into  dyextn_permissible_value  values (23,NULL,NULL,35);
insert into  dyextn_permissible_value  values (24,NULL,NULL,36);
insert into  dyextn_permissible_value  values (25,NULL,NULL,37);
insert into  dyextn_permissible_value  values (26,NULL,NULL,43);
insert into  dyextn_permissible_value  values (27,NULL,NULL,46);
insert into  dyextn_permissible_value  values (28,NULL,NULL,47);
insert into  dyextn_permissible_value  values (29,NULL,NULL,48);
insert into  dyextn_permissible_value  values (30,NULL,NULL,49);
insert into  dyextn_permissible_value  values (31,NULL,NULL,50);
insert into  dyextn_permissible_value  values (32,NULL,NULL,58);
insert into  dyextn_permissible_value  values (33,NULL,NULL,63);
insert into  dyextn_permissible_value  values (34,NULL,NULL,65);
insert into  dyextn_permissible_value  values (35,NULL,NULL,66);
insert into  dyextn_permissible_value  values (36,NULL,NULL,68);
insert into  dyextn_permissible_value  values (37,NULL,NULL,76);
insert into  dyextn_permissible_value  values (38,NULL,NULL,77);
insert into  dyextn_permissible_value  values (39,NULL,NULL,78);
insert into  dyextn_permissible_value  values (40,NULL,NULL,79);
insert into  dyextn_permissible_value  values (41,NULL,NULL,80);
insert into  dyextn_permissible_value  values (42,NULL,NULL,81);
insert into  dyextn_permissible_value  values (43,NULL,NULL,82);
insert into  dyextn_permissible_value  values (44,NULL,NULL,84);
insert into  dyextn_permissible_value  values (45,NULL,NULL,85);
insert into  dyextn_permissible_value  values (46,NULL,NULL,90);
insert into  dyextn_permissible_value  values (47,NULL,NULL,91);
insert into  dyextn_permissible_value  values (48,NULL,NULL,92);
insert into  dyextn_permissible_value  values (49,NULL,NULL,93);
insert into  dyextn_permissible_value  values (50,NULL,NULL,99);
insert into  dyextn_permissible_value  values (51,NULL,NULL,104);
insert into  dyextn_permissible_value  values (52,NULL,NULL,110);
insert into  dyextn_permissible_value  values (53,NULL,NULL,112);
insert into  dyextn_permissible_value  values (54,NULL,NULL,113);
insert into  dyextn_permissible_value  values (55,NULL,NULL,114);
insert into  dyextn_permissible_value  values (56,NULL,NULL,116);
insert into  dyextn_permissible_value  values (57,NULL,NULL,117);
insert into  dyextn_permissible_value  values (58,NULL,NULL,118);
insert into  dyextn_permissible_value  values (59,NULL,NULL,121);
insert into  dyextn_permissible_value  values (60,NULL,NULL,122);
insert into  dyextn_permissible_value  values (61,NULL,NULL,123);
insert into  dyextn_permissible_value  values (62,NULL,NULL,125);
insert into  dyextn_permissible_value  values (63,NULL,NULL,127);
insert into  dyextn_permissible_value  values (64,NULL,NULL,131);
insert into  dyextn_permissible_value  values (65,NULL,NULL,132);

/*Data for the table  dyextn_primitive_attribute  */

insert into  dyextn_primitive_attribute  values (3,0,0,1);
insert into  dyextn_primitive_attribute  values (4,0,0,1);
insert into  dyextn_primitive_attribute  values (5,0,0,1);
insert into  dyextn_primitive_attribute  values (6,NULL,1,0);
insert into  dyextn_primitive_attribute  values (9,0,0,1);
insert into  dyextn_primitive_attribute  values (10,0,0,1);
insert into  dyextn_primitive_attribute  values (11,NULL,1,0);
insert into  dyextn_primitive_attribute  values (14,0,0,1);
insert into  dyextn_primitive_attribute  values (15,0,0,1);
insert into  dyextn_primitive_attribute  values (16,0,0,1);
insert into  dyextn_primitive_attribute  values (17,0,0,1);
insert into  dyextn_primitive_attribute  values (18,0,0,1);
insert into  dyextn_primitive_attribute  values (19,0,0,1);
insert into  dyextn_primitive_attribute  values (20,0,0,1);
insert into  dyextn_primitive_attribute  values (21,NULL,1,0);
insert into  dyextn_primitive_attribute  values (24,NULL,1,0);
insert into  dyextn_primitive_attribute  values (32,NULL,1,0);
insert into  dyextn_primitive_attribute  values (35,NULL,1,0);
insert into  dyextn_primitive_attribute  values (38,NULL,1,0);
insert into  dyextn_primitive_attribute  values (41,NULL,1,0);
insert into  dyextn_primitive_attribute  values (45,NULL,1,0);
insert into  dyextn_primitive_attribute  values (47,NULL,1,0);
insert into  dyextn_primitive_attribute  values (48,0,0,1);
insert into  dyextn_primitive_attribute  values (49,0,0,1);
insert into  dyextn_primitive_attribute  values (50,0,0,1);
insert into  dyextn_primitive_attribute  values (51,0,0,1);
insert into  dyextn_primitive_attribute  values (52,0,0,1);
insert into  dyextn_primitive_attribute  values (53,0,0,1);
insert into  dyextn_primitive_attribute  values (54,0,0,1);
insert into  dyextn_primitive_attribute  values (55,0,0,1);
insert into  dyextn_primitive_attribute  values (56,NULL,0,1);
insert into  dyextn_primitive_attribute  values (59,NULL,1,0);
insert into  dyextn_primitive_attribute  values (65,0,0,1);
insert into  dyextn_primitive_attribute  values (66,0,0,1);
insert into  dyextn_primitive_attribute  values (67,0,0,1);
insert into  dyextn_primitive_attribute  values (68,0,0,1);
insert into  dyextn_primitive_attribute  values (69,0,0,1);
insert into  dyextn_primitive_attribute  values (70,NULL,1,0);
insert into  dyextn_primitive_attribute  values (73,NULL,1,0);
insert into  dyextn_primitive_attribute  values (79,NULL,1,0);
insert into  dyextn_primitive_attribute  values (82,NULL,1,0);
insert into  dyextn_primitive_attribute  values (86,NULL,0,1);
insert into  dyextn_primitive_attribute  values (87,0,0,1);
insert into  dyextn_primitive_attribute  values (88,NULL,1,0);
insert into  dyextn_primitive_attribute  values (91,NULL,1,0);
insert into  dyextn_primitive_attribute  values (99,0,0,1);
insert into  dyextn_primitive_attribute  values (100,0,0,1);
insert into  dyextn_primitive_attribute  values (101,0,0,1);
insert into  dyextn_primitive_attribute  values (102,0,0,1);
insert into  dyextn_primitive_attribute  values (103,0,0,1);
insert into  dyextn_primitive_attribute  values (104,NULL,0,1);
insert into  dyextn_primitive_attribute  values (105,NULL,1,0);
insert into  dyextn_primitive_attribute  values (113,NULL,1,0);
insert into  dyextn_primitive_attribute  values (116,NULL,1,0);
insert into  dyextn_primitive_attribute  values (120,NULL,1,0);
insert into  dyextn_primitive_attribute  values (123,NULL,1,0);
insert into  dyextn_primitive_attribute  values (127,NULL,0,1);
insert into  dyextn_primitive_attribute  values (128,0,0,1);
insert into  dyextn_primitive_attribute  values (129,NULL,1,0);
insert into  dyextn_primitive_attribute  values (132,NULL,1,0);
insert into  dyextn_primitive_attribute  values (135,NULL,1,0);
insert into  dyextn_primitive_attribute  values (138,NULL,1,0);
insert into  dyextn_primitive_attribute  values (143,0,0,1);
insert into  dyextn_primitive_attribute  values (144,NULL,1,0);
insert into  dyextn_primitive_attribute  values (146,0,0,1);
insert into  dyextn_primitive_attribute  values (147,0,0,1);
insert into  dyextn_primitive_attribute  values (148,NULL,1,0);
insert into  dyextn_primitive_attribute  values (151,0,0,1);
insert into  dyextn_primitive_attribute  values (152,NULL,1,0);
insert into  dyextn_primitive_attribute  values (156,NULL,1,0);
insert into  dyextn_primitive_attribute  values (159,NULL,1,0);
insert into  dyextn_primitive_attribute  values (162,NULL,1,0);
insert into  dyextn_primitive_attribute  values (165,NULL,1,0);
insert into  dyextn_primitive_attribute  values (168,NULL,1,0);
insert into  dyextn_primitive_attribute  values (170,NULL,1,0);
insert into  dyextn_primitive_attribute  values (171,0,0,1);
insert into  dyextn_primitive_attribute  values (172,0,0,1);
insert into  dyextn_primitive_attribute  values (173,0,0,1);
insert into  dyextn_primitive_attribute  values (174,0,0,1);
insert into  dyextn_primitive_attribute  values (175,0,0,1);
insert into  dyextn_primitive_attribute  values (176,0,0,1);
insert into  dyextn_primitive_attribute  values (177,0,0,1);
insert into  dyextn_primitive_attribute  values (182,NULL,1,0);
insert into  dyextn_primitive_attribute  values (186,0,0,1);
insert into  dyextn_primitive_attribute  values (187,0,0,1);
insert into  dyextn_primitive_attribute  values (188,NULL,1,0);
insert into  dyextn_primitive_attribute  values (192,NULL,1,0);
insert into  dyextn_primitive_attribute  values (195,NULL,1,0);
insert into  dyextn_primitive_attribute  values (198,NULL,1,0);
insert into  dyextn_primitive_attribute  values (200,0,0,1);
insert into  dyextn_primitive_attribute  values (201,0,0,1);
insert into  dyextn_primitive_attribute  values (202,0,0,1);
insert into  dyextn_primitive_attribute  values (203,0,0,1);
insert into  dyextn_primitive_attribute  values (204,NULL,1,0);
insert into  dyextn_primitive_attribute  values (209,NULL,1,0);
insert into  dyextn_primitive_attribute  values (213,NULL,1,0);
insert into  dyextn_primitive_attribute  values (217,NULL,1,0);
insert into  dyextn_primitive_attribute  values (221,NULL,1,0);
insert into  dyextn_primitive_attribute  values (228,0,0,1);
insert into  dyextn_primitive_attribute  values (229,NULL,0,1);
insert into  dyextn_primitive_attribute  values (230,NULL,0,1);
insert into  dyextn_primitive_attribute  values (231,NULL,1,0);
insert into  dyextn_primitive_attribute  values (234,NULL,1,0);
insert into  dyextn_primitive_attribute  values (236,0,0,1);
insert into  dyextn_primitive_attribute  values (237,NULL,0,1);
insert into  dyextn_primitive_attribute  values (238,NULL,0,1);
insert into  dyextn_primitive_attribute  values (239,NULL,1,0);
insert into  dyextn_primitive_attribute  values (242,NULL,1,0);
insert into  dyextn_primitive_attribute  values (245,NULL,1,0);
insert into  dyextn_primitive_attribute  values (248,0,0,1);
insert into  dyextn_primitive_attribute  values (249,NULL,1,0);
insert into  dyextn_primitive_attribute  values (251,0,0,1);
insert into  dyextn_primitive_attribute  values (252,0,0,1);
insert into  dyextn_primitive_attribute  values (253,0,0,1);
insert into  dyextn_primitive_attribute  values (254,NULL,1,0);
insert into  dyextn_primitive_attribute  values (259,0,0,1);
insert into  dyextn_primitive_attribute  values (260,0,0,1);
insert into  dyextn_primitive_attribute  values (261,0,0,1);
insert into  dyextn_primitive_attribute  values (262,NULL,0,1);
insert into  dyextn_primitive_attribute  values (263,NULL,1,0);
insert into  dyextn_primitive_attribute  values (265,0,0,1);
insert into  dyextn_primitive_attribute  values (266,0,0,1);
insert into  dyextn_primitive_attribute  values (267,0,0,1);
insert into  dyextn_primitive_attribute  values (268,NULL,1,0);
insert into  dyextn_primitive_attribute  values (270,0,0,1);
insert into  dyextn_primitive_attribute  values (271,NULL,1,0);
insert into  dyextn_primitive_attribute  values (273,0,0,1);
insert into  dyextn_primitive_attribute  values (274,NULL,1,0);
insert into  dyextn_primitive_attribute  values (276,NULL,1,0);
insert into  dyextn_primitive_attribute  values (278,NULL,1,0);
insert into  dyextn_primitive_attribute  values (280,0,0,1);
insert into  dyextn_primitive_attribute  values (281,0,0,1);
insert into  dyextn_primitive_attribute  values (282,NULL,1,0);
insert into  dyextn_primitive_attribute  values (284,NULL,1,0);
insert into  dyextn_primitive_attribute  values (286,NULL,1,0);
insert into  dyextn_primitive_attribute  values (288,NULL,1,0);
insert into  dyextn_primitive_attribute  values (290,NULL,1,0);

/*Data for the table  dyextn_role  */

insert into  dyextn_role  values (1,'ASSOCIATION',100,0,NULL);
insert into  dyextn_role  values (2,'CONTAINTMENT',1,1,'providerType');
insert into  dyextn_role  values (3,'ASSOCIATION',100,0,'provider');
insert into  dyextn_role  values (4,'CONTAINTMENT',1,0,'personName');
insert into  dyextn_role  values (5,'ASSOCIATION',1,1,'provider');
insert into  dyextn_role  values (6,'CONTAINTMENT',1,1,'providerType');
insert into  dyextn_role  values (7,'ASSOCIATION',1,1,'encounterDetails');
insert into  dyextn_role  values (8,'CONTAINTMENT',1,0,'patientLocation');
insert into  dyextn_role  values (9,'ASSOCIATION',1,1,'encounterDetails');
insert into  dyextn_role  values (10,'CONTAINTMENT',100,0,'providerCollection');
insert into  dyextn_role  values (11,'ASSOCIATION',1,1,'encounterDetails');
insert into  dyextn_role  values (12,'CONTAINTMENT',1,0,'vipIndicator');
insert into  dyextn_role  values (13,'ASSOCIATION',1,1,'encounterDetails');
insert into  dyextn_role  values (14,'CONTAINTMENT',1,0,'diagnosticRelatedGroup');
insert into  dyextn_role  values (15,'ASSOCIATION',1,1,'encounterDetails');
insert into  dyextn_role  values (16,'CONTAINTMENT',1,0,'facilityDischargeDisposition');
insert into  dyextn_role  values (17,'ASSOCIATION',1,1,'encouterDetails');
insert into  dyextn_role  values (18,'CONTAINTMENT',1,0,'financialClass');
insert into  dyextn_role  values (19,'ASSOCIATION',1,1,'insurance');
insert into  dyextn_role  values (20,'CONTAINTMENT',1,0,'insuredRelationshipToPatient');
insert into  dyextn_role  values (21,'ASSOCIATION',1,1,'insurance');
insert into  dyextn_role  values (22,'CONTAINTMENT',1,0,'nameOfInsured');
insert into  dyextn_role  values (23,'ASSOCIATION',1,1,'insurance');
insert into  dyextn_role  values (24,'CONTAINTMENT',1,1,'planType');
insert into  dyextn_role  values (25,'ASSOCIATION',100,0,NULL);
insert into  dyextn_role  values (26,'CONTAINTMENT',1,1,'insuredRelationShipToPatient');
insert into  dyextn_role  values (27,'ASSOCIATION',1,1,'encounterDetails');
insert into  dyextn_role  values (28,'CONTAINTMENT',100,1,'insuranceCollection');
insert into  dyextn_role  values (29,'ASSOCIATION',1,1,'clinicalTrial');
insert into  dyextn_role  values (30,'CONTAINTMENT',1,0,'principalInvestigator');
insert into  dyextn_role  values (31,'ASSOCIATION',1,1,'encounterDetails');
insert into  dyextn_role  values (32,'CONTAINTMENT',100,0,'clinicalTrailCollection');
insert into  dyextn_role  values (33,'ASSOCIATION',1,1,'encounterDetails');
insert into  dyextn_role  values (34,'CONTAINTMENT',1,0,'dischargeService');
insert into  dyextn_role  values (35,'ASSOCIATION',1,1,'encouterDetails');
insert into  dyextn_role  values (36,'CONTAINTMENT',1,0,'admittingService');
insert into  dyextn_role  values (37,'ASSOCIATION',1,1,'procedure');
insert into  dyextn_role  values (38,'CONTAINTMENT',1,1,'provider');
insert into  dyextn_role  values (39,'ASSOCIATION',1,1,'procedure');
insert into  dyextn_role  values (40,'CONTAINTMENT',1,1,'code');
insert into  dyextn_role  values (41,'ASSOCIATION',1,1,'procedure');
insert into  dyextn_role  values (42,'CONTAINTMENT',1,1,'type');
insert into  dyextn_role  values (43,'ASSOCIATION',1,1,NULL);
insert into  dyextn_role  values (44,'CONTAINTMENT',1,1,'type');
insert into  dyextn_role  values (45,'ASSOCIATION',1,1,NULL);
insert into  dyextn_role  values (46,'CONTAINTMENT',1,1,'code');
insert into  dyextn_role  values (47,'ASSOCIATION',1,1,'encounterDetails');
insert into  dyextn_role  values (48,'CONTAINTMENT',100,0,'procedureCollection');
insert into  dyextn_role  values (49,'ASSOCIATION',1,1,'encouterDetails');
insert into  dyextn_role  values (50,'CONTAINTMENT',1,0,'hippaNotified');
insert into  dyextn_role  values (51,'ASSOCIATION',100,0,NULL);
insert into  dyextn_role  values (52,'CONTAINTMENT',1,1,'facilityDischargeDisposition');
insert into  dyextn_role  values (53,'ASSOCIATION',100,0,NULL);
insert into  dyextn_role  values (54,'CONTAINTMENT',100,0,'infectionControlCodes');
insert into  dyextn_role  values (55,'ASSOCIATION',100,0,NULL);
insert into  dyextn_role  values (56,'CONTAINTMENT',1,1,'optOutIndicator');
insert into  dyextn_role  values (57,'ASSOCIATION',100,0,NULL);
insert into  dyextn_role  values (58,'CONTAINTMENT',1,1,'hipaaNotified');
insert into  dyextn_role  values (59,'ASSOCIATION',100,0,NULL);
insert into  dyextn_role  values (60,'CONTAINTMENT',1,1,'vipIndicator');
insert into  dyextn_role  values (61,'ASSOCIATION',100,0,NULL);
insert into  dyextn_role  values (62,'CONTAINTMENT',1,1,'dischargeService');
insert into  dyextn_role  values (63,'ASSOCIATION',100,0,NULL);
insert into  dyextn_role  values (64,'CONTAINTMENT',1,1,'financialClass');
insert into  dyextn_role  values (65,'ASSOCIATION',100,0,NULL);
insert into  dyextn_role  values (66,'CONTAINTMENT',1,0,'diagnosticRelatedGroup');
insert into  dyextn_role  values (67,'ASSOCIATION',100,0,NULL);
insert into  dyextn_role  values (68,'CONTAINTMENT',1,1,'dischargeDisposition');
insert into  dyextn_role  values (69,'ASSOCIATION',100,0,NULL);
insert into  dyextn_role  values (70,'CONTAINTMENT',1,1,'patientType');
insert into  dyextn_role  values (71,'ASSOCIATION',100,0,NULL);
insert into  dyextn_role  values (72,'CONTAINTMENT',1,1,'admittingService');
insert into  dyextn_role  values (73,'ASSOCIATION',1,1,NULL);
insert into  dyextn_role  values (74,'CONTAINTMENT',1,1,'patientClass');
insert into  dyextn_role  values (75,'ASSOCIATION',1,1,'encounterDetails');
insert into  dyextn_role  values (76,'CONTAINTMENT',1,0,'patientClass');
insert into  dyextn_role  values (77,'ASSOCIATION',1,1,'encouterDetails');
insert into  dyextn_role  values (78,'CONTAINTMENT',1,0,'patientType');
insert into  dyextn_role  values (79,'ASSOCIATION',1,1,'diagnosis');
insert into  dyextn_role  values (80,'CONTAINTMENT',1,0,'type');
insert into  dyextn_role  values (81,'ASSOCIATION',1,1,'diagnosis');
insert into  dyextn_role  values (82,'CONTAINTMENT',1,0,'code');
insert into  dyextn_role  values (83,'ASSOCIATION',100,0,NULL);
insert into  dyextn_role  values (84,'CONTAINTMENT',1,1,'type');
insert into  dyextn_role  values (85,'ASSOCIATION',100,0,NULL);
insert into  dyextn_role  values (86,'CONTAINTMENT',1,1,'code');
insert into  dyextn_role  values (87,'ASSOCIATION',1,1,'encounterDetails');
insert into  dyextn_role  values (88,'CONTAINTMENT',100,0,'diagnosesCollection');
insert into  dyextn_role  values (89,'ASSOCIATION',1,1,'encouterDetails');
insert into  dyextn_role  values (90,'CONTAINTMENT',1,0,'optOutIndicator');
insert into  dyextn_role  values (91,'ASSOCIATION',1,1,'encounterDetails');
insert into  dyextn_role  values (92,'CONTAINTMENT',1,0,'dischargeDisposition');
insert into  dyextn_role  values (93,'ASSOCIATION',1,1,'encounterDetails');
insert into  dyextn_role  values (94,'CONTAINTMENT',100,0,'infectionControlCodeCollection');
insert into  dyextn_role  values (95,'ASSOCIATION',1,1,'encouter');
insert into  dyextn_role  values (96,'CONTAINTMENT',100,1,'encounterDetailsCollection');
insert into  dyextn_role  values (97,'ASSOCIATION',1,1,'medicalRecordNumber');
insert into  dyextn_role  values (98,'CONTAINTMENT',1,1,'facility');
insert into  dyextn_role  values (99,'ASSOCIATION',1,1,'encouter');
insert into  dyextn_role  values (100,'CONTAINTMENT',1,1,'medicalRecordNumber');
insert into  dyextn_role  values (101,'ASSOCIATION',1,1,'encouter');
insert into  dyextn_role  values (102,'CONTAINTMENT',1,1,'facility');
insert into  dyextn_role  values (103,'ASSOCIATION',1,1,'personUpi');
insert into  dyextn_role  values (104,'ASSOCIATION',100,0,'encounter');
insert into  dyextn_role  values (105,'CONTAINTMENT',100,0,'demographicsCollection');
insert into  dyextn_role  values (106,'CONTAINTMENT',1,0,'gender');
insert into  dyextn_role  values (107,'ASSOCIATION',100,0,'demographicsCollection');
insert into  dyextn_role  values (108,'CONTAINTMENT',1,0,'advancedDirectiveExists');
insert into  dyextn_role  values (109,'CONTAINTMENT',100,0,'demographicsCollection');
insert into  dyextn_role  values (110,'CONTAINTMENT',1,0,'religion');
insert into  dyextn_role  values (111,'CONTAINTMENT',100,0,'demographicsCollection');
insert into  dyextn_role  values (112,'CONTAINTMENT',100,0,'raceCollection');
insert into  dyextn_role  values (113,'CONTAINTMENT',100,0,'demographicsCollection');
insert into  dyextn_role  values (114,'CONTAINTMENT',1,0,'maritalStatus');
insert into  dyextn_role  values (115,'CONTAINTMENT',1,1,'demographics');
insert into  dyextn_role  values (116,'CONTAINTMENT',1,1,'personName');
insert into  dyextn_role  values (117,'ASSOCIATION',100,0,'associatedPerson');
insert into  dyextn_role  values (118,'CONTAINTMENT',1,1,'relationToPerson');
insert into  dyextn_role  values (119,'ASSOCIATION',1,1,'associatedPerson');
insert into  dyextn_role  values (120,'ASSOCIATION',1,1,'associatedPersonUpi');
insert into  dyextn_role  values (121,'ASSOCIATION',1,1,'demographics');
insert into  dyextn_role  values (122,'CONTAINTMENT',100,0,'associatedPersonCollection');
insert into  dyextn_role  values (123,'ASSOCIATION',1,1,'demographics');
insert into  dyextn_role  values (124,'CONTAINTMENT',1,0,'nextOfKin');
insert into  dyextn_role  values (125,'ASSOCIATION',1,1,'demographics');
insert into  dyextn_role  values (126,'CONTAINTMENT',100,0,'phoneCollection');
insert into  dyextn_role  values (127,'CONTAINTMENT',1,1,'address');
insert into  dyextn_role  values (128,'CONTAINTMENT',1,0,'state');
insert into  dyextn_role  values (129,'CONTAINTMENT',1,1,'address');
insert into  dyextn_role  values (130,'CONTAINTMENT',1,0,'type');
insert into  dyextn_role  values (131,'CONTAINTMENT',1,1,'address');
insert into  dyextn_role  values (132,'CONTAINTMENT',1,0,'country');
insert into  dyextn_role  values (133,'CONTAINTMENT',1,1,'demographics');
insert into  dyextn_role  values (134,'CONTAINTMENT',100,0,'addressCollection');
insert into  dyextn_role  values (135,'CONTAINTMENT',1,1,'personUpi');
insert into  dyextn_role  values (136,'CONTAINTMENT',100,1,'demographicsCollection');
insert into  dyextn_role  values (137,'ASSOCIATION',1,1,'laboratoryProcedure');
insert into  dyextn_role  values (138,'CONTAINTMENT',1,1,'procedure');
insert into  dyextn_role  values (139,'ASSOCIATION',1,1,'laboratoryProcedure');
insert into  dyextn_role  values (140,'CONTAINTMENT',1,1,'facility');
insert into  dyextn_role  values (141,'ASSOCIATION',1,1,'laboratoryProcedure');
insert into  dyextn_role  values (142,'CONTAINTMENT',1,1,'application');
insert into  dyextn_role  values (143,'ASSOCIATION',1,1,'laboratoryProcedureDetails');
insert into  dyextn_role  values (144,'CONTAINTMENT',1,1,'procedureStatus');
insert into  dyextn_role  values (145,'ASSOCIATION',1,1,'laboratoryProcedureDetails');
insert into  dyextn_role  values (146,'CONTAINTMENT',1,1,'performingFacility');
insert into  dyextn_role  values (147,'ASSOCIATION',1,1,'laboratoryProcedureDetails');
insert into  dyextn_role  values (148,'CONTAINTMENT',1,1,'specimanType');
insert into  dyextn_role  values (149,'ASSOCIATION',1,1,'laboratoryResults');
insert into  dyextn_role  values (150,'CONTAINTMENT',1,1,'resultStatus');
insert into  dyextn_role  values (151,'ASSOCIATION',1,1,'result');
insert into  dyextn_role  values (152,'CONTAINTMENT',1,0,'normalRange');
insert into  dyextn_role  values (153,'CONTAINTMENT',1,1,'result');
insert into  dyextn_role  values (154,'CONTAINTMENT',1,1,'units');
insert into  dyextn_role  values (155,'ASSOCIATION',1,1,'resultValue');
insert into  dyextn_role  values (156,'CONTAINTMENT',1,1,'normalizedResult');
insert into  dyextn_role  values (157,'ASSOCIATION',1,1,'resultValue');
insert into  dyextn_role  values (158,'CONTAINTMENT',1,1,'sourceResult');
insert into  dyextn_role  values (159,'ASSOCIATION',1,1,'laboratoryResults');
insert into  dyextn_role  values (160,'CONTAINTMENT',1,0,'resultValue');
insert into  dyextn_role  values (161,'ASSOCIATION',1,1,'laboratoryResults');
insert into  dyextn_role  values (162,'CONTAINTMENT',100,0,'abnormalFlagCollection');
insert into  dyextn_role  values (163,'ASSOCIATION',1,1,'laboratoryResults');
insert into  dyextn_role  values (164,'CONTAINTMENT',1,1,'test');
insert into  dyextn_role  values (165,'ASSOCIATION',1,1,'LaboratoryProcedureDetails');
insert into  dyextn_role  values (166,'CONTAINTMENT',100,0,'laboratoryResultCollection');
insert into  dyextn_role  values (167,'ASSOCIATION',100,0,NULL);
insert into  dyextn_role  values (168,'ASSOCIATION',100,0,'procedureStatus');
insert into  dyextn_role  values (169,'ASSOCIATION',100,0,NULL);
insert into  dyextn_role  values (170,'ASSOCIATION',100,0,'procedureId');
insert into  dyextn_role  values (171,'ASSOCIATION',1,1,'laboratoryProcedureDetails');
insert into  dyextn_role  values (172,'CONTAINTMENT',1,0,'medicalRecordNumber');
insert into  dyextn_role  values (173,'ASSOCIATION',1,1,'laboratoryProcedure');
insert into  dyextn_role  values (174,'CONTAINTMENT',100,0,'laboratoryProcedureDetailsCollection');
insert into  dyextn_role  values (175,'ASSOCIATION',1,1,'personUpi');
insert into  dyextn_role  values (176,'ASSOCIATION',100,0,'labProcedureCollection');
insert into  dyextn_role  values (177,'ASSOCIATION',100,0,'providerCollection');
insert into  dyextn_role  values (178,'ASSOCIATION',1,0,'personUpi');

/*Data for the table  dyextn_rule  */

insert into  dyextn_rule  values (1,'textLength',1,NULL,3);
insert into  dyextn_rule  values (2,'textLength',1,NULL,4);
insert into  dyextn_rule  values (3,'textLength',1,NULL,5);
insert into  dyextn_rule  values (4,'textLength',1,NULL,9);
insert into  dyextn_rule  values (5,'textLength',1,NULL,10);
insert into  dyextn_rule  values (6,'textLength',1,NULL,14);
insert into  dyextn_rule  values (7,'textLength',1,NULL,15);
insert into  dyextn_rule  values (8,'textLength',1,NULL,16);
insert into  dyextn_rule  values (9,'textLength',1,NULL,17);
insert into  dyextn_rule  values (10,'textLength',1,NULL,18);
insert into  dyextn_rule  values (11,'textLength',1,NULL,19);
insert into  dyextn_rule  values (12,'textLength',1,NULL,20);
insert into  dyextn_rule  values (13,'textLength',1,NULL,48);
insert into  dyextn_rule  values (14,'textLength',1,NULL,49);
insert into  dyextn_rule  values (15,'textLength',1,NULL,50);
insert into  dyextn_rule  values (16,'textLength',1,NULL,51);
insert into  dyextn_rule  values (17,'textLength',1,NULL,52);
insert into  dyextn_rule  values (18,'textLength',1,NULL,53);
insert into  dyextn_rule  values (19,'textLength',1,NULL,54);
insert into  dyextn_rule  values (20,'textLength',1,NULL,55);
insert into  dyextn_rule  values (21,'number',1,NULL,56);
insert into  dyextn_rule  values (22,'textLength',1,NULL,65);
insert into  dyextn_rule  values (23,'textLength',1,NULL,66);
insert into  dyextn_rule  values (24,'date',1,NULL,67);
insert into  dyextn_rule  values (25,'textLength',1,NULL,68);
insert into  dyextn_rule  values (26,'date',1,NULL,69);
insert into  dyextn_rule  values (27,'number',1,NULL,86);
insert into  dyextn_rule  values (28,'date',1,NULL,87);
insert into  dyextn_rule  values (29,'textLength',1,NULL,99);
insert into  dyextn_rule  values (30,'date',1,NULL,100);
insert into  dyextn_rule  values (31,'date',1,NULL,101);
insert into  dyextn_rule  values (32,'date',1,NULL,102);
insert into  dyextn_rule  values (33,'date',1,NULL,103);
insert into  dyextn_rule  values (34,'number',1,NULL,104);
insert into  dyextn_rule  values (35,'number',1,NULL,127);
insert into  dyextn_rule  values (36,'textLength',1,NULL,128);
insert into  dyextn_rule  values (37,'textLength',1,NULL,143);
insert into  dyextn_rule  values (38,'textLength',1,NULL,146);
insert into  dyextn_rule  values (39,'textLength',1,NULL,147);
insert into  dyextn_rule  values (40,'textLength',1,NULL,151);
insert into  dyextn_rule  values (41,'date',1,NULL,171);
insert into  dyextn_rule  values (42,'date',1,NULL,172);
insert into  dyextn_rule  values (43,'date',1,NULL,173);
insert into  dyextn_rule  values (44,'date',1,NULL,174);
insert into  dyextn_rule  values (45,'textLength',1,NULL,175);
insert into  dyextn_rule  values (46,'textLength',1,NULL,176);
insert into  dyextn_rule  values (47,'textLength',1,NULL,177);
insert into  dyextn_rule  values (48,'textLength',1,NULL,186);
insert into  dyextn_rule  values (49,'textLength',1,NULL,187);
insert into  dyextn_rule  values (50,'textLength',1,NULL,200);
insert into  dyextn_rule  values (51,'textLength',1,NULL,201);
insert into  dyextn_rule  values (52,'textLength',1,NULL,202);
insert into  dyextn_rule  values (53,'textLength',1,NULL,203);
insert into  dyextn_rule  values (54,'textLength',1,NULL,228);
insert into  dyextn_rule  values (55,'number',1,NULL,229);
insert into  dyextn_rule  values (56,'number',1,NULL,230);
insert into  dyextn_rule  values (57,'textLength',1,NULL,236);
insert into  dyextn_rule  values (58,'number',1,NULL,237);
insert into  dyextn_rule  values (59,'number',1,NULL,238);
insert into  dyextn_rule  values (60,'textLength',1,NULL,248);
insert into  dyextn_rule  values (61,'textLength',1,NULL,251);
insert into  dyextn_rule  values (62,'date',1,NULL,252);
insert into  dyextn_rule  values (63,'textLength',1,NULL,253);
insert into  dyextn_rule  values (64,'textLength',1,NULL,259);
insert into  dyextn_rule  values (65,'date',1,NULL,260);
insert into  dyextn_rule  values (66,'date',1,NULL,261);
insert into  dyextn_rule  values (67,'number',1,NULL,262);
insert into  dyextn_rule  values (68,'textLength',1,NULL,265);
insert into  dyextn_rule  values (69,'textLength',1,NULL,266);
insert into  dyextn_rule  values (70,'textLength',1,NULL,267);
insert into  dyextn_rule  values (71,'textLength',1,NULL,270);
insert into  dyextn_rule  values (72,'textLength',1,NULL,273);
insert into  dyextn_rule  values (73,'textLength',1,NULL,280);
insert into  dyextn_rule  values (74,'textLength',1,NULL,281);

/*Data for the table  dyextn_select_control  */

insert into  dyextn_select_control  values (5,NULL);
insert into  dyextn_select_control  values (6,NULL);
insert into  dyextn_select_control  values (11,NULL);
insert into  dyextn_select_control  values (17,NULL);
insert into  dyextn_select_control  values (20,NULL);
insert into  dyextn_select_control  values (21,NULL);
insert into  dyextn_select_control  values (22,NULL);
insert into  dyextn_select_control  values (25,NULL);
insert into  dyextn_select_control  values (26,NULL);
insert into  dyextn_select_control  values (27,NULL);
insert into  dyextn_select_control  values (28,NULL);
insert into  dyextn_select_control  values (34,NULL);
insert into  dyextn_select_control  values (35,NULL);
insert into  dyextn_select_control  values (36,NULL);
insert into  dyextn_select_control  values (45,NULL);
insert into  dyextn_select_control  values (46,NULL);
insert into  dyextn_select_control  values (47,NULL);
insert into  dyextn_select_control  values (49,NULL);
insert into  dyextn_select_control  values (69,NULL);
insert into  dyextn_select_control  values (71,NULL);
insert into  dyextn_select_control  values (74,NULL);
insert into  dyextn_select_control  values (75,NULL);
insert into  dyextn_select_control  values (76,NULL);
insert into  dyextn_select_control  values (77,NULL);
insert into  dyextn_select_control  values (78,NULL);
insert into  dyextn_select_control  values (79,NULL);
insert into  dyextn_select_control  values (80,NULL);
insert into  dyextn_select_control  values (81,NULL);
insert into  dyextn_select_control  values (82,NULL);
insert into  dyextn_select_control  values (83,NULL);
insert into  dyextn_select_control  values (84,NULL);
insert into  dyextn_select_control  values (85,NULL);
insert into  dyextn_select_control  values (86,NULL);
insert into  dyextn_select_control  values (87,NULL);
insert into  dyextn_select_control  values (88,NULL);
insert into  dyextn_select_control  values (89,NULL);
insert into  dyextn_select_control  values (90,NULL);
insert into  dyextn_select_control  values (91,NULL);
insert into  dyextn_select_control  values (92,NULL);
insert into  dyextn_select_control  values (93,NULL);
insert into  dyextn_select_control  values (94,NULL);
insert into  dyextn_select_control  values (95,NULL);
insert into  dyextn_select_control  values (96,NULL);
insert into  dyextn_select_control  values (97,NULL);
insert into  dyextn_select_control  values (98,NULL);
insert into  dyextn_select_control  values (99,NULL);
insert into  dyextn_select_control  values (100,NULL);
insert into  dyextn_select_control  values (101,NULL);
insert into  dyextn_select_control  values (102,NULL);
insert into  dyextn_select_control  values (109,NULL);
insert into  dyextn_select_control  values (110,NULL);
insert into  dyextn_select_control  values (120,NULL);
insert into  dyextn_select_control  values (121,NULL);
insert into  dyextn_select_control  values (122,NULL);
insert into  dyextn_select_control  values (128,NULL);
insert into  dyextn_select_control  values (129,NULL);
insert into  dyextn_select_control  values (130,NULL);
insert into  dyextn_select_control  values (131,NULL);
insert into  dyextn_select_control  values (132,NULL);
insert into  dyextn_select_control  values (134,NULL);
insert into  dyextn_select_control  values (135,NULL);
insert into  dyextn_select_control  values (136,NULL);
insert into  dyextn_select_control  values (137,NULL);
insert into  dyextn_select_control  values (141,NULL);
insert into  dyextn_select_control  values (142,NULL);
insert into  dyextn_select_control  values (143,NULL);
insert into  dyextn_select_control  values (144,NULL);
insert into  dyextn_select_control  values (149,NULL);
insert into  dyextn_select_control  values (150,NULL);
insert into  dyextn_select_control  values (151,NULL);
insert into  dyextn_select_control  values (152,NULL);
insert into  dyextn_select_control  values (153,NULL);
insert into  dyextn_select_control  values (154,NULL);
insert into  dyextn_select_control  values (155,NULL);
insert into  dyextn_select_control  values (159,NULL);
insert into  dyextn_select_control  values (160,NULL);
insert into  dyextn_select_control  values (161,NULL);
insert into  dyextn_select_control  values (162,NULL);


/*Data for the table  dyextn_string_concept_value  */

insert into  dyextn_string_concept_value  values (1,'');
insert into  dyextn_string_concept_value  values (2,'');
insert into  dyextn_string_concept_value  values (3,'');
insert into  dyextn_string_concept_value  values (4,'');
insert into  dyextn_string_concept_value  values (5,'');
insert into  dyextn_string_concept_value  values (6,'');
insert into  dyextn_string_concept_value  values (7,'');
insert into  dyextn_string_concept_value  values (8,'');
insert into  dyextn_string_concept_value  values (9,'');
insert into  dyextn_string_concept_value  values (10,'');
insert into  dyextn_string_concept_value  values (11,'');
insert into  dyextn_string_concept_value  values (12,'');
insert into  dyextn_string_concept_value  values (13,'');
insert into  dyextn_string_concept_value  values (14,'');
insert into  dyextn_string_concept_value  values (15,'');
insert into  dyextn_string_concept_value  values (16,'');
insert into  dyextn_string_concept_value  values (17,'');
insert into  dyextn_string_concept_value  values (18,'');
insert into  dyextn_string_concept_value  values (19,'');
insert into  dyextn_string_concept_value  values (20,'');
insert into  dyextn_string_concept_value  values (21,'');
insert into  dyextn_string_concept_value  values (22,'');
insert into  dyextn_string_concept_value  values (24,'');
insert into  dyextn_string_concept_value  values (27,'');
insert into  dyextn_string_concept_value  values (32,'');
insert into  dyextn_string_concept_value  values (33,'');
insert into  dyextn_string_concept_value  values (34,'');
insert into  dyextn_string_concept_value  values (35,'');
insert into  dyextn_string_concept_value  values (36,'');
insert into  dyextn_string_concept_value  values (41,'');
insert into  dyextn_string_concept_value  values (42,'');
insert into  dyextn_string_concept_value  values (43,'');
insert into  dyextn_string_concept_value  values (44,'');
insert into  dyextn_string_concept_value  values (45,'');
insert into  dyextn_string_concept_value  values (46,'');
insert into  dyextn_string_concept_value  values (47,'');
insert into  dyextn_string_concept_value  values (48,'');
insert into  dyextn_string_concept_value  values (49,'');
insert into  dyextn_string_concept_value  values (50,'');
insert into  dyextn_string_concept_value  values (51,'');
insert into  dyextn_string_concept_value  values (52,'');
insert into  dyextn_string_concept_value  values (53,'');
insert into  dyextn_string_concept_value  values (55,'');
insert into  dyextn_string_concept_value  values (56,'');
insert into  dyextn_string_concept_value  values (59,'');
insert into  dyextn_string_concept_value  values (60,'');
insert into  dyextn_string_concept_value  values (61,'');
insert into  dyextn_string_concept_value  values (62,'');
insert into  dyextn_string_concept_value  values (63,'');
insert into  dyextn_string_concept_value  values (64,'');
insert into  dyextn_string_concept_value  values (65,'');

/*Data for the table  dyextn_string_type_info  */

insert into  dyextn_string_type_info  values (1,255);
insert into  dyextn_string_type_info  values (2,255);
insert into  dyextn_string_type_info  values (3,255);
insert into  dyextn_string_type_info  values (5,255);
insert into  dyextn_string_type_info  values (6,255);
insert into  dyextn_string_type_info  values (8,255);
insert into  dyextn_string_type_info  values (9,255);
insert into  dyextn_string_type_info  values (10,255);
insert into  dyextn_string_type_info  values (11,255);
insert into  dyextn_string_type_info  values (12,255);
insert into  dyextn_string_type_info  values (13,255);
insert into  dyextn_string_type_info  values (14,255);
insert into  dyextn_string_type_info  values (23,255);
insert into  dyextn_string_type_info  values (24,255);
insert into  dyextn_string_type_info  values (25,255);
insert into  dyextn_string_type_info  values (26,255);
insert into  dyextn_string_type_info  values (27,255);
insert into  dyextn_string_type_info  values (28,255);
insert into  dyextn_string_type_info  values (29,255);
insert into  dyextn_string_type_info  values (30,255);
insert into  dyextn_string_type_info  values (33,255);
insert into  dyextn_string_type_info  values (34,255);
insert into  dyextn_string_type_info  values (36,255);
insert into  dyextn_string_type_info  values (46,255);
insert into  dyextn_string_type_info  values (58,255);
insert into  dyextn_string_type_info  values (63,255);
insert into  dyextn_string_type_info  values (65,255);
insert into  dyextn_string_type_info  values (66,255);
insert into  dyextn_string_type_info  values (68,255);
insert into  dyextn_string_type_info  values (80,255);
insert into  dyextn_string_type_info  values (81,255);
insert into  dyextn_string_type_info  values (82,255);
insert into  dyextn_string_type_info  values (84,255);
insert into  dyextn_string_type_info  values (85,255);
insert into  dyextn_string_type_info  values (90,255);
insert into  dyextn_string_type_info  values (91,255);
insert into  dyextn_string_type_info  values (92,255);
insert into  dyextn_string_type_info  values (93,255);
insert into  dyextn_string_type_info  values (99,255);
insert into  dyextn_string_type_info  values (104,255);
insert into  dyextn_string_type_info  values (110,255);
insert into  dyextn_string_type_info  values (112,255);
insert into  dyextn_string_type_info  values (114,255);
insert into  dyextn_string_type_info  values (116,255);
insert into  dyextn_string_type_info  values (121,255);
insert into  dyextn_string_type_info  values (122,255);
insert into  dyextn_string_type_info  values (123,255);
insert into  dyextn_string_type_info  values (125,255);
insert into  dyextn_string_type_info  values (127,255);
insert into  dyextn_string_type_info  values (131,255);
insert into  dyextn_string_type_info  values (132,255);

/*Data for the table  dyextn_table_properties  */

insert into  dyextn_table_properties  values (1,'CONSRT_321',2);
insert into  dyextn_table_properties  values (6,'CONSRT_316',7);
insert into  dyextn_table_properties  values (7,'CONSRT_12',8);
insert into  dyextn_table_properties  values (12,'CONSRT_131',13);
insert into  dyextn_table_properties  values (22,'CONSRT_48',23);
insert into  dyextn_table_properties  values (25,'CONSRT_149',26);
insert into  dyextn_table_properties  values (26,'CONSRT_243',27);
insert into  dyextn_table_properties  values (27,'CONSRT_2',28);
insert into  dyextn_table_properties  values (30,'CONSRT_304',31);
insert into  dyextn_table_properties  values (33,'CONSRT_281',34);
insert into  dyextn_table_properties  values (36,'CONSRT_273',37);
insert into  dyextn_table_properties  values (39,'CONSRT_265',40);
insert into  dyextn_table_properties  values (42,'CONSRT_252',43);
insert into  dyextn_table_properties  values (43,'CONSRT_296',44);
insert into  dyextn_table_properties  values (57,'CONSRT_234',58);
insert into  dyextn_table_properties  values (62,'CONSRT_217',63);
insert into  dyextn_table_properties  values (71,'CONSRT_201',72);
insert into  dyextn_table_properties  values (75,'CONSRT_183',76);
insert into  dyextn_table_properties  values (77,'CONSRT_269',78);
insert into  dyextn_table_properties  values (80,'CONSRT_197',81);
insert into  dyextn_table_properties  values (89,'CONSRT_158',90);
insert into  dyextn_table_properties  values (111,'CONSRT_30',112);
insert into  dyextn_table_properties  values (114,'CONSRT_34',115);
insert into  dyextn_table_properties  values (117,'CONSRT_38',118);
insert into  dyextn_table_properties  values (118,'CONSRT_86',119);
insert into  dyextn_table_properties  values (121,'CONSRT_72',122);
insert into  dyextn_table_properties  values (130,'CONSRT_52',131);
insert into  dyextn_table_properties  values (133,'CONSRT_76',134);
insert into  dyextn_table_properties  values (136,'CONSRT_154',137);
insert into  dyextn_table_properties  values (140,'CONSRT_80',141);
insert into  dyextn_table_properties  values (141,'CONSRT_238',142);
insert into  dyextn_table_properties  values (153,'CONSRT_172',154);
insert into  dyextn_table_properties  values (154,'CONSRT_230',155);
insert into  dyextn_table_properties  values (157,'CONSRT_213',158);
insert into  dyextn_table_properties  values (160,'CONSRT_205',161);
insert into  dyextn_table_properties  values (163,'CONSRT_189',164);
insert into  dyextn_table_properties  values (166,'CONSRT_115',167);
insert into  dyextn_table_properties  values (178,'CONSRT_162',179);
insert into  dyextn_table_properties  values (184,'CONSRT_166',185);
insert into  dyextn_table_properties  values (189,'CONSRT_22',190);
insert into  dyextn_table_properties  values (190,'CONSRT_308',191);
insert into  dyextn_table_properties  values (193,'CONSRT_248',194);
insert into  dyextn_table_properties  values (196,'CONSRT_209',197);
insert into  dyextn_table_properties  values (206,'CONSRT_142',207);
insert into  dyextn_table_properties  values (207,'CONSRT_285',208);
insert into  dyextn_table_properties  values (211,'CONSRT_127',212);
insert into  dyextn_table_properties  values (214,'CONSRT_107',215);
insert into  dyextn_table_properties  values (215,'CONSRT_277',216);
insert into  dyextn_table_properties  values (219,'CONSRT_119',220);
insert into  dyextn_table_properties  values (222,'CONSRT_65',223);
insert into  dyextn_table_properties  values (224,'CONSRT_123',225);
insert into  dyextn_table_properties  values (225,'CONSRT_90',226);
insert into  dyextn_table_properties  values (226,'CONSRT_289',227);
insert into  dyextn_table_properties  values (232,'CONSRT_56',233);
insert into  dyextn_table_properties  values (243,'CONSRT_44',244);
insert into  dyextn_table_properties  values (246,'CONSRT_60',247);
insert into  dyextn_table_properties  values (274,'CONSRT_312',275);
insert into  dyextn_table_properties  values (276,'CONSRT_300',277);
insert into  dyextn_table_properties  values (278,'CONSRT_101',279);
insert into  dyextn_table_properties  values (282,'CONSRT_97',283);
insert into  dyextn_table_properties  values (284,'CONSRT_18',285);
insert into  dyextn_table_properties  values (286,'CONSRT_193',287);
insert into  dyextn_table_properties  values (288,'CONSRT_226',289);

/*Data for the table  dyextn_tagged_value  */

insert into  dyextn_tagged_value  values (1,'MetadataEntityGroup','MetadataEntityGroup',1);
insert into  dyextn_tagged_value  values (2,'caB2BEntityGroup','caB2BEntityGroup',1);
insert into  dyextn_tagged_value  values (3,'PackageName','edu.wustl.cider.domain',1);
insert into  dyextn_tagged_value  values (31,'NOT_SEARCHABLE','NOT_SEARCHABLE',287);
insert into  dyextn_tagged_value  values (32,'PV_FILTER','99601^%,99602^%',78);
insert into  dyextn_tagged_value  values (33,'VI_HIDDEN','VI_HIDDEN',79);
insert into  dyextn_tagged_value  values (34,'NOT_VIEWABLE','NOT_VIEWABLE',9);
insert into  dyextn_tagged_value  values (35,'NOT_SEARCHABLE','NOT_SEARCHABLE',9);
insert into  dyextn_tagged_value  values (36,'VI_IGNORE_PREDICATE','VI_IGNORE_PREDICATE',10);
insert into  dyextn_tagged_value  values (37,'NOT_SEARCHABLE','NOT_SEARCHABLE',275);
insert into  dyextn_tagged_value  values (38,'PV_FILTER','T_HL7_S_0078^%',244);
insert into  dyextn_tagged_value  values (39,'VI_HIDDEN','VI_HIDDEN',245);
insert into  dyextn_tagged_value  values (40,'PV_FILTER','T_HL7_S_0123^%',216);
insert into  dyextn_tagged_value  values (41,'VI_HIDDEN','VI_HIDDEN',217);
insert into  dyextn_tagged_value  values (42,'NOT_VIEWABLE','NOT_VIEWABLE',251);
insert into  dyextn_tagged_value  values (43,'NOT_SEARCHABLE','NOT_SEARCHABLE',251);
insert into  dyextn_tagged_value  values (44,'PV_FILTER','T_HL7_U_0052^%',119);
insert into  dyextn_tagged_value  values (45,'VI_HIDDEN','VI_HIDDEN',120);
insert into  dyextn_tagged_value  values (46,'NOT_SEARCHABLE','NOT_SEARCHABLE',118);
insert into  dyextn_tagged_value  values (47,'PV_FILTER','99600^%',122);
insert into  dyextn_tagged_value  values (48,'VI_HIDDEN','VI_HIDDEN',123);
insert into  dyextn_tagged_value  values (49,'PV_FILTER','99703^%',115);
insert into  dyextn_tagged_value  values (50,'VI_HIDDEN','VI_HIDDEN',116);
insert into  dyextn_tagged_value  values (51,'PV_FILTER','T_HL7_U_0004^%',112);
insert into  dyextn_tagged_value  values (52,'VI_HIDDEN','VI_HIDDEN',113);
insert into  dyextn_tagged_value  values (53,'PV_FILTER','T_HL7_U_0443^%',23);
insert into  dyextn_tagged_value  values (54,'VI_HIDDEN','VI_HIDDEN',24);
insert into  dyextn_tagged_value  values (55,'PRIMARY_KEY','personUpi',26);
insert into  dyextn_tagged_value  values (56,'PRIMARY_KEY','patientAccountNumber',27);
insert into  dyextn_tagged_value  values (57,'NOT_VIEWABLE','NOT_VIEWABLE',102);
insert into  dyextn_tagged_value  values (58,'NOT_SEARCHABLE','NOT_SEARCHABLE',102);
insert into  dyextn_tagged_value  values (59,'NOT_VIEWABLE','NOT_VIEWABLE',101);
insert into  dyextn_tagged_value  values (60,'NOT_SEARCHABLE','NOT_SEARCHABLE',101);
insert into  dyextn_tagged_value  values (61,'PV_FILTER','T_HL7_S_0136^%',131);
insert into  dyextn_tagged_value  values (62,'VI_HIDDEN','VI_HIDDEN',132);
insert into  dyextn_tagged_value  values (63,'PV_FILTER','T_HL7_U_0112^%',134);
insert into  dyextn_tagged_value  values (64,'VI_HIDDEN','VI_HIDDEN',135);
insert into  dyextn_tagged_value  values (65,'PV_FILTER','T_HL7_L_0007^%',137);
insert into  dyextn_tagged_value  values (66,'VI_HIDDEN','VI_HIDDEN',138);
insert into  dyextn_tagged_value  values (67,'PV_FILTER','T_HL7_U_0069^%',72);
insert into  dyextn_tagged_value  values (68,'VI_HIDDEN','VI_HIDDEN',73);
insert into  dyextn_tagged_value  values (69,'PV_FILTER','T_HL7_U_0063^%',44);
insert into  dyextn_tagged_value  values (70,'VI_HIDDEN','VI_HIDDEN',45);
insert into  dyextn_tagged_value  values (71,'PV_FILTER','T_HL7_U_0086^%',58);
insert into  dyextn_tagged_value  values (72,'VI_HIDDEN','VI_HIDDEN',59);
insert into  dyextn_tagged_value  values (73,'PV_FILTER','99700^%',40);
insert into  dyextn_tagged_value  values (74,'VI_HIDDEN','VI_HIDDEN',41);
insert into  dyextn_tagged_value  values (75,'PV_FILTER','99702^%',37);
insert into  dyextn_tagged_value  values (76,'VI_HIDDEN','VI_HIDDEN',38);
insert into  dyextn_tagged_value  values (77,'PV_FILTER','99603^%',34);
insert into  dyextn_tagged_value  values (78,'VI_HIDDEN','VI_HIDDEN',35);
insert into  dyextn_tagged_value  values (79,'PV_FILTER','T_HL7_U_0099^%',31);
insert into  dyextn_tagged_value  values (80,'VI_HIDDEN','VI_HIDDEN',32);
insert into  dyextn_tagged_value  values (81,'PV_FILTER','T_HL7_I_0002^%',142);
insert into  dyextn_tagged_value  values (82,'VI_HIDDEN','VI_HIDDEN',144);
insert into  dyextn_tagged_value  values (83,'NOT_VIEWABLE','NOT_VIEWABLE',147);
insert into  dyextn_tagged_value  values (84,'NOT_SEARCHABLE','NOT_SEARCHABLE',147);
insert into  dyextn_tagged_value  values (85,'PV_FILTER','T_HL7_I_0014^%',191);
insert into  dyextn_tagged_value  values (86,'VI_HIDDEN','VI_HIDDEN',192);
insert into  dyextn_tagged_value  values (87,'PV_FILTER','T_HL7_S_0190^%',194);
insert into  dyextn_tagged_value  values (88,'VI_HIDDEN','VI_HIDDEN',195);
insert into  dyextn_tagged_value  values (89,'PV_FILTER','T_HL7_U_0171^%',197);
insert into  dyextn_tagged_value  values (90,'VI_HIDDEN','VI_HIDDEN',198);
insert into  dyextn_tagged_value  values (91,'PV_FILTER','T_HL7_S_0001^%',155);
insert into  dyextn_tagged_value  values (92,'VI_HIDDEN','VI_HIDDEN',156);
insert into  dyextn_tagged_value  values (93,'PV_FILTER','T_HL7_Z_0002^%',158);
insert into  dyextn_tagged_value  values (94,'VI_HIDDEN','VI_HIDDEN',159);
insert into  dyextn_tagged_value  values (95,'PV_FILTER','T_HL7_U_0006^%',161);
insert into  dyextn_tagged_value  values (96,'VI_HIDDEN','VI_HIDDEN',162);
insert into  dyextn_tagged_value  values (97,'PV_FILTER','T_HL7_U_0005^%',164);
insert into  dyextn_tagged_value  values (98,'VI_HIDDEN','VI_HIDDEN',165);
insert into  dyextn_tagged_value  values (99,'NOT_VIEWABLE','NOT_VIEWABLE',173);
insert into  dyextn_tagged_value  values (100,'NOT_SEARCHABLE','NOT_SEARCHABLE',173);
insert into  dyextn_tagged_value  values (101,'NOT_VIEWABLE','NOT_VIEWABLE',174);
insert into  dyextn_tagged_value  values (102,'NOT_SEARCHABLE','NOT_SEARCHABLE',174);
insert into  dyextn_tagged_value  values (103,'PRIMARY_KEY','accessionNumber',207);
insert into  dyextn_tagged_value  values (104,'MAIN_ENTITY','MAIN_ENTITY',207);
insert into  dyextn_tagged_value  values (105,'NOT_SEARCHABLE','NOT_SEARCHABLE',212);
insert into  dyextn_tagged_value  values (106,'NOT_VIEWABLE','NOT_VIEWABLE',260);
insert into  dyextn_tagged_value  values (107,'NOT_SEARCHABLE','NOT_SEARCHABLE',260);
insert into  dyextn_tagged_value  values (108,'NOT_VIEWABLE','NOT_VIEWABLE',261);
insert into  dyextn_tagged_value  values (109,'NOT_SEARCHABLE','NOT_SEARCHABLE',261);
insert into  dyextn_tagged_value  values (110,'NOT_VIEWABLE','NOT_VIEWABLE',265);
insert into  dyextn_tagged_value  values (111,'NOT_SEARCHABLE','NOT_SEARCHABLE',265);
/*Data for the table  dyextn_textfield  */

insert into  dyextn_textfield  values (1,20,0,0);
insert into  dyextn_textfield  values (2,20,0,0);
insert into  dyextn_textfield  values (3,20,0,0);
insert into  dyextn_textfield  values (4,20,0,0);
insert into  dyextn_textfield  values (7,10,NULL,NULL);
insert into  dyextn_textfield  values (8,10,NULL,NULL);
insert into  dyextn_textfield  values (9,20,0,0);
insert into  dyextn_textfield  values (12,10,NULL,NULL);
insert into  dyextn_textfield  values (13,10,NULL,NULL);
insert into  dyextn_textfield  values (14,20,0,0);
insert into  dyextn_textfield  values (15,20,0,0);
insert into  dyextn_textfield  values (16,20,0,0);
insert into  dyextn_textfield  values (18,20,0,0);
insert into  dyextn_textfield  values (19,20,0,0);
insert into  dyextn_textfield  values (23,20,0,0);
insert into  dyextn_textfield  values (24,10,NULL,NULL);
insert into  dyextn_textfield  values (30,20,0,0);
insert into  dyextn_textfield  values (32,20,0,0);
insert into  dyextn_textfield  values (33,20,0,0);
insert into  dyextn_textfield  values (37,20,0,0);
insert into  dyextn_textfield  values (38,20,0,0);
insert into  dyextn_textfield  values (39,20,0,0);
insert into  dyextn_textfield  values (40,20,0,0);
insert into  dyextn_textfield  values (57,20,0,0);
insert into  dyextn_textfield  values (58,20,0,0);
insert into  dyextn_textfield  values (59,20,0,0);
insert into  dyextn_textfield  values (60,20,0,0);
insert into  dyextn_textfield  values (61,20,0,0);
insert into  dyextn_textfield  values (62,20,0,0);
insert into  dyextn_textfield  values (63,20,0,0);
insert into  dyextn_textfield  values (64,20,0,0);
insert into  dyextn_textfield  values (65,20,0,0);
insert into  dyextn_textfield  values (66,20,0,0);
insert into  dyextn_textfield  values (68,20,0,0);
insert into  dyextn_textfield  values (72,20,0,0);
insert into  dyextn_textfield  values (73,20,0,0);
insert into  dyextn_textfield  values (103,20,0,0);
insert into  dyextn_textfield  values (108,10,NULL,NULL);
insert into  dyextn_textfield  values (111,20,0,0);
insert into  dyextn_textfield  values (112,20,0,0);
insert into  dyextn_textfield  values (113,20,0,0);
insert into  dyextn_textfield  values (114,20,0,0);
insert into  dyextn_textfield  values (115,20,0,0);
insert into  dyextn_textfield  values (116,20,0,0);
insert into  dyextn_textfield  values (117,20,0,0);
insert into  dyextn_textfield  values (118,20,0,0);
insert into  dyextn_textfield  values (119,10,NULL,NULL);
insert into  dyextn_textfield  values (123,20,0,0);
insert into  dyextn_textfield  values (124,20,0,0);
insert into  dyextn_textfield  values (125,20,0,0);
insert into  dyextn_textfield  values (127,10,NULL,NULL);
insert into  dyextn_textfield  values (133,20,0,0);
insert into  dyextn_textfield  values (138,20,0,0);
insert into  dyextn_textfield  values (139,20,0,0);
insert into  dyextn_textfield  values (140,20,0,0);
insert into  dyextn_textfield  values (145,10,NULL,NULL);
insert into  dyextn_textfield  values (148,20,0,0);
insert into  dyextn_textfield  values (156,20,0,0);
insert into  dyextn_textfield  values (158,20,0,0);
insert into  dyextn_textfield  values (163,20,0,0);

/*Data for the table  id_table  */

insert into  id_table  values (1);

/*Data for the table  intra_model_association  */

insert into  intra_model_association  values (1,181);
insert into  intra_model_association  values (2,269);
insert into  intra_model_association  values (3,264);
insert into  intra_model_association  values (4,258);
insert into  intra_model_association  values (5,145);
insert into  intra_model_association  values (6,257);
insert into  intra_model_association  values (7,255);
insert into  intra_model_association  values (8,250);
insert into  intra_model_association  values (9,246);
insert into  intra_model_association  values (10,243);
insert into  intra_model_association  values (11,241);
insert into  intra_model_association  values (12,235);
insert into  intra_model_association  values (13,232);
insert into  intra_model_association  values (14,224);
insert into  intra_model_association  values (15,222);
insert into  intra_model_association  values (16,219);
insert into  intra_model_association  values (17,218);
insert into  intra_model_association  values (18,214);
insert into  intra_model_association  values (19,211);
insert into  intra_model_association  values (20,210);
insert into  intra_model_association  values (21,206);
insert into  intra_model_association  values (22,205);
insert into  intra_model_association  values (23,199);
insert into  intra_model_association  values (24,196);
insert into  intra_model_association  values (25,193);
insert into  intra_model_association  values (26,189);
insert into  intra_model_association  values (27,184);
insert into  intra_model_association  values (28,180);
insert into  intra_model_association  values (29,178);
insert into  intra_model_association  values (30,169);
insert into  intra_model_association  values (31,166);
insert into  intra_model_association  values (32,163);
insert into  intra_model_association  values (33,160);
insert into  intra_model_association  values (34,157);
insert into  intra_model_association  values (35,153);
insert into  intra_model_association  values (36,150);
insert into  intra_model_association  values (37,149);
insert into  intra_model_association  values (38,140);
insert into  intra_model_association  values (39,139);
insert into  intra_model_association  values (40,136);
insert into  intra_model_association  values (41,133);
insert into  intra_model_association  values (42,130);
insert into  intra_model_association  values (43,126);
insert into  intra_model_association  values (44,124);
insert into  intra_model_association  values (45,121);
insert into  intra_model_association  values (46,117);
insert into  intra_model_association  values (47,93);
insert into  intra_model_association  values (48,92);
insert into  intra_model_association  values (49,89);
insert into  intra_model_association  values (50,85);
insert into  intra_model_association  values (51,83);
insert into  intra_model_association  values (52,80);
insert into  intra_model_association  values (53,77);
insert into  intra_model_association  values (54,272);
insert into  intra_model_association  values (55,25);
insert into  intra_model_association  values (56,22);
insert into  intra_model_association  values (57,12);
insert into  intra_model_association  values (58,75);
insert into  intra_model_association  values (59,71);
insert into  intra_model_association  values (60,64);
insert into  intra_model_association  values (61,62);
insert into  intra_model_association  values (62,61);
insert into  intra_model_association  values (63,60);
insert into  intra_model_association  values (64,57);
insert into  intra_model_association  values (65,46);
insert into  intra_model_association  values (66,42);
insert into  intra_model_association  values (67,39);
insert into  intra_model_association  values (68,36);
insert into  intra_model_association  values (69,33);
insert into  intra_model_association  values (70,30);
insert into  intra_model_association  values (71,29);
insert into  intra_model_association  values (72,114);

/*Data for the table  path  */

insert into  path  values (1,179,'1',26);
insert into  path  values (2,26,'2',207);
insert into  path  values (3,207,'3',215);
insert into  path  values (4,215,'4',141);
insert into  path  values (5,141,'5',142);
insert into  path  values (6,215,'6',8);
insert into  path  values (7,215,'7',223);
insert into  path  values (8,223,'8',247);
insert into  path  values (9,223,'9',244);
insert into  path  values (10,223,'10',225);
insert into  path  values (11,225,'11',226);
insert into  path  values (12,226,'12',233);
insert into  path  values (13,226,'13',227);
insert into  path  values (14,223,'14',216);
insert into  path  values (15,215,'15',220);
insert into  path  values (16,215,'16',142);
insert into  path  values (17,215,'17',216);
insert into  path  values (18,207,'18',212);
insert into  path  values (19,207,'19',142);
insert into  path  values (20,207,'20',208);
insert into  path  values (21,26,'21',154);
insert into  path  values (22,154,'22',190);
insert into  path  values (23,190,'23',197);
insert into  path  values (24,190,'24',194);
insert into  path  values (25,190,'25',191);
insert into  path  values (26,154,'26',185);
insert into  path  values (27,154,'27',179);
insert into  path  values (28,179,'28',44);
insert into  path  values (29,154,'29',13);
insert into  path  values (30,154,'30',167);
insert into  path  values (31,154,'31',164);
insert into  path  values (32,154,'32',161);
insert into  path  values (33,154,'33',158);
insert into  path  values (34,154,'34',155);
insert into  path  values (35,26,'35',27);
insert into  path  values (36,27,'36',142);
insert into  path  values (37,27,'37',141);
insert into  path  values (38,27,'38',28);
insert into  path  values (39,28,'39',137);
insert into  path  values (40,28,'40',134);
insert into  path  values (41,28,'41',131);
insert into  path  values (42,28,'42',118);
insert into  path  values (43,118,'43',8);
insert into  path  values (44,118,'44',122);
insert into  path  values (45,118,'45',119);
insert into  path  values (46,28,'46',115);
insert into  path  values (47,28,'47',8);
insert into  path  values (48,28,'48',90);
insert into  path  values (49,28,'49',76);
insert into  path  values (50,76,'50',8);
insert into  path  values (51,76,'51',81);
insert into  path  values (52,76,'52',78);
insert into  path  values (53,76,'53',7);
insert into  path  values (54,7,'54',26);
insert into  path  values (55,7,'55',23);
insert into  path  values (56,7,'56',13);
insert into  path  values (57,7,'57',8);
insert into  path  values (58,28,'58',72);
insert into  path  values (59,28,'59',63);
insert into  path  values (60,63,'60',13);
insert into  path  values (61,28,'61',43);
insert into  path  values (62,43,'62',8);
insert into  path  values (63,43,'63',58);
insert into  path  values (64,43,'64',13);
insert into  path  values (65,43,'65',44);
insert into  path  values (66,28,'66',40);
insert into  path  values (67,28,'67',37);
insert into  path  values (68,28,'68',34);
insert into  path  values (69,28,'69',31);
insert into  path  values (70,28,'70',7);
insert into  path  values (71,28,'71',2);
insert into  path  values (72,28,'72',112);

/*Meta data Loading ends*/

alter table DE_COLL_ATTR_RECORD_VALUES add constraint FK847DA57775255CA5 foreign key (COLLECTION_ATTR_RECORD_ID) references DYEXTN_ATTRIBUTE_RECORD;
alter table DE_FILE_ATTR_RECORD_VALUES add constraint FKE68334E74EB991B2 foreign key (RECORD_ID) references DYEXTN_ATTRIBUTE_RECORD;
alter table DE_OBJECT_ATTR_RECORD_VALUES add constraint FK504EADC44EB991B2 foreign key (RECORD_ID) references DYEXTN_ATTRIBUTE_RECORD;
alter table DYEXTN_ABSTRACT_ENTITY add constraint FKA4A164E3D3027A30 foreign key (id) references DYEXTN_ABSTRACT_METADATA;
alter table DYEXTN_ABSTR_CONTAIN_CTR add constraint FK9EB9020A40F198C2 foreign key (IDENTIFIER) references DYEXTN_CONTROL;
alter table DYEXTN_ABSTR_CONTAIN_CTR add constraint FK9EB9020A69935DD6 foreign key (CONTAINER_ID) references DYEXTN_CONTAINER;
alter table DYEXTN_ASSOCIATION add constraint FK1046842440738A50 foreign key (TARGET_ENTITY_ID) references DYEXTN_ENTITY;
alter table DYEXTN_ASSOCIATION add constraint FK104684246D19A21F foreign key (IDENTIFIER) references DYEXTN_ATTRIBUTE;
alter table DYEXTN_ASSOCIATION add constraint FK104684242BD842F0 foreign key (TARGET_ROLE_ID) references DYEXTN_ROLE;
alter table DYEXTN_ASSOCIATION add constraint FK1046842439780F7A foreign key (SOURCE_ROLE_ID) references DYEXTN_ROLE;
alter table DYEXTN_ASSO_DISPLAY_ATTR add constraint FKD12FD38235D6E973 foreign key (DISPLAY_ATTRIBUTE_ID) references DYEXTN_PRIMITIVE_ATTRIBUTE;
alter table DYEXTN_ASSO_DISPLAY_ATTR add constraint FKD12FD3827FD29CDD foreign key (SELECT_CONTROL_ID) references DYEXTN_SELECT_CONTROL;
alter table DYEXTN_ATTRIBUTE add constraint FK37F1E2FFF99EA906 foreign key (ENTIY_ID) references DYEXTN_ENTITY;
alter table DYEXTN_ATTRIBUTE add constraint FK37F1E2FF5CC8694E foreign key (IDENTIFIER) references DYEXTN_BASE_ABSTRACT_ATTRIBUTE;
alter table DYEXTN_ATTRIBUTE_RECORD add constraint FK9B20ED914AC41F7E foreign key (ENTITY_ID) references DYEXTN_ENTITY;
alter table DYEXTN_ATTRIBUTE_RECORD add constraint FK9B20ED914DC2CD16 foreign key (ATTRIBUTE_ID) references DYEXTN_PRIMITIVE_ATTRIBUTE;
alter table DYEXTN_ATTRIBUTE_TYPE_INFO add constraint FK62596D531333996E foreign key (PRIMITIVE_ATTRIBUTE_ID) references DYEXTN_PRIMITIVE_ATTRIBUTE;
alter table DYEXTN_BARR_CONCEPT_VALUE add constraint FK89D27DF74641D513 foreign key (IDENTIFIER) references DYEXTN_PERMISSIBLE_VALUE;
alter table DYEXTN_BASE_ABSTRACT_ATTRIBUTE add constraint FK14BA6610728B19BE foreign key (IDENTIFIER) references DYEXTN_ABSTRACT_METADATA;
alter table DYEXTN_BOOLEAN_CONCEPT_VALUE add constraint FK57B6C4A64641D513 foreign key (IDENTIFIER) references DYEXTN_PERMISSIBLE_VALUE;
alter table DYEXTN_BOOLEAN_TYPE_INFO add constraint FK28F1809FE5294FA3 foreign key (IDENTIFIER) references DYEXTN_ATTRIBUTE_TYPE_INFO;
alter table DYEXTN_BYTE_ARRAY_TYPE_INFO add constraint FK18BDA73E5294FA3 foreign key (IDENTIFIER) references DYEXTN_ATTRIBUTE_TYPE_INFO;
alter table DYEXTN_CADSRDE add constraint FK588A250953CC4A77 foreign key (IDENTIFIER) references DYEXTN_DATA_ELEMENT;
alter table DYEXTN_CADSR_VALUE_DOMAIN_INFO add constraint FK1C9AA3641333996E foreign key (PRIMITIVE_ATTRIBUTE_ID) references DYEXTN_PRIMITIVE_ATTRIBUTE;
alter table DYEXTN_CATEGORY add constraint FKD33DE81B54A9F59D foreign key (ROOT_CATEGORY_ELEMENT) references DYEXTN_CATEGORY_ENTITY;
alter table DYEXTN_CATEGORY add constraint FKD33DE81B854AC01B foreign key (CATEGORY_ENTITY_ID) references DYEXTN_CATEGORY_ENTITY;
alter table DYEXTN_CATEGORY add constraint FKD33DE81B728B19BE foreign key (IDENTIFIER) references DYEXTN_ABSTRACT_METADATA;
alter table DYEXTN_CATEGORY_ASSOCIATION add constraint FK1B7C663DCAC769C5 foreign key (CATEGORY_ENTIY_ID) references DYEXTN_CATEGORY_ENTITY;
alter table DYEXTN_CATEGORY_ASSOCIATION add constraint FK1B7C663D854AC01B foreign key (CATEGORY_ENTITY_ID) references DYEXTN_CATEGORY_ENTITY;
alter table DYEXTN_CATEGORY_ASSOCIATION add constraint FK1B7C663D5CC8694E foreign key (IDENTIFIER) references DYEXTN_BASE_ABSTRACT_ATTRIBUTE;
alter table DYEXTN_CATEGORY_ATTRIBUTE add constraint FKEF3B7758CAC769C5 foreign key (CATEGORY_ENTIY_ID) references DYEXTN_CATEGORY_ENTITY;
alter table DYEXTN_CATEGORY_ATTRIBUTE add constraint FKEF3B7758854AC01B foreign key (CATEGORY_ENTITY_ID) references DYEXTN_CATEGORY_ENTITY;
alter table DYEXTN_CATEGORY_ATTRIBUTE add constraint FKEF3B77585CC8694E foreign key (IDENTIFIER) references DYEXTN_BASE_ABSTRACT_ATTRIBUTE;
alter table DYEXTN_CATEGORY_ATTRIBUTE add constraint FKEF3B77587769A811 foreign key (ABSTRACT_ATTRIBUTE_ID) references DYEXTN_ATTRIBUTE;
alter table DYEXTN_CATEGORY_ENTITY add constraint FK9F2DA8874AC41F7E foreign key (ENTITY_ID) references DYEXTN_ENTITY;
alter table DYEXTN_CATEGORY_ENTITY add constraint FK9F2DA887A52559D0 foreign key (PARENT_CATEGORY_ENTITY_ID) references DYEXTN_CATEGORY_ENTITY;
alter table DYEXTN_CATEGORY_ENTITY add constraint FK9F2DA887A8103C6F foreign key (TREE_PARENT_CATEGORY_ENTITY_ID) references DYEXTN_CATEGORY_ENTITY;
alter table DYEXTN_CATEGORY_ENTITY add constraint FK9F2DA887D06EE657 foreign key (OWN_PARENT_CATEGORY_ENTITY_ID) references DYEXTN_CATEGORY_ENTITY;
alter table DYEXTN_CATEGORY_ENTITY add constraint FK9F2DA887FB6EB979 foreign key (CATEGORY_ASSOCIATION_ID) references DYEXTN_CATEGORY_ASSOCIATION;
alter table DYEXTN_CATEGORY_ENTITY add constraint FK9F2DA887F5A32608 foreign key (REL_ATTR_CAT_ENTITY_ID) references DYEXTN_CATEGORY;
alter table DYEXTN_CATEGORY_ENTITY add constraint FK9F2DA887743AC3F2 foreign key (IDENTIFIER) references DYEXTN_ABSTRACT_ENTITY;
alter table DYEXTN_CAT_ASSO_CTL add constraint FK281FAB50C45A8CFA foreign key (IDENTIFIER) references DYEXTN_ABSTR_CONTAIN_CTR;
alter table DYEXTN_CHECK_BOX add constraint FK4EFF925740F198C2 foreign key (IDENTIFIER) references DYEXTN_CONTROL;
alter table DYEXTN_COLUMN_PROPERTIES add constraint FK8FCE2B3F3AB6A1D3 foreign key (IDENTIFIER) references DYEXTN_DATABASE_PROPERTIES;
alter table DYEXTN_COLUMN_PROPERTIES add constraint FK8FCE2B3F1333996E foreign key (PRIMITIVE_ATTRIBUTE_ID) references DYEXTN_PRIMITIVE_ATTRIBUTE;
alter table DYEXTN_COLUMN_PROPERTIES add constraint FK8FCE2B3F67F8B59 foreign key (CATEGORY_ATTRIBUTE_ID) references DYEXTN_CATEGORY_ATTRIBUTE;
alter table DYEXTN_COMBOBOX add constraint FKABBC649ABF67AB26 foreign key (IDENTIFIER) references DYEXTN_SELECT_CONTROL;
alter table DYEXTN_CONSTRAINT_PROPERTIES add constraint FK82886CD87EE87FF6 foreign key (ASSOCIATION_ID) references DYEXTN_ASSOCIATION;
alter table DYEXTN_CONSTRAINT_PROPERTIES add constraint FK82886CD8FB6EB979 foreign key (CATEGORY_ASSOCIATION_ID) references DYEXTN_CATEGORY_ASSOCIATION;
alter table DYEXTN_CONSTRAINT_PROPERTIES add constraint FK82886CD83AB6A1D3 foreign key (IDENTIFIER) references DYEXTN_DATABASE_PROPERTIES;
alter table DYEXTN_CONTAINER add constraint FK1EAB84E4178865E foreign key (VIEW_ID) references DYEXTN_VIEW;
alter table DYEXTN_CONTAINER add constraint FK1EAB84E4BF901C84 foreign key (BASE_CONTAINER_ID) references DYEXTN_CONTAINER;
alter table DYEXTN_CONTAINER add constraint FK1EAB84E41DCC9E63 foreign key (ABSTRACT_ENTITY_ID) references DYEXTN_ABSTRACT_ENTITY;
alter table DYEXTN_CONTAINER add constraint FK1EAB84E488C075EF foreign key (ENTITY_GROUP_ID) references DYEXTN_ENTITY_GROUP;
alter table DYEXTN_CONTAINMENT_CONTROL add constraint FK3F9D4AD3C45A8CFA foreign key (IDENTIFIER) references DYEXTN_ABSTR_CONTAIN_CTR;
alter table DYEXTN_CONTROL add constraint FK70FB5E807792A78F foreign key (BASE_ABST_ATR_ID) references DYEXTN_BASE_ABSTRACT_ATTRIBUTE;
alter table DYEXTN_CONTROL add constraint FK70FB5E8069935DD6 foreign key (CONTAINER_ID) references DYEXTN_CONTAINER;
alter table DYEXTN_DATA_ELEMENT add constraint FKB1153E4AA208204 foreign key (ATTRIBUTE_TYPE_INFO_ID) references DYEXTN_ATTRIBUTE_TYPE_INFO;
alter table DYEXTN_DATA_ELEMENT add constraint FKB1153E467F8B59 foreign key (CATEGORY_ATTRIBUTE_ID) references DYEXTN_CATEGORY_ATTRIBUTE;
alter table DYEXTN_DATA_GRID add constraint FK233EB73E40F198C2 foreign key (IDENTIFIER) references DYEXTN_CONTROL;
alter table DYEXTN_DATEPICKER add constraint FKFEADD19940F198C2 foreign key (IDENTIFIER) references DYEXTN_CONTROL;
alter table DYEXTN_DATE_CONCEPT_VALUE add constraint FK45F598A64641D513 foreign key (IDENTIFIER) references DYEXTN_PERMISSIBLE_VALUE;
alter table DYEXTN_DATE_TYPE_INFO add constraint FKFBA549FE5294FA3 foreign key (IDENTIFIER) references DYEXTN_ATTRIBUTE_TYPE_INFO;
alter table DYEXTN_DOUBLE_CONCEPT_VALUE add constraint FKB94E64494641D513 foreign key (IDENTIFIER) references DYEXTN_PERMISSIBLE_VALUE;
alter table DYEXTN_DOUBLE_TYPE_INFO add constraint FKC83869C2BA4AE008 foreign key (IDENTIFIER) references DYEXTN_NUMERIC_TYPE_INFO;
alter table DYEXTN_ENTITY add constraint FK8B2436402264D629 foreign key (PARENT_ENTITY_ID) references DYEXTN_ENTITY;
alter table DYEXTN_ENTITY add constraint FK8B24364088C075EF foreign key (ENTITY_GROUP_ID) references DYEXTN_ENTITY_GROUP;
alter table DYEXTN_ENTITY add constraint FK8B243640743AC3F2 foreign key (IDENTIFIER) references DYEXTN_ABSTRACT_ENTITY;
alter table DYEXTN_ENTITY_GROUP add constraint FK105DE7A0728B19BE foreign key (IDENTIFIER) references DYEXTN_ABSTRACT_METADATA;
alter table DYEXTN_ENTITY_MAP_CONDNS add constraint FK2A9D6029CFA08B13 foreign key (FORM_CONTEXT_ID) references DYEXTN_FORM_CONTEXT;
alter table DYEXTN_ENTITY_MAP_RECORD add constraint FK43A45013CFA08B13 foreign key (FORM_CONTEXT_ID) references DYEXTN_FORM_CONTEXT;
alter table DYEXTN_FILE_EXTENSIONS add constraint FKD49834FA56AF0834 foreign key (ATTRIBUTE_ID) references DYEXTN_FILE_TYPE_INFO;
alter table DYEXTN_FILE_TYPE_INFO add constraint FKA00F0EDE5294FA3 foreign key (IDENTIFIER) references DYEXTN_ATTRIBUTE_TYPE_INFO;
alter table DYEXTN_FILE_UPLOAD add constraint FK2FAD41E740F198C2 foreign key (IDENTIFIER) references DYEXTN_CONTROL;
alter table DYEXTN_FLOAT_CONCEPT_VALUE add constraint FK6785309A4641D513 foreign key (IDENTIFIER) references DYEXTN_PERMISSIBLE_VALUE;
alter table DYEXTN_FLOAT_TYPE_INFO add constraint FK7E1C0693BA4AE008 foreign key (IDENTIFIER) references DYEXTN_NUMERIC_TYPE_INFO;
alter table DYEXTN_FORM_CONTEXT add constraint FKE56CCDB12B784475 foreign key (ENTITY_MAP_ID) references DYEXTN_ENTITY_MAP;
alter table DYEXTN_INTEGER_CONCEPT_VALUE add constraint FKFBA33B3C4641D513 foreign key (IDENTIFIER) references DYEXTN_PERMISSIBLE_VALUE;
alter table DYEXTN_INTEGER_TYPE_INFO add constraint FK5F9CB235BA4AE008 foreign key (IDENTIFIER) references DYEXTN_NUMERIC_TYPE_INFO;
alter table DYEXTN_LIST_BOX add constraint FK208395A7BF67AB26 foreign key (IDENTIFIER) references DYEXTN_SELECT_CONTROL;
alter table DYEXTN_LONG_CONCEPT_VALUE add constraint FK3E1A6EF44641D513 foreign key (IDENTIFIER) references DYEXTN_PERMISSIBLE_VALUE;
alter table DYEXTN_LONG_TYPE_INFO add constraint FK257281EDBA4AE008 foreign key (IDENTIFIER) references DYEXTN_NUMERIC_TYPE_INFO;
alter table DYEXTN_NUMERIC_TYPE_INFO add constraint FK4DEC9544E5294FA3 foreign key (IDENTIFIER) references DYEXTN_ATTRIBUTE_TYPE_INFO;
alter table DYEXTN_OBJECT_TYPE_INFO add constraint FK74819FB0E5294FA3 foreign key (IDENTIFIER) references DYEXTN_ATTRIBUTE_TYPE_INFO;
alter table DYEXTN_PATH add constraint FKC26ADC2854AC01B foreign key (CATEGORY_ENTITY_ID) references DYEXTN_CATEGORY_ENTITY;
alter table DYEXTN_PATH_ASSO_REL add constraint FK1E1260A57EE87FF6 foreign key (ASSOCIATION_ID) references DYEXTN_ASSOCIATION;
alter table DYEXTN_PATH_ASSO_REL add constraint FK1E1260A580C8F93E foreign key (PATH_ID) references DYEXTN_PATH;
alter table DYEXTN_PERMISSIBLE_VALUE add constraint FK136264E0AA208204 foreign key (ATTRIBUTE_TYPE_INFO_ID) references DYEXTN_ATTRIBUTE_TYPE_INFO;
alter table DYEXTN_PERMISSIBLE_VALUE add constraint FK136264E067F8B59 foreign key (CATEGORY_ATTRIBUTE_ID) references DYEXTN_CATEGORY_ATTRIBUTE;
alter table DYEXTN_PRIMITIVE_ATTRIBUTE add constraint FKA9F765C76D19A21F foreign key (IDENTIFIER) references DYEXTN_ATTRIBUTE;
alter table DYEXTN_RADIOBUTTON add constraint FK16F5BA9040F198C2 foreign key (IDENTIFIER) references DYEXTN_CONTROL;
alter table DYEXTN_RULE add constraint FKC27E099F8DDEC02 foreign key (CATEGORY_ATTR_ID) references DYEXTN_CATEGORY_ATTRIBUTE;
alter table DYEXTN_RULE add constraint FKC27E09990F96714 foreign key (ATTRIBUTE_ID) references DYEXTN_ATTRIBUTE;
alter table DYEXTN_RULE_PARAMETER add constraint FK2256736395D4A5AE foreign key (RULE_ID) references DYEXTN_RULE;
alter table DYEXTN_SELECT_CONTROL add constraint FKDFEBB65740F198C2 foreign key (IDENTIFIER) references DYEXTN_CONTROL;
alter table DYEXTN_SEMANTIC_PROPERTY add constraint FKD2A0B5B19AEB0CA3 foreign key (ABSTRACT_METADATA_ID) references DYEXTN_ABSTRACT_METADATA;
alter table DYEXTN_SEMANTIC_PROPERTY add constraint FKD2A0B5B15EB60E90 foreign key (ABSTRACT_VALUE_ID) references DYEXTN_PERMISSIBLE_VALUE;
alter table DYEXTN_SHORT_CONCEPT_VALUE add constraint FKC1945ABA4641D513 foreign key (IDENTIFIER) references DYEXTN_PERMISSIBLE_VALUE;
alter table DYEXTN_SHORT_TYPE_INFO add constraint FK99540B3BA4AE008 foreign key (IDENTIFIER) references DYEXTN_NUMERIC_TYPE_INFO;
alter table DYEXTN_STRING_CONCEPT_VALUE add constraint FKADE7D8894641D513 foreign key (IDENTIFIER) references DYEXTN_PERMISSIBLE_VALUE;
alter table DYEXTN_STRING_TYPE_INFO add constraint FKDA35FE02E5294FA3 foreign key (IDENTIFIER) references DYEXTN_ATTRIBUTE_TYPE_INFO;
alter table DYEXTN_TABLE_PROPERTIES add constraint FKE608E0811DCC9E63 foreign key (ABSTRACT_ENTITY_ID) references DYEXTN_ABSTRACT_ENTITY;
alter table DYEXTN_TABLE_PROPERTIES add constraint FKE608E0813AB6A1D3 foreign key (IDENTIFIER) references DYEXTN_DATABASE_PROPERTIES;
alter table DYEXTN_TAGGED_VALUE add constraint FKF79D055B9AEB0CA3 foreign key (ABSTRACT_METADATA_ID) references DYEXTN_ABSTRACT_METADATA;
alter table DYEXTN_TEXTAREA add constraint FK946EE25740F198C2 foreign key (IDENTIFIER) references DYEXTN_CONTROL;
alter table DYEXTN_TEXTFIELD add constraint FKF9AFC85040F198C2 foreign key (IDENTIFIER) references DYEXTN_CONTROL;
alter table DYEXTN_USERDEFINED_DE add constraint FK630761FF53CC4A77 foreign key (IDENTIFIER) references DYEXTN_DATA_ELEMENT;
alter table DYEXTN_USERDEF_DE_VALUE_REL add constraint FK3EE58DCF5521B106 foreign key (USER_DEF_DE_ID) references DYEXTN_USERDEFINED_DE;
alter table DYEXTN_USERDEF_DE_VALUE_REL add constraint FK3EE58DCF49BDD67 foreign key (PERMISSIBLE_VALUE_ID) references DYEXTN_PERMISSIBLE_VALUE;
