drop table DE_COLL_ATTR_RECORD_VALUES;
drop table DE_FILE_ATTR_RECORD_VALUES;
drop table DE_OBJECT_ATTR_RECORD_VALUES;
drop table DYEXTN_ABSTRACT_ENTITY;
drop table DYEXTN_ABSTRACT_METADATA;
drop table DYEXTN_ABSTR_CONTAIN_CTR;
drop table DYEXTN_ASSOCIATION;
drop table DYEXTN_ASSO_DISPLAY_ATTR;
drop table DYEXTN_ATTRIBUTE;
drop table DYEXTN_ATTRIBUTE_RECORD;
drop table DYEXTN_ATTRIBUTE_TYPE_INFO;
drop table DYEXTN_BARR_CONCEPT_VALUE;
drop table DYEXTN_BASE_ABSTRACT_ATTRIBUTE;
drop table DYEXTN_BOOLEAN_CONCEPT_VALUE;
drop table DYEXTN_BOOLEAN_TYPE_INFO;
drop table DYEXTN_BYTE_ARRAY_TYPE_INFO;
drop table DYEXTN_CADSRDE;
drop table DYEXTN_CADSR_VALUE_DOMAIN_INFO;
drop table DYEXTN_CATEGORY;
drop table DYEXTN_CATEGORY_ASSOCIATION;
drop table DYEXTN_CATEGORY_ATTRIBUTE;
drop table DYEXTN_CATEGORY_ENTITY;
drop table DYEXTN_CAT_ASSO_CTL;
drop table DYEXTN_CHECK_BOX;
drop table DYEXTN_COLUMN_PROPERTIES;
drop table DYEXTN_COMBOBOX;
drop table DYEXTN_CONSTRAINTKEY_PROP;
drop table DYEXTN_CONSTRAINT_PROPERTIES;
drop table DYEXTN_CONTAINER;
drop table DYEXTN_CONTAINMENT_CONTROL;
drop table DYEXTN_CONTROL;
drop table DYEXTN_DATABASE_PROPERTIES;
drop table DYEXTN_DATA_ELEMENT;
drop table DYEXTN_DATA_GRID;
drop table DYEXTN_DATEPICKER;
drop table DYEXTN_DATE_CONCEPT_VALUE;
drop table DYEXTN_DATE_TYPE_INFO;
drop table DYEXTN_DOUBLE_CONCEPT_VALUE;
drop table DYEXTN_DOUBLE_TYPE_INFO;
drop table DYEXTN_ENTITY;
drop table DYEXTN_ENTITY_GROUP;
drop table DYEXTN_ENTITY_MAP;
drop table DYEXTN_ENTITY_MAP_CONDNS;
drop table DYEXTN_ENTITY_MAP_RECORD;
drop table DYEXTN_FILE_EXTENSIONS;
drop table DYEXTN_FILE_TYPE_INFO;
drop table DYEXTN_FILE_UPLOAD;
drop table DYEXTN_FLOAT_CONCEPT_VALUE;
drop table DYEXTN_FLOAT_TYPE_INFO;
drop table DYEXTN_FORM_CONTEXT;
drop table DYEXTN_INTEGER_CONCEPT_VALUE;
drop table DYEXTN_INTEGER_TYPE_INFO;
drop table DYEXTN_LIST_BOX;
drop table DYEXTN_LONG_CONCEPT_VALUE;
drop table DYEXTN_LONG_TYPE_INFO;
drop table DYEXTN_NUMERIC_TYPE_INFO;
drop table DYEXTN_OBJECT_TYPE_INFO;
drop table DYEXTN_PATH;
drop table DYEXTN_PATH_ASSO_REL;
drop table DYEXTN_PERMISSIBLE_VALUE;
drop table DYEXTN_PRIMITIVE_ATTRIBUTE;
drop table DYEXTN_RADIOBUTTON;
drop table DYEXTN_ROLE;
drop table DYEXTN_RULE;
drop table DYEXTN_RULE_PARAMETER;
drop table DYEXTN_SELECT_CONTROL;
drop table DYEXTN_SEMANTIC_PROPERTY;
drop table DYEXTN_SHORT_CONCEPT_VALUE;
drop table DYEXTN_SHORT_TYPE_INFO;
drop table DYEXTN_SQL_AUDIT;
drop table DYEXTN_STRING_CONCEPT_VALUE;
drop table DYEXTN_STRING_TYPE_INFO;
drop table DYEXTN_TABLE_PROPERTIES;
drop table DYEXTN_TAGGED_VALUE;
drop table DYEXTN_TEXTAREA;
drop table DYEXTN_TEXTFIELD;
drop table DYEXTN_USERDEFINED_DE;
drop table DYEXTN_USERDEF_DE_VALUE_REL;
drop table DYEXTN_VIEW;
drop table DYEXT_ENTIY_COMPOSITE_KEY_REL;
drop table dyextn_id_generator;
create table DE_COLL_ATTR_RECORD_VALUES (IDENTIFIER bigint generated by default as identity, RECORD_VALUE varchar(4000), COLLECTION_ATTR_RECORD_ID bigint, primary key (IDENTIFIER));
create table DE_FILE_ATTR_RECORD_VALUES (IDENTIFIER bigint generated by default as identity, CONTENT_TYPE varchar(255), FILE_CONTENT blob(255), FILE_NAME varchar(255), RECORD_ID bigint, primary key (IDENTIFIER));
create table DE_OBJECT_ATTR_RECORD_VALUES (IDENTIFIER bigint generated by default as identity, CLASS_NAME varchar(255), OBJECT_CONTENT blob(255), RECORD_ID bigint, primary key (IDENTIFIER));
create table DYEXTN_ABSTRACT_ENTITY (id bigint not null, primary key (id));
create table DYEXTN_ABSTRACT_METADATA (IDENTIFIER bigint generated by default as identity, CREATED_DATE date, DESCRIPTION varchar(1000), LAST_UPDATED date, NAME varchar(1000), PUBLIC_ID varchar(255), primary key (IDENTIFIER));
create table DYEXTN_ABSTR_CONTAIN_CTR (IDENTIFIER bigint not null, CONTAINER_ID bigint, primary key (IDENTIFIER));
create table DYEXTN_ASSOCIATION (IDENTIFIER bigint not null, IS_COLLECTION smallint, DIRECTION varchar(255), TARGET_ENTITY_ID bigint, SOURCE_ROLE_ID bigint, TARGET_ROLE_ID bigint, IS_SYSTEM_GENERATED smallint, primary key (IDENTIFIER));
create table DYEXTN_ASSO_DISPLAY_ATTR (IDENTIFIER bigint generated by default as identity, SEQUENCE_NUMBER integer, DISPLAY_ATTRIBUTE_ID bigint, SELECT_CONTROL_ID bigint, primary key (IDENTIFIER));
create table DYEXTN_ATTRIBUTE (IDENTIFIER bigint not null, ENTIY_ID bigint, primary key (IDENTIFIER));
create table DYEXTN_ATTRIBUTE_RECORD (IDENTIFIER bigint generated by default as identity, ENTITY_ID bigint, ATTRIBUTE_ID bigint, RECORD_ID bigint, primary key (IDENTIFIER));
create table DYEXTN_ATTRIBUTE_TYPE_INFO (IDENTIFIER bigint generated by default as identity, PRIMITIVE_ATTRIBUTE_ID bigint, primary key (IDENTIFIER));
create table DYEXTN_BARR_CONCEPT_VALUE (IDENTIFIER bigint not null, primary key (IDENTIFIER));
create table DYEXTN_BASE_ABSTRACT_ATTRIBUTE (IDENTIFIER bigint not null, primary key (IDENTIFIER));
create table DYEXTN_BOOLEAN_CONCEPT_VALUE (IDENTIFIER bigint not null, VALUE smallint, primary key (IDENTIFIER));
create table DYEXTN_BOOLEAN_TYPE_INFO (IDENTIFIER bigint not null, primary key (IDENTIFIER));
create table DYEXTN_BYTE_ARRAY_TYPE_INFO (IDENTIFIER bigint not null, CONTENT_TYPE varchar(255), primary key (IDENTIFIER));
create table DYEXTN_CADSRDE (IDENTIFIER bigint not null, PUBLIC_ID varchar(255), primary key (IDENTIFIER));
create table DYEXTN_CADSR_VALUE_DOMAIN_INFO (IDENTIFIER bigint generated by default as identity, DATATYPE varchar(255), NAME varchar(255), TYPE varchar(255), PRIMITIVE_ATTRIBUTE_ID bigint, primary key (IDENTIFIER));
create table DYEXTN_CATEGORY (IDENTIFIER bigint not null, ROOT_CATEGORY_ELEMENT bigint, CATEGORY_ENTITY_ID bigint, primary key (IDENTIFIER));
create table DYEXTN_CATEGORY_ASSOCIATION (IDENTIFIER bigint not null, CATEGORY_ENTIY_ID bigint, CATEGORY_ENTITY_ID bigint, primary key (IDENTIFIER));
create table DYEXTN_CATEGORY_ATTRIBUTE (IDENTIFIER bigint not null, ABSTRACT_ATTRIBUTE_ID bigint, CATEGORY_ENTIY_ID bigint, IS_VISIBLE smallint, IS_RELATTRIBUTE smallint, CATEGORY_ENTITY_ID bigint, primary key (IDENTIFIER));
create table DYEXTN_CATEGORY_ENTITY (IDENTIFIER bigint not null, NUMBER_OF_ENTRIES integer, ENTITY_ID bigint, OWN_PARENT_CATEGORY_ENTITY_ID bigint, TREE_PARENT_CATEGORY_ENTITY_ID bigint, IS_CREATETABLE smallint, REL_ATTR_CAT_ENTITY_ID bigint, CATEGORY_ASSOCIATION_ID bigint, PARENT_CATEGORY_ENTITY_ID bigint, primary key (IDENTIFIER));
create table DYEXTN_CAT_ASSO_CTL (IDENTIFIER bigint not null, primary key (IDENTIFIER));
create table DYEXTN_CHECK_BOX (IDENTIFIER bigint not null, primary key (IDENTIFIER));
create table DYEXTN_COLUMN_PROPERTIES (IDENTIFIER bigint not null, PRIMITIVE_ATTRIBUTE_ID bigint, CATEGORY_ATTRIBUTE_ID bigint, CNSTR_KEY_PROP_ID bigint, primary key (IDENTIFIER));
create table DYEXTN_COMBOBOX (IDENTIFIER bigint not null, primary key (IDENTIFIER));
create table DYEXTN_CONSTRAINTKEY_PROP (IDENTIFIER bigint generated by default as identity, PRIMARY_ATTRIBUTE_ID bigint, SRC_CONSTRAINT_KEY_ID bigint, TGT_CONSTRAINT_KEY_ID bigint, primary key (IDENTIFIER));
create table DYEXTN_CONSTRAINT_PROPERTIES (IDENTIFIER bigint not null, CONSTRAINT_NAME varchar(255), ASSOCIATION_ID bigint, CATEGORY_ASSOCIATION_ID bigint, ABSTRACT_ENTITY_ID bigint, primary key (IDENTIFIER));
create table DYEXTN_CONTAINER (IDENTIFIER bigint generated by default as identity, BUTTON_CSS varchar(255), CAPTION varchar(800), ABSTRACT_ENTITY_ID bigint, MAIN_TABLE_CSS varchar(255), REQUIRED_FIELD_INDICATOR varchar(255), REQUIRED_FIELD_WARNING_MESSAGE varchar(255), TITLE_CSS varchar(255), BASE_CONTAINER_ID bigint, ADD_CAPTION smallint, ENTITY_GROUP_ID bigint, VIEW_ID bigint, primary key (IDENTIFIER));
create table DYEXTN_CONTAINMENT_CONTROL (IDENTIFIER bigint not null, primary key (IDENTIFIER));
create table DYEXTN_CONTROL (IDENTIFIER bigint generated by default as identity, CAPTION varchar(800), CSS_CLASS varchar(255), HIDDEN smallint, NAME varchar(255), SEQUENCE_NUMBER integer, TOOLTIP varchar(255), CONTAINER_ID bigint, BASE_ABST_ATR_ID bigint, READ_ONLY smallint, primary key (IDENTIFIER));
create table DYEXTN_DATABASE_PROPERTIES (IDENTIFIER bigint generated by default as identity, NAME varchar(255), primary key (IDENTIFIER));
create table DYEXTN_DATA_ELEMENT (IDENTIFIER bigint generated by default as identity, CATEGORY_ATTRIBUTE_ID bigint, ATTRIBUTE_TYPE_INFO_ID bigint, primary key (IDENTIFIER));
create table DYEXTN_DATA_GRID (IDENTIFIER bigint not null, primary key (IDENTIFIER));
create table DYEXTN_DATEPICKER (IDENTIFIER bigint not null, DATE_VALUE_TYPE varchar(255), primary key (IDENTIFIER));
create table DYEXTN_DATE_CONCEPT_VALUE (IDENTIFIER bigint not null, VALUE timestamp, primary key (IDENTIFIER));
create table DYEXTN_DATE_TYPE_INFO (IDENTIFIER bigint not null, FORMAT varchar(255), primary key (IDENTIFIER));
create table DYEXTN_DOUBLE_CONCEPT_VALUE (IDENTIFIER bigint not null, VALUE double, primary key (IDENTIFIER));
create table DYEXTN_DOUBLE_TYPE_INFO (IDENTIFIER bigint not null, primary key (IDENTIFIER));
create table DYEXTN_ENTITY (IDENTIFIER bigint not null, DATA_TABLE_STATE integer, ENTITY_GROUP_ID bigint, IS_ABSTRACT smallint, PARENT_ENTITY_ID bigint, INHERITANCE_STRATEGY integer, DISCRIMINATOR_COLUMN_NAME varchar(255), DISCRIMINATOR_VALUE varchar(255), primary key (IDENTIFIER));
create table DYEXTN_ENTITY_GROUP (IDENTIFIER bigint not null, LONG_NAME varchar(255), SHORT_NAME varchar(255), VERSION varchar(255), IS_SYSTEM_GENERATED smallint, primary key (IDENTIFIER));
create table DYEXTN_ENTITY_MAP (IDENTIFIER bigint generated by default as identity, CONTAINER_ID bigint, STATUS varchar(10), STATIC_ENTITY_ID bigint, CREATED_DATE date, CREATED_BY varchar(255), primary key (IDENTIFIER));
create table DYEXTN_ENTITY_MAP_CONDNS (IDENTIFIER bigint generated by default as identity, STATIC_RECORD_ID bigint, TYPE_ID bigint, FORM_CONTEXT_ID bigint, primary key (IDENTIFIER));
create table DYEXTN_ENTITY_MAP_RECORD (IDENTIFIER bigint generated by default as identity, FORM_CONTEXT_ID bigint, STATIC_ENTITY_RECORD_ID bigint, STATUS varchar(10), DYNAMIC_ENTITY_RECORD_ID bigint, MODIFIED_DATE date, CREATED_DATE date, CREATED_BY varchar(255), primary key (IDENTIFIER));
create table DYEXTN_FILE_EXTENSIONS (IDENTIFIER bigint generated by default as identity, FILE_EXTENSION varchar(255), ATTRIBUTE_ID bigint, primary key (IDENTIFIER));
create table DYEXTN_FILE_TYPE_INFO (IDENTIFIER bigint not null, MAX_FILE_SIZE float, primary key (IDENTIFIER));
create table DYEXTN_FILE_UPLOAD (IDENTIFIER bigint not null, NO_OF_COLUMNS integer, primary key (IDENTIFIER));
create table DYEXTN_FLOAT_CONCEPT_VALUE (IDENTIFIER bigint not null, VALUE float, primary key (IDENTIFIER));
create table DYEXTN_FLOAT_TYPE_INFO (IDENTIFIER bigint not null, primary key (IDENTIFIER));
create table DYEXTN_FORM_CONTEXT (IDENTIFIER bigint generated by default as identity, IS_INFINITE_ENTRY smallint, ENTITY_MAP_ID bigint, STUDY_FORM_LABEL varchar(255), NO_OF_ENTRIES integer, primary key (IDENTIFIER));
create table DYEXTN_INTEGER_CONCEPT_VALUE (IDENTIFIER bigint not null, VALUE integer, primary key (IDENTIFIER));
create table DYEXTN_INTEGER_TYPE_INFO (IDENTIFIER bigint not null, primary key (IDENTIFIER));
create table DYEXTN_LIST_BOX (IDENTIFIER bigint not null, NO_OF_ROWS integer, MULTISELECT smallint, primary key (IDENTIFIER));
create table DYEXTN_LONG_CONCEPT_VALUE (IDENTIFIER bigint not null, VALUE bigint, primary key (IDENTIFIER));
create table DYEXTN_LONG_TYPE_INFO (IDENTIFIER bigint not null, primary key (IDENTIFIER));
create table DYEXTN_NUMERIC_TYPE_INFO (IDENTIFIER bigint not null, MEASUREMENT_UNITS varchar(255), DECIMAL_PLACES integer, NO_DIGITS integer, primary key (IDENTIFIER));
create table DYEXTN_OBJECT_TYPE_INFO (IDENTIFIER bigint not null, primary key (IDENTIFIER));
create table DYEXTN_PATH (IDENTIFIER bigint generated by default as identity, CATEGORY_ENTITY_ID bigint, primary key (IDENTIFIER));
create table DYEXTN_PATH_ASSO_REL (IDENTIFIER bigint generated by default as identity, PATH_ID bigint, ASSOCIATION_ID bigint, PATH_SEQUENCE_NUMBER integer, SRC_INSTANCE_ID bigint, TGT_INSTANCE_ID bigint, primary key (IDENTIFIER));
create table DYEXTN_PERMISSIBLE_VALUE (IDENTIFIER bigint generated by default as identity, DESCRIPTION varchar(255), CATEGORY_ATTRIBUTE_ID bigint, ATTRIBUTE_TYPE_INFO_ID bigint, primary key (IDENTIFIER));
create table DYEXTN_PRIMITIVE_ATTRIBUTE (IDENTIFIER bigint not null, IS_IDENTIFIED smallint, IS_PRIMARY_KEY smallint, IS_NULLABLE smallint, primary key (IDENTIFIER));
create table DYEXTN_RADIOBUTTON (IDENTIFIER bigint not null, primary key (IDENTIFIER));
create table DYEXTN_ROLE (IDENTIFIER bigint generated by default as identity, ASSOCIATION_TYPE varchar(255), MAX_CARDINALITY integer, MIN_CARDINALITY integer, NAME varchar(255), primary key (IDENTIFIER));
create table DYEXTN_RULE (IDENTIFIER bigint generated by default as identity, NAME varchar(255), IS_IMPLICIT smallint, ATTRIBUTE_ID bigint, CATEGORY_ATTR_ID bigint, primary key (IDENTIFIER));
create table DYEXTN_RULE_PARAMETER (IDENTIFIER bigint generated by default as identity, NAME varchar(255), VALUE varchar(255), RULE_ID bigint, primary key (IDENTIFIER));
create table DYEXTN_SELECT_CONTROL (IDENTIFIER bigint not null, SEPARATOR_STRING varchar(255), primary key (IDENTIFIER));
create table DYEXTN_SEMANTIC_PROPERTY (IDENTIFIER bigint generated by default as identity, CONCEPT_CODE varchar(255), TERM varchar(255), THESAURAS_NAME varchar(255), SEQUENCE_NUMBER integer, CONCEPT_DEFINITION varchar(255), ABSTRACT_METADATA_ID bigint, ABSTRACT_VALUE_ID bigint, primary key (IDENTIFIER));
create table DYEXTN_SHORT_CONCEPT_VALUE (IDENTIFIER bigint not null, VALUE smallint, primary key (IDENTIFIER));
create table DYEXTN_SHORT_TYPE_INFO (IDENTIFIER bigint not null, primary key (IDENTIFIER));
create table DYEXTN_SQL_AUDIT (IDENTIFIER bigint generated by default as identity, AUDIT_DATE date, QUERY_EXECUTED varchar(4000), USER_ID bigint, primary key (IDENTIFIER));
create table DYEXTN_STRING_CONCEPT_VALUE (IDENTIFIER bigint not null, VALUE varchar(255), primary key (IDENTIFIER));
create table DYEXTN_STRING_TYPE_INFO (IDENTIFIER bigint not null, MAX_SIZE integer, primary key (IDENTIFIER));
create table DYEXTN_TABLE_PROPERTIES (IDENTIFIER bigint not null, ABSTRACT_ENTITY_ID bigint, primary key (IDENTIFIER));
create table DYEXTN_TAGGED_VALUE (IDENTIFIER bigint generated by default as identity, T_KEY varchar(255), T_VALUE varchar(255), ABSTRACT_METADATA_ID bigint, primary key (IDENTIFIER));
create table DYEXTN_TEXTAREA (IDENTIFIER bigint not null, TEXTAREA_COLUMNS integer, TEXTAREA_ROWS integer, primary key (IDENTIFIER));
create table DYEXTN_TEXTFIELD (IDENTIFIER bigint not null, NO_OF_COLUMNS integer, IS_PASSWORD smallint, IS_URL smallint, primary key (IDENTIFIER));
create table DYEXTN_USERDEFINED_DE (IDENTIFIER bigint not null, primary key (IDENTIFIER));
create table DYEXTN_USERDEF_DE_VALUE_REL (USER_DEF_DE_ID bigint not null, PERMISSIBLE_VALUE_ID bigint not null, primary key (USER_DEF_DE_ID, PERMISSIBLE_VALUE_ID));
create table DYEXTN_VIEW (IDENTIFIER bigint generated by default as identity, NAME varchar(255), primary key (IDENTIFIER));
create table DYEXT_ENTIY_COMPOSITE_KEY_REL (ENTITY_ID bigint not null, ATTRIBUTE_ID bigint not null, INSERTION_ORDER integer not null, primary key (ENTITY_ID, INSERTION_ORDER));
create table dyextn_id_generator (id bigint not null, next_available_id bigint, primary key (id));

/* metedata loading sttarts*/



/*Data for the table association */

insert into association (ASSOCIATION_ID,ASSOCIATION_TYPE) values (1,2),(2,2),(3,2),(4,2),(5,2),(6,2),(7,2),(8,2),(9,2),(10,2),(11,2),(12,2),(13,2),(14,2),(15,2),(16,2),(17,2),(18,2),(19,2),(20,2),(21,2),(22,2),(23,2),(24,2),(25,2),(26,2),(27,2),(28,2),(29,2),(30,2),(31,2),(32,2),(33,2),(34,2),(35,2),(36,2),(37,2),(38,2),(39,2),(40,2),(41,2),(42,2),(43,2),(44,2),(45,2),(46,2),(47,2),(48,2),(49,2),(50,2),(51,2),(52,2),(53,2),(54,2),(55,2),(56,2),(57,2),(58,2),(59,2),(60,2),(61,2),(62,2),(63,2),(64,2),(65,2),(66,2),(67,2),(68,2),(69,2),(70,2),(71,2),(72,2),(73,2),(74,2),(75,2),(76,2),(77,2),(78,2),(79,2),(80,2),(81,2),(82,2),(83,2),(84,2),(85,2),(86,2),(87,2),(88,2),(89,2),(90,2),(91,2),(92,2),(93,2),(94,2),(95,2),(96,2),(97,2),(98,2),(99,2),(100,2),(101,2);

/*Data for the table de_coll_attr_record_values */

/*Data for the table de_file_attr_record_values */

/*Data for the table de_object_attr_record_values */

/*Data for the table dyext_entiy_composite_key_rel */

insert into dyext_entiy_composite_key_rel (ENTITY_ID,ATTRIBUTE_ID,INSERTION_ORDER) values (6,7,0),(30,31,0),(133,134,0),(133,119,1),(135,136,0),(135,119,1);

/*Data for the table dyextn_abstr_contain_ctr */

insert into dyextn_abstr_contain_ctr (IDENTIFIER,CONTAINER_ID) values (38,5),(83,25),(91,27),(95,28),(96,9),(97,26),(104,29),(108,30),(110,14),(111,16),(119,22),(120,24);

/*Data for the table dyextn_abstract_entity */

insert into dyextn_abstract_entity (id) values (2),(6),(10),(14),(16),(25),(30),(32),(33),(36),(37),(43),(48),(53),(58),(67),(72),(77),(105),(110),(118),(124),(133),(135),(137),(146),(156),(158),(159),(160),(172),(177),(187),(198),(201),(206),(211),(216),(221),(222),(240),(246),(254),(260),(262),(267),(277),(282),(287),(312),(317),(322),(323),(328),(333),(343),(348),(354),(362),(363),(368),(373),(378),(383),(396),(401),(405),(406),(411),(416),(426),(437),(438),(439),(440),(443),(447),(451);

/*Data for the table dyextn_abstract_metadata */

insert into dyextn_abstract_metadata (IDENTIFIER,CREATED_DATE,DESCRIPTION,LAST_UPDATED,NAME,PUBLIC_ID) values (1,NULL,'cider',NULL,'cider',NULL),(2,'2009-02-26','cider-PatientLocation','2009-02-26','PatientLocation',NULL),(3,NULL,NULL,NULL,'bed',NULL),(4,NULL,NULL,NULL,'room',NULL),(5,NULL,NULL,NULL,'location',NULL),(6,'2009-02-26','cider-MedicalEntityDictionary','2009-02-26','MedicalEntityDictionary',NULL),(7,NULL,NULL,NULL,'id',NULL),(8,NULL,NULL,NULL,'shortName',NULL),(9,NULL,NULL,NULL,'name',NULL),(10,'2009-02-26','cider-FrequencyWithModifier','2009-02-26','FrequencyWithModifier',NULL),(11,NULL,NULL,NULL,'id',NULL),(12,NULL,NULL,NULL,'name',NULL),(13,NULL,NULL,NULL,'shortName',NULL),(14,'2009-02-26','cider-Provider','2009-02-26','Provider',NULL),(15,NULL,NULL,NULL,'AssociationName_4',NULL),(16,'2009-02-26','cider-PersonName','2009-02-26','PersonName',NULL),(17,NULL,NULL,NULL,'suffix',NULL),(18,NULL,NULL,NULL,'prefix',NULL),(19,NULL,NULL,NULL,'degree',NULL),(20,NULL,NULL,NULL,'lastNameCompressed',NULL),(21,NULL,NULL,NULL,'lastName',NULL),(22,NULL,NULL,NULL,'middleName',NULL),(23,NULL,NULL,NULL,'firstName',NULL),(24,NULL,NULL,NULL,'AssociationName_3',NULL),(25,'2009-02-26','cider-ProviderType','2009-02-26','ProviderType',NULL),(26,NULL,NULL,NULL,'id',NULL),(27,NULL,NULL,NULL,'name',NULL),(28,NULL,NULL,NULL,'shortName',NULL),(29,NULL,NULL,NULL,'AssociationName_2',NULL),(30,'2009-02-26','cider-Person','2009-02-26','Person',NULL),(31,NULL,NULL,NULL,'personUpi',NULL),(32,'2009-02-26','cider-MedicationOrder','2009-02-26','MedicationOrder',NULL),(33,'2009-02-26','cider-MedicationOrderDetails','2009-02-26','MedicationOrderDetails',NULL),(34,NULL,NULL,NULL,'AssociationName_14',NULL),(35,NULL,NULL,NULL,'AssociationName_13',NULL),(36,'2009-02-26','cider-MedicationComponent','2009-02-26','MedicationComponent',NULL),(37,'2009-02-26','cider-UnitsOfMeasure','2009-02-26','UnitsOfMeasure',NULL),(38,NULL,NULL,NULL,'id',NULL),(39,NULL,NULL,NULL,'name',NULL),(40,NULL,NULL,NULL,'shortName',NULL),(41,NULL,NULL,NULL,'AssociationName_6',NULL),(42,NULL,NULL,NULL,'AssociationName_5',NULL),(43,'2009-02-26','cider-MedicationForm','2009-02-26','MedicationForm',NULL),(44,NULL,NULL,NULL,'id',NULL),(45,NULL,NULL,NULL,'name',NULL),(46,NULL,NULL,NULL,'shortName',NULL),(47,NULL,NULL,NULL,'AssociationName_4',NULL),(48,'2009-02-26','cider-MedicationIngredient','2009-02-26','MedicationIngredient',NULL),(49,NULL,NULL,NULL,'id',NULL),(50,NULL,NULL,NULL,'name',NULL),(51,NULL,NULL,NULL,'shortName',NULL),(52,NULL,NULL,NULL,'AssociationName_3',NULL),(53,'2009-02-26','cider-MedicationComponentType','2009-02-26','MedicationComponentType',NULL),(54,NULL,NULL,NULL,'id',NULL),(55,NULL,NULL,NULL,'name',NULL),(56,NULL,NULL,NULL,'shortName',NULL),(57,NULL,NULL,NULL,'AssociationName_2',NULL),(58,'2009-02-26','cider-MedicationRoute','2009-02-26','MedicationRoute',NULL),(59,NULL,NULL,NULL,'id',NULL),(60,NULL,NULL,NULL,'name',NULL),(61,NULL,NULL,NULL,'shortName',NULL),(62,NULL,NULL,NULL,'AssociationName_1',NULL),(63,NULL,NULL,NULL,'quantity',NULL),(64,NULL,NULL,NULL,'strength',NULL),(65,NULL,NULL,NULL,'medicationText',NULL),(66,NULL,NULL,NULL,'AssociationName_12',NULL),(67,'2009-02-26','cider-Status','2009-02-26','Status',NULL),(68,NULL,NULL,NULL,'id',NULL),(69,NULL,NULL,NULL,'name',NULL),(70,NULL,NULL,NULL,'shortName',NULL),(71,NULL,NULL,NULL,'AssociationName_11',NULL),(72,'2009-02-26','cider-Application','2009-02-26','Application',NULL),(73,NULL,NULL,NULL,'id',NULL),(74,NULL,NULL,NULL,'name',NULL),(75,NULL,NULL,NULL,'shortName',NULL),(76,NULL,NULL,NULL,'AssociationName_10',NULL),(77,'2009-02-26','cider-FrequencyModifier','2009-02-26','FrequencyModifier',NULL),(78,NULL,NULL,NULL,'id',NULL),(79,NULL,NULL,NULL,'name',NULL),(80,NULL,NULL,NULL,'shortName',NULL),(81,NULL,NULL,NULL,'AssociationName_9',NULL),(82,NULL,NULL,NULL,'quantityMinimum',NULL),(83,NULL,NULL,NULL,'quantityMaximum',NULL),(84,NULL,NULL,NULL,'quantity',NULL),(85,NULL,NULL,NULL,'orderStartDateTime',NULL),(86,NULL,NULL,NULL,'orderEndDateTime',NULL),(87,NULL,NULL,NULL,'numberOfRefills',NULL),(88,NULL,NULL,NULL,'lastRefillDateTime',NULL),(89,NULL,NULL,NULL,'infusionDuration',NULL),(90,NULL,NULL,NULL,'infusionAmount',NULL),(91,NULL,NULL,NULL,'explicitInterval',NULL),(92,NULL,NULL,NULL,'effectiveStartTimeStamp',NULL),(93,NULL,NULL,NULL,'effectiveEndTimeStamp',NULL),(94,NULL,NULL,NULL,'duration',NULL),(95,NULL,NULL,NULL,'specialDispensingInstructions',NULL),(96,NULL,NULL,NULL,'strength',NULL),(97,NULL,NULL,NULL,'infusionHangDuration',NULL),(98,NULL,NULL,NULL,'medicationComments',NULL),(99,NULL,NULL,NULL,'AssociationName_1',NULL),(100,NULL,NULL,NULL,'AssociationName_2',NULL),(101,NULL,NULL,NULL,'AssociationName_3',NULL),(102,NULL,NULL,NULL,'AssociationName_4',NULL),(103,NULL,NULL,NULL,'AssociationName_5',NULL),(104,NULL,NULL,NULL,'AssociationName_6',NULL),(105,'2009-02-26','cider-SubstitutionStatus','2009-02-26','SubstitutionStatus',NULL),(106,NULL,NULL,NULL,'id',NULL),(107,NULL,NULL,NULL,'name',NULL),(108,NULL,NULL,NULL,'shortName',NULL),(109,NULL,NULL,NULL,'AssociationName_7',NULL),(110,'2009-02-26','cider-Frequency','2009-02-26','Frequency',NULL),(111,NULL,NULL,NULL,'id',NULL),(112,NULL,NULL,NULL,'name',NULL),(113,NULL,NULL,NULL,'shortName',NULL),(114,NULL,NULL,NULL,'AssociationName_8',NULL),(115,NULL,NULL,NULL,'AssociationName_5',NULL),(116,NULL,NULL,NULL,'AssociationName_4',NULL),(117,NULL,NULL,NULL,'AssociationName_3',NULL),(118,'2009-02-26','cider-Facility','2009-02-26','Facility',NULL),(119,NULL,NULL,NULL,'id',NULL),(120,NULL,NULL,NULL,'name',NULL),(121,NULL,NULL,NULL,'shortName',NULL),(122,NULL,NULL,NULL,'initials',NULL),(123,NULL,NULL,NULL,'AssociationName_2',NULL),(124,'2009-02-26','cider-Medication','2009-02-26','Medication',NULL),(125,NULL,NULL,NULL,'id',NULL),(126,NULL,NULL,NULL,'name',NULL),(127,NULL,NULL,NULL,'shortName',NULL),(128,NULL,NULL,NULL,'AssociationName_1',NULL),(129,NULL,NULL,NULL,'medicationSynonym',NULL),(130,NULL,NULL,NULL,'patientAccountNumber',NULL),(131,NULL,NULL,NULL,'orderNumber',NULL),(132,NULL,NULL,NULL,'AssociationName_4',NULL),(133,'2009-02-26','cider-Encounter','2009-02-26','Encounter',NULL),(134,NULL,NULL,NULL,'patientAccountNumber',NULL),(135,'2009-02-26','cider-LaboratoryProcedure','2009-02-26','LaboratoryProcedure',NULL),(136,NULL,NULL,NULL,'patientAccountNumber',NULL),(137,'2009-02-26','cider-LaboratoryProcedureType','2009-02-26','LaboratoryProcedureType',NULL),(138,NULL,NULL,NULL,'id',NULL),(139,NULL,NULL,NULL,'name',NULL),(140,NULL,NULL,NULL,'shortName',NULL),(141,NULL,NULL,NULL,'AssociationName_6',NULL),(142,NULL,NULL,NULL,'AssociationName_5',NULL),(143,NULL,NULL,NULL,'AssociationName_4',NULL),(144,NULL,NULL,NULL,'AssociationName_3',NULL),(145,NULL,NULL,NULL,'AssociationName_2',NULL),(146,'2009-02-26','cider-LaboratoryProcedureDetails','2009-02-26','LaboratoryProcedureDetails',NULL),(147,NULL,NULL,NULL,'ageAtProcedure',NULL),(148,NULL,NULL,NULL,'collectionTimestamp',NULL),(149,NULL,NULL,NULL,'effectiveEndTimeStamp',NULL),(150,NULL,NULL,NULL,'effectiveStartTimeStamp',NULL),(151,NULL,NULL,NULL,'lastResultTimestamp',NULL),(152,NULL,NULL,NULL,'procedureComment',NULL),(153,NULL,NULL,NULL,'receivedTimestamp',NULL),(154,NULL,NULL,NULL,'AssociationName_1',NULL),(155,NULL,NULL,NULL,'AssociationName_2',NULL),(156,'2009-02-26','cider-LaboratoryResult','2009-02-26','LaboratoryResult',NULL),(157,NULL,NULL,NULL,'AssociationName_4',NULL),(158,'2009-02-26','cider-ResultValue','2009-02-26','ResultValue',NULL),(159,'2009-02-26','cider-Result','2009-02-26','Result',NULL),(160,'2009-02-26','cider-NormalRange','2009-02-26','NormalRange',NULL),(161,NULL,NULL,NULL,'value',NULL),(162,NULL,NULL,NULL,'low',NULL),(163,NULL,NULL,NULL,'high',NULL),(164,NULL,NULL,NULL,'AssociationName_2',NULL),(165,NULL,NULL,NULL,'AssociationName_1',NULL),(166,NULL,NULL,NULL,'value',NULL),(167,NULL,NULL,NULL,'low',NULL),(168,NULL,NULL,NULL,'high',NULL),(169,NULL,NULL,NULL,'AssociationName_2',NULL),(170,NULL,NULL,NULL,'AssociationName_1',NULL),(171,NULL,NULL,NULL,'AssociationName_3',NULL),(172,'2009-02-26','cider-AbnormalFlag','2009-02-26','AbnormalFlag',NULL),(173,NULL,NULL,NULL,'id',NULL),(174,NULL,NULL,NULL,'name',NULL),(175,NULL,NULL,NULL,'shortName',NULL),(176,NULL,NULL,NULL,'AssociationName_2',NULL),(177,'2009-02-26','cider-LaboratoryTestType','2009-02-26','LaboratoryTestType',NULL),(178,NULL,NULL,NULL,'id',NULL),(179,NULL,NULL,NULL,'name',NULL),(180,NULL,NULL,NULL,'shortName',NULL),(181,NULL,NULL,NULL,'standardUnitOfMeasure',NULL),(182,NULL,NULL,NULL,'AssociationName_1',NULL),(183,NULL,NULL,NULL,'resultTimeStamp',NULL),(184,NULL,NULL,NULL,'testSynonym',NULL),(185,NULL,NULL,NULL,'resultComments',NULL),(186,NULL,NULL,NULL,'AssociationName_3',NULL),(187,'2009-02-26','cider-SpecimenType','2009-02-26','SpecimenType',NULL),(188,NULL,NULL,NULL,'id',NULL),(189,NULL,NULL,NULL,'name',NULL),(190,NULL,NULL,NULL,'shortName',NULL),(191,NULL,NULL,NULL,'AssociationName_4',NULL),(192,NULL,NULL,NULL,'AssociationName_5',NULL),(193,NULL,NULL,NULL,'AssociationName_6',NULL),(194,NULL,NULL,NULL,'AssociationName_1',NULL),(195,NULL,NULL,NULL,'procedureSynonym',NULL),(196,NULL,NULL,NULL,'accessionNumber',NULL),(197,NULL,NULL,NULL,'AssociationName_5',NULL),(198,'2009-02-26','cider-EncounterDetails','2009-02-26','EncounterDetails',NULL),(199,NULL,NULL,NULL,'AssociationName_31',NULL),(200,NULL,NULL,NULL,'AssociationName_30',NULL),(201,'2009-02-26','cider-VipIndicator','2009-02-26','VipIndicator',NULL),(202,NULL,NULL,NULL,'id',NULL),(203,NULL,NULL,NULL,'name',NULL),(204,NULL,NULL,NULL,'shortName',NULL),(205,NULL,NULL,NULL,'AssociationName_29',NULL),(206,'2009-02-26','cider-DiagnosticRelatedGroup','2009-02-26','DiagnosticRelatedGroup',NULL),(207,NULL,NULL,NULL,'id',NULL),(208,NULL,NULL,NULL,'name',NULL),(209,NULL,NULL,NULL,'shortName',NULL),(210,NULL,NULL,NULL,'AssociationName_28',NULL),(211,'2009-02-26','cider-FacilityDischargeDisposition','2009-02-26','FacilityDischargeDisposition',NULL),(212,NULL,NULL,NULL,'id',NULL),(213,NULL,NULL,NULL,'name',NULL),(214,NULL,NULL,NULL,'shortName',NULL),(215,NULL,NULL,NULL,'AssociationName_27',NULL),(216,'2009-02-26','cider-FinancialClass','2009-02-26','FinancialClass',NULL),(217,NULL,NULL,NULL,'id',NULL),(218,NULL,NULL,NULL,'name',NULL),(219,NULL,NULL,NULL,'shortName',NULL),(220,NULL,NULL,NULL,'AssociationName_26',NULL),(221,'2009-02-26','cider-Insurance','2009-02-26','Insurance',NULL),(222,'2009-02-26','cider-RelationToPerson','2009-02-26','RelationToPerson',NULL),(223,NULL,NULL,NULL,'id',NULL),(224,NULL,NULL,NULL,'name',NULL),(225,NULL,NULL,NULL,'shortName',NULL),(226,NULL,NULL,NULL,'AssociationName_4',NULL),(227,NULL,NULL,NULL,'AssociationName_3',NULL),(228,NULL,NULL,NULL,'companyId',NULL),(229,NULL,NULL,NULL,'groupName',NULL),(230,NULL,NULL,NULL,'groupNumber',NULL),(231,NULL,NULL,NULL,'insuredGroupEmpId',NULL),(232,NULL,NULL,NULL,'insuredGroupEmpName',NULL),(233,NULL,NULL,NULL,'planEffectiveDate',NULL),(234,NULL,NULL,NULL,'planExpirationDate',NULL),(235,NULL,NULL,NULL,'planId',NULL),(236,NULL,NULL,NULL,'policyNumber',NULL),(237,NULL,NULL,NULL,'preAdmitCert',NULL),(238,NULL,NULL,NULL,'sequence',NULL),(239,NULL,NULL,NULL,'AssociationName_1',NULL),(240,'2009-02-26','cider-InsurancePlanType','2009-02-26','InsurancePlanType',NULL),(241,NULL,NULL,NULL,'id',NULL),(242,NULL,NULL,NULL,'name',NULL),(243,NULL,NULL,NULL,'shortName',NULL),(244,NULL,NULL,NULL,'AssociationName_2',NULL),(245,NULL,NULL,NULL,'AssociationName_25',NULL),(246,'2009-02-26','cider-ClinicalTrial','2009-02-26','ClinicalTrial',NULL),(247,NULL,NULL,NULL,'AssociationName_1',NULL),(248,NULL,NULL,NULL,'trialId',NULL),(249,NULL,NULL,NULL,'trailName',NULL),(250,NULL,NULL,NULL,'startTimeStamp',NULL),(251,NULL,NULL,NULL,'protocolId',NULL),(252,NULL,NULL,NULL,'endTimeStamp',NULL),(253,NULL,NULL,NULL,'AssociationName_24',NULL),(254,'2009-02-26','cider-Service','2009-02-26','Service',NULL),(255,NULL,NULL,NULL,'id',NULL),(256,NULL,NULL,NULL,'name',NULL),(257,NULL,NULL,NULL,'shortName',NULL),(258,NULL,NULL,NULL,'AssociationName_23',NULL),(259,NULL,NULL,NULL,'AssociationName_22',NULL),(260,'2009-02-26','cider-Procedure','2009-02-26','Procedure',NULL),(261,NULL,NULL,NULL,'AssociationName_5',NULL),(262,'2009-02-26','cider-ProcedureCode','2009-02-26','ProcedureCode',NULL),(263,NULL,NULL,NULL,'id',NULL),(264,NULL,NULL,NULL,'name',NULL),(265,NULL,NULL,NULL,'shortName',NULL),(266,NULL,NULL,NULL,'AssociationName_4',NULL),(267,'2009-02-26','cider-ProcedureCodingMethod','2009-02-26','ProcedureCodingMethod',NULL),(268,NULL,NULL,NULL,'id',NULL),(269,NULL,NULL,NULL,'name',NULL),(270,NULL,NULL,NULL,'shortName',NULL),(271,NULL,NULL,NULL,'AssociationName_3',NULL),(272,NULL,NULL,NULL,'AssociationName_2',NULL),(273,NULL,NULL,NULL,'AssociationName_1',NULL),(274,NULL,NULL,NULL,'sequence',NULL),(275,NULL,NULL,NULL,'date',NULL),(276,NULL,NULL,NULL,'AssociationName_21',NULL),(277,'2009-02-26','cider-CaseIndicator','2009-02-26','CaseIndicator',NULL),(278,NULL,NULL,NULL,'id',NULL),(279,NULL,NULL,NULL,'name',NULL),(280,NULL,NULL,NULL,'shortName',NULL),(281,NULL,NULL,NULL,'AssociationName_20',NULL),(282,'2009-02-26','cider-HipaaNotified','2009-02-26','HipaaNotified',NULL),(283,NULL,NULL,NULL,'id',NULL),(284,NULL,NULL,NULL,'name',NULL),(285,NULL,NULL,NULL,'shortName',NULL),(286,NULL,NULL,NULL,'AssociationName_19',NULL),(287,'2009-02-26','cider-InfectionControlCode','2009-02-26','InfectionControlCode',NULL),(288,NULL,NULL,NULL,'id',NULL),(289,NULL,NULL,NULL,'name',NULL),(290,NULL,NULL,NULL,'shortName',NULL),(291,NULL,NULL,NULL,'AssociationName_18',NULL),(292,NULL,NULL,NULL,'AssociationName_5',NULL),(293,NULL,NULL,NULL,'AssociationName_4',NULL),(294,NULL,NULL,NULL,'AssociationName_3',NULL),(295,NULL,NULL,NULL,'AssociationName_2',NULL),(296,NULL,NULL,NULL,'AssociationName_1',NULL),(297,NULL,NULL,NULL,'occupation',NULL),(298,NULL,NULL,NULL,'employer',NULL),(299,NULL,NULL,NULL,'teachingTeam',NULL),(300,NULL,NULL,NULL,'registrationTimeStamp',NULL),(301,NULL,NULL,NULL,'effectiveStartTimeStamp',NULL),(302,NULL,NULL,NULL,'effectiveEndTimeStamp',NULL),(303,NULL,NULL,NULL,'dischargeTimeStamp',NULL),(304,NULL,NULL,NULL,'ageAtEncounter',NULL),(305,NULL,NULL,NULL,'AssociationName_6',NULL),(306,NULL,NULL,NULL,'AssociationName_7',NULL),(307,NULL,NULL,NULL,'AssociationName_8',NULL),(308,NULL,NULL,NULL,'AssociationName_9',NULL),(309,NULL,NULL,NULL,'AssociationName_10',NULL),(310,NULL,NULL,NULL,'AssociationName_11',NULL),(311,NULL,NULL,NULL,'AssociationName_12',NULL),(312,'2009-02-26','cider-PatientClass','2009-02-26','PatientClass',NULL),(313,NULL,NULL,NULL,'id',NULL),(314,NULL,NULL,NULL,'name',NULL),(315,NULL,NULL,NULL,'shortName',NULL),(316,NULL,NULL,NULL,'AssociationName_13',NULL),(317,'2009-02-26','cider-PatientType','2009-02-26','PatientType',NULL),(318,NULL,NULL,NULL,'id',NULL),(319,NULL,NULL,NULL,'name',NULL),(320,NULL,NULL,NULL,'shortName',NULL),(321,NULL,NULL,NULL,'AssociationName_14',NULL),(322,'2009-02-26','cider-Diagnosis','2009-02-26','Diagnosis',NULL),(323,'2009-02-26','cider-DiagnosisType','2009-02-26','DiagnosisType',NULL),(324,NULL,NULL,NULL,'id',NULL),(325,NULL,NULL,NULL,'name',NULL),(326,NULL,NULL,NULL,'shortName',NULL),(327,NULL,NULL,NULL,'AssociationName_5',NULL),(328,'2009-02-26','cider-DiagnosisCodingMethod','2009-02-26','DiagnosisCodingMethod',NULL),(329,NULL,NULL,NULL,'id',NULL),(330,NULL,NULL,NULL,'name',NULL),(331,NULL,NULL,NULL,'shortName',NULL),(332,NULL,NULL,NULL,'AssociationName_4',NULL),(333,'2009-02-26','cider-DiagnosisCode','2009-02-26','DiagnosisCode',NULL),(334,NULL,NULL,NULL,'id',NULL),(335,NULL,NULL,NULL,'name',NULL),(336,NULL,NULL,NULL,'shortName',NULL),(337,NULL,NULL,NULL,'AssociationName_3',NULL),(338,NULL,NULL,NULL,'AssociationName_2',NULL),(339,NULL,NULL,NULL,'AssociationName_1',NULL),(340,NULL,NULL,NULL,'sequence',NULL),(341,NULL,NULL,NULL,'description',NULL),(342,NULL,NULL,NULL,'AssociationName_15',NULL),(343,'2009-02-26','cider-OptOutIndicator','2009-02-26','OptOutIndicator',NULL),(344,NULL,NULL,NULL,'id',NULL),(345,NULL,NULL,NULL,'name',NULL),(346,NULL,NULL,NULL,'shortName',NULL),(347,NULL,NULL,NULL,'AssociationName_16',NULL),(348,'2009-02-26','cider-DischargeDisposition','2009-02-26','DischargeDisposition',NULL),(349,NULL,NULL,NULL,'id',NULL),(350,NULL,NULL,NULL,'name',NULL),(351,NULL,NULL,NULL,'shortName',NULL),(352,NULL,NULL,NULL,'AssociationName_17',NULL),(353,NULL,NULL,NULL,'AssociationName_4',NULL),(354,'2009-02-26','cider-MedicalRecordNumber','2009-02-26','MedicalRecordNumber',NULL),(355,NULL,NULL,NULL,'AssociationName_1',NULL),(356,NULL,NULL,NULL,'type',NULL),(357,NULL,NULL,NULL,'value',NULL),(358,NULL,NULL,NULL,'AssociationName_3',NULL),(359,NULL,NULL,NULL,'AssociationName_2',NULL),(360,NULL,NULL,NULL,'AssociationName_1',NULL),(361,NULL,NULL,NULL,'AssociationName_3',NULL),(362,'2009-02-26','cider-Demographics','2009-02-26','Demographics',NULL),(363,'2009-02-26','cider-EthnicOrigin','2009-02-26','EthnicOrigin',NULL),(364,NULL,NULL,NULL,'id',NULL),(365,NULL,NULL,NULL,'name',NULL),(366,NULL,NULL,NULL,'shortName',NULL),(367,NULL,NULL,NULL,'AssociationName_11',NULL),(368,'2009-02-26','cider-Gender','2009-02-26','Gender',NULL),(369,NULL,NULL,NULL,'id',NULL),(370,NULL,NULL,NULL,'name',NULL),(371,NULL,NULL,NULL,'shortName',NULL),(372,NULL,NULL,NULL,'AssociationName_10',NULL),(373,'2009-02-26','cider-AdvancedDirectiveExists','2009-02-26','AdvancedDirectiveExists',NULL),(374,NULL,NULL,NULL,'id',NULL),(375,NULL,NULL,NULL,'name',NULL),(376,NULL,NULL,NULL,'shortName',NULL),(377,NULL,NULL,NULL,'AssociationName_9',NULL),(378,'2009-02-26','cider-Religion','2009-02-26','Religion',NULL),(379,NULL,NULL,NULL,'id',NULL),(380,NULL,NULL,NULL,'name',NULL),(381,NULL,NULL,NULL,'shortName',NULL),(382,NULL,NULL,NULL,'AssociationName_8',NULL),(383,'2009-02-26','cider-Race','2009-02-26','Race',NULL),(384,NULL,NULL,NULL,'id',NULL),(385,NULL,NULL,NULL,'name',NULL),(386,NULL,NULL,NULL,'shortName',NULL),(387,NULL,NULL,NULL,'AssociationName_7',NULL),(388,NULL,NULL,NULL,'dateOfBirth',NULL),(389,NULL,NULL,NULL,'dateOfDeath',NULL),(390,NULL,NULL,NULL,'mothersMaidenName',NULL),(391,NULL,NULL,NULL,'placeOfBirth',NULL),(392,NULL,NULL,NULL,'socialSecurityNumber',NULL),(393,NULL,NULL,NULL,'effectiveStartTimeStamp',NULL),(394,NULL,NULL,NULL,'effectiveEndTimeStamp',NULL),(395,NULL,NULL,NULL,'AssociationName_1',NULL),(396,'2009-02-26','cider-AssociatedPerson','2009-02-26','AssociatedPerson',NULL),(397,NULL,NULL,NULL,'AssociationName_2',NULL),(398,NULL,NULL,NULL,'AssociationName_1',NULL),(399,NULL,NULL,NULL,'AssociationName_2',NULL),(400,NULL,NULL,NULL,'AssociationName_3',NULL),(401,'2009-02-26','cider-Phone','2009-02-26','Phone',NULL),(402,NULL,NULL,NULL,'type',NULL),(403,NULL,NULL,NULL,'number',NULL),(404,NULL,NULL,NULL,'AssociationName_4',NULL),(405,'2009-02-26','cider-Address','2009-02-26','Address',NULL),(406,'2009-02-26','cider-State','2009-02-26','State',NULL),(407,NULL,NULL,NULL,'id',NULL),(408,NULL,NULL,NULL,'name',NULL),(409,NULL,NULL,NULL,'shortName',NULL),(410,NULL,NULL,NULL,'AssociationName_3',NULL),(411,'2009-02-26','cider-AddressType','2009-02-26','AddressType',NULL),(412,NULL,NULL,NULL,'id',NULL),(413,NULL,NULL,NULL,'name',NULL),(414,NULL,NULL,NULL,'shortName',NULL),(415,NULL,NULL,NULL,'AssociationName_2',NULL),(416,'2009-02-26','cider-Country','2009-02-26','Country',NULL),(417,NULL,NULL,NULL,'id',NULL),(418,NULL,NULL,NULL,'name',NULL),(419,NULL,NULL,NULL,'shortName',NULL),(420,NULL,NULL,NULL,'AssociationName_1',NULL),(421,NULL,NULL,NULL,'postalCode',NULL),(422,NULL,NULL,NULL,'city',NULL),(423,NULL,NULL,NULL,'line2',NULL),(424,NULL,NULL,NULL,'line1',NULL),(425,NULL,NULL,NULL,'AssociationName_5',NULL),(426,'2009-02-26','cider-MaritalStatus','2009-02-26','MaritalStatus',NULL),(427,NULL,NULL,NULL,'id',NULL),(428,NULL,NULL,NULL,'name',NULL),(429,NULL,NULL,NULL,'shortName',NULL),(430,NULL,NULL,NULL,'AssociationName_6',NULL),(431,NULL,NULL,NULL,'AssociationName_2',NULL),(432,NULL,NULL,NULL,'AssociationName_1',NULL),(433,NULL,NULL,NULL,'researchOptOut',NULL),(434,NULL,NULL,NULL,'activeUpiFlag',NULL),(435,NULL,NULL,NULL,'AssociationName_1',NULL),(436,NULL,NULL,NULL,'facilityId',NULL),(437,'2009-02-26','cider-ActiveUpiFlag','2009-02-26','ActiveUpiFlag',NULL),(438,'2009-02-26','cider-PhoneType','2009-02-26','PhoneType',NULL),(439,'2009-02-26','cider-MrnType','2009-02-26','MrnType',NULL),(440,'2009-02-26','cider-Units','2009-02-26','Units',NULL),(441,NULL,NULL,NULL,'normalizedUnits',NULL),(442,NULL,NULL,NULL,'sourceUnits',NULL),(443,'2009-02-26','cider-Icd9ProcedureCode','2009-02-26','Icd9ProcedureCode',NULL),(444,NULL,NULL,NULL,'id',NULL),(445,NULL,NULL,NULL,'name',NULL),(446,NULL,NULL,NULL,'shortName',NULL),(447,'2009-02-26','cider-CptProcedureCode','2009-02-26','CptProcedureCode',NULL),(448,NULL,NULL,NULL,'id',NULL),(449,NULL,NULL,NULL,'name',NULL),(450,NULL,NULL,NULL,'shortName',NULL),(451,'2009-02-26','cider-ResearchOptOut','2009-02-26','ResearchOptOut',NULL);

/*Data for the table dyextn_asso_display_attr */

/*Data for the table dyextn_association */

insert into dyextn_association (IDENTIFIER,IS_COLLECTION,DIRECTION,TARGET_ENTITY_ID,SOURCE_ROLE_ID,TARGET_ROLE_ID,IS_SYSTEM_GENERATED) values (15,0,'SRC_DESTINATION',6,1,2,0),(24,0,'SRC_DESTINATION',16,3,4,0),(29,0,'SRC_DESTINATION',25,5,6,0),(34,0,'SRC_DESTINATION',10,7,8,0),(35,0,'SRC_DESTINATION',14,9,10,0),(41,0,'SRC_DESTINATION',37,11,12,0),(42,0,'SRC_DESTINATION',37,13,14,0),(47,0,'SRC_DESTINATION',43,15,16,0),(52,0,'SRC_DESTINATION',48,17,18,0),(57,0,'SRC_DESTINATION',53,19,20,0),(62,0,'SRC_DESTINATION',58,21,22,0),(66,0,'SRC_DESTINATION',36,23,24,0),(71,0,'SRC_DESTINATION',67,25,26,0),(76,0,'SRC_DESTINATION',72,27,28,0),(81,0,'SRC_DESTINATION',77,29,30,0),(99,0,'SRC_DESTINATION',37,31,32,0),(100,0,'SRC_DESTINATION',16,33,34,0),(101,0,'SRC_DESTINATION',58,35,36,0),(102,0,'SRC_DESTINATION',43,37,38,0),(103,0,'SRC_DESTINATION',37,39,40,0),(104,0,'SRC_DESTINATION',37,41,42,0),(109,0,'SRC_DESTINATION',105,43,44,0),(114,0,'SRC_DESTINATION',110,45,46,0),(115,0,'SRC_DESTINATION',33,47,48,0),(116,0,'SRC_DESTINATION',72,49,50,0),(117,0,'SRC_DESTINATION',30,51,52,0),(123,0,'SRC_DESTINATION',118,53,54,0),(128,0,'SRC_DESTINATION',124,55,56,0),(132,0,'SRC_DESTINATION',32,57,58,0),(141,0,'SRC_DESTINATION',137,59,60,0),(142,0,'SRC_DESTINATION',133,61,62,0),(143,0,'SRC_DESTINATION',118,63,64,0),(144,0,'SRC_DESTINATION',30,65,66,0),(145,0,'SRC_DESTINATION',72,67,68,0),(154,0,'SRC_DESTINATION',6,69,70,0),(155,0,'SRC_DESTINATION',6,71,72,0),(157,0,'SRC_DESTINATION',67,73,74,0),(164,0,'SRC_DESTINATION',160,75,76,0),(165,0,'SRC_DESTINATION',37,77,78,0),(169,0,'SRC_DESTINATION',159,79,80,0),(170,0,'SRC_DESTINATION',159,81,82,0),(171,0,'SRC_DESTINATION',158,83,84,0),(176,0,'SRC_DESTINATION',172,85,86,0),(182,0,'SRC_DESTINATION',177,87,88,0),(186,0,'SRC_DESTINATION',156,89,90,0),(191,0,'SRC_DESTINATION',187,91,92,0),(192,0,'SRC_DESTINATION',118,93,94,0),(193,0,'SRC_DESTINATION',67,95,96,0),(194,0,'SRC_DESTINATION',146,97,98,0),(197,0,'SRC_DESTINATION',135,99,100,0),(199,0,'SRC_DESTINATION',2,101,102,0),(200,0,'SRC_DESTINATION',14,103,104,0),(205,0,'SRC_DESTINATION',201,105,106,0),(210,0,'SRC_DESTINATION',206,107,108,0),(215,0,'SRC_DESTINATION',211,109,110,0),(220,0,'SRC_DESTINATION',216,111,112,0),(226,0,'SRC_DESTINATION',222,113,114,0),(227,0,'SRC_DESTINATION',6,115,116,0),(239,0,'SRC_DESTINATION',16,117,118,0),(244,0,'SRC_DESTINATION',240,119,120,0),(245,0,'SRC_DESTINATION',221,121,122,0),(247,0,'SRC_DESTINATION',16,123,124,0),(253,0,'SRC_DESTINATION',246,125,126,0),(258,0,'SRC_DESTINATION',254,127,128,0),(259,0,'SRC_DESTINATION',254,129,130,0),(261,0,'SRC_DESTINATION',14,131,132,0),(266,0,'SRC_DESTINATION',262,133,134,0),(271,0,'SRC_DESTINATION',267,135,136,0),(272,0,'SRC_DESTINATION',6,137,138,0),(273,0,'SRC_DESTINATION',6,139,140,0),(276,0,'SRC_DESTINATION',260,141,142,0),(281,0,'SRC_DESTINATION',277,143,144,0),(286,0,'SRC_DESTINATION',282,145,146,0),(291,0,'SRC_DESTINATION',287,147,148,0),(292,0,'SRC_DESTINATION',6,149,150,0),(293,0,'SRC_DESTINATION',6,151,152,0),(294,0,'SRC_DESTINATION',6,153,154,0),(295,0,'SRC_DESTINATION',6,155,156,0),(296,0,'SRC_DESTINATION',6,157,158,0),(305,0,'SRC_DESTINATION',6,159,160,0),(306,0,'SRC_DESTINATION',6,161,162,0),(307,0,'SRC_DESTINATION',6,163,164,0),(308,0,'SRC_DESTINATION',6,165,166,0),(309,0,'SRC_DESTINATION',6,167,168,0),(310,0,'SRC_DESTINATION',6,169,170,0),(311,0,'SRC_DESTINATION',6,171,172,0),(316,0,'SRC_DESTINATION',312,173,174,0),(321,0,'SRC_DESTINATION',317,175,176,0),(327,0,'SRC_DESTINATION',323,177,178,0),(332,0,'SRC_DESTINATION',328,179,180,0),(337,0,'SRC_DESTINATION',333,181,182,0),(338,0,'SRC_DESTINATION',6,183,184,0),(339,0,'SRC_DESTINATION',6,185,186,0),(342,0,'SRC_DESTINATION',322,187,188,0),(347,0,'SRC_DESTINATION',343,189,190,0),(352,0,'SRC_DESTINATION',348,191,192,0),(353,0,'SRC_DESTINATION',198,193,194,0),(355,0,'SRC_DESTINATION',118,195,196,0),(358,0,'SRC_DESTINATION',354,197,198,0),(359,0,'SRC_DESTINATION',118,199,200,0),(360,0,'SRC_DESTINATION',30,201,202,0),(361,0,'SRC_DESTINATION',133,203,204,0),(367,0,'SRC_DESTINATION',363,205,206,0),(372,0,'SRC_DESTINATION',368,207,208,0),(377,0,'SRC_DESTINATION',373,209,210,0),(382,0,'SRC_DESTINATION',378,211,212,0),(387,0,'SRC_DESTINATION',383,213,214,0),(395,0,'SRC_DESTINATION',16,215,216,0),(397,0,'SRC_DESTINATION',222,217,218,0),(398,0,'SRC_DESTINATION',30,219,220,0),(399,0,'SRC_DESTINATION',396,221,222,0),(400,0,'SRC_DESTINATION',396,223,224,0),(404,0,'SRC_DESTINATION',401,225,226,0),(410,0,'SRC_DESTINATION',406,227,228,0),(415,0,'SRC_DESTINATION',411,229,230,0),(420,0,'SRC_DESTINATION',416,231,232,0),(425,0,'SRC_DESTINATION',405,233,234,0),(430,0,'SRC_DESTINATION',426,235,236,0),(431,0,'SRC_DESTINATION',362,237,238,0),(432,0,'SRC_DESTINATION',135,239,240,0),(435,0,'SRC_DESTINATION',30,241,242,0);

/*Data for the table dyextn_attribute */

insert into dyextn_attribute (IDENTIFIER,ENTIY_ID) values (3,2),(4,2),(5,2),(7,6),(8,6),(9,6),(11,10),(12,10),(13,10),(15,14),(17,16),(18,16),(19,16),(20,16),(21,16),(22,16),(23,16),(24,14),(26,25),(27,25),(28,25),(29,14),(31,30),(34,33),(35,33),(38,37),(39,37),(40,37),(41,36),(42,36),(44,43),(45,43),(46,43),(47,36),(49,48),(50,48),(51,48),(52,36),(54,53),(55,53),(56,53),(57,36),(59,58),(60,58),(61,58),(62,36),(63,36),(64,36),(65,36),(66,33),(68,67),(69,67),(70,67),(71,33),(73,72),(74,72),(75,72),(76,33),(78,77),(79,77),(80,77),(81,33),(82,33),(83,33),(84,33),(85,33),(86,33),(87,33),(88,33),(89,33),(90,33),(91,33),(92,33),(93,33),(94,33),(95,33),(96,33),(97,33),(98,33),(99,33),(100,33),(101,33),(102,33),(103,33),(104,33),(106,105),(107,105),(108,105),(109,33),(111,110),(112,110),(113,110),(114,33),(115,32),(116,32),(117,32),(119,118),(120,118),(121,118),(122,118),(123,32),(125,124),(126,124),(127,124),(128,32),(129,32),(130,32),(131,32),(132,30),(134,133),(136,135),(138,137),(139,137),(140,137),(141,135),(142,135),(143,135),(144,135),(145,135),(147,146),(148,146),(149,146),(150,146),(151,146),(152,146),(153,146),(154,146),(155,146),(157,156),(161,160),(162,160),(163,160),(164,159),(165,159),(166,159),(167,159),(168,159),(169,158),(170,158),(171,156),(173,172),(174,172),(175,172),(176,156),(178,177),(179,177),(180,177),(181,177),(182,156),(183,156),(184,156),(185,156),(186,146),(188,187),(189,187),(190,187),(191,146),(192,146),(193,146),(194,135),(195,135),(196,135),(197,133),(199,198),(200,198),(202,201),(203,201),(204,201),(205,198),(207,206),(208,206),(209,206),(210,198),(212,211),(213,211),(214,211),(215,198),(217,216),(218,216),(219,216),(220,198),(223,222),(224,222),(225,222),(226,221),(227,221),(228,221),(229,221),(230,221),(231,221),(232,221),(233,221),(234,221),(235,221),(236,221),(237,221),(238,221),(239,221),(241,240),(242,240),(243,240),(244,221),(245,198),(247,246),(248,246),(249,246),(250,246),(251,246),(252,246),(253,198),(255,254),(256,254),(257,254),(258,198),(259,198),(261,260),(263,262),(264,262),(265,262),(266,260),(268,267),(269,267),(270,267),(271,260),(272,260),(273,260),(274,260),(275,260),(276,198),(278,277),(279,277),(280,277),(281,198),(283,282),(284,282),(285,282),(286,198),(288,287),(289,287),(290,287),(291,198),(292,198),(293,198),(294,198),(295,198),(296,198),(297,198),(298,198),(299,198),(300,198),(301,198),(302,198),(303,198),(304,198),(305,198),(306,198),(307,198),(308,198),(309,198),(310,198),(311,198),(313,312),(314,312),(315,312),(316,198),(318,317),(319,317),(320,317),(321,198),(324,323),(325,323),(326,323),(327,322),(329,328),(330,328),(331,328),(332,322),(334,333),(335,333),(336,333),(337,322),(338,322),(339,322),(340,322),(341,322),(342,198),(344,343),(345,343),(346,343),(347,198),(349,348),(350,348),(351,348),(352,198),(353,133),(355,354),(356,354),(357,354),(358,133),(359,133),(360,133),(361,30),(364,363),(365,363),(366,363),(367,362),(369,368),(370,368),(371,368),(372,362),(374,373),(375,373),(376,373),(377,362),(379,378),(380,378),(381,378),(382,362),(384,383),(385,383),(386,383),(387,362),(388,362),(389,362),(390,362),(391,362),(392,362),(393,362),(394,362),(395,362),(397,396),(398,396),(399,362),(400,362),(402,401),(403,401),(404,362),(407,406),(408,406),(409,406),(410,405),(412,411),(413,411),(414,411),(415,405),(417,416),(418,416),(419,416),(420,405),(421,405),(422,405),(423,405),(424,405),(425,362),(427,426),(428,426),(429,426),(430,362),(431,30),(432,30),(433,30),(434,30),(435,14),(436,14),(441,440),(442,440),(444,443),(445,443),(446,443),(448,447),(449,447),(450,447);

/*Data for the table dyextn_attribute_record */

/*Data for the table dyextn_attribute_type_info */

insert into dyextn_attribute_type_info (IDENTIFIER,PRIMITIVE_ATTRIBUTE_ID) values (1,3),(2,4),(3,5),(4,7),(5,8),(6,9),(7,11),(8,12),(9,13),(10,17),(11,18),(12,19),(13,20),(14,21),(15,22),(16,23),(17,26),(18,27),(19,28),(20,31),(21,38),(22,39),(23,40),(24,44),(25,45),(26,46),(27,49),(28,50),(29,51),(30,54),(31,55),(32,56),(33,59),(34,60),(35,61),(36,63),(37,64),(38,65),(39,68),(40,69),(41,70),(42,73),(43,74),(44,75),(45,78),(46,79),(47,80),(48,82),(49,83),(50,84),(51,85),(52,86),(53,87),(54,88),(55,89),(56,90),(57,91),(58,92),(59,93),(60,94),(61,95),(62,96),(63,97),(64,98),(65,106),(66,107),(67,108),(68,111),(69,112),(70,113),(71,119),(72,120),(73,121),(74,122),(75,125),(76,126),(77,127),(78,129),(79,130),(80,131),(81,134),(82,136),(83,138),(84,139),(85,140),(86,147),(87,148),(88,149),(89,150),(90,151),(91,152),(92,153),(93,161),(94,162),(95,163),(96,166),(97,167),(98,168),(99,173),(100,174),(101,175),(102,178),(103,179),(104,180),(105,181),(106,183),(107,184),(108,185),(109,188),(110,189),(111,190),(112,195),(113,196),(114,202),(115,203),(116,204),(117,207),(118,208),(119,209),(120,212),(121,213),(122,214),(123,217),(124,218),(125,219),(126,223),(127,224),(128,225),(129,228),(130,229),(131,230),(132,231),(133,232),(134,233),(135,234),(136,235),(137,236),(138,237),(139,238),(140,241),(141,242),(142,243),(143,248),(144,249),(145,250),(146,251),(147,252),(148,255),(149,256),(150,257),(151,263),(152,264),(153,265),(154,268),(155,269),(156,270),(157,274),(158,275),(159,278),(160,279),(161,280),(162,283),(163,284),(164,285),(165,288),(166,289),(167,290),(168,297),(169,298),(170,299),(171,300),(172,301),(173,302),(174,303),(175,304),(176,313),(177,314),(178,315),(179,318),(180,319),(181,320),(182,324),(183,325),(184,326),(185,329),(186,330),(187,331),(188,334),(189,335),(190,336),(191,340),(192,341),(193,344),(194,345),(195,346),(196,349),(197,350),(198,351),(199,356),(200,357),(201,364),(202,365),(203,366),(204,369),(205,370),(206,371),(207,374),(208,375),(209,376),(210,379),(211,380),(212,381),(213,384),(214,385),(215,386),(216,388),(217,389),(218,390),(219,391),(220,392),(221,393),(222,394),(223,402),(224,403),(225,407),(226,408),(227,409),(228,412),(229,413),(230,414),(231,417),(232,418),(233,419),(234,421),(235,422),(236,423),(237,424),(238,427),(239,428),(240,429),(241,433),(242,434),(243,436),(244,441),(245,442),(246,444),(247,445),(248,446),(249,448),(250,449),(251,450);

/*Data for the table dyextn_barr_concept_value */

/*Data for the table dyextn_base_abstract_attribute */

insert into dyextn_base_abstract_attribute (IDENTIFIER) values (3),(4),(5),(7),(8),(9),(11),(12),(13),(15),(17),(18),(19),(20),(21),(22),(23),(24),(26),(27),(28),(29),(31),(34),(35),(38),(39),(40),(41),(42),(44),(45),(46),(47),(49),(50),(51),(52),(54),(55),(56),(57),(59),(60),(61),(62),(63),(64),(65),(66),(68),(69),(70),(71),(73),(74),(75),(76),(78),(79),(80),(81),(82),(83),(84),(85),(86),(87),(88),(89),(90),(91),(92),(93),(94),(95),(96),(97),(98),(99),(100),(101),(102),(103),(104),(106),(107),(108),(109),(111),(112),(113),(114),(115),(116),(117),(119),(120),(121),(122),(123),(125),(126),(127),(128),(129),(130),(131),(132),(134),(136),(138),(139),(140),(141),(142),(143),(144),(145),(147),(148),(149),(150),(151),(152),(153),(154),(155),(157),(161),(162),(163),(164),(165),(166),(167),(168),(169),(170),(171),(173),(174),(175),(176),(178),(179),(180),(181),(182),(183),(184),(185),(186),(188),(189),(190),(191),(192),(193),(194),(195),(196),(197),(199),(200),(202),(203),(204),(205),(207),(208),(209),(210),(212),(213),(214),(215),(217),(218),(219),(220),(223),(224),(225),(226),(227),(228),(229),(230),(231),(232),(233),(234),(235),(236),(237),(238),(239),(241),(242),(243),(244),(245),(247),(248),(249),(250),(251),(252),(253),(255),(256),(257),(258),(259),(261),(263),(264),(265),(266),(268),(269),(270),(271),(272),(273),(274),(275),(276),(278),(279),(280),(281),(283),(284),(285),(286),(288),(289),(290),(291),(292),(293),(294),(295),(296),(297),(298),(299),(300),(301),(302),(303),(304),(305),(306),(307),(308),(309),(310),(311),(313),(314),(315),(316),(318),(319),(320),(321),(324),(325),(326),(327),(329),(330),(331),(332),(334),(335),(336),(337),(338),(339),(340),(341),(342),(344),(345),(346),(347),(349),(350),(351),(352),(353),(355),(356),(357),(358),(359),(360),(361),(364),(365),(366),(367),(369),(370),(371),(372),(374),(375),(376),(377),(379),(380),(381),(382),(384),(385),(386),(387),(388),(389),(390),(391),(392),(393),(394),(395),(397),(398),(399),(400),(402),(403),(404),(407),(408),(409),(410),(412),(413),(414),(415),(417),(418),(419),(420),(421),(422),(423),(424),(425),(427),(428),(429),(430),(431),(432),(433),(434),(435),(436),(441),(442),(444),(445),(446),(448),(449),(450);

/*Data for the table dyextn_boolean_concept_value */

/*Data for the table dyextn_boolean_type_info */

/*Data for the table dyextn_byte_array_type_info */

/*Data for the table dyextn_cadsr_value_domain_info */

/*Data for the table dyextn_cadsrde */

/*Data for the table dyextn_cat_asso_ctl */

/*Data for the table dyextn_category */

/*Data for the table dyextn_category_association */

/*Data for the table dyextn_category_attribute */

/*Data for the table dyextn_category_entity */

/*Data for the table dyextn_check_box */

/*Data for the table dyextn_column_properties */

insert into dyextn_column_properties (IDENTIFIER,PRIMITIVE_ATTRIBUTE_ID,CATEGORY_ATTRIBUTE_ID,CNSTR_KEY_PROP_ID) values (3,3,NULL,NULL),(4,4,NULL,NULL),(5,5,NULL,NULL),(8,7,NULL,NULL),(9,8,NULL,NULL),(10,9,NULL,NULL),(12,NULL,NULL,1),(14,11,NULL,NULL),(15,12,NULL,NULL),(16,13,NULL,NULL),(20,NULL,NULL,2),(23,17,NULL,NULL),(24,18,NULL,NULL),(25,19,NULL,NULL),(26,20,NULL,NULL),(27,21,NULL,NULL),(28,22,NULL,NULL),(29,23,NULL,NULL),(32,NULL,NULL,3),(34,26,NULL,NULL),(35,27,NULL,NULL),(36,28,NULL,NULL),(40,31,NULL,NULL),(50,NULL,NULL,4),(52,38,NULL,NULL),(53,39,NULL,NULL),(54,40,NULL,NULL),(58,NULL,NULL,5),(60,44,NULL,NULL),(61,45,NULL,NULL),(62,46,NULL,NULL),(65,NULL,NULL,6),(67,49,NULL,NULL),(68,50,NULL,NULL),(69,51,NULL,NULL),(72,NULL,NULL,7),(74,54,NULL,NULL),(75,55,NULL,NULL),(76,56,NULL,NULL),(79,NULL,NULL,8),(81,59,NULL,NULL),(82,60,NULL,NULL),(83,61,NULL,NULL),(85,63,NULL,NULL),(86,64,NULL,NULL),(87,65,NULL,NULL),(90,NULL,NULL,9),(92,68,NULL,NULL),(93,69,NULL,NULL),(94,70,NULL,NULL),(97,NULL,NULL,10),(99,73,NULL,NULL),(100,74,NULL,NULL),(101,75,NULL,NULL),(104,NULL,NULL,11),(106,78,NULL,NULL),(107,79,NULL,NULL),(108,80,NULL,NULL),(110,82,NULL,NULL),(111,83,NULL,NULL),(112,84,NULL,NULL),(113,85,NULL,NULL),(114,86,NULL,NULL),(115,87,NULL,NULL),(116,88,NULL,NULL),(117,89,NULL,NULL),(118,90,NULL,NULL),(119,91,NULL,NULL),(120,92,NULL,NULL),(121,93,NULL,NULL),(122,94,NULL,NULL),(123,95,NULL,NULL),(124,96,NULL,NULL),(125,97,NULL,NULL),(126,98,NULL,NULL),(134,NULL,NULL,12),(136,106,NULL,NULL),(137,107,NULL,NULL),(138,108,NULL,NULL),(141,NULL,NULL,13),(143,111,NULL,NULL),(144,112,NULL,NULL),(145,113,NULL,NULL),(150,NULL,NULL,14),(152,NULL,NULL,15),(154,119,NULL,NULL),(155,120,NULL,NULL),(156,121,NULL,NULL),(157,122,NULL,NULL),(160,NULL,NULL,16),(162,125,NULL,NULL),(163,126,NULL,NULL),(164,127,NULL,NULL),(166,129,NULL,NULL),(167,130,NULL,NULL),(168,131,NULL,NULL),(170,NULL,NULL,17),(173,134,NULL,NULL),(176,136,NULL,NULL),(178,NULL,NULL,18),(180,138,NULL,NULL),(181,139,NULL,NULL),(182,140,NULL,NULL),(184,NULL,NULL,19),(185,NULL,NULL,20),(187,NULL,NULL,21),(188,NULL,NULL,22),(190,NULL,NULL,23),(191,NULL,NULL,24),(193,NULL,NULL,25),(195,NULL,NULL,26),(196,NULL,NULL,27),(199,147,NULL,NULL),(200,148,NULL,NULL),(201,149,NULL,NULL),(202,150,NULL,NULL),(203,151,NULL,NULL),(204,152,NULL,NULL),(205,153,NULL,NULL),(217,161,NULL,NULL),(218,162,NULL,NULL),(219,163,NULL,NULL),(222,166,NULL,NULL),(223,167,NULL,NULL),(224,168,NULL,NULL),(229,NULL,NULL,28),(231,173,NULL,NULL),(232,174,NULL,NULL),(233,175,NULL,NULL),(236,NULL,NULL,29),(238,178,NULL,NULL),(239,179,NULL,NULL),(240,180,NULL,NULL),(241,181,NULL,NULL),(243,183,NULL,NULL),(244,184,NULL,NULL),(245,185,NULL,NULL),(248,NULL,NULL,30),(250,188,NULL,NULL),(251,189,NULL,NULL),(252,190,NULL,NULL),(257,NULL,NULL,31),(258,NULL,NULL,32),(259,195,NULL,NULL),(260,196,NULL,NULL),(262,NULL,NULL,33),(263,NULL,NULL,34),(269,NULL,NULL,35),(271,202,NULL,NULL),(272,203,NULL,NULL),(273,204,NULL,NULL),(276,NULL,NULL,36),(278,207,NULL,NULL),(279,208,NULL,NULL),(280,209,NULL,NULL),(283,NULL,NULL,37),(285,212,NULL,NULL),(286,213,NULL,NULL),(287,214,NULL,NULL),(290,NULL,NULL,38),(292,217,NULL,NULL),(293,218,NULL,NULL),(294,219,NULL,NULL),(299,NULL,NULL,39),(301,223,NULL,NULL),(302,224,NULL,NULL),(303,225,NULL,NULL),(306,NULL,NULL,40),(307,228,NULL,NULL),(308,229,NULL,NULL),(309,230,NULL,NULL),(310,231,NULL,NULL),(311,232,NULL,NULL),(312,233,NULL,NULL),(313,234,NULL,NULL),(314,235,NULL,NULL),(315,236,NULL,NULL),(316,237,NULL,NULL),(317,238,NULL,NULL),(320,NULL,NULL,41),(322,241,NULL,NULL),(323,242,NULL,NULL),(324,243,NULL,NULL),(330,248,NULL,NULL),(331,249,NULL,NULL),(332,250,NULL,NULL),(333,251,NULL,NULL),(334,252,NULL,NULL),(337,NULL,NULL,42),(339,255,NULL,NULL),(340,256,NULL,NULL),(341,257,NULL,NULL),(348,NULL,NULL,43),(350,263,NULL,NULL),(351,264,NULL,NULL),(352,265,NULL,NULL),(355,NULL,NULL,44),(357,268,NULL,NULL),(358,269,NULL,NULL),(359,270,NULL,NULL),(363,274,NULL,NULL),(364,275,NULL,NULL),(367,NULL,NULL,45),(369,278,NULL,NULL),(370,279,NULL,NULL),(371,280,NULL,NULL),(374,NULL,NULL,46),(376,283,NULL,NULL),(377,284,NULL,NULL),(378,285,NULL,NULL),(381,NULL,NULL,47),(383,288,NULL,NULL),(384,289,NULL,NULL),(385,290,NULL,NULL),(389,NULL,NULL,48),(391,NULL,NULL,49),(393,NULL,NULL,50),(395,NULL,NULL,51),(396,297,NULL,NULL),(397,298,NULL,NULL),(398,299,NULL,NULL),(399,300,NULL,NULL),(400,301,NULL,NULL),(401,302,NULL,NULL),(402,303,NULL,NULL),(403,304,NULL,NULL),(405,NULL,NULL,52),(407,NULL,NULL,53),(409,NULL,NULL,54),(411,NULL,NULL,55),(413,NULL,NULL,56),(415,NULL,NULL,57),(418,NULL,NULL,58),(420,313,NULL,NULL),(421,314,NULL,NULL),(422,315,NULL,NULL),(425,NULL,NULL,59),(427,318,NULL,NULL),(428,319,NULL,NULL),(429,320,NULL,NULL),(434,NULL,NULL,60),(436,324,NULL,NULL),(437,325,NULL,NULL),(438,326,NULL,NULL),(441,NULL,NULL,61),(443,329,NULL,NULL),(444,330,NULL,NULL),(445,331,NULL,NULL),(448,NULL,NULL,62),(450,334,NULL,NULL),(451,335,NULL,NULL),(452,336,NULL,NULL),(455,NULL,NULL,63),(457,NULL,NULL,64),(458,340,NULL,NULL),(459,341,NULL,NULL),(462,NULL,NULL,65),(464,344,NULL,NULL),(465,345,NULL,NULL),(466,346,NULL,NULL),(469,NULL,NULL,66),(471,349,NULL,NULL),(472,350,NULL,NULL),(473,351,NULL,NULL),(476,NULL,NULL,67),(477,NULL,NULL,68),(481,356,NULL,NULL),(482,357,NULL,NULL),(484,NULL,NULL,69),(485,NULL,NULL,70),(487,NULL,NULL,71),(488,NULL,NULL,72),(490,NULL,NULL,73),(492,NULL,NULL,74),(496,NULL,NULL,75),(498,364,NULL,NULL),(499,365,NULL,NULL),(500,366,NULL,NULL),(503,NULL,NULL,76),(505,369,NULL,NULL),(506,370,NULL,NULL),(507,371,NULL,NULL),(510,NULL,NULL,77),(512,374,NULL,NULL),(513,375,NULL,NULL),(514,376,NULL,NULL),(517,NULL,NULL,78),(519,379,NULL,NULL),(520,380,NULL,NULL),(521,381,NULL,NULL),(524,NULL,NULL,79),(526,384,NULL,NULL),(527,385,NULL,NULL),(528,386,NULL,NULL),(530,388,NULL,NULL),(531,389,NULL,NULL),(532,390,NULL,NULL),(533,391,NULL,NULL),(534,392,NULL,NULL),(535,393,NULL,NULL),(536,394,NULL,NULL),(546,402,NULL,NULL),(547,403,NULL,NULL),(552,NULL,NULL,80),(554,407,NULL,NULL),(555,408,NULL,NULL),(556,409,NULL,NULL),(559,NULL,NULL,81),(561,412,NULL,NULL),(562,413,NULL,NULL),(563,414,NULL,NULL),(566,NULL,NULL,82),(568,417,NULL,NULL),(569,418,NULL,NULL),(570,419,NULL,NULL),(572,421,NULL,NULL),(573,422,NULL,NULL),(574,423,NULL,NULL),(575,424,NULL,NULL),(578,NULL,NULL,83),(580,427,NULL,NULL),(581,428,NULL,NULL),(582,429,NULL,NULL),(585,NULL,NULL,84),(587,NULL,NULL,85),(588,433,NULL,NULL),(589,434,NULL,NULL),(591,NULL,NULL,86),(592,436,NULL,NULL),(601,441,NULL,NULL),(602,442,NULL,NULL),(604,NULL,NULL,87),(606,444,NULL,NULL),(607,445,NULL,NULL),(608,446,NULL,NULL),(610,NULL,NULL,88),(612,448,NULL,NULL),(613,449,NULL,NULL),(614,450,NULL,NULL);

/*Data for the table dyextn_combobox */

insert into dyextn_combobox (IDENTIFIER) values (33),(34),(39),(53),(54),(55),(56),(62),(63),(64),(65),(66),(79),(98),(99),(100),(109),(121),(122),(148),(149),(150),(151),(152),(153),(154),(155),(156),(157),(158),(159),(162),(163),(164),(165),(166),(167),(168),(169),(170),(171),(172),(173),(174),(175),(176),(177),(178),(179),(180),(188),(189),(190),(191),(192),(208),(209),(215),(221),(222),(223),(224),(225),(241),(242),(243),(244),(262),(263),(264),(265),(266),(267),(275),(276),(277),(278),(279),(280),(287),(288),(289),(290),(297),(304),(305),(306),(307),(308),(309),(322),(323),(324),(325),(326),(327),(328),(329),(330),(331),(332),(340),(341),(342),(343),(344),(345),(356),(357);

/*Data for the table dyextn_constraint_properties */

insert into dyextn_constraint_properties (IDENTIFIER,CONSTRAINT_NAME,ASSOCIATION_ID,CATEGORY_ASSOCIATION_ID,ABSTRACT_ENTITY_ID) values (1,'CONSRT_404',NULL,NULL,2),(6,'CONSRT_12',NULL,NULL,6),(11,'CONSRT_399',NULL,NULL,10),(17,'CONSRT_396',NULL,NULL,14),(19,'CONSRT_970',15,NULL,NULL),(21,'CONSRT_157',NULL,NULL,16),(30,'CONSRT_966',24,NULL,NULL),(31,'CONSRT_52',NULL,NULL,25),(37,'CONSRT_962',29,NULL,NULL),(38,'CONSRT_176',NULL,NULL,30),(41,'CONSRT_304',NULL,NULL,32),(43,'CONSRT_264',NULL,NULL,33),(45,'CONSRT_975',34,NULL,NULL),(46,'CONSRT_949',35,NULL,NULL),(47,'CONSRT_367',NULL,NULL,36),(49,'CONSRT_62',NULL,NULL,37),(55,'CONSRT_921',41,NULL,NULL),(56,'CONSRT_917',42,NULL,NULL),(57,'CONSRT_259',NULL,NULL,43),(63,'CONSRT_913',47,NULL,NULL),(64,'CONSRT_347',NULL,NULL,48),(70,'CONSRT_909',52,NULL,NULL),(71,'CONSRT_242',NULL,NULL,53),(77,'CONSRT_905',57,NULL,NULL),(78,'CONSRT_140',NULL,NULL,58),(84,'CONSRT_901',62,NULL,NULL),(88,'CONSRT_897',66,NULL,NULL),(89,'CONSRT_342',NULL,NULL,67),(95,'CONSRT_879',71,NULL,NULL),(96,'CONSRT_152',NULL,NULL,72),(102,'CONSRT_750',76,NULL,NULL),(103,'CONSRT_38',NULL,NULL,77),(109,'CONSRT_746',81,NULL,NULL),(127,'CONSRT_714',99,NULL,NULL),(128,'CONSRT_718',100,NULL,NULL),(129,'CONSRT_722',101,NULL,NULL),(130,'CONSRT_726',102,NULL,NULL),(131,'CONSRT_730',103,NULL,NULL),(132,'CONSRT_734',104,NULL,NULL),(133,'CONSRT_112',NULL,NULL,105),(139,'CONSRT_738',109,NULL,NULL),(140,'CONSRT_88',NULL,NULL,110),(146,'CONSRT_742',114,NULL,NULL),(147,'CONSRT_834',115,NULL,NULL),(148,'CONSRT_830',116,NULL,NULL),(149,'CONSRT_825',117,NULL,NULL),(151,'CONSRT_295',NULL,NULL,118),(158,'CONSRT_821',123,NULL,NULL),(159,'CONSRT_166',NULL,NULL,124),(165,'CONSRT_817',128,NULL,NULL),(169,'CONSRT_812',132,NULL,NULL),(171,'CONSRT_301',NULL,NULL,133),(174,'CONSRT_171',NULL,NULL,135),(177,'CONSRT_362',NULL,NULL,137),(183,'CONSRT_891',141,NULL,NULL),(186,'CONSRT_777',142,NULL,NULL),(189,'CONSRT_766',143,NULL,NULL),(192,'CONSRT_611',144,NULL,NULL),(194,'CONSRT_605',145,NULL,NULL),(197,'CONSRT_126',NULL,NULL,146),(206,'CONSRT_571',154,NULL,NULL),(207,'CONSRT_575',155,NULL,NULL),(208,'CONSRT_73',NULL,NULL,156),(210,'CONSRT_875',157,NULL,NULL),(211,'CONSRT_150',NULL,NULL,158),(213,'CONSRT_107',NULL,NULL,159),(215,'CONSRT_372',NULL,NULL,160),(220,'CONSRT_925',164,NULL,NULL),(221,'CONSRT_567',165,NULL,NULL),(225,'CONSRT_595',169,NULL,NULL),(226,'CONSRT_591',170,NULL,NULL),(227,'CONSRT_587',171,NULL,NULL),(228,'CONSRT_47',NULL,NULL,172),(234,'CONSRT_547',176,NULL,NULL),(235,'CONSRT_67',NULL,NULL,177),(242,'CONSRT_543',182,NULL,NULL),(246,'CONSRT_579',186,NULL,NULL),(247,'CONSRT_145',NULL,NULL,187),(253,'CONSRT_583',191,NULL,NULL),(254,'CONSRT_762',192,NULL,NULL),(255,'CONSRT_871',193,NULL,NULL),(256,'CONSRT_599',194,NULL,NULL),(261,'CONSRT_806',197,NULL,NULL),(264,'CONSRT_2',NULL,NULL,198),(266,'CONSRT_979',199,NULL,NULL),(267,'CONSRT_945',200,NULL,NULL),(268,'CONSRT_384',NULL,NULL,201),(274,'CONSRT_937',205,NULL,NULL),(275,'CONSRT_352',NULL,NULL,206),(281,'CONSRT_883',210,NULL,NULL),(282,'CONSRT_337',NULL,NULL,211),(288,'CONSRT_867',215,NULL,NULL),(289,'CONSRT_327',NULL,NULL,216),(295,'CONSRT_859',220,NULL,NULL),(296,'CONSRT_314',NULL,NULL,221),(298,'CONSRT_377',NULL,NULL,222),(304,'CONSRT_933',226,NULL,NULL),(305,'CONSRT_854',227,NULL,NULL),(318,'CONSRT_846',239,NULL,NULL),(319,'CONSRT_290',NULL,NULL,240),(325,'CONSRT_850',244,NULL,NULL),(326,'CONSRT_842',245,NULL,NULL),(327,'CONSRT_252',NULL,NULL,246),(329,'CONSRT_710',247,NULL,NULL),(335,'CONSRT_706',253,NULL,NULL),(336,'CONSRT_227',NULL,NULL,254),(342,'CONSRT_690',258,NULL,NULL),(343,'CONSRT_686',259,NULL,NULL),(344,'CONSRT_211',NULL,NULL,260),(346,'CONSRT_953',261,NULL,NULL),(347,'CONSRT_332',NULL,NULL,262),(353,'CONSRT_863',266,NULL,NULL),(354,'CONSRT_222',NULL,NULL,267),(360,'CONSRT_682',271,NULL,NULL),(361,'CONSRT_674',272,NULL,NULL),(362,'CONSRT_670',273,NULL,NULL),(365,'CONSRT_666',276,NULL,NULL),(366,'CONSRT_197',NULL,NULL,277),(372,'CONSRT_633',281,NULL,NULL),(373,'CONSRT_186',NULL,NULL,282),(379,'CONSRT_625',286,NULL,NULL),(380,'CONSRT_181',NULL,NULL,287),(386,'CONSRT_621',291,NULL,NULL),(387,'CONSRT_479',292,NULL,NULL),(388,'CONSRT_474',293,NULL,NULL),(390,'CONSRT_469',294,NULL,NULL),(392,'CONSRT_464',295,NULL,NULL),(394,'CONSRT_459',296,NULL,NULL),(404,'CONSRT_483',305,NULL,NULL),(406,'CONSRT_488',306,NULL,NULL),(408,'CONSRT_493',307,NULL,NULL),(410,'CONSRT_498',308,NULL,NULL),(412,'CONSRT_503',309,NULL,NULL),(414,'CONSRT_508',310,NULL,NULL),(416,'CONSRT_513',311,NULL,NULL),(417,'CONSRT_28',NULL,NULL,312),(423,'CONSRT_517',316,NULL,NULL),(424,'CONSRT_33',NULL,NULL,317),(430,'CONSRT_521',321,NULL,NULL),(431,'CONSRT_43',NULL,NULL,322),(433,'CONSRT_102',NULL,NULL,323),(439,'CONSRT_563',327,NULL,NULL),(440,'CONSRT_97',NULL,NULL,328),(446,'CONSRT_559',332,NULL,NULL),(447,'CONSRT_78',NULL,NULL,333),(453,'CONSRT_551',337,NULL,NULL),(454,'CONSRT_534',338,NULL,NULL),(456,'CONSRT_529',339,NULL,NULL),(460,'CONSRT_525',342,NULL,NULL),(461,'CONSRT_57',NULL,NULL,343),(467,'CONSRT_539',347,NULL,NULL),(468,'CONSRT_83',NULL,NULL,348),(474,'CONSRT_555',352,NULL,NULL),(475,'CONSRT_800',353,NULL,NULL),(478,'CONSRT_93',NULL,NULL,354),(480,'CONSRT_758',355,NULL,NULL),(483,'CONSRT_794',358,NULL,NULL),(486,'CONSRT_788',359,NULL,NULL),(489,'CONSRT_783',360,NULL,NULL),(491,'CONSRT_772',361,NULL,NULL),(493,'CONSRT_202',NULL,NULL,362),(495,'CONSRT_357',NULL,NULL,363),(501,'CONSRT_887',367,NULL,NULL),(502,'CONSRT_285',NULL,NULL,368),(508,'CONSRT_754',372,NULL,NULL),(509,'CONSRT_247',NULL,NULL,373),(515,'CONSRT_702',377,NULL,NULL),(516,'CONSRT_232',NULL,NULL,378),(522,'CONSRT_694',382,NULL,NULL),(523,'CONSRT_215',NULL,NULL,383),(529,'CONSRT_678',387,NULL,NULL),(537,'CONSRT_642',395,NULL,NULL),(538,'CONSRT_191',NULL,NULL,396),(540,'CONSRT_929',397,NULL,NULL),(541,'CONSRT_629',398,NULL,NULL),(542,'CONSRT_646',399,NULL,NULL),(543,'CONSRT_650',400,NULL,NULL),(544,'CONSRT_193',NULL,NULL,401),(548,'CONSRT_654',404,NULL,NULL),(549,'CONSRT_22',NULL,NULL,405),(551,'CONSRT_389',NULL,NULL,406),(557,'CONSRT_941',410,NULL,NULL),(558,'CONSRT_309',NULL,NULL,411),(564,'CONSRT_838',415,NULL,NULL),(565,'CONSRT_237',NULL,NULL,416),(571,'CONSRT_698',420,NULL,NULL),(576,'CONSRT_658',425,NULL,NULL),(577,'CONSRT_135',NULL,NULL,426),(583,'CONSRT_662',430,NULL,NULL),(584,'CONSRT_637',431,NULL,NULL),(586,'CONSRT_616',432,NULL,NULL),(590,'CONSRT_957',435,NULL,NULL),(593,'CONSRT_394',NULL,NULL,437),(595,'CONSRT_382',NULL,NULL,438),(597,'CONSRT_283',NULL,NULL,439),(599,'CONSRT_122',NULL,NULL,440),(603,'CONSRT_117',NULL,NULL,443),(609,'CONSRT_17',NULL,NULL,447),(615,'CONSRT_220',NULL,NULL,451);

/*Data for the table dyextn_constraintkey_prop */

insert into dyextn_constraintkey_prop (IDENTIFIER,PRIMARY_ATTRIBUTE_ID,SRC_CONSTRAINT_KEY_ID,TGT_CONSTRAINT_KEY_ID) values (1,7,11,NULL),(2,7,19,NULL),(3,7,31,NULL),(4,7,49,NULL),(5,7,57,NULL),(6,7,64,NULL),(7,7,71,NULL),(8,7,78,NULL),(9,7,89,NULL),(10,7,96,NULL),(11,7,103,NULL),(12,7,133,NULL),(13,7,140,NULL),(14,31,149,NULL),(15,7,151,NULL),(16,7,159,NULL),(17,31,NULL,169),(18,7,177,NULL),(19,119,NULL,183),(20,136,NULL,183),(21,119,NULL,186),(22,136,NULL,186),(23,119,NULL,189),(24,136,NULL,189),(25,31,192,NULL),(26,119,NULL,194),(27,136,NULL,194),(28,7,228,NULL),(29,7,235,NULL),(30,7,247,NULL),(31,119,NULL,256),(32,136,NULL,256),(33,119,NULL,261),(34,134,NULL,261),(35,7,268,NULL),(36,7,275,NULL),(37,7,282,NULL),(38,7,289,NULL),(39,7,298,NULL),(40,7,305,NULL),(41,7,319,NULL),(42,7,336,NULL),(43,7,347,NULL),(44,7,354,NULL),(45,7,366,NULL),(46,7,373,NULL),(47,7,380,NULL),(48,7,388,NULL),(49,7,390,NULL),(50,7,392,NULL),(51,7,394,NULL),(52,7,404,NULL),(53,7,406,NULL),(54,7,408,NULL),(55,7,410,NULL),(56,7,412,NULL),(57,7,414,NULL),(58,7,417,NULL),(59,7,424,NULL),(60,7,433,NULL),(61,7,440,NULL),(62,7,447,NULL),(63,7,454,NULL),(64,7,456,NULL),(65,7,461,NULL),(66,7,468,NULL),(67,119,NULL,475),(68,134,NULL,475),(69,119,NULL,483),(70,134,NULL,483),(71,119,NULL,486),(72,134,NULL,486),(73,31,489,NULL),(74,31,NULL,491),(75,7,495,NULL),(76,7,502,NULL),(77,7,509,NULL),(78,7,516,NULL),(79,7,523,NULL),(80,7,551,NULL),(81,7,558,NULL),(82,7,565,NULL),(83,7,577,NULL),(84,31,NULL,584),(85,31,NULL,586),(86,31,590,NULL),(87,7,603,NULL),(88,7,609,NULL);

/*Data for the table dyextn_container */

insert into dyextn_container (IDENTIFIER,BUTTON_CSS,CAPTION,ABSTRACT_ENTITY_ID,MAIN_TABLE_CSS,REQUIRED_FIELD_INDICATOR,REQUIRED_FIELD_WARNING_MESSAGE,TITLE_CSS,BASE_CONTAINER_ID,ADD_CAPTION,ENTITY_GROUP_ID,VIEW_ID) values (1,NULL,'MedicalEntityDictionary',6,NULL,'*','indicates required fields.',NULL,NULL,1,1,NULL),(2,NULL,'DiagnosisCodingMethod',328,NULL,'*','indicates required fields.',NULL,1,1,1,NULL),(3,NULL,'CaseIndicator',277,NULL,'*','indicates required fields.',NULL,1,1,1,NULL),(4,NULL,'VipIndicator',201,NULL,'*','indicates required fields.',NULL,1,1,1,NULL),(5,NULL,'UnitsOfMeasure',37,NULL,'*','indicates required fields.',NULL,1,1,1,NULL),(6,NULL,'Units',440,NULL,'*','indicates required fields.',NULL,NULL,1,1,NULL),(7,NULL,'SubstitutionStatus',105,NULL,'*','indicates required fields.',NULL,1,1,1,NULL),(8,NULL,'Status',67,NULL,'*','indicates required fields.',NULL,1,1,1,NULL),(9,NULL,'State',406,NULL,'*','indicates required fields.',NULL,1,1,1,NULL),(10,NULL,'SpecimenType',187,NULL,'*','indicates required fields.',NULL,1,1,1,NULL),(11,NULL,'Service',254,NULL,'*','indicates required fields.',NULL,1,1,1,NULL),(12,NULL,'ResultValue',158,NULL,'*','indicates required fields.',NULL,NULL,1,1,NULL),(13,NULL,'Result',159,NULL,'*','indicates required fields.',NULL,NULL,1,1,NULL),(14,NULL,'Religion',378,NULL,'*','indicates required fields.',NULL,1,1,1,NULL),(15,NULL,'RelationToPerson',222,NULL,'*','indicates required fields.',NULL,1,1,1,NULL),(16,NULL,'Race',383,NULL,'*','indicates required fields.',NULL,1,1,1,NULL),(17,NULL,'ProviderType',25,NULL,'*','indicates required fields.',NULL,1,1,1,NULL),(18,NULL,'Provider',14,NULL,'*','indicates required fields.',NULL,NULL,1,1,NULL),(19,NULL,'ProcedureCode',262,NULL,'*','indicates required fields.',NULL,1,1,1,NULL),(20,NULL,'Procedure',260,NULL,'*','indicates required fields.',NULL,NULL,1,1,NULL),(21,NULL,'Phone',401,NULL,'*','indicates required fields.',NULL,NULL,1,1,NULL),(22,NULL,'PersonName',16,NULL,'*','indicates required fields.',NULL,NULL,1,1,NULL),(23,NULL,'Person',30,NULL,'*','indicates required fields.',NULL,NULL,1,1,NULL),(24,NULL,'Demographics',362,NULL,'*','indicates required fields.',NULL,NULL,1,1,NULL),(25,NULL,'MaritalStatus',426,NULL,'*','indicates required fields.',NULL,1,1,1,NULL),(26,NULL,'Address',405,NULL,'*','indicates required fields.',NULL,NULL,1,1,NULL),(27,NULL,'Country',416,NULL,'*','indicates required fields.',NULL,1,1,1,NULL),(28,NULL,'AddressType',411,NULL,'*','indicates required fields.',NULL,1,1,1,NULL),(29,NULL,'EthnicOrigin',363,NULL,'*','indicates required fields.',NULL,1,1,1,NULL),(30,NULL,'Gender',368,NULL,'*','indicates required fields.',NULL,1,1,1,NULL),(31,NULL,'PatientType',317,NULL,'*','indicates required fields.',NULL,1,1,1,NULL),(32,NULL,'PatientLocation',2,NULL,'*','indicates required fields.',NULL,NULL,1,1,NULL),(33,NULL,'FrequencyWithModifier',10,NULL,'*','indicates required fields.',NULL,1,1,1,NULL),(34,NULL,'FrequencyModifier',77,NULL,'*','indicates required fields.',NULL,1,1,1,NULL),(35,NULL,'Frequency',110,NULL,'*','indicates required fields.',NULL,1,1,1,NULL),(36,NULL,'FinancialClass',216,NULL,'*','indicates required fields.',NULL,1,1,1,NULL),(37,NULL,'FacilityDischargeDisposition',211,NULL,'*','indicates required fields.',NULL,1,1,1,NULL),(38,NULL,'Facility',118,NULL,'*','indicates required fields.',NULL,1,1,1,NULL),(39,NULL,'EncounterDetails',198,NULL,'*','indicates required fields.',NULL,NULL,1,1,NULL),(40,NULL,'Encounter',133,NULL,'*','indicates required fields.',NULL,NULL,1,1,NULL),(41,NULL,'DischargeDisposition',348,NULL,'*','indicates required fields.',NULL,1,1,1,NULL),(42,NULL,'DiagnosticRelatedGroup',206,NULL,'*','indicates required fields.',NULL,1,1,1,NULL),(43,NULL,'AbnormalFlag',172,NULL,'*','indicates required fields.',NULL,1,1,1,NULL),(44,NULL,'AdvancedDirectiveExists',373,NULL,'*','indicates required fields.',NULL,1,1,1,NULL),(45,NULL,'Application',72,NULL,'*','indicates required fields.',NULL,1,1,1,NULL),(46,NULL,'AssociatedPerson',396,NULL,'*','indicates required fields.',NULL,NULL,1,1,NULL),(47,NULL,'ClinicalTrial',246,NULL,'*','indicates required fields.',NULL,NULL,1,1,NULL),(48,NULL,'CptProcedureCode',447,NULL,'*','indicates required fields.',NULL,1,1,1,NULL),(49,NULL,'Diagnosis',322,NULL,'*','indicates required fields.',NULL,NULL,1,1,NULL),(50,NULL,'DiagnosisCode',333,NULL,'*','indicates required fields.',NULL,1,1,1,NULL),(51,NULL,'DiagnosisType',323,NULL,'*','indicates required fields.',NULL,1,1,1,NULL),(52,NULL,'HipaaNotified',282,NULL,'*','indicates required fields.',NULL,1,1,1,NULL),(53,NULL,'Icd9ProcedureCode',443,NULL,'*','indicates required fields.',NULL,1,1,1,NULL),(54,NULL,'InfectionControlCode',287,NULL,'*','indicates required fields.',NULL,1,1,1,NULL),(55,NULL,'Insurance',221,NULL,'*','indicates required fields.',NULL,NULL,1,1,NULL),(56,NULL,'InsurancePlanType',240,NULL,'*','indicates required fields.',NULL,1,1,1,NULL),(57,NULL,'LaboratoryProcedure',135,NULL,'*','indicates required fields.',NULL,NULL,1,1,NULL),(58,NULL,'LaboratoryProcedureDetails',146,NULL,'*','indicates required fields.',NULL,NULL,1,1,NULL),(59,NULL,'LaboratoryProcedureType',137,NULL,'*','indicates required fields.',NULL,1,1,1,NULL),(60,NULL,'LaboratoryResult',156,NULL,'*','indicates required fields.',NULL,NULL,1,1,NULL),(61,NULL,'LaboratoryTestType',177,NULL,'*','indicates required fields.',NULL,1,1,1,NULL),(62,NULL,'MedicalRecordNumber',354,NULL,'*','indicates required fields.',NULL,NULL,1,1,NULL),(63,NULL,'Medication',124,NULL,'*','indicates required fields.',NULL,1,1,1,NULL),(64,NULL,'MedicationComponent',36,NULL,'*','indicates required fields.',NULL,NULL,1,1,NULL),(65,NULL,'MedicationComponentType',53,NULL,'*','indicates required fields.',NULL,1,1,1,NULL),(66,NULL,'MedicationForm',43,NULL,'*','indicates required fields.',NULL,1,1,1,NULL),(67,NULL,'MedicationIngredient',48,NULL,'*','indicates required fields.',NULL,1,1,1,NULL),(68,NULL,'MedicationOrder',32,NULL,'*','indicates required fields.',NULL,NULL,1,1,NULL),(69,NULL,'MedicationOrderDetails',33,NULL,'*','indicates required fields.',NULL,NULL,1,1,NULL),(70,NULL,'MedicationRoute',58,NULL,'*','indicates required fields.',NULL,1,1,1,NULL),(71,NULL,'NormalRange',160,NULL,'*','indicates required fields.',NULL,NULL,1,1,NULL),(72,NULL,'OptOutIndicator',343,NULL,'*','indicates required fields.',NULL,1,1,1,NULL),(73,NULL,'PatientClass',312,NULL,'*','indicates required fields.',NULL,1,1,1,NULL);

/*Data for the table dyextn_containment_control */

insert into dyextn_containment_control (IDENTIFIER) values (38),(83),(91),(95),(96),(97),(104),(108),(110),(111),(119),(120);

/*Data for the table dyextn_control */

insert into dyextn_control (IDENTIFIER,CAPTION,CSS_CLASS,HIDDEN,NAME,SEQUENCE_NUMBER,TOOLTIP,CONTAINER_ID,BASE_ABST_ATR_ID,READ_ONLY) values (1,'id',NULL,NULL,'id',3,NULL,1,7,0),(2,'name',NULL,NULL,'name',2,NULL,1,9,0),(3,'shortName',NULL,NULL,'shortName',1,NULL,1,8,0),(4,'shortName',NULL,NULL,'shortName',3,NULL,2,331,0),(5,'name',NULL,NULL,'name',2,NULL,2,330,0),(6,'id',NULL,NULL,'id',1,NULL,2,329,0),(7,'shortName',NULL,NULL,'shortName',3,NULL,3,280,0),(8,'name',NULL,NULL,'name',2,NULL,3,279,0),(9,'id',NULL,NULL,'id',1,NULL,3,278,0),(10,'shortName',NULL,NULL,'shortName',3,NULL,4,204,0),(11,'name',NULL,NULL,'name',2,NULL,4,203,0),(12,'id',NULL,NULL,'id',1,NULL,4,202,0),(13,'shortName',NULL,NULL,'shortName',3,NULL,5,40,0),(14,'name',NULL,NULL,'name',2,NULL,5,39,0),(15,'id',NULL,NULL,'id',1,NULL,5,38,0),(16,'sourceUnits',NULL,NULL,'sourceUnits',2,NULL,6,442,0),(17,'normalizedUnits',NULL,NULL,'normalizedUnits',1,NULL,6,441,0),(18,'shortName',NULL,NULL,'shortName',3,NULL,7,108,0),(19,'name',NULL,NULL,'name',2,NULL,7,107,0),(20,'id',NULL,NULL,'id',1,NULL,7,106,0),(21,'shortName',NULL,NULL,'shortName',3,NULL,8,70,0),(22,'name',NULL,NULL,'name',2,NULL,8,69,0),(23,'id',NULL,NULL,'id',1,NULL,8,68,0),(24,'shortName',NULL,NULL,'shortName',3,NULL,9,409,0),(25,'name',NULL,NULL,'name',2,NULL,9,408,0),(26,'id',NULL,NULL,'id',1,NULL,9,407,0),(27,'shortName',NULL,NULL,'shortName',3,NULL,10,190,0),(28,'name',NULL,NULL,'name',2,NULL,10,189,0),(29,'id',NULL,NULL,'id',1,NULL,10,188,0),(30,'shortName',NULL,NULL,'shortName',3,NULL,11,257,0),(31,'name',NULL,NULL,'name',2,NULL,11,256,0),(32,'id',NULL,NULL,'id',1,NULL,11,255,0),(33,'AssociationName_1',NULL,NULL,'AssociationName_1',2,NULL,12,170,0),(34,'AssociationName_2',NULL,NULL,'AssociationName_2',1,NULL,12,169,0),(35,'high',NULL,NULL,'high',5,NULL,13,168,0),(36,'low',NULL,NULL,'low',4,NULL,13,167,0),(37,'value',NULL,NULL,'value',3,NULL,13,166,0),(38,'AssociationName_1',NULL,NULL,'AssociationName_1',2,NULL,13,165,0),(39,'AssociationName_2',NULL,NULL,'AssociationName_2',1,NULL,13,164,0),(40,'shortName',NULL,NULL,'shortName',3,NULL,14,381,0),(41,'name',NULL,NULL,'name',2,NULL,14,380,0),(42,'id',NULL,NULL,'id',1,NULL,14,379,0),(43,'shortName',NULL,NULL,'shortName',3,NULL,15,225,0),(44,'name',NULL,NULL,'name',2,NULL,15,224,0),(45,'id',NULL,NULL,'id',1,NULL,15,223,0),(46,'shortName',NULL,NULL,'shortName',3,NULL,16,386,0),(47,'name',NULL,NULL,'name',2,NULL,16,385,0),(48,'id',NULL,NULL,'id',1,NULL,16,384,0),(49,'shortName',NULL,NULL,'shortName',3,NULL,17,28,0),(50,'name',NULL,NULL,'name',2,NULL,17,27,0),(51,'id',NULL,NULL,'id',1,NULL,17,26,0),(52,'facilityId',NULL,NULL,'facilityId',5,NULL,18,436,0),(53,'AssociationName_1',NULL,NULL,'AssociationName_1',4,NULL,18,435,0),(54,'AssociationName_2',NULL,NULL,'AssociationName_2',3,NULL,18,29,0),(55,'AssociationName_3',NULL,NULL,'AssociationName_3',2,NULL,18,24,0),(56,'AssociationName_4',NULL,NULL,'AssociationName_4',1,NULL,18,15,0),(57,'shortName',NULL,NULL,'shortName',3,NULL,19,265,0),(58,'name',NULL,NULL,'name',2,NULL,19,264,0),(59,'id',NULL,NULL,'id',1,NULL,19,263,0),(60,'date',NULL,NULL,'date',7,NULL,20,275,0),(61,'sequence',NULL,NULL,'sequence',6,NULL,20,274,0),(62,'AssociationName_1',NULL,NULL,'AssociationName_1',5,NULL,20,273,0),(63,'AssociationName_2',NULL,NULL,'AssociationName_2',4,NULL,20,272,0),(64,'AssociationName_3',NULL,NULL,'AssociationName_3',3,NULL,20,271,0),(65,'AssociationName_4',NULL,NULL,'AssociationName_4',2,NULL,20,266,0),(66,'AssociationName_5',NULL,NULL,'AssociationName_5',1,NULL,20,261,0),(67,'number',NULL,NULL,'number',2,NULL,21,403,0),(68,'type',NULL,NULL,'type',1,NULL,21,402,0),(69,'firstName',NULL,NULL,'firstName',7,NULL,22,23,0),(70,'middleName',NULL,NULL,'middleName',6,NULL,22,22,0),(71,'lastName',NULL,NULL,'lastName',5,NULL,22,21,0),(72,'lastNameCompressed',NULL,NULL,'lastNameCompressed',4,NULL,22,20,0),(73,'degree',NULL,NULL,'degree',3,NULL,22,19,0),(74,'prefix',NULL,NULL,'prefix',2,NULL,22,18,0),(75,'suffix',NULL,NULL,'suffix',1,NULL,22,17,0),(76,'activeUpiFlag',NULL,NULL,'activeUpiFlag',7,NULL,23,434,0),(77,'personUpi',NULL,NULL,'personUpi',6,NULL,23,31,0),(78,'researchOptOut',NULL,NULL,'researchOptOut',5,NULL,23,433,0),(79,'AssociationName_1',NULL,NULL,'AssociationName_1',4,NULL,23,432,0),(80,'shortName',NULL,NULL,'shortName',3,NULL,25,429,0),(81,'name',NULL,NULL,'name',2,NULL,25,428,0),(82,'id',NULL,NULL,'id',1,NULL,25,427,0),(83,'AssociationName_6',NULL,NULL,'AssociationName_6',18,NULL,24,430,0),(84,'line1',NULL,NULL,'line1',7,NULL,26,424,0),(85,'line2',NULL,NULL,'line2',6,NULL,26,423,0),(86,'city',NULL,NULL,'city',5,NULL,26,422,0),(87,'postalCode',NULL,NULL,'postalCode',4,NULL,26,421,0),(88,'shortName',NULL,NULL,'shortName',3,NULL,27,419,0),(89,'name',NULL,NULL,'name',2,NULL,27,418,0),(90,'id',NULL,NULL,'id',1,NULL,27,417,0),(91,'AssociationName_1',NULL,NULL,'AssociationName_1',3,NULL,26,420,0),(92,'shortName',NULL,NULL,'shortName',3,NULL,28,414,0),(93,'name',NULL,NULL,'name',2,NULL,28,413,0),(94,'id',NULL,NULL,'id',1,NULL,28,412,0),(95,'AssociationName_2',NULL,NULL,'AssociationName_2',2,NULL,26,415,0),(96,'AssociationName_3',NULL,NULL,'AssociationName_3',1,NULL,26,410,0),(97,'AssociationName_5',NULL,NULL,'AssociationName_5',17,NULL,24,425,0),(98,'AssociationName_4',NULL,NULL,'AssociationName_4',16,NULL,24,404,0),(99,'AssociationName_3',NULL,NULL,'AssociationName_3',15,NULL,24,400,0),(100,'AssociationName_2',NULL,NULL,'AssociationName_2',14,NULL,24,399,0),(101,'shortName',NULL,NULL,'shortName',3,NULL,29,366,0),(102,'name',NULL,NULL,'name',2,NULL,29,365,0),(103,'id',NULL,NULL,'id',1,NULL,29,364,0),(104,'AssociationName_11',NULL,NULL,'AssociationName_11',1,NULL,24,367,0),(105,'shortName',NULL,NULL,'shortName',3,NULL,30,371,0),(106,'name',NULL,NULL,'name',2,NULL,30,370,0),(107,'id',NULL,NULL,'id',1,NULL,30,369,0),(108,'AssociationName_10',NULL,NULL,'AssociationName_10',2,NULL,24,372,0),(109,'AssociationName_9',NULL,NULL,'AssociationName_9',3,NULL,24,377,0),(110,'AssociationName_8',NULL,NULL,'AssociationName_8',4,NULL,24,382,0),(111,'AssociationName_7',NULL,NULL,'AssociationName_7',5,NULL,24,387,0),(112,'dateOfBirth',NULL,NULL,'dateOfBirth',6,NULL,24,388,0),(113,'dateOfDeath',NULL,NULL,'dateOfDeath',7,NULL,24,389,0),(114,'mothersMaidenName',NULL,NULL,'mothersMaidenName',8,NULL,24,390,0),(115,'placeOfBirth',NULL,NULL,'placeOfBirth',9,NULL,24,391,0),(116,'socialSecurityNumber',NULL,NULL,'socialSecurityNumber',10,NULL,24,392,0),(117,'effectiveStartTimeStamp',NULL,NULL,'effectiveStartTimeStamp',11,NULL,24,393,0),(118,'effectiveEndTimeStamp',NULL,NULL,'effectiveEndTimeStamp',12,NULL,24,394,0),(119,'AssociationName_1',NULL,NULL,'AssociationName_1',13,NULL,24,395,0),(120,'AssociationName_2',NULL,NULL,'AssociationName_2',3,NULL,23,431,0),(121,'AssociationName_3',NULL,NULL,'AssociationName_3',2,NULL,23,361,0),(122,'AssociationName_4',NULL,NULL,'AssociationName_4',1,NULL,23,132,0),(123,'shortName',NULL,NULL,'shortName',3,NULL,31,320,0),(124,'name',NULL,NULL,'name',2,NULL,31,319,0),(125,'id',NULL,NULL,'id',1,NULL,31,318,0),(126,'location',NULL,NULL,'location',3,NULL,32,5,0),(127,'room',NULL,NULL,'room',2,NULL,32,4,0),(128,'bed',NULL,NULL,'bed',1,NULL,32,3,0),(129,'shortName',NULL,NULL,'shortName',3,NULL,33,13,0),(130,'name',NULL,NULL,'name',2,NULL,33,12,0),(131,'id',NULL,NULL,'id',1,NULL,33,11,0),(132,'shortName',NULL,NULL,'shortName',3,NULL,34,80,0),(133,'name',NULL,NULL,'name',2,NULL,34,79,0),(134,'id',NULL,NULL,'id',1,NULL,34,78,0),(135,'shortName',NULL,NULL,'shortName',3,NULL,35,113,0),(136,'name',NULL,NULL,'name',2,NULL,35,112,0),(137,'id',NULL,NULL,'id',1,NULL,35,111,0),(138,'shortName',NULL,NULL,'shortName',3,NULL,36,219,0),(139,'name',NULL,NULL,'name',2,NULL,36,218,0),(140,'id',NULL,NULL,'id',1,NULL,36,217,0),(141,'shortName',NULL,NULL,'shortName',3,NULL,37,214,0),(142,'name',NULL,NULL,'name',2,NULL,37,213,0),(143,'id',NULL,NULL,'id',1,NULL,37,212,0),(144,'initials',NULL,NULL,'initials',4,NULL,38,122,0),(145,'shortName',NULL,NULL,'shortName',3,NULL,38,121,0),(146,'name',NULL,NULL,'name',2,NULL,38,120,0),(147,'id',NULL,NULL,'id',1,NULL,38,119,0),(148,'AssociationName_17',NULL,NULL,'AssociationName_17',39,NULL,39,352,0),(149,'AssociationName_16',NULL,NULL,'AssociationName_16',38,NULL,39,347,0),(150,'AssociationName_15',NULL,NULL,'AssociationName_15',37,NULL,39,342,0),(151,'AssociationName_14',NULL,NULL,'AssociationName_14',36,NULL,39,321,0),(152,'AssociationName_13',NULL,NULL,'AssociationName_13',35,NULL,39,316,0),(153,'AssociationName_12',NULL,NULL,'AssociationName_12',34,NULL,39,311,0),(154,'AssociationName_11',NULL,NULL,'AssociationName_11',33,NULL,39,310,0),(155,'AssociationName_10',NULL,NULL,'AssociationName_10',32,NULL,39,309,0),(156,'AssociationName_9',NULL,NULL,'AssociationName_9',31,NULL,39,308,0),(157,'AssociationName_8',NULL,NULL,'AssociationName_8',30,NULL,39,307,0),(158,'AssociationName_7',NULL,NULL,'AssociationName_7',29,NULL,39,306,0),(159,'AssociationName_6',NULL,NULL,'AssociationName_6',28,NULL,39,305,0),(160,'ageAtEncounter',NULL,NULL,'ageAtEncounter',27,NULL,39,304,0),(161,'dischargeTimeStamp',NULL,NULL,'dischargeTimeStamp',26,NULL,39,303,0),(162,'AssociationName_19',NULL,NULL,'AssociationName_19',13,NULL,39,286,0),(163,'AssociationName_20',NULL,NULL,'AssociationName_20',12,NULL,39,281,0),(164,'AssociationName_21',NULL,NULL,'AssociationName_21',11,NULL,39,276,0),(165,'AssociationName_22',NULL,NULL,'AssociationName_22',10,NULL,39,259,0),(166,'AssociationName_23',NULL,NULL,'AssociationName_23',9,NULL,39,258,0),(167,'AssociationName_24',NULL,NULL,'AssociationName_24',8,NULL,39,253,0),(168,'AssociationName_25',NULL,NULL,'AssociationName_25',7,NULL,39,245,0),(169,'AssociationName_26',NULL,NULL,'AssociationName_26',6,NULL,39,220,0),(170,'AssociationName_27',NULL,NULL,'AssociationName_27',5,NULL,39,215,0),(171,'AssociationName_28',NULL,NULL,'AssociationName_28',4,NULL,39,210,0),(172,'AssociationName_29',NULL,NULL,'AssociationName_29',3,NULL,39,205,0),(173,'AssociationName_30',NULL,NULL,'AssociationName_30',2,NULL,39,200,0),(174,'AssociationName_31',NULL,NULL,'AssociationName_31',1,NULL,39,199,0),(175,'AssociationName_18',NULL,NULL,'AssociationName_18',14,NULL,39,291,0),(176,'AssociationName_5',NULL,NULL,'AssociationName_5',15,NULL,39,292,0),(177,'AssociationName_4',NULL,NULL,'AssociationName_4',16,NULL,39,293,0),(178,'AssociationName_3',NULL,NULL,'AssociationName_3',17,NULL,39,294,0),(179,'AssociationName_2',NULL,NULL,'AssociationName_2',18,NULL,39,295,0),(180,'AssociationName_1',NULL,NULL,'AssociationName_1',19,NULL,39,296,0),(181,'occupation',NULL,NULL,'occupation',20,NULL,39,297,0),(182,'employer',NULL,NULL,'employer',21,NULL,39,298,0),(183,'teachingTeam',NULL,NULL,'teachingTeam',22,NULL,39,299,0),(184,'registrationTimeStamp',NULL,NULL,'registrationTimeStamp',23,NULL,39,300,0),(185,'effectiveStartTimeStamp',NULL,NULL,'effectiveStartTimeStamp',24,NULL,39,301,0),(186,'effectiveEndTimeStamp',NULL,NULL,'effectiveEndTimeStamp',25,NULL,39,302,0),(187,'patientAccountNumber',NULL,NULL,'patientAccountNumber',6,NULL,40,134,0),(188,'AssociationName_1',NULL,NULL,'AssociationName_1',5,NULL,40,360,0),(189,'AssociationName_2',NULL,NULL,'AssociationName_2',4,NULL,40,359,0),(190,'AssociationName_3',NULL,NULL,'AssociationName_3',3,NULL,40,358,0),(191,'AssociationName_4',NULL,NULL,'AssociationName_4',2,NULL,40,353,0),(192,'AssociationName_5',NULL,NULL,'AssociationName_5',1,NULL,40,197,0),(193,'shortName',NULL,NULL,'shortName',3,NULL,41,351,0),(194,'name',NULL,NULL,'name',2,NULL,41,350,0),(195,'id',NULL,NULL,'id',1,NULL,41,349,0),(196,'shortName',NULL,NULL,'shortName',3,NULL,42,209,0),(197,'name',NULL,NULL,'name',2,NULL,42,208,0),(198,'id',NULL,NULL,'id',1,NULL,42,207,0),(199,'shortName',NULL,NULL,'shortName',3,NULL,43,175,0),(200,'name',NULL,NULL,'name',2,NULL,43,174,0),(201,'id',NULL,NULL,'id',1,NULL,43,173,0),(202,'shortName',NULL,NULL,'shortName',3,NULL,44,376,0),(203,'name',NULL,NULL,'name',2,NULL,44,375,0),(204,'id',NULL,NULL,'id',1,NULL,44,374,0),(205,'shortName',NULL,NULL,'shortName',3,NULL,45,75,0),(206,'name',NULL,NULL,'name',2,NULL,45,74,0),(207,'id',NULL,NULL,'id',1,NULL,45,73,0),(208,'AssociationName_1',NULL,NULL,'AssociationName_1',2,NULL,46,398,0),(209,'AssociationName_2',NULL,NULL,'AssociationName_2',1,NULL,46,397,0),(210,'endTimeStamp',NULL,NULL,'endTimeStamp',6,NULL,47,252,0),(211,'protocolId',NULL,NULL,'protocolId',5,NULL,47,251,0),(212,'startTimeStamp',NULL,NULL,'startTimeStamp',4,NULL,47,250,0),(213,'trailName',NULL,NULL,'trailName',3,NULL,47,249,0),(214,'trialId',NULL,NULL,'trialId',2,NULL,47,248,0),(215,'AssociationName_1',NULL,NULL,'AssociationName_1',1,NULL,47,247,0),(216,'shortName',NULL,NULL,'shortName',3,NULL,48,450,0),(217,'name',NULL,NULL,'name',2,NULL,48,449,0),(218,'id',NULL,NULL,'id',1,NULL,48,448,0),(219,'description',NULL,NULL,'description',7,NULL,49,341,0),(220,'sequence',NULL,NULL,'sequence',6,NULL,49,340,0),(221,'AssociationName_1',NULL,NULL,'AssociationName_1',5,NULL,49,339,0),(222,'AssociationName_2',NULL,NULL,'AssociationName_2',4,NULL,49,338,0),(223,'AssociationName_3',NULL,NULL,'AssociationName_3',3,NULL,49,337,0),(224,'AssociationName_4',NULL,NULL,'AssociationName_4',2,NULL,49,332,0),(225,'AssociationName_5',NULL,NULL,'AssociationName_5',1,NULL,49,327,0),(226,'shortName',NULL,NULL,'shortName',3,NULL,50,336,0),(227,'name',NULL,NULL,'name',2,NULL,50,335,0),(228,'id',NULL,NULL,'id',1,NULL,50,334,0),(229,'shortName',NULL,NULL,'shortName',3,NULL,51,326,0),(230,'name',NULL,NULL,'name',2,NULL,51,325,0),(231,'id',NULL,NULL,'id',1,NULL,51,324,0),(232,'shortName',NULL,NULL,'shortName',3,NULL,52,285,0),(233,'name',NULL,NULL,'name',2,NULL,52,284,0),(234,'id',NULL,NULL,'id',1,NULL,52,283,0),(235,'shortName',NULL,NULL,'shortName',3,NULL,53,446,0),(236,'name',NULL,NULL,'name',2,NULL,53,445,0),(237,'id',NULL,NULL,'id',1,NULL,53,444,0),(238,'shortName',NULL,NULL,'shortName',3,NULL,54,290,0),(239,'name',NULL,NULL,'name',2,NULL,54,289,0),(240,'id',NULL,NULL,'id',1,NULL,54,288,0),(241,'AssociationName_2',NULL,NULL,'AssociationName_2',15,NULL,55,244,0),(242,'AssociationName_1',NULL,NULL,'AssociationName_1',14,NULL,55,239,0),(243,'AssociationName_4',NULL,NULL,'AssociationName_4',1,NULL,55,226,0),(244,'AssociationName_3',NULL,NULL,'AssociationName_3',2,NULL,55,227,0),(245,'companyId',NULL,NULL,'companyId',3,NULL,55,228,0),(246,'groupName',NULL,NULL,'groupName',4,NULL,55,229,0),(247,'groupNumber',NULL,NULL,'groupNumber',5,NULL,55,230,0),(248,'insuredGroupEmpId',NULL,NULL,'insuredGroupEmpId',6,NULL,55,231,0),(249,'insuredGroupEmpName',NULL,NULL,'insuredGroupEmpName',7,NULL,55,232,0),(250,'planEffectiveDate',NULL,NULL,'planEffectiveDate',8,NULL,55,233,0),(251,'planExpirationDate',NULL,NULL,'planExpirationDate',9,NULL,55,234,0),(252,'planId',NULL,NULL,'planId',10,NULL,55,235,0),(253,'policyNumber',NULL,NULL,'policyNumber',11,NULL,55,236,0),(254,'preAdmitCert',NULL,NULL,'preAdmitCert',12,NULL,55,237,0),(255,'sequence',NULL,NULL,'sequence',13,NULL,55,238,0),(256,'shortName',NULL,NULL,'shortName',3,NULL,56,243,0),(257,'name',NULL,NULL,'name',2,NULL,56,242,0),(258,'id',NULL,NULL,'id',1,NULL,56,241,0),(259,'accessionNumber',NULL,NULL,'accessionNumber',9,NULL,57,196,0),(260,'patientAccountNumber',NULL,NULL,'patientAccountNumber',8,NULL,57,136,0),(261,'procedureSynonym',NULL,NULL,'procedureSynonym',7,NULL,57,195,0),(262,'AssociationName_1',NULL,NULL,'AssociationName_1',6,NULL,57,194,0),(263,'AssociationName_2',NULL,NULL,'AssociationName_2',5,NULL,57,145,0),(264,'AssociationName_3',NULL,NULL,'AssociationName_3',4,NULL,57,144,0),(265,'AssociationName_4',NULL,NULL,'AssociationName_4',3,NULL,57,143,0),(266,'AssociationName_5',NULL,NULL,'AssociationName_5',2,NULL,57,142,0),(267,'AssociationName_6',NULL,NULL,'AssociationName_6',1,NULL,57,141,0),(268,'ageAtProcedure',NULL,NULL,'ageAtProcedure',1,NULL,58,147,0),(269,'collectionTimestamp',NULL,NULL,'collectionTimestamp',2,NULL,58,148,0),(270,'effectiveEndTimeStamp',NULL,NULL,'effectiveEndTimeStamp',3,NULL,58,149,0),(271,'effectiveStartTimeStamp',NULL,NULL,'effectiveStartTimeStamp',4,NULL,58,150,0),(272,'lastResultTimestamp',NULL,NULL,'lastResultTimestamp',5,NULL,58,151,0),(273,'procedureComment',NULL,NULL,'procedureComment',6,NULL,58,152,0),(274,'receivedTimestamp',NULL,NULL,'receivedTimestamp',7,NULL,58,153,0),(275,'AssociationName_1',NULL,NULL,'AssociationName_1',8,NULL,58,154,0),(276,'AssociationName_2',NULL,NULL,'AssociationName_2',9,NULL,58,155,0),(277,'AssociationName_3',NULL,NULL,'AssociationName_3',10,NULL,58,186,0),(278,'AssociationName_4',NULL,NULL,'AssociationName_4',11,NULL,58,191,0),(279,'AssociationName_5',NULL,NULL,'AssociationName_5',12,NULL,58,192,0),(280,'AssociationName_6',NULL,NULL,'AssociationName_6',13,NULL,58,193,0),(281,'shortName',NULL,NULL,'shortName',3,NULL,59,140,0),(282,'name',NULL,NULL,'name',2,NULL,59,139,0),(283,'id',NULL,NULL,'id',1,NULL,59,138,0),(284,'resultComments',NULL,NULL,'resultComments',7,NULL,60,185,0),(285,'testSynonym',NULL,NULL,'testSynonym',6,NULL,60,184,0),(286,'resultTimeStamp',NULL,NULL,'resultTimeStamp',5,NULL,60,183,0),(287,'AssociationName_1',NULL,NULL,'AssociationName_1',4,NULL,60,182,0),(288,'AssociationName_2',NULL,NULL,'AssociationName_2',3,NULL,60,176,0),(289,'AssociationName_3',NULL,NULL,'AssociationName_3',2,NULL,60,171,0),(290,'AssociationName_4',NULL,NULL,'AssociationName_4',1,NULL,60,157,0),(291,'standardUnitOfMeasure',NULL,NULL,'standardUnitOfMeasure',4,NULL,61,181,0),(292,'shortName',NULL,NULL,'shortName',3,NULL,61,180,0),(293,'name',NULL,NULL,'name',2,NULL,61,179,0),(294,'id',NULL,NULL,'id',1,NULL,61,178,0),(295,'value',NULL,NULL,'value',3,NULL,62,357,0),(296,'type',NULL,NULL,'type',2,NULL,62,356,0),(297,'AssociationName_1',NULL,NULL,'AssociationName_1',1,NULL,62,355,0),(298,'shortName',NULL,NULL,'shortName',3,NULL,63,127,0),(299,'name',NULL,NULL,'name',2,NULL,63,126,0),(300,'id',NULL,NULL,'id',1,NULL,63,125,0),(301,'medicationText',NULL,NULL,'medicationText',9,NULL,64,65,0),(302,'strength',NULL,NULL,'strength',8,NULL,64,64,0),(303,'quantity',NULL,NULL,'quantity',7,NULL,64,63,0),(304,'AssociationName_1',NULL,NULL,'AssociationName_1',6,NULL,64,62,0),(305,'AssociationName_2',NULL,NULL,'AssociationName_2',5,NULL,64,57,0),(306,'AssociationName_3',NULL,NULL,'AssociationName_3',4,NULL,64,52,0),(307,'AssociationName_4',NULL,NULL,'AssociationName_4',3,NULL,64,47,0),(308,'AssociationName_5',NULL,NULL,'AssociationName_5',2,NULL,64,42,0),(309,'AssociationName_6',NULL,NULL,'AssociationName_6',1,NULL,64,41,0),(310,'shortName',NULL,NULL,'shortName',3,NULL,65,56,0),(311,'name',NULL,NULL,'name',2,NULL,65,55,0),(312,'id',NULL,NULL,'id',1,NULL,65,54,0),(313,'shortName',NULL,NULL,'shortName',3,NULL,66,46,0),(314,'name',NULL,NULL,'name',2,NULL,66,45,0),(315,'id',NULL,NULL,'id',1,NULL,66,44,0),(316,'shortName',NULL,NULL,'shortName',3,NULL,67,51,0),(317,'name',NULL,NULL,'name',2,NULL,67,50,0),(318,'id',NULL,NULL,'id',1,NULL,67,49,0),(319,'orderNumber',NULL,NULL,'orderNumber',8,NULL,68,131,0),(320,'patientAccountNumber',NULL,NULL,'patientAccountNumber',7,NULL,68,130,0),(321,'medicationSynonym',NULL,NULL,'medicationSynonym',6,NULL,68,129,0),(322,'AssociationName_1',NULL,NULL,'AssociationName_1',5,NULL,68,128,0),(323,'AssociationName_2',NULL,NULL,'AssociationName_2',4,NULL,68,123,0),(324,'AssociationName_3',NULL,NULL,'AssociationName_3',3,NULL,68,117,0),(325,'AssociationName_4',NULL,NULL,'AssociationName_4',2,NULL,68,116,0),(326,'AssociationName_5',NULL,NULL,'AssociationName_5',1,NULL,68,115,0),(327,'AssociationName_8',NULL,NULL,'AssociationName_8',31,NULL,69,114,0),(328,'AssociationName_7',NULL,NULL,'AssociationName_7',30,NULL,69,109,0),(329,'AssociationName_6',NULL,NULL,'AssociationName_6',29,NULL,69,104,0),(330,'AssociationName_5',NULL,NULL,'AssociationName_5',28,NULL,69,103,0),(331,'AssociationName_4',NULL,NULL,'AssociationName_4',27,NULL,69,102,0),(332,'AssociationName_3',NULL,NULL,'AssociationName_3',26,NULL,69,101,0),(333,'lastRefillDateTime',NULL,NULL,'lastRefillDateTime',13,NULL,69,88,0),(334,'numberOfRefills',NULL,NULL,'numberOfRefills',12,NULL,69,87,0),(335,'orderEndDateTime',NULL,NULL,'orderEndDateTime',11,NULL,69,86,0),(336,'orderStartDateTime',NULL,NULL,'orderStartDateTime',10,NULL,69,85,0),(337,'quantity',NULL,NULL,'quantity',9,NULL,69,84,0),(338,'quantityMaximum',NULL,NULL,'quantityMaximum',8,NULL,69,83,0),(339,'quantityMinimum',NULL,NULL,'quantityMinimum',7,NULL,69,82,0),(340,'AssociationName_9',NULL,NULL,'AssociationName_9',6,NULL,69,81,0),(341,'AssociationName_10',NULL,NULL,'AssociationName_10',5,NULL,69,76,0),(342,'AssociationName_11',NULL,NULL,'AssociationName_11',4,NULL,69,71,0),(343,'AssociationName_12',NULL,NULL,'AssociationName_12',3,NULL,69,66,0),(344,'AssociationName_13',NULL,NULL,'AssociationName_13',2,NULL,69,35,0),(345,'AssociationName_14',NULL,NULL,'AssociationName_14',1,NULL,69,34,0),(346,'infusionDuration',NULL,NULL,'infusionDuration',14,NULL,69,89,0),(347,'infusionAmount',NULL,NULL,'infusionAmount',15,NULL,69,90,0),(348,'explicitInterval',NULL,NULL,'explicitInterval',16,NULL,69,91,0),(349,'effectiveStartTimeStamp',NULL,NULL,'effectiveStartTimeStamp',17,NULL,69,92,0),(350,'effectiveEndTimeStamp',NULL,NULL,'effectiveEndTimeStamp',18,NULL,69,93,0),(351,'duration',NULL,NULL,'duration',19,NULL,69,94,0),(352,'specialDispensingInstructions',NULL,NULL,'specialDispensingInstructions',20,NULL,69,95,0),(353,'strength',NULL,NULL,'strength',21,NULL,69,96,0),(354,'infusionHangDuration',NULL,NULL,'infusionHangDuration',22,NULL,69,97,0),(355,'medicationComments',NULL,NULL,'medicationComments',23,NULL,69,98,0),(356,'AssociationName_1',NULL,NULL,'AssociationName_1',24,NULL,69,99,0),(357,'AssociationName_2',NULL,NULL,'AssociationName_2',25,NULL,69,100,0),(358,'shortName',NULL,NULL,'shortName',3,NULL,70,61,0),(359,'name',NULL,NULL,'name',2,NULL,70,60,0),(360,'id',NULL,NULL,'id',1,NULL,70,59,0),(361,'high',NULL,NULL,'high',3,NULL,71,163,0),(362,'low',NULL,NULL,'low',2,NULL,71,162,0),(363,'value',NULL,NULL,'value',1,NULL,71,161,0),(364,'shortName',NULL,NULL,'shortName',3,NULL,72,346,0),(365,'name',NULL,NULL,'name',2,NULL,72,345,0),(366,'id',NULL,NULL,'id',1,NULL,72,344,0),(367,'shortName',NULL,NULL,'shortName',3,NULL,73,315,0),(368,'name',NULL,NULL,'name',2,NULL,73,314,0),(369,'id',NULL,NULL,'id',1,NULL,73,313,0);

/*Data for the table dyextn_data_element */

/*Data for the table dyextn_data_grid */

/*Data for the table dyextn_database_properties */

insert into dyextn_database_properties (IDENTIFIER,NAME) values (1,NULL),(2,'DE_E_403'),(3,'DE_AT_407'),(4,'DE_AT_406'),(5,'DE_AT_405'),(6,NULL),(7,'DE_E_11'),(8,'DE_AT_13'),(9,'DE_AT_15'),(10,'DE_AT_14'),(11,NULL),(12,'DE_AT_408'),(13,'DE_E_398'),(14,'DE_AT_402'),(15,'DE_AT_401'),(16,'DE_AT_400'),(17,NULL),(18,'DE_E_395'),(19,'DE_AS_967'),(20,'DE_E_S_971'),(21,NULL),(22,'DE_E_156'),(23,'DE_AT_164'),(24,'DE_AT_163'),(25,'DE_AT_162'),(26,'DE_AT_161'),(27,'DE_AT_160'),(28,'DE_AT_159'),(29,'DE_AT_158'),(30,'DE_AS_963'),(31,NULL),(32,'DE_AT_437'),(33,'DE_E_51'),(34,'DE_AT_55'),(35,'DE_AT_54'),(36,'DE_AT_53'),(37,'DE_AS_959'),(38,NULL),(39,'DE_E_175'),(40,'DE_AT_178'),(41,NULL),(42,'DE_E_303'),(43,NULL),(44,'DE_E_263'),(45,'DE_AS_972'),(46,'DE_AS_946'),(47,NULL),(48,'DE_E_366'),(49,NULL),(50,'DE_AT_439'),(51,'DE_E_61'),(52,'DE_AT_65'),(53,'DE_AT_64'),(54,'DE_AT_63'),(55,'DE_AS_918'),(56,'DE_AS_914'),(57,NULL),(58,'DE_AT_424'),(59,'DE_E_258'),(60,'DE_AT_262'),(61,'DE_AT_261'),(62,'DE_AT_260'),(63,'DE_AS_910'),(64,NULL),(65,'DE_AT_415'),(66,'DE_E_346'),(67,'DE_AT_350'),(68,'DE_AT_349'),(69,'DE_AT_348'),(70,'DE_AS_906'),(71,NULL),(72,'DE_AT_454'),(73,'DE_E_241'),(74,'DE_AT_245'),(75,'DE_AT_244'),(76,'DE_AT_243'),(77,'DE_AS_902'),(78,NULL),(79,'DE_AT_442'),(80,'DE_E_139'),(81,'DE_AT_143'),(82,'DE_AT_142'),(83,'DE_AT_141'),(84,'DE_AS_898'),(85,'DE_AT_370'),(86,'DE_AT_369'),(87,'DE_AT_368'),(88,'DE_AS_894'),(89,NULL),(90,'DE_AT_416'),(91,'DE_E_341'),(92,'DE_AT_345'),(93,'DE_AT_344'),(94,'DE_AT_343'),(95,'DE_AS_876'),(96,NULL),(97,'DE_AT_444'),(98,'DE_E_151'),(99,'DE_AT_155'),(100,'DE_AT_154'),(101,'DE_AT_153'),(102,'DE_AS_747'),(103,NULL),(104,'DE_AT_435'),(105,'DE_E_37'),(106,'DE_AT_41'),(107,'DE_AT_40'),(108,'DE_AT_39'),(109,'DE_AS_743'),(110,'DE_AT_277'),(111,'DE_AT_276'),(112,'DE_AT_275'),(113,'DE_AT_274'),(114,'DE_AT_273'),(115,'DE_AT_272'),(116,'DE_AT_271'),(117,'DE_AT_270'),(118,'DE_AT_269'),(119,'DE_AT_268'),(120,'DE_AT_267'),(121,'DE_AT_266'),(122,'DE_AT_265'),(123,'DE_AT_278'),(124,'DE_AT_279'),(125,'DE_AT_280'),(126,'DE_AT_281'),(127,'DE_AS_711'),(128,'DE_AS_715'),(129,'DE_AS_719'),(130,'DE_AS_723'),(131,'DE_AS_727'),(132,'DE_AS_731'),(133,NULL),(134,'DE_AT_426'),(135,'DE_E_111'),(136,'DE_AT_115'),(137,'DE_AT_114'),(138,'DE_AT_113'),(139,'DE_AS_735'),(140,NULL),(141,'DE_AT_429'),(142,'DE_E_87'),(143,'DE_AT_91'),(144,'DE_AT_90'),(145,'DE_AT_89'),(146,'DE_AS_739'),(147,'DE_AS_831'),(148,'DE_AS_827'),(149,'DE_AS_822'),(150,'DE_E_S_826'),(151,NULL),(152,'DE_AT_421'),(153,'DE_E_294'),(154,'DE_AT_299'),(155,'DE_AT_298'),(156,'DE_AT_297'),(157,'DE_AT_296'),(158,'DE_AS_818'),(159,NULL),(160,'DE_AT_445'),(161,'DE_E_165'),(162,'DE_AT_169'),(163,'DE_AT_168'),(164,'DE_AT_167'),(165,'DE_AS_814'),(166,'DE_AT_307'),(167,'DE_AT_306'),(168,'DE_AT_305'),(169,'DE_AS_809'),(170,'DE_E_T_813'),(171,NULL),(172,'DE_E_300'),(173,'DE_AT_302'),(174,NULL),(175,'DE_E_170'),(176,'DE_AT_173'),(177,NULL),(178,'DE_AT_412'),(179,'DE_E_361'),(180,'DE_AT_365'),(181,'DE_AT_364'),(182,'DE_AT_363'),(183,'DE_AS_888'),(184,'DE_E_T_893'),(185,'DE_E_T_892'),(186,'DE_AS_774'),(187,'DE_E_T_779'),(188,'DE_E_T_778'),(189,'DE_AS_763'),(190,'DE_E_T_768'),(191,'DE_E_T_767'),(192,'DE_AS_608'),(193,'DE_E_S_612'),(194,'DE_AS_602'),(195,'DE_E_T_607'),(196,'DE_E_T_606'),(197,NULL),(198,'DE_E_125'),(199,'DE_AT_127'),(200,'DE_AT_128'),(201,'DE_AT_129'),(202,'DE_AT_130'),(203,'DE_AT_131'),(204,'DE_AT_132'),(205,'DE_AT_133'),(206,'DE_AS_568'),(207,'DE_AS_572'),(208,NULL),(209,'DE_E_72'),(210,'DE_AS_872'),(211,NULL),(212,'DE_E_149'),(213,NULL),(214,'DE_E_106'),(215,NULL),(216,'DE_E_371'),(217,'DE_AT_375'),(218,'DE_AT_374'),(219,'DE_AT_373'),(220,'DE_AS_922'),(221,'DE_AS_564'),(222,'DE_AT_110'),(223,'DE_AT_109'),(224,'DE_AT_108'),(225,'DE_AS_592'),(226,'DE_AS_588'),(227,'DE_AS_584'),(228,NULL),(229,'DE_AT_436'),(230,'DE_E_46'),(231,'DE_AT_50'),(232,'DE_AT_49'),(233,'DE_AT_48'),(234,'DE_AS_544'),(235,NULL),(236,'DE_AT_440'),(237,'DE_E_66'),(238,'DE_AT_71'),(239,'DE_AT_70'),(240,'DE_AT_69'),(241,'DE_AT_68'),(242,'DE_AS_540'),(243,'DE_AT_76'),(244,'DE_AT_75'),(245,'DE_AT_74'),(246,'DE_AS_576'),(247,NULL),(248,'DE_AT_443'),(249,'DE_E_144'),(250,'DE_AT_148'),(251,'DE_AT_147'),(252,'DE_AT_146'),(253,'DE_AS_580'),(254,'DE_AS_759'),(255,'DE_AS_868'),(256,'DE_AS_596'),(257,'DE_E_T_601'),(258,'DE_E_T_600'),(259,'DE_AT_174'),(260,'DE_AT_172'),(261,'DE_AS_803'),(262,'DE_E_T_808'),(263,'DE_E_T_807'),(264,NULL),(265,'DE_E_1'),(266,'DE_AS_976'),(267,'DE_AS_942'),(268,NULL),(269,'DE_AT_410'),(270,'DE_E_383'),(271,'DE_AT_387'),(272,'DE_AT_386'),(273,'DE_AT_385'),(274,'DE_AS_934'),(275,NULL),(276,'DE_AT_414'),(277,'DE_E_351'),(278,'DE_AT_355'),(279,'DE_AT_354'),(280,'DE_AT_353'),(281,'DE_AS_880'),(282,NULL),(283,'DE_AT_417'),(284,'DE_E_336'),(285,'DE_AT_340'),(286,'DE_AT_339'),(287,'DE_AT_338'),(288,'DE_AS_864'),(289,NULL),(290,'DE_AT_419'),(291,'DE_E_326'),(292,'DE_AT_330'),(293,'DE_AT_329'),(294,'DE_AT_328'),(295,'DE_AS_856'),(296,NULL),(297,'DE_E_313'),(298,NULL),(299,'DE_AT_411'),(300,'DE_E_376'),(301,'DE_AT_380'),(302,'DE_AT_379'),(303,'DE_AT_378'),(304,'DE_AS_930'),(305,'DE_AS_851'),(306,'DE_E_S_855'),(307,'DE_AT_315'),(308,'DE_AT_316'),(309,'DE_AT_317'),(310,'DE_AT_318'),(311,'DE_AT_319'),(312,'DE_AT_320'),(313,'DE_AT_321'),(314,'DE_AT_322'),(315,'DE_AT_323'),(316,'DE_AT_324'),(317,'DE_AT_325'),(318,'DE_AS_843'),(319,NULL),(320,'DE_AT_422'),(321,'DE_E_289'),(322,'DE_AT_293'),(323,'DE_AT_292'),(324,'DE_AT_291'),(325,'DE_AS_847'),(326,'DE_AS_839'),(327,NULL),(328,'DE_E_251'),(329,'DE_AS_707'),(330,'DE_AT_257'),(331,'DE_AT_256'),(332,'DE_AT_255'),(333,'DE_AT_254'),(334,'DE_AT_253'),(335,'DE_AS_703'),(336,NULL),(337,'DE_AT_451'),(338,'DE_E_226'),(339,'DE_AT_230'),(340,'DE_AT_229'),(341,'DE_AT_228'),(342,'DE_AS_687'),(343,'DE_AS_683'),(344,NULL),(345,'DE_E_210'),(346,'DE_AS_950'),(347,NULL),(348,'DE_AT_418'),(349,'DE_E_331'),(350,'DE_AT_335'),(351,'DE_AT_334'),(352,'DE_AT_333'),(353,'DE_AS_860'),(354,NULL),(355,'DE_AT_450'),(356,'DE_E_221'),(357,'DE_AT_225'),(358,'DE_AT_224'),(359,'DE_AT_223'),(360,'DE_AS_679'),(361,'DE_AS_671'),(362,'DE_AS_667'),(363,'DE_AT_213'),(364,'DE_AT_212'),(365,'DE_AS_663'),(366,NULL),(367,'DE_AT_448'),(368,'DE_E_196'),(369,'DE_AT_200'),(370,'DE_AT_199'),(371,'DE_AT_198'),(372,'DE_AS_630'),(373,NULL),(374,'DE_AT_447'),(375,'DE_E_185'),(376,'DE_AT_189'),(377,'DE_AT_188'),(378,'DE_AT_187'),(379,'DE_AS_622'),(380,NULL),(381,'DE_AT_446'),(382,'DE_E_180'),(383,'DE_AT_184'),(384,'DE_AT_183'),(385,'DE_AT_182'),(386,'DE_AS_618'),(387,'DE_AS_476'),(388,'DE_AS_471'),(389,'DE_E_S_475'),(390,'DE_AS_466'),(391,'DE_E_S_470'),(392,'DE_AS_461'),(393,'DE_E_S_465'),(394,'DE_AS_456'),(395,'DE_E_S_460'),(396,'DE_AT_10'),(397,'DE_AT_9'),(398,'DE_AT_8'),(399,'DE_AT_7'),(400,'DE_AT_6'),(401,'DE_AT_5'),(402,'DE_AT_4'),(403,'DE_AT_3'),(404,'DE_AS_480'),(405,'DE_E_S_484'),(406,'DE_AS_485'),(407,'DE_E_S_489'),(408,'DE_AS_490'),(409,'DE_E_S_494'),(410,'DE_AS_495'),(411,'DE_E_S_499'),(412,'DE_AS_500'),(413,'DE_E_S_504'),(414,'DE_AS_505'),(415,'DE_E_S_509'),(416,'DE_AS_510'),(417,NULL),(418,'DE_AT_433'),(419,'DE_E_27'),(420,'DE_AT_31'),(421,'DE_AT_30'),(422,'DE_AT_29'),(423,'DE_AS_514'),(424,NULL),(425,'DE_AT_434'),(426,'DE_E_32'),(427,'DE_AT_36'),(428,'DE_AT_35'),(429,'DE_AT_34'),(430,'DE_AS_518'),(431,NULL),(432,'DE_E_42'),(433,NULL),(434,'DE_AT_427'),(435,'DE_E_101'),(436,'DE_AT_105'),(437,'DE_AT_104'),(438,'DE_AT_103'),(439,'DE_AS_560'),(440,NULL),(441,'DE_AT_428'),(442,'DE_E_96'),(443,'DE_AT_100'),(444,'DE_AT_99'),(445,'DE_AT_98'),(446,'DE_AS_556'),(447,NULL),(448,'DE_AT_431'),(449,'DE_E_77'),(450,'DE_AT_81'),(451,'DE_AT_80'),(452,'DE_AT_79'),(453,'DE_AS_548'),(454,'DE_AS_531'),(455,'DE_E_S_535'),(456,'DE_AS_526'),(457,'DE_E_S_530'),(458,'DE_AT_45'),(459,'DE_AT_44'),(460,'DE_AS_522'),(461,NULL),(462,'DE_AT_438'),(463,'DE_E_56'),(464,'DE_AT_60'),(465,'DE_AT_59'),(466,'DE_AT_58'),(467,'DE_AS_536'),(468,NULL),(469,'DE_AT_430'),(470,'DE_E_82'),(471,'DE_AT_86'),(472,'DE_AT_85'),(473,'DE_AT_84'),(474,'DE_AS_552'),(475,'DE_AS_797'),(476,'DE_E_T_802'),(477,'DE_E_T_801'),(478,NULL),(479,'DE_E_92'),(480,'DE_AS_755'),(481,'DE_AT_95'),(482,'DE_AT_94'),(483,'DE_AS_791'),(484,'DE_E_T_796'),(485,'DE_E_T_795'),(486,'DE_AS_785'),(487,'DE_E_T_790'),(488,'DE_E_T_789'),(489,'DE_AS_780'),(490,'DE_E_S_784'),(491,'DE_AS_769'),(492,'DE_E_T_773'),(493,NULL),(494,'DE_E_201'),(495,NULL),(496,'DE_AT_413'),(497,'DE_E_356'),(498,'DE_AT_360'),(499,'DE_AT_359'),(500,'DE_AT_358'),(501,'DE_AS_884'),(502,NULL),(503,'DE_AT_423'),(504,'DE_E_284'),(505,'DE_AT_288'),(506,'DE_AT_287'),(507,'DE_AT_286'),(508,'DE_AS_751'),(509,NULL),(510,'DE_AT_455'),(511,'DE_E_246'),(512,'DE_AT_250'),(513,'DE_AT_249'),(514,'DE_AT_248'),(515,'DE_AS_699'),(516,NULL),(517,'DE_AT_452'),(518,'DE_E_231'),(519,'DE_AT_235'),(520,'DE_AT_234'),(521,'DE_AT_233'),(522,'DE_AS_691'),(523,NULL),(524,'DE_AT_449'),(525,'DE_E_214'),(526,'DE_AT_218'),(527,'DE_AT_217'),(528,'DE_AT_216'),(529,'DE_AS_675'),(530,'DE_AT_203'),(531,'DE_AT_204'),(532,'DE_AT_205'),(533,'DE_AT_206'),(534,'DE_AT_207'),(535,'DE_AT_208'),(536,'DE_AT_209'),(537,'DE_AS_639'),(538,NULL),(539,'DE_E_190'),(540,'DE_AS_926'),(541,'DE_AS_626'),(542,'DE_AS_643'),(543,'DE_AS_647'),(544,NULL),(545,'DE_E_192'),(546,'DE_AT_195'),(547,'DE_AT_194'),(548,'DE_AS_651'),(549,NULL),(550,'DE_E_21'),(551,NULL),(552,'DE_AT_409'),(553,'DE_E_388'),(554,'DE_AT_392'),(555,'DE_AT_391'),(556,'DE_AT_390'),(557,'DE_AS_938'),(558,NULL),(559,'DE_AT_420'),(560,'DE_E_308'),(561,'DE_AT_312'),(562,'DE_AT_311'),(563,'DE_AT_310'),(564,'DE_AS_835'),(565,NULL),(566,'DE_AT_453'),(567,'DE_E_236'),(568,'DE_AT_240'),(569,'DE_AT_239'),(570,'DE_AT_238'),(571,'DE_AS_695'),(572,'DE_AT_26'),(573,'DE_AT_25'),(574,'DE_AT_24'),(575,'DE_AT_23'),(576,'DE_AS_655'),(577,NULL),(578,'DE_AT_441'),(579,'DE_E_134'),(580,'DE_AT_138'),(581,'DE_AT_137'),(582,'DE_AT_136'),(583,'DE_AS_659'),(584,'DE_AS_634'),(585,'DE_E_T_638'),(586,'DE_AS_613'),(587,'DE_E_T_617'),(588,'DE_AT_179'),(589,'DE_AT_177'),(590,'DE_AS_954'),(591,'DE_E_S_958'),(592,'DE_AT_397'),(593,NULL),(594,'DE_E_393'),(595,NULL),(596,'DE_E_381'),(597,NULL),(598,'DE_E_282'),(599,NULL),(600,'DE_E_121'),(601,'DE_AT_124'),(602,'DE_AT_123'),(603,NULL),(604,'DE_AT_425'),(605,'DE_E_116'),(606,'DE_AT_120'),(607,'DE_AT_119'),(608,'DE_AT_118'),(609,NULL),(610,'DE_AT_432'),(611,'DE_E_16'),(612,'DE_AT_20'),(613,'DE_AT_19'),(614,'DE_AT_18'),(615,NULL),(616,'DE_E_219');

/*Data for the table dyextn_date_concept_value */

insert into dyextn_date_concept_value (IDENTIFIER,VALUE) values (36,NULL),(37,NULL),(38,NULL),(41,NULL),(42,NULL),(63,NULL),(64,NULL),(65,NULL),(66,NULL),(68,NULL),(76,NULL),(98,NULL),(99,NULL),(107,NULL),(109,NULL),(116,NULL),(126,NULL),(127,NULL),(128,NULL),(129,NULL),(157,NULL),(158,NULL),(162,NULL),(163,NULL);

/*Data for the table dyextn_date_type_info */

insert into dyextn_date_type_info (IDENTIFIER,FORMAT) values (51,'MM-dd-yyyy'),(52,'MM-dd-yyyy'),(54,'MM-dd-yyyy'),(58,'MM-dd-yyyy HH:mm'),(59,'MM-dd-yyyy HH:mm'),(87,'MM-dd-yyyy HH:mm'),(88,'MM-dd-yyyy HH:mm'),(89,'MM-dd-yyyy HH:mm'),(90,'MM-dd-yyyy HH:mm'),(92,'MM-dd-yyyy HH:mm'),(106,'MM-dd-yyyy HH:mm'),(134,'MM-dd-yyyy'),(135,'MM-dd-yyyy'),(145,'MM-dd-yyyy HH:mm'),(147,'MM-dd-yyyy HH:mm'),(158,'MM-dd-yyyy'),(171,'MM-dd-yyyy HH:mm'),(172,'MM-dd-yyyy HH:mm'),(173,'MM-dd-yyyy HH:mm'),(174,'MM-dd-yyyy HH:mm'),(216,'MM-dd-yyyy'),(217,'MM-dd-yyyy'),(221,'MM-dd-yyyy HH:mm'),(222,'MM-dd-yyyy HH:mm');

/*Data for the table dyextn_datepicker */

insert into dyextn_datepicker (IDENTIFIER,DATE_VALUE_TYPE) values (60,NULL),(112,NULL),(113,NULL),(117,NULL),(118,NULL),(161,NULL),(184,NULL),(185,NULL),(186,NULL),(210,NULL),(212,NULL),(250,NULL),(251,NULL),(269,NULL),(270,NULL),(271,NULL),(272,NULL),(274,NULL),(286,NULL),(333,NULL),(335,NULL),(336,NULL),(349,NULL),(350,NULL);

/*Data for the table dyextn_double_concept_value */

/*Data for the table dyextn_double_type_info */

insert into dyextn_double_type_info (IDENTIFIER) values (36),(37),(48),(49),(53),(56),(62),(86),(94),(95),(97),(98),(139),(157),(175),(191);

/*Data for the table dyextn_entity */

insert into dyextn_entity (IDENTIFIER,DATA_TABLE_STATE,ENTITY_GROUP_ID,IS_ABSTRACT,PARENT_ENTITY_ID,INHERITANCE_STRATEGY,DISCRIMINATOR_COLUMN_NAME,DISCRIMINATOR_VALUE) values (2,2,1,0,NULL,3,NULL,NULL),(6,2,1,1,NULL,3,NULL,NULL),(10,2,1,0,6,3,NULL,NULL),(14,2,1,0,NULL,3,NULL,NULL),(16,2,1,0,NULL,3,NULL,NULL),(25,2,1,0,6,3,NULL,NULL),(30,2,1,0,NULL,3,NULL,NULL),(32,2,1,0,NULL,3,NULL,NULL),(33,2,1,0,NULL,3,NULL,NULL),(36,2,1,0,NULL,3,NULL,NULL),(37,2,1,0,6,3,NULL,NULL),(43,2,1,0,6,3,NULL,NULL),(48,2,1,0,6,3,NULL,NULL),(53,2,1,0,6,3,NULL,NULL),(58,2,1,0,6,3,NULL,NULL),(67,2,1,0,6,3,NULL,NULL),(72,2,1,0,6,3,NULL,NULL),(77,2,1,0,6,3,NULL,NULL),(105,2,1,0,6,3,NULL,NULL),(110,2,1,0,6,3,NULL,NULL),(118,2,1,0,6,3,NULL,NULL),(124,2,1,0,6,3,NULL,NULL),(133,2,1,0,NULL,3,NULL,NULL),(135,2,1,0,NULL,3,NULL,NULL),(137,2,1,0,6,3,NULL,NULL),(146,2,1,0,NULL,3,NULL,NULL),(156,2,1,0,NULL,3,NULL,NULL),(158,2,1,0,NULL,3,NULL,NULL),(159,2,1,0,NULL,3,NULL,NULL),(160,2,1,0,NULL,3,NULL,NULL),(172,2,1,0,6,3,NULL,NULL),(177,2,1,0,6,3,NULL,NULL),(187,2,1,0,6,3,NULL,NULL),(198,2,1,0,NULL,3,NULL,NULL),(201,2,1,0,6,3,NULL,NULL),(206,2,1,0,6,3,NULL,NULL),(211,2,1,0,6,3,NULL,NULL),(216,2,1,0,6,3,NULL,NULL),(221,2,1,0,NULL,3,NULL,NULL),(222,2,1,0,6,3,NULL,NULL),(240,2,1,0,6,3,NULL,NULL),(246,2,1,0,NULL,3,NULL,NULL),(254,2,1,0,6,3,NULL,NULL),(260,2,1,0,NULL,3,NULL,NULL),(262,2,1,0,6,3,NULL,NULL),(267,2,1,0,6,3,NULL,NULL),(277,2,1,0,6,3,NULL,NULL),(282,2,1,0,6,3,NULL,NULL),(287,2,1,0,6,3,NULL,NULL),(312,2,1,0,6,3,NULL,NULL),(317,2,1,0,6,3,NULL,NULL),(322,2,1,0,NULL,3,NULL,NULL),(323,2,1,0,6,3,NULL,NULL),(328,2,1,0,6,3,NULL,NULL),(333,2,1,0,6,3,NULL,NULL),(343,2,1,0,6,3,NULL,NULL),(348,2,1,0,6,3,NULL,NULL),(354,2,1,0,NULL,3,NULL,NULL),(362,2,1,0,NULL,3,NULL,NULL),(363,2,1,0,6,3,NULL,NULL),(368,2,1,0,6,3,NULL,NULL),(373,2,1,0,6,3,NULL,NULL),(378,2,1,0,6,3,NULL,NULL),(383,2,1,0,6,3,NULL,NULL),(396,2,1,0,NULL,3,NULL,NULL),(401,2,1,0,NULL,3,NULL,NULL),(405,2,1,0,NULL,3,NULL,NULL),(406,2,1,0,6,3,NULL,NULL),(411,2,1,0,6,3,NULL,NULL),(416,2,1,0,6,3,NULL,NULL),(426,2,1,0,6,3,NULL,NULL),(437,2,1,0,NULL,3,NULL,NULL),(438,2,1,0,NULL,3,NULL,NULL),(439,2,1,0,NULL,3,NULL,NULL),(440,2,1,0,NULL,3,NULL,NULL),(443,2,1,0,6,3,NULL,NULL),(447,2,1,0,6,3,NULL,NULL),(451,2,1,0,NULL,3,NULL,NULL);

/*Data for the table dyextn_entity_group */

insert into dyextn_entity_group (IDENTIFIER,LONG_NAME,SHORT_NAME,VERSION,IS_SYSTEM_GENERATED) values (1,'cider','cider',NULL,0);

/*Data for the table dyextn_entity_map */

/*Data for the table dyextn_entity_map_condns */

/*Data for the table dyextn_entity_map_record */

/*Data for the table dyextn_file_extensions */

/*Data for the table dyextn_file_type_info */

/*Data for the table dyextn_file_upload */

/*Data for the table dyextn_float_concept_value */

/*Data for the table dyextn_float_type_info */

/*Data for the table dyextn_form_context */

/*Data for the table dyextn_id_generator */

insert into dyextn_id_generator (id,next_available_id) values (1,980);

/*Data for the table dyextn_integer_concept_value */

/*Data for the table dyextn_integer_type_info */

insert into dyextn_integer_type_info (IDENTIFIER) values (4),(7),(17),(21),(24),(27),(30),(33),(39),(42),(45),(65),(68),(71),(75),(83),(99),(102),(109),(114),(117),(120),(123),(126),(140),(148),(151),(154),(159),(162),(165),(176),(179),(182),(185),(188),(193),(196),(201),(204),(207),(210),(213),(225),(228),(231),(238),(246),(249);

/*Data for the table dyextn_list_box */

/*Data for the table dyextn_long_concept_value */

/*Data for the table dyextn_long_type_info */

/*Data for the table dyextn_numeric_type_info */

insert into dyextn_numeric_type_info (IDENTIFIER,MEASUREMENT_UNITS,DECIMAL_PLACES,NO_DIGITS) values (4,NULL,0,NULL),(7,NULL,0,NULL),(17,NULL,0,NULL),(21,NULL,0,NULL),(24,NULL,0,NULL),(27,NULL,0,NULL),(30,NULL,0,NULL),(33,NULL,0,NULL),(36,NULL,15,NULL),(37,NULL,15,NULL),(39,NULL,0,NULL),(42,NULL,0,NULL),(45,NULL,0,NULL),(48,NULL,15,NULL),(49,NULL,15,NULL),(53,NULL,15,NULL),(56,NULL,15,NULL),(62,NULL,15,NULL),(65,NULL,0,NULL),(68,NULL,0,NULL),(71,NULL,0,NULL),(75,NULL,0,NULL),(83,NULL,0,NULL),(86,NULL,15,NULL),(94,NULL,15,NULL),(95,NULL,15,NULL),(97,NULL,15,NULL),(98,NULL,15,NULL),(99,NULL,0,NULL),(102,NULL,0,NULL),(109,NULL,0,NULL),(114,NULL,0,NULL),(117,NULL,0,NULL),(120,NULL,0,NULL),(123,NULL,0,NULL),(126,NULL,0,NULL),(139,NULL,15,NULL),(140,NULL,0,NULL),(148,NULL,0,NULL),(151,NULL,0,NULL),(154,NULL,0,NULL),(157,NULL,15,NULL),(159,NULL,0,NULL),(162,NULL,0,NULL),(165,NULL,0,NULL),(175,NULL,15,NULL),(176,NULL,0,NULL),(179,NULL,0,NULL),(182,NULL,0,NULL),(185,NULL,0,NULL),(188,NULL,0,NULL),(191,NULL,15,NULL),(193,NULL,0,NULL),(196,NULL,0,NULL),(201,NULL,0,NULL),(204,NULL,0,NULL),(207,NULL,0,NULL),(210,NULL,0,NULL),(213,NULL,0,NULL),(225,NULL,0,NULL),(228,NULL,0,NULL),(231,NULL,0,NULL),(238,NULL,0,NULL),(246,NULL,0,NULL),(249,NULL,0,NULL);

/*Data for the table dyextn_object_type_info */

/*Data for the table dyextn_path */

/*Data for the table dyextn_path_asso_rel */

/*Data for the table dyextn_permissible_value */

insert into dyextn_permissible_value (IDENTIFIER,DESCRIPTION,CATEGORY_ATTRIBUTE_ID,ATTRIBUTE_TYPE_INFO_ID) values (1,NULL,NULL,1),(2,NULL,NULL,2),(3,NULL,NULL,3),(4,NULL,NULL,5),(5,NULL,NULL,6),(6,NULL,NULL,8),(7,NULL,NULL,9),(8,NULL,NULL,10),(9,NULL,NULL,11),(10,NULL,NULL,12),(11,NULL,NULL,13),(12,NULL,NULL,14),(13,NULL,NULL,15),(14,NULL,NULL,16),(15,NULL,NULL,18),(16,NULL,NULL,19),(17,NULL,NULL,20),(18,NULL,NULL,22),(19,NULL,NULL,23),(20,NULL,NULL,25),(21,NULL,NULL,26),(22,NULL,NULL,28),(23,NULL,NULL,29),(24,NULL,NULL,31),(25,NULL,NULL,32),(26,NULL,NULL,34),(27,NULL,NULL,35),(28,NULL,NULL,38),(29,NULL,NULL,40),(30,NULL,NULL,41),(31,NULL,NULL,43),(32,NULL,NULL,44),(33,NULL,NULL,46),(34,NULL,NULL,47),(35,NULL,NULL,50),(36,NULL,NULL,51),(37,NULL,NULL,52),(38,NULL,NULL,54),(39,NULL,NULL,55),(40,NULL,NULL,57),(41,NULL,NULL,58),(42,NULL,NULL,59),(43,NULL,NULL,60),(44,NULL,NULL,61),(45,NULL,NULL,63),(46,NULL,NULL,64),(47,NULL,NULL,66),(48,NULL,NULL,67),(49,NULL,NULL,69),(50,NULL,NULL,70),(51,NULL,NULL,72),(52,NULL,NULL,73),(53,NULL,NULL,74),(54,NULL,NULL,76),(55,NULL,NULL,77),(56,NULL,NULL,78),(57,NULL,NULL,79),(58,NULL,NULL,80),(59,NULL,NULL,81),(60,NULL,NULL,82),(61,NULL,NULL,84),(62,NULL,NULL,85),(63,NULL,NULL,87),(64,NULL,NULL,88),(65,NULL,NULL,89),(66,NULL,NULL,90),(67,NULL,NULL,91),(68,NULL,NULL,92),(69,NULL,NULL,93),(70,NULL,NULL,96),(71,NULL,NULL,100),(72,NULL,NULL,101),(73,NULL,NULL,103),(74,NULL,NULL,104),(75,NULL,NULL,105),(76,NULL,NULL,106),(77,NULL,NULL,107),(78,NULL,NULL,108),(79,NULL,NULL,110),(80,NULL,NULL,111),(81,NULL,NULL,112),(82,NULL,NULL,113),(83,NULL,NULL,115),(84,NULL,NULL,116),(85,NULL,NULL,118),(86,NULL,NULL,119),(87,NULL,NULL,121),(88,NULL,NULL,122),(89,NULL,NULL,124),(90,NULL,NULL,125),(91,NULL,NULL,127),(92,NULL,NULL,128),(93,NULL,NULL,129),(94,NULL,NULL,130),(95,NULL,NULL,131),(96,NULL,NULL,132),(97,NULL,NULL,133),(98,NULL,NULL,134),(99,NULL,NULL,135),(100,NULL,NULL,136),(101,NULL,NULL,137),(102,NULL,NULL,138),(103,NULL,NULL,141),(104,NULL,NULL,142),(105,NULL,NULL,143),(106,NULL,NULL,144),(107,NULL,NULL,145),(108,NULL,NULL,146),(109,NULL,NULL,147),(110,NULL,NULL,149),(111,NULL,NULL,150),(112,NULL,NULL,152),(113,NULL,NULL,153),(114,NULL,NULL,155),(115,NULL,NULL,156),(116,NULL,NULL,158),(117,NULL,NULL,160),(118,NULL,NULL,161),(119,NULL,NULL,163),(120,NULL,NULL,164),(121,NULL,NULL,166),(122,NULL,NULL,167),(123,NULL,NULL,168),(124,NULL,NULL,169),(125,NULL,NULL,170),(126,NULL,NULL,171),(127,NULL,NULL,172),(128,NULL,NULL,173),(129,NULL,NULL,174),(130,NULL,NULL,177),(131,NULL,NULL,178),(132,NULL,NULL,180),(133,NULL,NULL,181),(134,NULL,NULL,183),(135,NULL,NULL,184),(136,NULL,NULL,186),(137,NULL,NULL,187),(138,NULL,NULL,189),(139,NULL,NULL,190),(140,NULL,NULL,192),(141,NULL,NULL,194),(142,NULL,NULL,195),(143,NULL,NULL,197),(144,NULL,NULL,198),(145,NULL,NULL,199),(146,NULL,NULL,200),(147,NULL,NULL,202),(148,NULL,NULL,203),(149,NULL,NULL,205),(150,NULL,NULL,206),(151,NULL,NULL,208),(152,NULL,NULL,209),(153,NULL,NULL,211),(154,NULL,NULL,212),(155,NULL,NULL,214),(156,NULL,NULL,215),(157,NULL,NULL,216),(158,NULL,NULL,217),(159,NULL,NULL,218),(160,NULL,NULL,219),(161,NULL,NULL,220),(162,NULL,NULL,221),(163,NULL,NULL,222),(164,NULL,NULL,223),(165,NULL,NULL,224),(166,NULL,NULL,226),(167,NULL,NULL,227),(168,NULL,NULL,229),(169,NULL,NULL,230),(170,NULL,NULL,232),(171,NULL,NULL,233),(172,NULL,NULL,234),(173,NULL,NULL,235),(174,NULL,NULL,236),(175,NULL,NULL,237),(176,NULL,NULL,239),(177,NULL,NULL,240),(178,NULL,NULL,241),(179,NULL,NULL,242),(180,NULL,NULL,243),(181,NULL,NULL,244),(182,NULL,NULL,245),(183,NULL,NULL,247),(184,NULL,NULL,248),(185,NULL,NULL,250),(186,NULL,NULL,251);

/*Data for the table dyextn_primitive_attribute */

insert into dyextn_primitive_attribute (IDENTIFIER,IS_IDENTIFIED,IS_PRIMARY_KEY,IS_NULLABLE) values (3,1,0,1),(4,1,0,1),(5,1,0,1),(7,NULL,1,0),(8,0,0,1),(9,0,0,1),(11,NULL,0,1),(12,0,0,1),(13,0,0,1),(17,1,0,1),(18,1,0,1),(19,1,0,1),(20,1,0,1),(21,1,0,1),(22,1,0,1),(23,1,0,1),(26,NULL,0,1),(27,0,0,1),(28,0,0,1),(31,1,1,0),(38,NULL,0,1),(39,0,0,1),(40,0,0,1),(44,NULL,0,1),(45,0,0,1),(46,0,0,1),(49,NULL,0,1),(50,0,0,1),(51,0,0,1),(54,NULL,0,1),(55,0,0,1),(56,0,0,1),(59,NULL,0,1),(60,0,0,1),(61,0,0,1),(63,NULL,0,1),(64,NULL,0,1),(65,0,0,1),(68,NULL,0,1),(69,0,0,1),(70,0,0,1),(73,NULL,0,1),(74,0,0,1),(75,0,0,1),(78,NULL,0,1),(79,0,0,1),(80,0,0,1),(82,NULL,0,1),(83,NULL,0,1),(84,0,0,1),(85,1,0,1),(86,1,0,1),(87,NULL,0,1),(88,1,0,1),(89,0,0,1),(90,NULL,0,1),(91,0,0,1),(92,0,0,1),(93,0,0,1),(94,0,0,1),(95,0,0,1),(96,NULL,0,1),(97,0,0,1),(98,0,0,1),(106,NULL,0,1),(107,0,0,1),(108,0,0,1),(111,NULL,0,1),(112,0,0,1),(113,0,0,1),(119,NULL,0,1),(120,0,0,1),(121,0,0,1),(122,0,0,1),(125,NULL,0,1),(126,0,0,1),(127,0,0,1),(129,0,0,1),(130,1,0,1),(131,1,0,1),(134,1,1,0),(136,1,1,0),(138,NULL,0,1),(139,0,0,1),(140,0,0,1),(147,NULL,0,1),(148,1,0,1),(149,0,0,1),(150,0,0,1),(151,1,0,1),(152,0,0,1),(153,1,0,1),(161,0,0,1),(162,NULL,0,1),(163,NULL,0,1),(166,0,0,1),(167,NULL,0,1),(168,NULL,0,1),(173,NULL,0,1),(174,0,0,1),(175,0,0,1),(178,NULL,0,1),(179,0,0,1),(180,0,0,1),(181,0,0,1),(183,1,0,1),(184,0,0,1),(185,0,0,1),(188,NULL,0,1),(189,0,0,1),(190,0,0,1),(195,0,0,1),(196,0,0,1),(202,NULL,0,1),(203,0,0,1),(204,0,0,1),(207,NULL,0,1),(208,0,0,1),(209,0,0,1),(212,NULL,0,1),(213,0,0,1),(214,0,0,1),(217,NULL,0,1),(218,0,0,1),(219,0,0,1),(223,NULL,0,1),(224,0,0,1),(225,0,0,1),(228,0,0,1),(229,0,0,1),(230,1,0,1),(231,1,0,1),(232,1,0,1),(233,1,0,1),(234,1,0,1),(235,0,0,1),(236,1,0,1),(237,0,0,1),(238,NULL,0,1),(241,NULL,0,1),(242,0,0,1),(243,0,0,1),(248,0,0,1),(249,0,0,1),(250,1,0,1),(251,0,0,1),(252,1,0,1),(255,NULL,0,1),(256,0,0,1),(257,0,0,1),(263,NULL,0,1),(264,0,0,1),(265,0,0,1),(268,NULL,0,1),(269,0,0,1),(270,0,0,1),(274,NULL,0,1),(275,1,0,1),(278,NULL,0,1),(279,0,0,1),(280,0,0,1),(283,NULL,0,1),(284,0,0,1),(285,0,0,1),(288,NULL,0,1),(289,0,0,1),(290,0,0,1),(297,0,0,1),(298,0,0,1),(299,0,0,1),(300,1,0,1),(301,0,0,1),(302,0,0,1),(303,1,0,1),(304,NULL,0,1),(313,NULL,0,1),(314,0,0,1),(315,0,0,1),(318,NULL,0,1),(319,0,0,1),(320,0,0,1),(324,NULL,0,1),(325,0,0,1),(326,0,0,1),(329,NULL,0,1),(330,0,0,1),(331,0,0,1),(334,NULL,0,1),(335,0,0,1),(336,0,0,1),(340,NULL,0,1),(341,0,0,1),(344,NULL,0,1),(345,0,0,1),(346,0,0,1),(349,NULL,0,1),(350,0,0,1),(351,0,0,1),(356,0,0,1),(357,0,0,1),(364,NULL,0,1),(365,0,0,1),(366,0,0,1),(369,NULL,0,1),(370,0,0,1),(371,0,0,1),(374,NULL,0,1),(375,0,0,1),(376,0,0,1),(379,NULL,0,1),(380,0,0,1),(381,0,0,1),(384,NULL,0,1),(385,0,0,1),(386,0,0,1),(388,1,0,1),(389,1,0,1),(390,1,0,1),(391,1,0,1),(392,1,0,1),(393,0,0,1),(394,0,0,1),(402,0,0,1),(403,1,0,1),(407,NULL,0,1),(408,0,0,1),(409,0,0,1),(412,NULL,0,1),(413,0,0,1),(414,0,0,1),(417,NULL,0,1),(418,0,0,1),(419,0,0,1),(421,1,0,1),(422,1,0,1),(423,1,0,1),(424,1,0,1),(427,NULL,0,1),(428,0,0,1),(429,0,0,1),(433,0,0,1),(434,0,0,1),(436,0,0,1),(441,0,0,1),(442,0,0,1),(444,NULL,0,1),(445,0,0,1),(446,0,0,1),(448,NULL,0,1),(449,0,0,1),(450,0,0,1);

/*Data for the table dyextn_radiobutton */

/*Data for the table dyextn_role */

insert into dyextn_role (IDENTIFIER,ASSOCIATION_TYPE,MAX_CARDINALITY,MIN_CARDINALITY,NAME) values (1,'ASSOCIATION',100,0,NULL),(2,'CONTAINTMENT',1,1,'providerType'),(3,'ASSOCIATION',100,0,'provider'),(4,'CONTAINTMENT',1,0,'personName'),(5,'ASSOCIATION',1,1,'provider'),(6,'CONTAINTMENT',1,0,'providerType'),(7,'ASSOCIATION',1,1,'medicationOrderDetails'),(8,'CONTAINTMENT',1,0,'frequencyWithModifier'),(9,'ASSOCIATION',1,1,'medicationOrderDetails'),(10,'CONTAINTMENT',1,0,'orderingProvider'),(11,'ASSOCIATION',1,1,'medicationComponent'),(12,'CONTAINTMENT',1,0,'units'),(13,'ASSOCIATION',1,1,'medicationComponent'),(14,'CONTAINTMENT',1,0,'quantityUnits'),(15,'ASSOCIATION',1,1,'medicationComponent'),(16,'CONTAINTMENT',1,0,'form'),(17,'ASSOCIATION',1,1,'medicationComponent'),(18,'CONTAINTMENT',1,1,'component'),(19,'ASSOCIATION',1,1,'medicationComponent'),(20,'CONTAINTMENT',1,0,'type'),(21,'ASSOCIATION',1,1,'medicationComponent'),(22,'CONTAINTMENT',1,0,'route'),(23,'ASSOCIATION',1,1,'medicationOrderDetails'),(24,'CONTAINTMENT',100,0,'medicationComponentCollection'),(25,'ASSOCIATION',1,1,'medicationOrderDetails'),(26,'CONTAINTMENT',1,0,'orderStatus'),(27,'ASSOCIATION',1,1,'medicationOrderDetails'),(28,'CONTAINTMENT',1,0,'responsiblePharmacy'),(29,'ASSOCIATION',1,1,'medicationOrderDetails'),(30,'CONTAINTMENT',1,0,'frequencyModifier'),(31,'ASSOCIATION',1,1,'medicationOrderDetails'),(32,'CONTAINTMENT',1,0,'infusionUnits'),(33,'ASSOCIATION',1,1,'medicationOrderDetails'),(34,'CONTAINTMENT',1,0,'verifiedBy'),(35,'ASSOCIATION',1,1,'medicationOrderDetails'),(36,'CONTAINTMENT',1,0,'MedicationRoute'),(37,'ASSOCIATION',1,1,'medicationOrderDetails'),(38,'CONTAINTMENT',1,0,'medicationForm'),(39,'ASSOCIATION',1,1,'medicationOrderDetails'),(40,'CONTAINTMENT',1,0,'quantityUnits'),(41,'ASSOCIATION',1,1,'medicationOrderDetails'),(42,'CONTAINTMENT',1,0,'units'),(43,'ASSOCIATION',1,1,'medicationOrderDetails'),(44,'CONTAINTMENT',1,0,'substitutionStatus'),(45,'ASSOCIATION',1,1,'medicationOrderDetails'),(46,'CONTAINTMENT',1,0,'frequency'),(47,'ASSOCIATION',1,1,'medicationOrder'),(48,'CONTAINTMENT',100,1,'medicationOrderDetailsCollection'),(49,'ASSOCIATION',1,1,'medicationOrder'),(50,'CONTAINTMENT',1,1,'application'),(51,'ASSOCIATION',100,0,'medicationOrderCollection'),(52,'ASSOCIATION',1,1,'personUpi'),(53,'ASSOCIATION',1,1,'medicationOrder'),(54,'CONTAINTMENT',1,1,'facility'),(55,'ASSOCIATION',1,1,'medicationOrder'),(56,'CONTAINTMENT',1,1,'medicationCollection'),(57,'ASSOCIATION',1,1,'personUpi'),(58,'ASSOCIATION',100,0,'medicationOrderCollection'),(59,'ASSOCIATION',1,1,'laboratoryProcedure'),(60,'CONTAINTMENT',1,1,'procedure'),(61,'ASSOCIATION',1,0,NULL),(62,'ASSOCIATION',100,0,NULL),(63,'ASSOCIATION',1,1,'laboratoryProcedure'),(64,'CONTAINTMENT',1,1,'facility'),(65,'ASSOCIATION',100,0,'laboratoryProcedure'),(66,'ASSOCIATION',1,1,'personUpi'),(67,'ASSOCIATION',1,1,'laboratoryProcedure'),(68,'CONTAINTMENT',1,1,'application'),(69,'ASSOCIATION',100,0,NULL),(70,'ASSOCIATION',100,0,'procedureId'),(71,'ASSOCIATION',100,0,NULL),(72,'ASSOCIATION',100,0,'procedureStatus'),(73,'ASSOCIATION',1,1,'laboratoryResults'),(74,'CONTAINTMENT',1,0,'resultStatus'),(75,'ASSOCIATION',1,1,'result'),(76,'CONTAINTMENT',1,0,'normalRange'),(77,'CONTAINTMENT',1,1,'result'),(78,'CONTAINTMENT',1,1,'units'),(79,'ASSOCIATION',1,1,'resultValue'),(80,'CONTAINTMENT',1,1,'normalizedResult'),(81,'ASSOCIATION',1,1,'resultValue'),(82,'CONTAINTMENT',1,1,'sourceResult'),(83,'ASSOCIATION',1,1,'laboratoryResults'),(84,'CONTAINTMENT',1,0,'resultValue'),(85,'ASSOCIATION',1,1,'laboratoryResults'),(86,'CONTAINTMENT',100,0,'abnormalFlagCollection'),(87,'ASSOCIATION',1,1,'laboratoryResults'),(88,'CONTAINTMENT',1,1,'test'),(89,'ASSOCIATION',1,1,'LaboratoryProcedureDetails'),(90,'CONTAINTMENT',100,0,'laboratoryResultCollection'),(91,'ASSOCIATION',1,1,'laboratoryProcedureDetails'),(92,'CONTAINTMENT',1,0,'specimenType'),(93,'ASSOCIATION',1,1,'laboratoryProcedureDetails'),(94,'CONTAINTMENT',1,1,'performingFacility'),(95,'ASSOCIATION',1,1,'laboratoryProcedureDetails'),(96,'CONTAINTMENT',1,1,'procedureStatus'),(97,'ASSOCIATION',1,1,'laboratoryProcedure'),(98,'CONTAINTMENT',100,1,'laboratoryProcedureDetailsCollection'),(99,'ASSOCIATION',1,0,NULL),(100,'ASSOCIATION',100,0,NULL),(101,'ASSOCIATION',1,1,'encounterDetails'),(102,'CONTAINTMENT',1,0,'patientLocation'),(103,'ASSOCIATION',1,1,'encounterDetails'),(104,'CONTAINTMENT',100,0,'providerCollection'),(105,'ASSOCIATION',1,1,'encounterDetails'),(106,'CONTAINTMENT',1,0,'vipIndicator'),(107,'ASSOCIATION',1,1,'encounterDetails'),(108,'CONTAINTMENT',1,0,'diagnosticRelatedGroup'),(109,'ASSOCIATION',1,1,'encounterDetails'),(110,'CONTAINTMENT',1,0,'facilityDischargeDisposition'),(111,'ASSOCIATION',1,1,'encounterDetails'),(112,'CONTAINTMENT',1,0,'financialClass'),(113,'ASSOCIATION',1,1,'insurance'),(114,'CONTAINTMENT',1,0,'insuredRelationshipToPatient'),(115,'ASSOCIATION',100,0,NULL),(116,'CONTAINTMENT',1,1,'insuredRelationShipToPatient'),(117,'ASSOCIATION',1,1,'insurance'),(118,'CONTAINTMENT',1,0,'nameOfInsured'),(119,'ASSOCIATION',1,1,'insurance'),(120,'CONTAINTMENT',1,1,'planType'),(121,'ASSOCIATION',1,1,'encounterDetails'),(122,'CONTAINTMENT',100,0,'insuranceCollection'),(123,'ASSOCIATION',1,1,'clinicalTrial'),(124,'CONTAINTMENT',1,0,'principalInvestigator'),(125,'ASSOCIATION',1,1,'encounterDetails'),(126,'CONTAINTMENT',100,0,'clinicalTrailCollection'),(127,'ASSOCIATION',1,1,'encounterDetails'),(128,'CONTAINTMENT',1,0,'dischargeService'),(129,'ASSOCIATION',1,1,'encounterDetails'),(130,'CONTAINTMENT',1,0,'admittingService'),(131,'ASSOCIATION',1,1,'procedure'),(132,'CONTAINTMENT',1,1,'provider'),(133,'ASSOCIATION',1,1,'procedure'),(134,'CONTAINTMENT',1,1,'code'),(135,'ASSOCIATION',1,1,'procedure'),(136,'CONTAINTMENT',1,1,'type'),(137,'ASSOCIATION',1,1,NULL),(138,'CONTAINTMENT',1,1,'type'),(139,'ASSOCIATION',1,1,NULL),(140,'CONTAINTMENT',1,1,'code'),(141,'ASSOCIATION',1,1,'encounterDetails'),(142,'CONTAINTMENT',100,0,'procedureCollection'),(143,'ASSOCIATION',1,1,'encounter'),(144,'CONTAINTMENT',1,0,'caseIndicator'),(145,'ASSOCIATION',1,1,'encounterDetails'),(146,'CONTAINTMENT',1,0,'hippaNotified'),(147,'ASSOCIATION',1,1,'encounterDetails'),(148,'CONTAINTMENT',100,0,'infectionControlCodeCollection'),(149,'ASSOCIATION',100,0,NULL),(150,'CONTAINTMENT',100,0,'infectionControlCodes'),(151,'ASSOCIATION',100,0,NULL),(152,'CONTAINTMENT',1,1,'optOutIndicator'),(153,'ASSOCIATION',100,0,NULL),(154,'CONTAINTMENT',1,1,'hipaaNotified'),(155,'ASSOCIATION',100,0,NULL),(156,'CONTAINTMENT',1,1,'vipIndicator'),(157,'ASSOCIATION',100,0,NULL),(158,'CONTAINTMENT',1,1,'dischargeService'),(159,'ASSOCIATION',100,0,NULL),(160,'CONTAINTMENT',1,1,'facilityDischargeDisposition'),(161,'ASSOCIATION',100,0,NULL),(162,'CONTAINTMENT',1,1,'financialClass'),(163,'ASSOCIATION',100,0,NULL),(164,'CONTAINTMENT',1,0,'diagnosticRelatedGroup'),(165,'ASSOCIATION',100,0,NULL),(166,'CONTAINTMENT',1,1,'dischargeDisposition'),(167,'ASSOCIATION',100,0,NULL),(168,'CONTAINTMENT',1,1,'patientType'),(169,'ASSOCIATION',100,0,NULL),(170,'CONTAINTMENT',1,1,'admittingService'),(171,'ASSOCIATION',1,1,NULL),(172,'CONTAINTMENT',1,1,'patientClass'),(173,'ASSOCIATION',1,1,'encounterDetails'),(174,'CONTAINTMENT',1,0,'patientClass'),(175,'ASSOCIATION',1,1,'encounterDetails'),(176,'CONTAINTMENT',1,0,'patientType'),(177,'ASSOCIATION',1,1,'diagnosis'),(178,'CONTAINTMENT',1,0,'type'),(179,'ASSOCIATION',1,1,'diagnosis'),(180,'CONTAINTMENT',1,0,'diagnosisCodingMethod'),(181,'ASSOCIATION',1,1,'diagnosis'),(182,'CONTAINTMENT',1,0,'code'),(183,'ASSOCIATION',100,0,NULL),(184,'CONTAINTMENT',1,1,'type'),(185,'ASSOCIATION',100,0,NULL),(186,'CONTAINTMENT',1,1,'code'),(187,'ASSOCIATION',1,1,'encounterDetails'),(188,'CONTAINTMENT',100,0,'diagnosisCollection'),(189,'ASSOCIATION',1,1,'encounterDetails'),(190,'CONTAINTMENT',1,0,'optOutIndicator'),(191,'ASSOCIATION',1,1,'encounterDetails'),(192,'CONTAINTMENT',1,0,'dischargeDisposition'),(193,'ASSOCIATION',1,1,'encounter'),(194,'CONTAINTMENT',100,1,'encounterDetailsCollection'),(195,'ASSOCIATION',1,1,'medicalRecordNumber'),(196,'CONTAINTMENT',1,1,'facility'),(197,'ASSOCIATION',1,1,'encounter'),(198,'CONTAINTMENT',1,1,'medicalRecordNumber'),(199,'ASSOCIATION',1,1,'encounter'),(200,'CONTAINTMENT',1,1,'facility'),(201,'ASSOCIATION',100,0,'encounterCollection'),(202,'ASSOCIATION',1,1,'personUpi'),(203,'ASSOCIATION',1,1,'personUpi'),(204,'ASSOCIATION',100,0,'encounterCollection'),(205,'CONTAINTMENT',100,0,'demographicsCollection'),(206,'CONTAINTMENT',100,0,'ethnicOriginCollection'),(207,'CONTAINTMENT',100,0,'demographicsCollection'),(208,'CONTAINTMENT',1,0,'gender'),(209,'ASSOCIATION',100,0,'demographics'),(210,'CONTAINTMENT',1,0,'advancedDirectiveExists'),(211,'CONTAINTMENT',100,0,'demographicsCollection'),(212,'CONTAINTMENT',1,0,'religion'),(213,'CONTAINTMENT',100,0,'demographicsCollection'),(214,'CONTAINTMENT',100,0,'raceCollection'),(215,'CONTAINTMENT',1,1,'demographics'),(216,'CONTAINTMENT',1,1,'personName'),(217,'ASSOCIATION',100,0,'associatedPerson'),(218,'CONTAINTMENT',1,1,'relationToPerson'),(219,'ASSOCIATION',1,1,'associatedPerson'),(220,'ASSOCIATION',1,1,'associatedPersonUpi'),(221,'ASSOCIATION',1,1,'demographics'),(222,'CONTAINTMENT',100,0,'associatedPersonCollection'),(223,'ASSOCIATION',1,1,'demographics'),(224,'CONTAINTMENT',1,0,'nextOfKin'),(225,'ASSOCIATION',1,1,'demographics'),(226,'CONTAINTMENT',100,0,'phoneCollection'),(227,'CONTAINTMENT',1,1,'address'),(228,'CONTAINTMENT',1,0,'state'),(229,'CONTAINTMENT',1,1,'address'),(230,'CONTAINTMENT',1,0,'type'),(231,'CONTAINTMENT',1,1,'address'),(232,'CONTAINTMENT',1,0,'country'),(233,'CONTAINTMENT',1,1,'demographics'),(234,'CONTAINTMENT',100,0,'addressCollection'),(235,'CONTAINTMENT',100,0,'demographicsCollection'),(236,'CONTAINTMENT',1,0,'maritalStatus'),(237,'CONTAINTMENT',1,1,'personUpi'),(238,'CONTAINTMENT',100,1,'demographicsCollection'),(239,'ASSOCIATION',1,1,'personUpi'),(240,'ASSOCIATION',100,0,'laboratoryProcedureCollection'),(241,'ASSOCIATION',100,0,'providerCollection'),(242,'ASSOCIATION',1,0,'personUpi');

/*Data for the table dyextn_rule */

insert into dyextn_rule (IDENTIFIER,NAME,IS_IMPLICIT,ATTRIBUTE_ID,CATEGORY_ATTR_ID) values (1,'textLength',1,3,NULL),(2,'textLength',1,4,NULL),(3,'textLength',1,5,NULL),(4,'number',1,7,NULL),(5,'textLength',1,8,NULL),(6,'textLength',1,9,NULL),(7,'number',1,11,NULL),(8,'textLength',1,12,NULL),(9,'textLength',1,13,NULL),(10,'textLength',1,17,NULL),(11,'textLength',1,18,NULL),(12,'textLength',1,19,NULL),(13,'textLength',1,20,NULL),(14,'textLength',1,21,NULL),(15,'textLength',1,22,NULL),(16,'textLength',1,23,NULL),(17,'number',1,26,NULL),(18,'textLength',1,27,NULL),(19,'textLength',1,28,NULL),(20,'textLength',1,31,NULL),(21,'number',1,38,NULL),(22,'textLength',1,39,NULL),(23,'textLength',1,40,NULL),(24,'number',1,44,NULL),(25,'textLength',1,45,NULL),(26,'textLength',1,46,NULL),(27,'number',1,49,NULL),(28,'textLength',1,50,NULL),(29,'textLength',1,51,NULL),(30,'number',1,54,NULL),(31,'textLength',1,55,NULL),(32,'textLength',1,56,NULL),(33,'number',1,59,NULL),(34,'textLength',1,60,NULL),(35,'textLength',1,61,NULL),(36,'number',1,63,NULL),(37,'number',1,64,NULL),(38,'textLength',1,65,NULL),(39,'number',1,68,NULL),(40,'textLength',1,69,NULL),(41,'textLength',1,70,NULL),(42,'number',1,73,NULL),(43,'textLength',1,74,NULL),(44,'textLength',1,75,NULL),(45,'number',1,78,NULL),(46,'textLength',1,79,NULL),(47,'textLength',1,80,NULL),(48,'number',1,82,NULL),(49,'number',1,83,NULL),(50,'textLength',1,84,NULL),(51,'date',1,85,NULL),(52,'date',1,86,NULL),(53,'number',1,87,NULL),(54,'date',1,88,NULL),(55,'textLength',1,89,NULL),(56,'number',1,90,NULL),(57,'textLength',1,91,NULL),(58,'date',1,92,NULL),(59,'date',1,93,NULL),(60,'textLength',1,94,NULL),(61,'textLength',1,95,NULL),(62,'number',1,96,NULL),(63,'textLength',1,97,NULL),(64,'textLength',1,98,NULL),(65,'number',1,106,NULL),(66,'textLength',1,107,NULL),(67,'textLength',1,108,NULL),(68,'number',1,111,NULL),(69,'textLength',1,112,NULL),(70,'textLength',1,113,NULL),(71,'number',1,119,NULL),(72,'textLength',1,120,NULL),(73,'textLength',1,121,NULL),(74,'textLength',1,122,NULL),(75,'number',1,125,NULL),(76,'textLength',1,126,NULL),(77,'textLength',1,127,NULL),(78,'textLength',1,129,NULL),(79,'textLength',1,130,NULL),(80,'textLength',1,131,NULL),(81,'textLength',1,134,NULL),(82,'textLength',1,136,NULL),(83,'number',1,138,NULL),(84,'textLength',1,139,NULL),(85,'textLength',1,140,NULL),(86,'number',1,147,NULL),(87,'date',1,148,NULL),(88,'date',1,149,NULL),(89,'date',1,150,NULL),(90,'date',1,151,NULL),(91,'textLength',1,152,NULL),(92,'date',1,153,NULL),(93,'textLength',1,161,NULL),(94,'number',1,162,NULL),(95,'number',1,163,NULL),(96,'textLength',1,166,NULL),(97,'number',1,167,NULL),(98,'number',1,168,NULL),(99,'number',1,173,NULL),(100,'textLength',1,174,NULL),(101,'textLength',1,175,NULL),(102,'number',1,178,NULL),(103,'textLength',1,179,NULL),(104,'textLength',1,180,NULL),(105,'textLength',1,181,NULL),(106,'date',1,183,NULL),(107,'textLength',1,184,NULL),(108,'textLength',1,185,NULL),(109,'number',1,188,NULL),(110,'textLength',1,189,NULL),(111,'textLength',1,190,NULL),(112,'textLength',1,195,NULL),(113,'textLength',1,196,NULL),(114,'number',1,202,NULL),(115,'textLength',1,203,NULL),(116,'textLength',1,204,NULL),(117,'number',1,207,NULL),(118,'textLength',1,208,NULL),(119,'textLength',1,209,NULL),(120,'number',1,212,NULL),(121,'textLength',1,213,NULL),(122,'textLength',1,214,NULL),(123,'number',1,217,NULL),(124,'textLength',1,218,NULL),(125,'textLength',1,219,NULL),(126,'number',1,223,NULL),(127,'textLength',1,224,NULL),(128,'textLength',1,225,NULL),(129,'textLength',1,228,NULL),(130,'textLength',1,229,NULL),(131,'textLength',1,230,NULL),(132,'textLength',1,231,NULL),(133,'textLength',1,232,NULL),(134,'date',1,233,NULL),(135,'date',1,234,NULL),(136,'textLength',1,235,NULL),(137,'textLength',1,236,NULL),(138,'textLength',1,237,NULL),(139,'number',1,238,NULL),(140,'number',1,241,NULL),(141,'textLength',1,242,NULL),(142,'textLength',1,243,NULL),(143,'textLength',1,248,NULL),(144,'textLength',1,249,NULL),(145,'date',1,250,NULL),(146,'textLength',1,251,NULL),(147,'date',1,252,NULL),(148,'number',1,255,NULL),(149,'textLength',1,256,NULL),(150,'textLength',1,257,NULL),(151,'number',1,263,NULL),(152,'textLength',1,264,NULL),(153,'textLength',1,265,NULL),(154,'number',1,268,NULL),(155,'textLength',1,269,NULL),(156,'textLength',1,270,NULL),(157,'number',1,274,NULL),(158,'date',1,275,NULL),(159,'number',1,278,NULL),(160,'textLength',1,279,NULL),(161,'textLength',1,280,NULL),(162,'number',1,283,NULL),(163,'textLength',1,284,NULL),(164,'textLength',1,285,NULL),(165,'number',1,288,NULL),(166,'textLength',1,289,NULL),(167,'textLength',1,290,NULL),(168,'textLength',1,297,NULL),(169,'textLength',1,298,NULL),(170,'textLength',1,299,NULL),(171,'date',1,300,NULL),(172,'date',1,301,NULL),(173,'date',1,302,NULL),(174,'date',1,303,NULL),(175,'number',1,304,NULL),(176,'number',1,313,NULL),(177,'textLength',1,314,NULL),(178,'textLength',1,315,NULL),(179,'number',1,318,NULL),(180,'textLength',1,319,NULL),(181,'textLength',1,320,NULL),(182,'number',1,324,NULL),(183,'textLength',1,325,NULL),(184,'textLength',1,326,NULL),(185,'number',1,329,NULL),(186,'textLength',1,330,NULL),(187,'textLength',1,331,NULL),(188,'number',1,334,NULL),(189,'textLength',1,335,NULL),(190,'textLength',1,336,NULL),(191,'number',1,340,NULL),(192,'textLength',1,341,NULL),(193,'number',1,344,NULL),(194,'textLength',1,345,NULL),(195,'textLength',1,346,NULL),(196,'number',1,349,NULL),(197,'textLength',1,350,NULL),(198,'textLength',1,351,NULL),(199,'textLength',1,356,NULL),(200,'textLength',1,357,NULL),(201,'number',1,364,NULL),(202,'textLength',1,365,NULL),(203,'textLength',1,366,NULL),(204,'number',1,369,NULL),(205,'textLength',1,370,NULL),(206,'textLength',1,371,NULL),(207,'number',1,374,NULL),(208,'textLength',1,375,NULL),(209,'textLength',1,376,NULL),(210,'number',1,379,NULL),(211,'textLength',1,380,NULL),(212,'textLength',1,381,NULL),(213,'number',1,384,NULL),(214,'textLength',1,385,NULL),(215,'textLength',1,386,NULL),(216,'date',1,388,NULL),(217,'date',1,389,NULL),(218,'textLength',1,390,NULL),(219,'textLength',1,391,NULL),(220,'textLength',1,392,NULL),(221,'date',1,393,NULL),(222,'date',1,394,NULL),(223,'textLength',1,402,NULL),(224,'textLength',1,403,NULL),(225,'number',1,407,NULL),(226,'textLength',1,408,NULL),(227,'textLength',1,409,NULL),(228,'number',1,412,NULL),(229,'textLength',1,413,NULL),(230,'textLength',1,414,NULL),(231,'number',1,417,NULL),(232,'textLength',1,418,NULL),(233,'textLength',1,419,NULL),(234,'textLength',1,421,NULL),(235,'textLength',1,422,NULL),(236,'textLength',1,423,NULL),(237,'textLength',1,424,NULL),(238,'number',1,427,NULL),(239,'textLength',1,428,NULL),(240,'textLength',1,429,NULL),(241,'textLength',1,433,NULL),(242,'textLength',1,434,NULL),(243,'textLength',1,436,NULL),(244,'textLength',1,441,NULL),(245,'textLength',1,442,NULL),(246,'number',1,444,NULL),(247,'textLength',1,445,NULL),(248,'textLength',1,446,NULL),(249,'number',1,448,NULL),(250,'textLength',1,449,NULL),(251,'textLength',1,450,NULL);

/*Data for the table dyextn_rule_parameter */

/*Data for the table dyextn_select_control */

insert into dyextn_select_control (IDENTIFIER,SEPARATOR_STRING) values (33,NULL),(34,NULL),(39,NULL),(53,NULL),(54,NULL),(55,NULL),(56,NULL),(62,NULL),(63,NULL),(64,NULL),(65,NULL),(66,NULL),(79,NULL),(98,NULL),(99,NULL),(100,NULL),(109,NULL),(121,NULL),(122,NULL),(148,NULL),(149,NULL),(150,NULL),(151,NULL),(152,NULL),(153,NULL),(154,NULL),(155,NULL),(156,NULL),(157,NULL),(158,NULL),(159,NULL),(162,NULL),(163,NULL),(164,NULL),(165,NULL),(166,NULL),(167,NULL),(168,NULL),(169,NULL),(170,NULL),(171,NULL),(172,NULL),(173,NULL),(174,NULL),(175,NULL),(176,NULL),(177,NULL),(178,NULL),(179,NULL),(180,NULL),(188,NULL),(189,NULL),(190,NULL),(191,NULL),(192,NULL),(208,NULL),(209,NULL),(215,NULL),(221,NULL),(222,NULL),(223,NULL),(224,NULL),(225,NULL),(241,NULL),(242,NULL),(243,NULL),(244,NULL),(262,NULL),(263,NULL),(264,NULL),(265,NULL),(266,NULL),(267,NULL),(275,NULL),(276,NULL),(277,NULL),(278,NULL),(279,NULL),(280,NULL),(287,NULL),(288,NULL),(289,NULL),(290,NULL),(297,NULL),(304,NULL),(305,NULL),(306,NULL),(307,NULL),(308,NULL),(309,NULL),(322,NULL),(323,NULL),(324,NULL),(325,NULL),(326,NULL),(327,NULL),(328,NULL),(329,NULL),(330,NULL),(331,NULL),(332,NULL),(340,NULL),(341,NULL),(342,NULL),(343,NULL),(344,NULL),(345,NULL),(356,NULL),(357,NULL);

/*Data for the table dyextn_semantic_property */

/*Data for the table dyextn_short_concept_value */

/*Data for the table dyextn_short_type_info */

/*Data for the table dyextn_sql_audit */

/*Data for the table dyextn_string_concept_value */

insert into dyextn_string_concept_value (IDENTIFIER,VALUE) values (1,''),(2,''),(3,''),(4,''),(5,''),(6,''),(7,''),(8,''),(9,''),(10,''),(11,''),(12,''),(13,''),(14,''),(15,''),(16,''),(17,''),(18,''),(19,''),(20,''),(21,''),(22,''),(23,''),(24,''),(25,''),(26,''),(27,''),(28,''),(29,''),(30,''),(31,''),(32,''),(33,''),(34,''),(35,''),(39,''),(40,''),(43,''),(44,''),(45,''),(46,''),(47,''),(48,''),(49,''),(50,''),(51,''),(52,''),(53,''),(54,''),(55,''),(56,''),(57,''),(58,''),(59,''),(60,''),(61,''),(62,''),(67,''),(69,''),(70,''),(71,''),(72,''),(73,''),(74,''),(75,''),(77,''),(78,''),(79,''),(80,''),(81,''),(82,''),(83,''),(84,''),(85,''),(86,''),(87,''),(88,''),(89,''),(90,''),(91,''),(92,''),(93,''),(94,''),(95,''),(96,''),(97,''),(100,''),(101,''),(102,''),(103,''),(104,''),(105,''),(106,''),(108,''),(110,''),(111,''),(112,''),(113,''),(114,''),(115,''),(117,''),(118,''),(119,''),(120,''),(121,''),(122,''),(123,''),(124,''),(125,''),(130,''),(131,''),(132,''),(133,''),(134,''),(135,''),(136,''),(137,''),(138,''),(139,''),(140,''),(141,''),(142,''),(143,''),(144,''),(145,''),(146,''),(147,''),(148,''),(149,''),(150,''),(151,''),(152,''),(153,''),(154,''),(155,''),(156,''),(159,''),(160,''),(161,''),(164,''),(165,''),(166,''),(167,''),(168,''),(169,''),(170,''),(171,''),(172,''),(173,''),(174,''),(175,''),(176,''),(177,''),(178,''),(179,''),(180,''),(181,''),(182,''),(183,''),(184,''),(185,''),(186,'');

/*Data for the table dyextn_string_type_info */

insert into dyextn_string_type_info (IDENTIFIER,MAX_SIZE) values (1,10),(2,10),(3,20),(5,255),(6,255),(8,255),(9,255),(10,10),(11,10),(12,10),(13,50),(14,50),(15,30),(16,30),(18,255),(19,255),(20,24),(22,255),(23,255),(25,255),(26,255),(28,255),(29,255),(31,255),(32,255),(34,255),(35,255),(38,200),(40,255),(41,255),(43,255),(44,255),(46,255),(47,255),(50,255),(55,15),(57,30),(60,30),(61,200),(63,15),(64,255),(66,255),(67,255),(69,255),(70,255),(72,255),(73,255),(74,20),(76,255),(77,255),(78,130),(79,20),(80,30),(81,255),(82,20),(84,255),(85,255),(91,999),(93,100),(96,999),(100,255),(101,255),(103,255),(104,255),(105,100),(107,130),(108,999),(110,255),(111,255),(112,130),(113,30),(115,255),(116,255),(118,255),(119,255),(121,255),(122,255),(124,255),(125,255),(127,255),(128,255),(129,30),(130,200),(131,30),(132,30),(133,200),(136,30),(137,30),(138,50),(141,255),(142,255),(143,50),(144,200),(146,50),(149,255),(150,255),(152,255),(153,255),(155,255),(156,255),(160,255),(161,255),(163,255),(164,255),(166,255),(167,255),(168,255),(169,255),(170,30),(177,255),(178,255),(180,255),(181,255),(183,255),(184,255),(186,255),(187,255),(189,255),(190,255),(192,200),(194,255),(195,255),(197,255),(198,255),(199,1),(200,20),(202,255),(203,255),(205,255),(206,255),(208,255),(209,255),(211,255),(212,255),(214,255),(215,255),(218,50),(219,100),(220,11),(223,8),(224,20),(226,255),(227,255),(229,255),(230,255),(232,255),(233,255),(234,15),(235,50),(236,50),(237,50),(239,255),(240,255),(241,1),(242,1),(243,30),(244,255),(245,255),(247,255),(248,255),(250,255),(251,255);

/*Data for the table dyextn_table_properties */

insert into dyextn_table_properties (IDENTIFIER,ABSTRACT_ENTITY_ID) values (2,2),(7,6),(13,10),(18,14),(22,16),(33,25),(39,30),(42,32),(44,33),(48,36),(51,37),(59,43),(66,48),(73,53),(80,58),(91,67),(98,72),(105,77),(135,105),(142,110),(153,118),(161,124),(172,133),(175,135),(179,137),(198,146),(209,156),(212,158),(214,159),(216,160),(230,172),(237,177),(249,187),(265,198),(270,201),(277,206),(284,211),(291,216),(297,221),(300,222),(321,240),(328,246),(338,254),(345,260),(349,262),(356,267),(368,277),(375,282),(382,287),(419,312),(426,317),(432,322),(435,323),(442,328),(449,333),(463,343),(470,348),(479,354),(494,362),(497,363),(504,368),(511,373),(518,378),(525,383),(539,396),(545,401),(550,405),(553,406),(560,411),(567,416),(579,426),(594,437),(596,438),(598,439),(600,440),(605,443),(611,447),(616,451);

/*Data for the table dyextn_tagged_value */

insert into dyextn_tagged_value (IDENTIFIER,T_KEY,T_VALUE,ABSTRACT_METADATA_ID) values (1,'MetadataEntityGroup','MetadataEntityGroup',1),(2,'caB2BEntityGroup','caB2BEntityGroup',1),(3,'PackageName','edu.wustl.cider.domain',1),(4,'PrimaryKey','MedicalEntityDictionary.id',6),(5,'DEFAULT_CONDITION','In!=!FACILITY_ID',7),(6,'VI_HIDDEN','VI_HIDDEN',7),(7,'NOT_SEARCHABLE','NOT_SEARCHABLE',8),(8,'NOT_VIEWABLE','NOT_VIEWABLE',8),(9,'VI_IGNORE_PREDICATE','VI_IGNORE_PREDICATE',9),(10,'PV_FILTER','synonym like ''T_HL7_L_0007^%''',10),(11,'PV_VIEW','MED_LOOKUP_VIEW',10),(12,'DEFAULT_CONDITION','In!=!FACILITY_ID',11),(13,'Inherited','Inherited',11),(14,'Inherited','Inherited',11),(15,'Inherited','Inherited',11),(16,'Inherited','Inherited',11),(17,'Inherited','Inherited',11),(18,'Inherited','Inherited',11),(19,'Inherited','Inherited',11),(20,'Inherited','Inherited',11),(21,'Inherited','Inherited',11),(22,'Inherited','Inherited',11),(23,'Inherited','Inherited',11),(24,'Inherited','Inherited',11),(25,'Inherited','Inherited',11),(26,'Inherited','Inherited',11),(27,'Inherited','Inherited',11),(28,'Inherited','Inherited',11),(29,'Inherited','Inherited',11),(30,'Inherited','Inherited',11),(31,'Inherited','Inherited',11),(32,'Inherited','Inherited',11),(33,'Inherited','Inherited',11),(34,'Inherited','Inherited',11),(35,'Inherited','Inherited',11),(36,'Inherited','Inherited',11),(37,'Inherited','Inherited',11),(38,'Inherited','Inherited',11),(39,'Inherited','Inherited',11),(40,'Inherited','Inherited',11),(41,'Inherited','Inherited',11),(42,'Inherited','Inherited',11),(43,'Inherited','Inherited',11),(44,'Inherited','Inherited',11),(45,'Inherited','Inherited',11),(46,'Inherited','Inherited',11),(47,'Inherited','Inherited',11),(48,'Inherited','Inherited',11),(49,'Inherited','Inherited',11),(50,'Inherited','Inherited',11),(51,'Inherited','Inherited',11),(52,'Inherited','Inherited',11),(53,'Inherited','Inherited',11),(54,'Inherited','Inherited',11),(55,'Inherited','Inherited',11),(56,'Inherited','Inherited',11),(57,'Inherited','Inherited',11),(58,'Inherited','Inherited',11),(59,'Inherited','Inherited',11),(60,'Inherited','Inherited',11),(61,'VI_HIDDEN','VI_HIDDEN',11),(62,'Inherited','Inherited',12),(63,'Inherited','Inherited',12),(64,'Inherited','Inherited',12),(65,'Inherited','Inherited',12),(66,'Inherited','Inherited',12),(67,'Inherited','Inherited',12),(68,'Inherited','Inherited',12),(69,'Inherited','Inherited',12),(70,'Inherited','Inherited',12),(71,'Inherited','Inherited',12),(72,'Inherited','Inherited',12),(73,'Inherited','Inherited',12),(74,'Inherited','Inherited',12),(75,'Inherited','Inherited',12),(76,'Inherited','Inherited',12),(77,'Inherited','Inherited',12),(78,'Inherited','Inherited',12),(79,'Inherited','Inherited',12),(80,'Inherited','Inherited',12),(81,'Inherited','Inherited',12),(82,'Inherited','Inherited',12),(83,'Inherited','Inherited',12),(84,'Inherited','Inherited',12),(85,'Inherited','Inherited',12),(86,'Inherited','Inherited',12),(87,'Inherited','Inherited',12),(88,'Inherited','Inherited',12),(89,'Inherited','Inherited',12),(90,'Inherited','Inherited',12),(91,'Inherited','Inherited',12),(92,'Inherited','Inherited',12),(93,'Inherited','Inherited',12),(94,'Inherited','Inherited',12),(95,'Inherited','Inherited',12),(96,'Inherited','Inherited',12),(97,'Inherited','Inherited',12),(98,'Inherited','Inherited',12),(99,'Inherited','Inherited',12),(100,'Inherited','Inherited',12),(101,'Inherited','Inherited',12),(102,'Inherited','Inherited',12),(103,'Inherited','Inherited',12),(104,'Inherited','Inherited',12),(105,'Inherited','Inherited',12),(106,'Inherited','Inherited',12),(107,'Inherited','Inherited',12),(108,'Inherited','Inherited',12),(109,'Inherited','Inherited',12),(110,'VI_IGNORE_PREDICATE','VI_IGNORE_PREDICATE',12),(111,'NOT_SEARCHABLE','NOT_SEARCHABLE',13),(112,'Inherited','Inherited',13),(113,'Inherited','Inherited',13),(114,'Inherited','Inherited',13),(115,'Inherited','Inherited',13),(116,'Inherited','Inherited',13),(117,'Inherited','Inherited',13),(118,'Inherited','Inherited',13),(119,'Inherited','Inherited',13),(120,'Inherited','Inherited',13),(121,'Inherited','Inherited',13),(122,'Inherited','Inherited',13),(123,'Inherited','Inherited',13),(124,'Inherited','Inherited',13),(125,'Inherited','Inherited',13),(126,'Inherited','Inherited',13),(127,'Inherited','Inherited',13),(128,'Inherited','Inherited',13),(129,'Inherited','Inherited',13),(130,'Inherited','Inherited',13),(131,'Inherited','Inherited',13),(132,'Inherited','Inherited',13),(133,'Inherited','Inherited',13),(134,'Inherited','Inherited',13),(135,'Inherited','Inherited',13),(136,'Inherited','Inherited',13),(137,'Inherited','Inherited',13),(138,'Inherited','Inherited',13),(139,'Inherited','Inherited',13),(140,'Inherited','Inherited',13),(141,'Inherited','Inherited',13),(142,'Inherited','Inherited',13),(143,'Inherited','Inherited',13),(144,'Inherited','Inherited',13),(145,'Inherited','Inherited',13),(146,'Inherited','Inherited',13),(147,'Inherited','Inherited',13),(148,'Inherited','Inherited',13),(149,'Inherited','Inherited',13),(150,'Inherited','Inherited',13),(151,'Inherited','Inherited',13),(152,'Inherited','Inherited',13),(153,'Inherited','Inherited',13),(154,'Inherited','Inherited',13),(155,'Inherited','Inherited',13),(156,'Inherited','Inherited',13),(157,'Inherited','Inherited',13),(158,'Inherited','Inherited',13),(159,'Inherited','Inherited',13),(160,'NOT_VIEWABLE','NOT_VIEWABLE',13),(161,'resultview','resultview',16),(162,'resultview','resultview',21),(163,'resultview','resultview',23),(164,'PV_FILTER','synonym like ''T_HL7_U_0443^%''',25),(165,'PV_VIEW','MED_LOOKUP_VIEW',25),(166,'DEFAULT_CONDITION','In!=!FACILITY_ID',26),(167,'VI_HIDDEN','VI_HIDDEN',26),(168,'Inherited','Inherited',26),(169,'Inherited','Inherited',26),(170,'Inherited','Inherited',26),(171,'Inherited','Inherited',26),(172,'Inherited','Inherited',26),(173,'Inherited','Inherited',26),(174,'VI_IGNORE_PREDICATE','VI_IGNORE_PREDICATE',27),(175,'Inherited','Inherited',27),(176,'Inherited','Inherited',27),(177,'Inherited','Inherited',27),(178,'Inherited','Inherited',27),(179,'Inherited','Inherited',27),(180,'Inherited','Inherited',27),(181,'NOT_SEARCHABLE','NOT_SEARCHABLE',28),(182,'NOT_VIEWABLE','NOT_VIEWABLE',28),(183,'Inherited','Inherited',28),(184,'Inherited','Inherited',28),(185,'Inherited','Inherited',28),(186,'Inherited','Inherited',28),(187,'Inherited','Inherited',28),(188,'Inherited','Inherited',28),(189,'BASE_MAIN_ENTITY','BASE_MAIN_ENTITY',30),(190,'DEFAULT_CONDITION','DEFAULT_CONDITION',30),(191,'MAIN_ENTITY','MAIN_ENTITY',30),(192,'PrimaryKey','Person.personUpi',30),(193,'resultview','resultview',30),(194,'resultview','resultview',31),(195,'MAIN_ENTITY','MAIN_ENTITY',32),(196,'DEFAULT_CONDITION','DEFAULT_CONDITION',33),(197,'VERSION','VERSION',33),(198,'PV_FILTER','CONCEPT_NAME like ''UNIT->^%''',37),(199,'PV_VIEW','MED_LOOKUP_VIEW',37),(200,'DEFAULT_CONDITION','In!=!FACILITY_ID',38),(201,'VI_HIDDEN','VI_HIDDEN',38),(202,'Inherited','Inherited',38),(203,'Inherited','Inherited',38),(204,'Inherited','Inherited',38),(205,'Inherited','Inherited',38),(206,'Inherited','Inherited',38),(207,'Inherited','Inherited',38),(208,'Inherited','Inherited',38),(209,'Inherited','Inherited',38),(210,'VI_IGNORE_PREDICATE','VI_IGNORE_PREDICATE',39),(211,'Inherited','Inherited',39),(212,'Inherited','Inherited',39),(213,'Inherited','Inherited',39),(214,'Inherited','Inherited',39),(215,'Inherited','Inherited',39),(216,'Inherited','Inherited',39),(217,'Inherited','Inherited',39),(218,'Inherited','Inherited',39),(219,'NOT_SEARCHABLE','NOT_SEARCHABLE',40),(220,'NOT_VIEWABLE','NOT_VIEWABLE',40),(221,'Inherited','Inherited',40),(222,'Inherited','Inherited',40),(223,'Inherited','Inherited',40),(224,'Inherited','Inherited',40),(225,'Inherited','Inherited',40),(226,'Inherited','Inherited',40),(227,'Inherited','Inherited',40),(228,'Inherited','Inherited',40),(229,'PV_FILTER','CONCEPT_NAME like ''DOSAGE_FORM->^%''',43),(230,'PV_VIEW','MED_LOOKUP_VIEW',43),(231,'DEFAULT_CONDITION','In!=!FACILITY_ID',44),(232,'VI_HIDDEN','VI_HIDDEN',44),(233,'Inherited','Inherited',44),(234,'Inherited','Inherited',44),(235,'Inherited','Inherited',44),(236,'Inherited','Inherited',44),(237,'Inherited','Inherited',44),(238,'Inherited','Inherited',44),(239,'Inherited','Inherited',44),(240,'Inherited','Inherited',44),(241,'Inherited','Inherited',44),(242,'Inherited','Inherited',44),(243,'Inherited','Inherited',44),(244,'Inherited','Inherited',44),(245,'Inherited','Inherited',44),(246,'Inherited','Inherited',44),(247,'Inherited','Inherited',44),(248,'Inherited','Inherited',44),(249,'Inherited','Inherited',44),(250,'Inherited','Inherited',44),(251,'Inherited','Inherited',44),(252,'Inherited','Inherited',44),(253,'Inherited','Inherited',44),(254,'Inherited','Inherited',44),(255,'Inherited','Inherited',44),(256,'Inherited','Inherited',44),(257,'Inherited','Inherited',44),(258,'Inherited','Inherited',44),(259,'Inherited','Inherited',44),(260,'Inherited','Inherited',44),(261,'Inherited','Inherited',44),(262,'Inherited','Inherited',44),(263,'Inherited','Inherited',44),(264,'Inherited','Inherited',44),(265,'VI_IGNORE_PREDICATE','VI_IGNORE_PREDICATE',45),(266,'Inherited','Inherited',45),(267,'Inherited','Inherited',45),(268,'Inherited','Inherited',45),(269,'Inherited','Inherited',45),(270,'Inherited','Inherited',45),(271,'Inherited','Inherited',45),(272,'Inherited','Inherited',45),(273,'Inherited','Inherited',45),(274,'Inherited','Inherited',45),(275,'Inherited','Inherited',45),(276,'Inherited','Inherited',45),(277,'Inherited','Inherited',45),(278,'Inherited','Inherited',45),(279,'Inherited','Inherited',45),(280,'Inherited','Inherited',45),(281,'Inherited','Inherited',45),(282,'Inherited','Inherited',45),(283,'Inherited','Inherited',45),(284,'Inherited','Inherited',45),(285,'Inherited','Inherited',45),(286,'Inherited','Inherited',45),(287,'Inherited','Inherited',45),(288,'Inherited','Inherited',45),(289,'Inherited','Inherited',45),(290,'Inherited','Inherited',45),(291,'Inherited','Inherited',45),(292,'Inherited','Inherited',45),(293,'Inherited','Inherited',45),(294,'Inherited','Inherited',45),(295,'Inherited','Inherited',45),(296,'Inherited','Inherited',45),(297,'Inherited','Inherited',45),(298,'NOT_SEARCHABLE','NOT_SEARCHABLE',46),(299,'NOT_VIEWABLE','NOT_VIEWABLE',46),(300,'Inherited','Inherited',46),(301,'Inherited','Inherited',46),(302,'Inherited','Inherited',46),(303,'Inherited','Inherited',46),(304,'Inherited','Inherited',46),(305,'Inherited','Inherited',46),(306,'Inherited','Inherited',46),(307,'Inherited','Inherited',46),(308,'Inherited','Inherited',46),(309,'Inherited','Inherited',46),(310,'Inherited','Inherited',46),(311,'Inherited','Inherited',46),(312,'Inherited','Inherited',46),(313,'Inherited','Inherited',46),(314,'Inherited','Inherited',46),(315,'Inherited','Inherited',46),(316,'Inherited','Inherited',46),(317,'Inherited','Inherited',46),(318,'Inherited','Inherited',46),(319,'Inherited','Inherited',46),(320,'Inherited','Inherited',46),(321,'Inherited','Inherited',46),(322,'Inherited','Inherited',46),(323,'Inherited','Inherited',46),(324,'Inherited','Inherited',46),(325,'Inherited','Inherited',46),(326,'Inherited','Inherited',46),(327,'Inherited','Inherited',46),(328,'Inherited','Inherited',46),(329,'Inherited','Inherited',46),(330,'Inherited','Inherited',46),(331,'Inherited','Inherited',46),(332,'PV_VIEW','MEDICATIONS_VIEW',48),(333,'DEFAULT_CONDITION','In!=!FACILITY_ID',49),(334,'VI_HIDDEN','VI_HIDDEN',49),(335,'Inherited','Inherited',49),(336,'Inherited','Inherited',49),(337,'Inherited','Inherited',49),(338,'Inherited','Inherited',49),(339,'Inherited','Inherited',49),(340,'Inherited','Inherited',49),(341,'Inherited','Inherited',49),(342,'Inherited','Inherited',49),(343,'Inherited','Inherited',49),(344,'Inherited','Inherited',49),(345,'Inherited','Inherited',49),(346,'Inherited','Inherited',49),(347,'Inherited','Inherited',49),(348,'Inherited','Inherited',49),(349,'Inherited','Inherited',49),(350,'Inherited','Inherited',49),(351,'Inherited','Inherited',49),(352,'Inherited','Inherited',49),(353,'Inherited','Inherited',49),(354,'Inherited','Inherited',49),(355,'Inherited','Inherited',49),(356,'Inherited','Inherited',49),(357,'Inherited','Inherited',49),(358,'Inherited','Inherited',49),(359,'Inherited','Inherited',49),(360,'Inherited','Inherited',49),(361,'Inherited','Inherited',49),(362,'Inherited','Inherited',49),(363,'Inherited','Inherited',49),(364,'Inherited','Inherited',49),(365,'Inherited','Inherited',49),(366,'Inherited','Inherited',49),(367,'Inherited','Inherited',49),(368,'Inherited','Inherited',49),(369,'Inherited','Inherited',49),(370,'Inherited','Inherited',49),(371,'Inherited','Inherited',49),(372,'Inherited','Inherited',49),(373,'Inherited','Inherited',49),(374,'Inherited','Inherited',49),(375,'Inherited','Inherited',49),(376,'VI_IGNORE_PREDICATE','VI_IGNORE_PREDICATE',50),(377,'Inherited','Inherited',50),(378,'Inherited','Inherited',50),(379,'Inherited','Inherited',50),(380,'Inherited','Inherited',50),(381,'Inherited','Inherited',50),(382,'Inherited','Inherited',50),(383,'Inherited','Inherited',50),(384,'Inherited','Inherited',50),(385,'Inherited','Inherited',50),(386,'Inherited','Inherited',50),(387,'Inherited','Inherited',50),(388,'Inherited','Inherited',50),(389,'Inherited','Inherited',50),(390,'Inherited','Inherited',50),(391,'Inherited','Inherited',50),(392,'Inherited','Inherited',50),(393,'Inherited','Inherited',50),(394,'Inherited','Inherited',50),(395,'Inherited','Inherited',50),(396,'Inherited','Inherited',50),(397,'Inherited','Inherited',50),(398,'Inherited','Inherited',50),(399,'Inherited','Inherited',50),(400,'Inherited','Inherited',50),(401,'Inherited','Inherited',50),(402,'Inherited','Inherited',50),(403,'Inherited','Inherited',50),(404,'Inherited','Inherited',50),(405,'Inherited','Inherited',50),(406,'Inherited','Inherited',50),(407,'Inherited','Inherited',50),(408,'Inherited','Inherited',50),(409,'Inherited','Inherited',50),(410,'Inherited','Inherited',50),(411,'Inherited','Inherited',50),(412,'Inherited','Inherited',50),(413,'Inherited','Inherited',50),(414,'Inherited','Inherited',50),(415,'Inherited','Inherited',50),(416,'Inherited','Inherited',50),(417,'Inherited','Inherited',50),(418,'NOT_SEARCHABLE','NOT_SEARCHABLE',51),(419,'NOT_VIEWABLE','NOT_VIEWABLE',51),(420,'Inherited','Inherited',51),(421,'Inherited','Inherited',51),(422,'Inherited','Inherited',51),(423,'Inherited','Inherited',51),(424,'Inherited','Inherited',51),(425,'Inherited','Inherited',51),(426,'Inherited','Inherited',51),(427,'Inherited','Inherited',51),(428,'Inherited','Inherited',51),(429,'Inherited','Inherited',51),(430,'Inherited','Inherited',51),(431,'Inherited','Inherited',51),(432,'Inherited','Inherited',51),(433,'Inherited','Inherited',51),(434,'Inherited','Inherited',51),(435,'Inherited','Inherited',51),(436,'Inherited','Inherited',51),(437,'Inherited','Inherited',51),(438,'Inherited','Inherited',51),(439,'Inherited','Inherited',51),(440,'Inherited','Inherited',51),(441,'Inherited','Inherited',51),(442,'Inherited','Inherited',51),(443,'Inherited','Inherited',51),(444,'Inherited','Inherited',51),(445,'Inherited','Inherited',51),(446,'Inherited','Inherited',51),(447,'Inherited','Inherited',51),(448,'Inherited','Inherited',51),(449,'Inherited','Inherited',51),(450,'Inherited','Inherited',51),(451,'Inherited','Inherited',51),(452,'Inherited','Inherited',51),(453,'Inherited','Inherited',51),(454,'Inherited','Inherited',51),(455,'Inherited','Inherited',51),(456,'Inherited','Inherited',51),(457,'Inherited','Inherited',51),(458,'Inherited','Inherited',51),(459,'Inherited','Inherited',51),(460,'Inherited','Inherited',51),(461,'PV_FILTER','synonym like ''T_HL7_S_0166^%''',53),(462,'PV_VIEW','MED_LOOKUP_VIEW',53),(463,'DEFAULT_CONDITION','In!=!FACILITY_ID',54),(464,'VI_HIDDEN','VI_HIDDEN',54),(465,'Inherited','Inherited',54),(466,'Inherited','Inherited',54),(467,'Inherited','Inherited',54),(468,'Inherited','Inherited',54),(469,'Inherited','Inherited',54),(470,'Inherited','Inherited',54),(471,'Inherited','Inherited',54),(472,'Inherited','Inherited',54),(473,'Inherited','Inherited',54),(474,'Inherited','Inherited',54),(475,'Inherited','Inherited',54),(476,'Inherited','Inherited',54),(477,'Inherited','Inherited',54),(478,'Inherited','Inherited',54),(479,'Inherited','Inherited',54),(480,'Inherited','Inherited',54),(481,'Inherited','Inherited',54),(482,'Inherited','Inherited',54),(483,'Inherited','Inherited',54),(484,'Inherited','Inherited',54),(485,'Inherited','Inherited',54),(486,'Inherited','Inherited',54),(487,'Inherited','Inherited',54),(488,'Inherited','Inherited',54),(489,'Inherited','Inherited',54),(490,'Inherited','Inherited',54),(491,'Inherited','Inherited',54),(492,'Inherited','Inherited',54),(493,'Inherited','Inherited',54),(494,'Inherited','Inherited',54),(495,'VI_IGNORE_PREDICATE','VI_IGNORE_PREDICATE',55),(496,'Inherited','Inherited',55),(497,'Inherited','Inherited',55),(498,'Inherited','Inherited',55),(499,'Inherited','Inherited',55),(500,'Inherited','Inherited',55),(501,'Inherited','Inherited',55),(502,'Inherited','Inherited',55),(503,'Inherited','Inherited',55),(504,'Inherited','Inherited',55),(505,'Inherited','Inherited',55),(506,'Inherited','Inherited',55),(507,'Inherited','Inherited',55),(508,'Inherited','Inherited',55),(509,'Inherited','Inherited',55),(510,'Inherited','Inherited',55),(511,'Inherited','Inherited',55),(512,'Inherited','Inherited',55),(513,'Inherited','Inherited',55),(514,'Inherited','Inherited',55),(515,'Inherited','Inherited',55),(516,'Inherited','Inherited',55),(517,'Inherited','Inherited',55),(518,'Inherited','Inherited',55),(519,'Inherited','Inherited',55),(520,'Inherited','Inherited',55),(521,'Inherited','Inherited',55),(522,'Inherited','Inherited',55),(523,'Inherited','Inherited',55),(524,'Inherited','Inherited',55),(525,'Inherited','Inherited',55),(526,'NOT_SEARCHABLE','NOT_SEARCHABLE',56),(527,'NOT_VIEWABLE','NOT_VIEWABLE',56),(528,'Inherited','Inherited',56),(529,'Inherited','Inherited',56),(530,'Inherited','Inherited',56),(531,'Inherited','Inherited',56),(532,'Inherited','Inherited',56),(533,'Inherited','Inherited',56),(534,'Inherited','Inherited',56),(535,'Inherited','Inherited',56),(536,'Inherited','Inherited',56),(537,'Inherited','Inherited',56),(538,'Inherited','Inherited',56),(539,'Inherited','Inherited',56),(540,'Inherited','Inherited',56),(541,'Inherited','Inherited',56),(542,'Inherited','Inherited',56),(543,'Inherited','Inherited',56),(544,'Inherited','Inherited',56),(545,'Inherited','Inherited',56),(546,'Inherited','Inherited',56),(547,'Inherited','Inherited',56),(548,'Inherited','Inherited',56),(549,'Inherited','Inherited',56),(550,'Inherited','Inherited',56),(551,'Inherited','Inherited',56),(552,'Inherited','Inherited',56),(553,'Inherited','Inherited',56),(554,'Inherited','Inherited',56),(555,'Inherited','Inherited',56),(556,'Inherited','Inherited',56),(557,'Inherited','Inherited',56),(558,'PV_FILTER','synonym like ''T_HL7_U_0086^%''',58),(559,'PV_VIEW','MED_LOOKUP_VIEW',58),(560,'DEFAULT_CONDITION','In!=!FACILITY_ID',59),(561,'VI_HIDDEN','VI_HIDDEN',59),(562,'Inherited','Inherited',59),(563,'Inherited','Inherited',59),(564,'Inherited','Inherited',59),(565,'Inherited','Inherited',59),(566,'Inherited','Inherited',59),(567,'Inherited','Inherited',59),(568,'Inherited','Inherited',59),(569,'Inherited','Inherited',59),(570,'Inherited','Inherited',59),(571,'Inherited','Inherited',59),(572,'Inherited','Inherited',59),(573,'Inherited','Inherited',59),(574,'Inherited','Inherited',59),(575,'Inherited','Inherited',59),(576,'Inherited','Inherited',59),(577,'Inherited','Inherited',59),(578,'Inherited','Inherited',59),(579,'Inherited','Inherited',59),(580,'VI_IGNORE_PREDICATE','VI_IGNORE_PREDICATE',60),(581,'Inherited','Inherited',60),(582,'Inherited','Inherited',60),(583,'Inherited','Inherited',60),(584,'Inherited','Inherited',60),(585,'Inherited','Inherited',60),(586,'Inherited','Inherited',60),(587,'Inherited','Inherited',60),(588,'Inherited','Inherited',60),(589,'Inherited','Inherited',60),(590,'Inherited','Inherited',60),(591,'Inherited','Inherited',60),(592,'Inherited','Inherited',60),(593,'Inherited','Inherited',60),(594,'Inherited','Inherited',60),(595,'Inherited','Inherited',60),(596,'Inherited','Inherited',60),(597,'Inherited','Inherited',60),(598,'Inherited','Inherited',60),(599,'NOT_SEARCHABLE','NOT_SEARCHABLE',61),(600,'NOT_VIEWABLE','NOT_VIEWABLE',61),(601,'Inherited','Inherited',61),(602,'Inherited','Inherited',61),(603,'Inherited','Inherited',61),(604,'Inherited','Inherited',61),(605,'Inherited','Inherited',61),(606,'Inherited','Inherited',61),(607,'Inherited','Inherited',61),(608,'Inherited','Inherited',61),(609,'Inherited','Inherited',61),(610,'Inherited','Inherited',61),(611,'Inherited','Inherited',61),(612,'Inherited','Inherited',61),(613,'Inherited','Inherited',61),(614,'Inherited','Inherited',61),(615,'Inherited','Inherited',61),(616,'Inherited','Inherited',61),(617,'Inherited','Inherited',61),(618,'Inherited','Inherited',61),(619,'PV_FILTER','synonym like ''T_HL7_S_0123^%''',67),(620,'PV_VIEW','MED_LOOKUP_VIEW',67),(621,'DEFAULT_CONDITION','In!=!FACILITY_ID',68),(622,'VI_HIDDEN','VI_HIDDEN',68),(623,'Inherited','Inherited',68),(624,'Inherited','Inherited',68),(625,'Inherited','Inherited',68),(626,'Inherited','Inherited',68),(627,'Inherited','Inherited',68),(628,'Inherited','Inherited',68),(629,'Inherited','Inherited',68),(630,'Inherited','Inherited',68),(631,'Inherited','Inherited',68),(632,'Inherited','Inherited',68),(633,'Inherited','Inherited',68),(634,'Inherited','Inherited',68),(635,'Inherited','Inherited',68),(636,'Inherited','Inherited',68),(637,'Inherited','Inherited',68),(638,'Inherited','Inherited',68),(639,'Inherited','Inherited',68),(640,'Inherited','Inherited',68),(641,'Inherited','Inherited',68),(642,'Inherited','Inherited',68),(643,'Inherited','Inherited',68),(644,'Inherited','Inherited',68),(645,'Inherited','Inherited',68),(646,'Inherited','Inherited',68),(647,'Inherited','Inherited',68),(648,'Inherited','Inherited',68),(649,'Inherited','Inherited',68),(650,'Inherited','Inherited',68),(651,'Inherited','Inherited',68),(652,'Inherited','Inherited',68),(653,'Inherited','Inherited',68),(654,'Inherited','Inherited',68),(655,'Inherited','Inherited',68),(656,'Inherited','Inherited',68),(657,'Inherited','Inherited',68),(658,'Inherited','Inherited',68),(659,'Inherited','Inherited',68),(660,'Inherited','Inherited',68),(661,'Inherited','Inherited',68),(662,'Inherited','Inherited',68),(663,'VI_IGNORE_PREDICATE','VI_IGNORE_PREDICATE',69),(664,'Inherited','Inherited',69),(665,'Inherited','Inherited',69),(666,'Inherited','Inherited',69),(667,'Inherited','Inherited',69),(668,'Inherited','Inherited',69),(669,'Inherited','Inherited',69),(670,'Inherited','Inherited',69),(671,'Inherited','Inherited',69),(672,'Inherited','Inherited',69),(673,'Inherited','Inherited',69),(674,'Inherited','Inherited',69),(675,'Inherited','Inherited',69),(676,'Inherited','Inherited',69),(677,'Inherited','Inherited',69),(678,'Inherited','Inherited',69),(679,'Inherited','Inherited',69),(680,'Inherited','Inherited',69),(681,'Inherited','Inherited',69),(682,'Inherited','Inherited',69),(683,'Inherited','Inherited',69),(684,'Inherited','Inherited',69),(685,'Inherited','Inherited',69),(686,'Inherited','Inherited',69),(687,'Inherited','Inherited',69),(688,'Inherited','Inherited',69),(689,'Inherited','Inherited',69),(690,'Inherited','Inherited',69),(691,'Inherited','Inherited',69),(692,'Inherited','Inherited',69),(693,'Inherited','Inherited',69),(694,'Inherited','Inherited',69),(695,'Inherited','Inherited',69),(696,'Inherited','Inherited',69),(697,'Inherited','Inherited',69),(698,'Inherited','Inherited',69),(699,'Inherited','Inherited',69),(700,'Inherited','Inherited',69),(701,'Inherited','Inherited',69),(702,'Inherited','Inherited',69),(703,'Inherited','Inherited',69),(704,'NOT_SEARCHABLE','NOT_SEARCHABLE',70),(705,'NOT_VIEWABLE','NOT_VIEWABLE',70),(706,'Inherited','Inherited',70),(707,'Inherited','Inherited',70),(708,'Inherited','Inherited',70),(709,'Inherited','Inherited',70),(710,'Inherited','Inherited',70),(711,'Inherited','Inherited',70),(712,'Inherited','Inherited',70),(713,'Inherited','Inherited',70),(714,'Inherited','Inherited',70),(715,'Inherited','Inherited',70),(716,'Inherited','Inherited',70),(717,'Inherited','Inherited',70),(718,'Inherited','Inherited',70),(719,'Inherited','Inherited',70),(720,'Inherited','Inherited',70),(721,'Inherited','Inherited',70),(722,'Inherited','Inherited',70),(723,'Inherited','Inherited',70),(724,'Inherited','Inherited',70),(725,'Inherited','Inherited',70),(726,'Inherited','Inherited',70),(727,'Inherited','Inherited',70),(728,'Inherited','Inherited',70),(729,'Inherited','Inherited',70),(730,'Inherited','Inherited',70),(731,'Inherited','Inherited',70),(732,'Inherited','Inherited',70),(733,'Inherited','Inherited',70),(734,'Inherited','Inherited',70),(735,'Inherited','Inherited',70),(736,'Inherited','Inherited',70),(737,'Inherited','Inherited',70),(738,'Inherited','Inherited',70),(739,'Inherited','Inherited',70),(740,'Inherited','Inherited',70),(741,'Inherited','Inherited',70),(742,'Inherited','Inherited',70),(743,'Inherited','Inherited',70),(744,'Inherited','Inherited',70),(745,'Inherited','Inherited',70),(746,'NOT_SEARCHABLE','NOT_SEARCHABLE',72),(747,'PV_FILTER','synonym like ''T_HL7_I_0003^%''',72),(748,'PV_VIEW','MED_LOOKUP_VIEW',72),(749,'DEFAULT_CONDITION','In!=!FACILITY_ID',73),(750,'VI_HIDDEN','VI_HIDDEN',73),(751,'Inherited','Inherited',73),(752,'Inherited','Inherited',73),(753,'Inherited','Inherited',73),(754,'Inherited','Inherited',73),(755,'Inherited','Inherited',73),(756,'Inherited','Inherited',73),(757,'Inherited','Inherited',73),(758,'Inherited','Inherited',73),(759,'Inherited','Inherited',73),(760,'Inherited','Inherited',73),(761,'Inherited','Inherited',73),(762,'Inherited','Inherited',73),(763,'Inherited','Inherited',73),(764,'Inherited','Inherited',73),(765,'Inherited','Inherited',73),(766,'Inherited','Inherited',73),(767,'Inherited','Inherited',73),(768,'Inherited','Inherited',73),(769,'Inherited','Inherited',73),(770,'Inherited','Inherited',73),(771,'VI_IGNORE_PREDICATE','VI_IGNORE_PREDICATE',74),(772,'Inherited','Inherited',74),(773,'Inherited','Inherited',74),(774,'Inherited','Inherited',74),(775,'Inherited','Inherited',74),(776,'Inherited','Inherited',74),(777,'Inherited','Inherited',74),(778,'Inherited','Inherited',74),(779,'Inherited','Inherited',74),(780,'Inherited','Inherited',74),(781,'Inherited','Inherited',74),(782,'Inherited','Inherited',74),(783,'Inherited','Inherited',74),(784,'Inherited','Inherited',74),(785,'Inherited','Inherited',74),(786,'Inherited','Inherited',74),(787,'Inherited','Inherited',74),(788,'Inherited','Inherited',74),(789,'Inherited','Inherited',74),(790,'Inherited','Inherited',74),(791,'Inherited','Inherited',74),(792,'NOT_SEARCHABLE','NOT_SEARCHABLE',75),(793,'NOT_VIEWABLE','NOT_VIEWABLE',75),(794,'Inherited','Inherited',75),(795,'Inherited','Inherited',75),(796,'Inherited','Inherited',75),(797,'Inherited','Inherited',75),(798,'Inherited','Inherited',75),(799,'Inherited','Inherited',75),(800,'Inherited','Inherited',75),(801,'Inherited','Inherited',75),(802,'Inherited','Inherited',75),(803,'Inherited','Inherited',75),(804,'Inherited','Inherited',75),(805,'Inherited','Inherited',75),(806,'Inherited','Inherited',75),(807,'Inherited','Inherited',75),(808,'Inherited','Inherited',75),(809,'Inherited','Inherited',75),(810,'Inherited','Inherited',75),(811,'Inherited','Inherited',75),(812,'Inherited','Inherited',75),(813,'Inherited','Inherited',75),(814,'PV_FILTER','CONCEPT_NAME like ''PHARMACY_FREQUENCY_MODIFIER->^%''',77),(815,'PV_VIEW','MED_LOOKUP_VIEW',77),(816,'DEFAULT_CONDITION','In!=!FACILITY_ID',78),(817,'VI_HIDDEN','VI_HIDDEN',78),(818,'Inherited','Inherited',78),(819,'Inherited','Inherited',78),(820,'Inherited','Inherited',78),(821,'Inherited','Inherited',78),(822,'VI_IGNORE_PREDICATE','VI_IGNORE_PREDICATE',79),(823,'Inherited','Inherited',79),(824,'Inherited','Inherited',79),(825,'Inherited','Inherited',79),(826,'Inherited','Inherited',79),(827,'NOT_SEARCHABLE','NOT_SEARCHABLE',80),(828,'NOT_VIEWABLE','NOT_VIEWABLE',80),(829,'Inherited','Inherited',80),(830,'Inherited','Inherited',80),(831,'Inherited','Inherited',80),(832,'Inherited','Inherited',80),(833,'NOT_SEARCHABLE','NOT_SEARCHABLE',92),(834,'NOT_VIEWABLE','NOT_VIEWABLE',92),(835,'DEFAULT_CONDITION','Less than or Equal to!=!CURRENT_DATE',92),(836,'NOT_SEARCHABLE','NOT_SEARCHABLE',93),(837,'NOT_VIEWABLE','NOT_VIEWABLE',93),(838,'DEFAULT_CONDITION','Greater than or Equal to!=!CURRENT_DATE',93),(839,'PV_FILTER','synonym like ''T_HL7_U_0167^%''',105),(840,'PV_VIEW','MED_LOOKUP_VIEW',105),(841,'DEFAULT_CONDITION','In!=!FACILITY_ID',106),(842,'VI_HIDDEN','VI_HIDDEN',106),(843,'Inherited','Inherited',106),(844,'Inherited','Inherited',106),(845,'Inherited','Inherited',106),(846,'Inherited','Inherited',106),(847,'Inherited','Inherited',106),(848,'Inherited','Inherited',106),(849,'Inherited','Inherited',106),(850,'Inherited','Inherited',106),(851,'Inherited','Inherited',106),(852,'Inherited','Inherited',106),(853,'Inherited','Inherited',106),(854,'Inherited','Inherited',106),(855,'Inherited','Inherited',106),(856,'Inherited','Inherited',106),(857,'Inherited','Inherited',106),(858,'VI_IGNORE_PREDICATE','VI_IGNORE_PREDICATE',107),(859,'Inherited','Inherited',107),(860,'Inherited','Inherited',107),(861,'Inherited','Inherited',107),(862,'Inherited','Inherited',107),(863,'Inherited','Inherited',107),(864,'Inherited','Inherited',107),(865,'Inherited','Inherited',107),(866,'Inherited','Inherited',107),(867,'Inherited','Inherited',107),(868,'Inherited','Inherited',107),(869,'Inherited','Inherited',107),(870,'Inherited','Inherited',107),(871,'Inherited','Inherited',107),(872,'Inherited','Inherited',107),(873,'Inherited','Inherited',107),(874,'NOT_SEARCHABLE','NOT_SEARCHABLE',108),(875,'NOT_VIEWABLE','NOT_VIEWABLE',108),(876,'Inherited','Inherited',108),(877,'Inherited','Inherited',108),(878,'Inherited','Inherited',108),(879,'Inherited','Inherited',108),(880,'Inherited','Inherited',108),(881,'Inherited','Inherited',108),(882,'Inherited','Inherited',108),(883,'Inherited','Inherited',108),(884,'Inherited','Inherited',108),(885,'Inherited','Inherited',108),(886,'Inherited','Inherited',108),(887,'Inherited','Inherited',108),(888,'Inherited','Inherited',108),(889,'Inherited','Inherited',108),(890,'Inherited','Inherited',108),(891,'PV_FILTER','CONCEPT_NAME like ''PHARMACY_FREQUENCY->^%''',110),(892,'PV_VIEW','MED_LOOKUP_VIEW',110),(893,'DEFAULT_CONDITION','In!=!FACILITY_ID',111),(894,'Inherited','Inherited',111),(895,'Inherited','Inherited',111),(896,'Inherited','Inherited',111),(897,'Inherited','Inherited',111),(898,'Inherited','Inherited',111),(899,'Inherited','Inherited',111),(900,'Inherited','Inherited',111),(901,'Inherited','Inherited',111),(902,'Inherited','Inherited',111),(903,'Inherited','Inherited',111),(904,'Inherited','Inherited',111),(905,'Inherited','Inherited',111),(906,'VI_HIDDEN','VI_HIDDEN',111),(907,'Inherited','Inherited',112),(908,'Inherited','Inherited',112),(909,'Inherited','Inherited',112),(910,'Inherited','Inherited',112),(911,'Inherited','Inherited',112),(912,'Inherited','Inherited',112),(913,'Inherited','Inherited',112),(914,'Inherited','Inherited',112),(915,'Inherited','Inherited',112),(916,'Inherited','Inherited',112),(917,'Inherited','Inherited',112),(918,'Inherited','Inherited',112),(919,'VI_IGNORE_PREDICATE','VI_IGNORE_PREDICATE',112),(920,'NOT_SEARCHABLE','NOT_SEARCHABLE',113),(921,'Inherited','Inherited',113),(922,'Inherited','Inherited',113),(923,'Inherited','Inherited',113),(924,'Inherited','Inherited',113),(925,'Inherited','Inherited',113),(926,'Inherited','Inherited',113),(927,'Inherited','Inherited',113),(928,'Inherited','Inherited',113),(929,'Inherited','Inherited',113),(930,'Inherited','Inherited',113),(931,'Inherited','Inherited',113),(932,'Inherited','Inherited',113),(933,'NOT_VIEWABLE','NOT_VIEWABLE',113),(934,'DEFAULT_CONDITION','DEFAULT_CONDITION',118),(935,'PV_FILTER','synonym like ''T_HL7_I_0002^%''',118),(936,'PV_VIEW','MED_LOOKUP_VIEW',118),(937,'DEFAULT_CONDITION','In!=!FACILITY_ID',119),(938,'VI_HIDDEN','VI_HIDDEN',119),(939,'Inherited','Inherited',119),(940,'Inherited','Inherited',119),(941,'Inherited','Inherited',119),(942,'Inherited','Inherited',119),(943,'Inherited','Inherited',119),(944,'Inherited','Inherited',119),(945,'Inherited','Inherited',119),(946,'Inherited','Inherited',119),(947,'Inherited','Inherited',119),(948,'Inherited','Inherited',119),(949,'Inherited','Inherited',119),(950,'Inherited','Inherited',119),(951,'Inherited','Inherited',119),(952,'Inherited','Inherited',119),(953,'Inherited','Inherited',119),(954,'Inherited','Inherited',119),(955,'Inherited','Inherited',119),(956,'Inherited','Inherited',119),(957,'Inherited','Inherited',119),(958,'Inherited','Inherited',119),(959,'Inherited','Inherited',119),(960,'Inherited','Inherited',119),(961,'Inherited','Inherited',119),(962,'Inherited','Inherited',119),(963,'Inherited','Inherited',119),(964,'Inherited','Inherited',119),(965,'Inherited','Inherited',119),(966,'Inherited','Inherited',119),(967,'Inherited','Inherited',119),(968,'Inherited','Inherited',119),(969,'Inherited','Inherited',119),(970,'Inherited','Inherited',119),(971,'Inherited','Inherited',119),(972,'Inherited','Inherited',119),(973,'Inherited','Inherited',119),(974,'VI_IGNORE_PREDICATE','VI_IGNORE_PREDICATE',120),(975,'Inherited','Inherited',120),(976,'Inherited','Inherited',120),(977,'Inherited','Inherited',120),(978,'Inherited','Inherited',120),(979,'Inherited','Inherited',120),(980,'Inherited','Inherited',120),(981,'Inherited','Inherited',120),(982,'Inherited','Inherited',120),(983,'Inherited','Inherited',120),(984,'Inherited','Inherited',120),(985,'Inherited','Inherited',120),(986,'Inherited','Inherited',120),(987,'Inherited','Inherited',120),(988,'Inherited','Inherited',120),(989,'Inherited','Inherited',120),(990,'Inherited','Inherited',120),(991,'Inherited','Inherited',120),(992,'Inherited','Inherited',120),(993,'Inherited','Inherited',120),(994,'Inherited','Inherited',120),(995,'Inherited','Inherited',120),(996,'Inherited','Inherited',120),(997,'Inherited','Inherited',120),(998,'Inherited','Inherited',120),(999,'Inherited','Inherited',120),(1000,'Inherited','Inherited',120),(1001,'Inherited','Inherited',120),(1002,'Inherited','Inherited',120),(1003,'Inherited','Inherited',120),(1004,'Inherited','Inherited',120),(1005,'Inherited','Inherited',120),(1006,'Inherited','Inherited',120),(1007,'Inherited','Inherited',120),(1008,'Inherited','Inherited',120),(1009,'Inherited','Inherited',120),(1010,'NOT_SEARCHABLE','NOT_SEARCHABLE',121),(1011,'NOT_VIEWABLE','NOT_VIEWABLE',121),(1012,'Inherited','Inherited',121),(1013,'Inherited','Inherited',121),(1014,'Inherited','Inherited',121),(1015,'Inherited','Inherited',121),(1016,'Inherited','Inherited',121),(1017,'Inherited','Inherited',121),(1018,'Inherited','Inherited',121),(1019,'Inherited','Inherited',121),(1020,'Inherited','Inherited',121),(1021,'Inherited','Inherited',121),(1022,'Inherited','Inherited',121),(1023,'Inherited','Inherited',121),(1024,'Inherited','Inherited',121),(1025,'Inherited','Inherited',121),(1026,'Inherited','Inherited',121),(1027,'Inherited','Inherited',121),(1028,'Inherited','Inherited',121),(1029,'Inherited','Inherited',121),(1030,'Inherited','Inherited',121),(1031,'Inherited','Inherited',121),(1032,'Inherited','Inherited',121),(1033,'Inherited','Inherited',121),(1034,'Inherited','Inherited',121),(1035,'Inherited','Inherited',121),(1036,'Inherited','Inherited',121),(1037,'Inherited','Inherited',121),(1038,'Inherited','Inherited',121),(1039,'Inherited','Inherited',121),(1040,'Inherited','Inherited',121),(1041,'Inherited','Inherited',121),(1042,'Inherited','Inherited',121),(1043,'Inherited','Inherited',121),(1044,'Inherited','Inherited',121),(1045,'Inherited','Inherited',121),(1046,'Inherited','Inherited',121),(1047,'PV_VIEW','MEDICATIONS_VIEW',124),(1048,'DEFAULT_CONDITION','In!=!FACILITY_ID',125),(1049,'VI_HIDDEN','VI_HIDDEN',125),(1050,'Inherited','Inherited',125),(1051,'Inherited','Inherited',125),(1052,'Inherited','Inherited',125),(1053,'Inherited','Inherited',125),(1054,'Inherited','Inherited',125),(1055,'Inherited','Inherited',125),(1056,'Inherited','Inherited',125),(1057,'Inherited','Inherited',125),(1058,'Inherited','Inherited',125),(1059,'Inherited','Inherited',125),(1060,'Inherited','Inherited',125),(1061,'Inherited','Inherited',125),(1062,'Inherited','Inherited',125),(1063,'Inherited','Inherited',125),(1064,'Inherited','Inherited',125),(1065,'Inherited','Inherited',125),(1066,'Inherited','Inherited',125),(1067,'Inherited','Inherited',125),(1068,'Inherited','Inherited',125),(1069,'Inherited','Inherited',125),(1070,'Inherited','Inherited',125),(1071,'VI_IGNORE_PREDICATE','VI_IGNORE_PREDICATE',126),(1072,'Inherited','Inherited',126),(1073,'Inherited','Inherited',126),(1074,'Inherited','Inherited',126),(1075,'Inherited','Inherited',126),(1076,'Inherited','Inherited',126),(1077,'Inherited','Inherited',126),(1078,'Inherited','Inherited',126),(1079,'Inherited','Inherited',126),(1080,'Inherited','Inherited',126),(1081,'Inherited','Inherited',126),(1082,'Inherited','Inherited',126),(1083,'Inherited','Inherited',126),(1084,'Inherited','Inherited',126),(1085,'Inherited','Inherited',126),(1086,'Inherited','Inherited',126),(1087,'Inherited','Inherited',126),(1088,'Inherited','Inherited',126),(1089,'Inherited','Inherited',126),(1090,'Inherited','Inherited',126),(1091,'Inherited','Inherited',126),(1092,'Inherited','Inherited',126),(1093,'NOT_SEARCHABLE','NOT_SEARCHABLE',127),(1094,'NOT_VIEWABLE','NOT_VIEWABLE',127),(1095,'Inherited','Inherited',127),(1096,'Inherited','Inherited',127),(1097,'Inherited','Inherited',127),(1098,'Inherited','Inherited',127),(1099,'Inherited','Inherited',127),(1100,'Inherited','Inherited',127),(1101,'Inherited','Inherited',127),(1102,'Inherited','Inherited',127),(1103,'Inherited','Inherited',127),(1104,'Inherited','Inherited',127),(1105,'Inherited','Inherited',127),(1106,'Inherited','Inherited',127),(1107,'Inherited','Inherited',127),(1108,'Inherited','Inherited',127),(1109,'Inherited','Inherited',127),(1110,'Inherited','Inherited',127),(1111,'Inherited','Inherited',127),(1112,'Inherited','Inherited',127),(1113,'Inherited','Inherited',127),(1114,'Inherited','Inherited',127),(1115,'Inherited','Inherited',127),(1116,'NOT_VIEWABLE','NOT_VIEWABLE',129),(1117,'NOT_SEARCHABLE','NOT_SEARCHABLE',129),(1118,'MAIN_ENTITY','MAIN_ENTITY',133),(1119,'PrimaryKey','Encounter.patientAccountNumber,Facility.id',133),(1120,'MAIN_ENTITY','MAIN_ENTITY',135),(1121,'PrimaryKey','LaboratoryProcedure.patientAccountNumber,Facility.id',135),(1122,'PV_VIEW','LAB_TESTS_VIEW',137),(1123,'DEFAULT_CONDITION','In!=!FACILITY_ID',138),(1124,'VI_HIDDEN','VI_HIDDEN',138),(1125,'Inherited','Inherited',138),(1126,'Inherited','Inherited',138),(1127,'Inherited','Inherited',138),(1128,'Inherited','Inherited',138),(1129,'Inherited','Inherited',138),(1130,'Inherited','Inherited',138),(1131,'Inherited','Inherited',138),(1132,'Inherited','Inherited',138),(1133,'Inherited','Inherited',138),(1134,'Inherited','Inherited',138),(1135,'Inherited','Inherited',138),(1136,'Inherited','Inherited',138),(1137,'Inherited','Inherited',138),(1138,'Inherited','Inherited',138),(1139,'Inherited','Inherited',138),(1140,'Inherited','Inherited',138),(1141,'Inherited','Inherited',138),(1142,'Inherited','Inherited',138),(1143,'Inherited','Inherited',138),(1144,'Inherited','Inherited',138),(1145,'Inherited','Inherited',138),(1146,'Inherited','Inherited',138),(1147,'Inherited','Inherited',138),(1148,'Inherited','Inherited',138),(1149,'Inherited','Inherited',138),(1150,'Inherited','Inherited',138),(1151,'Inherited','Inherited',138),(1152,'Inherited','Inherited',138),(1153,'Inherited','Inherited',138),(1154,'Inherited','Inherited',138),(1155,'Inherited','Inherited',138),(1156,'Inherited','Inherited',138),(1157,'Inherited','Inherited',138),(1158,'Inherited','Inherited',138),(1159,'Inherited','Inherited',138),(1160,'Inherited','Inherited',138),(1161,'Inherited','Inherited',138),(1162,'Inherited','Inherited',138),(1163,'Inherited','Inherited',138),(1164,'Inherited','Inherited',138),(1165,'Inherited','Inherited',138),(1166,'Inherited','Inherited',138),(1167,'Inherited','Inherited',138),(1168,'Inherited','Inherited',138),(1169,'VI_IGNORE_PREDICATE','VI_IGNORE_PREDICATE',139),(1170,'Inherited','Inherited',139),(1171,'Inherited','Inherited',139),(1172,'Inherited','Inherited',139),(1173,'Inherited','Inherited',139),(1174,'Inherited','Inherited',139),(1175,'Inherited','Inherited',139),(1176,'Inherited','Inherited',139),(1177,'Inherited','Inherited',139),(1178,'Inherited','Inherited',139),(1179,'Inherited','Inherited',139),(1180,'Inherited','Inherited',139),(1181,'Inherited','Inherited',139),(1182,'Inherited','Inherited',139),(1183,'Inherited','Inherited',139),(1184,'Inherited','Inherited',139),(1185,'Inherited','Inherited',139),(1186,'Inherited','Inherited',139),(1187,'Inherited','Inherited',139),(1188,'Inherited','Inherited',139),(1189,'Inherited','Inherited',139),(1190,'Inherited','Inherited',139),(1191,'Inherited','Inherited',139),(1192,'Inherited','Inherited',139),(1193,'Inherited','Inherited',139),(1194,'Inherited','Inherited',139),(1195,'Inherited','Inherited',139),(1196,'Inherited','Inherited',139),(1197,'Inherited','Inherited',139),(1198,'Inherited','Inherited',139),(1199,'Inherited','Inherited',139),(1200,'Inherited','Inherited',139),(1201,'Inherited','Inherited',139),(1202,'Inherited','Inherited',139),(1203,'Inherited','Inherited',139),(1204,'Inherited','Inherited',139),(1205,'Inherited','Inherited',139),(1206,'Inherited','Inherited',139),(1207,'Inherited','Inherited',139),(1208,'Inherited','Inherited',139),(1209,'Inherited','Inherited',139),(1210,'Inherited','Inherited',139),(1211,'Inherited','Inherited',139),(1212,'Inherited','Inherited',139),(1213,'Inherited','Inherited',139),(1214,'NOT_SEARCHABLE','NOT_SEARCHABLE',140),(1215,'NOT_VIEWABLE','NOT_VIEWABLE',140),(1216,'Inherited','Inherited',140),(1217,'Inherited','Inherited',140),(1218,'Inherited','Inherited',140),(1219,'Inherited','Inherited',140),(1220,'Inherited','Inherited',140),(1221,'Inherited','Inherited',140),(1222,'Inherited','Inherited',140),(1223,'Inherited','Inherited',140),(1224,'Inherited','Inherited',140),(1225,'Inherited','Inherited',140),(1226,'Inherited','Inherited',140),(1227,'Inherited','Inherited',140),(1228,'Inherited','Inherited',140),(1229,'Inherited','Inherited',140),(1230,'Inherited','Inherited',140),(1231,'Inherited','Inherited',140),(1232,'Inherited','Inherited',140),(1233,'Inherited','Inherited',140),(1234,'Inherited','Inherited',140),(1235,'Inherited','Inherited',140),(1236,'Inherited','Inherited',140),(1237,'Inherited','Inherited',140),(1238,'Inherited','Inherited',140),(1239,'Inherited','Inherited',140),(1240,'Inherited','Inherited',140),(1241,'Inherited','Inherited',140),(1242,'Inherited','Inherited',140),(1243,'Inherited','Inherited',140),(1244,'Inherited','Inherited',140),(1245,'Inherited','Inherited',140),(1246,'Inherited','Inherited',140),(1247,'Inherited','Inherited',140),(1248,'Inherited','Inherited',140),(1249,'Inherited','Inherited',140),(1250,'Inherited','Inherited',140),(1251,'Inherited','Inherited',140),(1252,'Inherited','Inherited',140),(1253,'Inherited','Inherited',140),(1254,'Inherited','Inherited',140),(1255,'Inherited','Inherited',140),(1256,'Inherited','Inherited',140),(1257,'Inherited','Inherited',140),(1258,'Inherited','Inherited',140),(1259,'Inherited','Inherited',140),(1260,'DEFAULT_CONDITION','DEFAULT_CONDITION',146),(1261,'VERSION','VERSION',146),(1262,'NOT_SEARCHABLE','NOT_SEARCHABLE',149),(1263,'NOT_VIEWABLE','NOT_VIEWABLE',149),(1264,'DEFAULT_CONDITION','Greater than or Equal to!=!CURRENT_DATE',149),(1265,'NOT_VIEWABLE','NOT_VIEWABLE',150),(1266,'DEFAULT_CONDITION','Less than or Equal to!=!CURRENT_DATE',150),(1267,'NOT_SEARCHABLE','NOT_SEARCHABLE',150),(1268,'PV_FILTER','synonym like ''T_HL7_S_0078^%''',172),(1269,'PV_VIEW','MED_LOOKUP_VIEW',172),(1270,'DEFAULT_CONDITION','In!=!FACILITY_ID',173),(1271,'VI_HIDDEN','VI_HIDDEN',173),(1272,'Inherited','Inherited',173),(1273,'Inherited','Inherited',173),(1274,'Inherited','Inherited',173),(1275,'Inherited','Inherited',173),(1276,'Inherited','Inherited',173),(1277,'VI_IGNORE_PREDICATE','VI_IGNORE_PREDICATE',174),(1278,'Inherited','Inherited',174),(1279,'Inherited','Inherited',174),(1280,'Inherited','Inherited',174),(1281,'Inherited','Inherited',174),(1282,'Inherited','Inherited',174),(1283,'NOT_SEARCHABLE','NOT_SEARCHABLE',175),(1284,'NOT_VIEWABLE','NOT_VIEWABLE',175),(1285,'Inherited','Inherited',175),(1286,'Inherited','Inherited',175),(1287,'Inherited','Inherited',175),(1288,'Inherited','Inherited',175),(1289,'Inherited','Inherited',175),(1290,'PV_VIEW','LAB_TESTS_VIEW',177),(1291,'DEFAULT_CONDITION','In!=!FACILITY_ID',178),(1292,'VI_HIDDEN','VI_HIDDEN',178),(1293,'Inherited','Inherited',178),(1294,'Inherited','Inherited',178),(1295,'Inherited','Inherited',178),(1296,'Inherited','Inherited',178),(1297,'Inherited','Inherited',178),(1298,'Inherited','Inherited',178),(1299,'Inherited','Inherited',178),(1300,'Inherited','Inherited',178),(1301,'Inherited','Inherited',178),(1302,'VI_IGNORE_PREDICATE','VI_IGNORE_PREDICATE',179),(1303,'Inherited','Inherited',179),(1304,'Inherited','Inherited',179),(1305,'Inherited','Inherited',179),(1306,'Inherited','Inherited',179),(1307,'Inherited','Inherited',179),(1308,'Inherited','Inherited',179),(1309,'Inherited','Inherited',179),(1310,'Inherited','Inherited',179),(1311,'Inherited','Inherited',179),(1312,'NOT_SEARCHABLE','NOT_SEARCHABLE',180),(1313,'NOT_VIEWABLE','NOT_VIEWABLE',180),(1314,'Inherited','Inherited',180),(1315,'Inherited','Inherited',180),(1316,'Inherited','Inherited',180),(1317,'Inherited','Inherited',180),(1318,'Inherited','Inherited',180),(1319,'Inherited','Inherited',180),(1320,'Inherited','Inherited',180),(1321,'Inherited','Inherited',180),(1322,'Inherited','Inherited',180),(1323,'NOT_SEARCHABLE','NOT_SEARCHABLE',184),(1324,'NOT_VIEWABLE','NOT_VIEWABLE',184),(1325,'DEFAULT_CONDITION','In!=!FACILITY_ID',188),(1326,'VI_HIDDEN','VI_HIDDEN',188),(1327,'Inherited','Inherited',188),(1328,'Inherited','Inherited',188),(1329,'Inherited','Inherited',188),(1330,'Inherited','Inherited',188),(1331,'Inherited','Inherited',188),(1332,'Inherited','Inherited',188),(1333,'Inherited','Inherited',188),(1334,'Inherited','Inherited',188),(1335,'Inherited','Inherited',188),(1336,'Inherited','Inherited',188),(1337,'Inherited','Inherited',188),(1338,'Inherited','Inherited',188),(1339,'Inherited','Inherited',188),(1340,'Inherited','Inherited',188),(1341,'Inherited','Inherited',188),(1342,'Inherited','Inherited',188),(1343,'Inherited','Inherited',188),(1344,'Inherited','Inherited',188),(1345,'Inherited','Inherited',188),(1346,'VI_IGNORE_PREDICATE','VI_IGNORE_PREDICATE',189),(1347,'Inherited','Inherited',189),(1348,'Inherited','Inherited',189),(1349,'Inherited','Inherited',189),(1350,'Inherited','Inherited',189),(1351,'Inherited','Inherited',189),(1352,'Inherited','Inherited',189),(1353,'Inherited','Inherited',189),(1354,'Inherited','Inherited',189),(1355,'Inherited','Inherited',189),(1356,'Inherited','Inherited',189),(1357,'Inherited','Inherited',189),(1358,'Inherited','Inherited',189),(1359,'Inherited','Inherited',189),(1360,'Inherited','Inherited',189),(1361,'Inherited','Inherited',189),(1362,'Inherited','Inherited',189),(1363,'Inherited','Inherited',189),(1364,'Inherited','Inherited',189),(1365,'Inherited','Inherited',189),(1366,'NOT_SEARCHABLE','NOT_SEARCHABLE',190),(1367,'NOT_VIEWABLE','NOT_VIEWABLE',190),(1368,'Inherited','Inherited',190),(1369,'Inherited','Inherited',190),(1370,'Inherited','Inherited',190),(1371,'Inherited','Inherited',190),(1372,'Inherited','Inherited',190),(1373,'Inherited','Inherited',190),(1374,'Inherited','Inherited',190),(1375,'Inherited','Inherited',190),(1376,'Inherited','Inherited',190),(1377,'Inherited','Inherited',190),(1378,'Inherited','Inherited',190),(1379,'Inherited','Inherited',190),(1380,'Inherited','Inherited',190),(1381,'Inherited','Inherited',190),(1382,'Inherited','Inherited',190),(1383,'Inherited','Inherited',190),(1384,'Inherited','Inherited',190),(1385,'Inherited','Inherited',190),(1386,'Inherited','Inherited',190),(1387,'NOT_VIEWABLE','NOT_VIEWABLE',195),(1388,'NOT_SEARCHABLE','NOT_SEARCHABLE',195),(1389,'DEFAULT_CONDITION','DEFAULT_CONDITION',198),(1390,'VERSION','VERSION',198),(1391,'PV_FILTER','synonym like ''T_HL7_U_0099^%''',201),(1392,'PV_VIEW','MED_LOOKUP_VIEW',201),(1393,'DEFAULT_CONDITION','In!=!FACILITY_ID',202),(1394,'VI_HIDDEN','VI_HIDDEN',202),(1395,'Inherited','Inherited',202),(1396,'Inherited','Inherited',202),(1397,'Inherited','Inherited',202),(1398,'Inherited','Inherited',202),(1399,'Inherited','Inherited',202),(1400,'Inherited','Inherited',202),(1401,'Inherited','Inherited',202),(1402,'Inherited','Inherited',202),(1403,'Inherited','Inherited',202),(1404,'Inherited','Inherited',202),(1405,'Inherited','Inherited',202),(1406,'Inherited','Inherited',202),(1407,'Inherited','Inherited',202),(1408,'Inherited','Inherited',202),(1409,'Inherited','Inherited',202),(1410,'Inherited','Inherited',202),(1411,'Inherited','Inherited',202),(1412,'Inherited','Inherited',202),(1413,'Inherited','Inherited',202),(1414,'Inherited','Inherited',202),(1415,'Inherited','Inherited',202),(1416,'Inherited','Inherited',202),(1417,'Inherited','Inherited',202),(1418,'Inherited','Inherited',202),(1419,'Inherited','Inherited',202),(1420,'Inherited','Inherited',202),(1421,'Inherited','Inherited',202),(1422,'Inherited','Inherited',202),(1423,'Inherited','Inherited',202),(1424,'Inherited','Inherited',202),(1425,'Inherited','Inherited',202),(1426,'Inherited','Inherited',202),(1427,'Inherited','Inherited',202),(1428,'Inherited','Inherited',202),(1429,'Inherited','Inherited',202),(1430,'Inherited','Inherited',202),(1431,'Inherited','Inherited',202),(1432,'Inherited','Inherited',202),(1433,'Inherited','Inherited',202),(1434,'Inherited','Inherited',202),(1435,'Inherited','Inherited',202),(1436,'Inherited','Inherited',202),(1437,'Inherited','Inherited',202),(1438,'Inherited','Inherited',202),(1439,'Inherited','Inherited',202),(1440,'Inherited','Inherited',202),(1441,'VI_IGNORE_PREDICATE','VI_IGNORE_PREDICATE',203),(1442,'Inherited','Inherited',203),(1443,'Inherited','Inherited',203),(1444,'Inherited','Inherited',203),(1445,'Inherited','Inherited',203),(1446,'Inherited','Inherited',203),(1447,'Inherited','Inherited',203),(1448,'Inherited','Inherited',203),(1449,'Inherited','Inherited',203),(1450,'Inherited','Inherited',203),(1451,'Inherited','Inherited',203),(1452,'Inherited','Inherited',203),(1453,'Inherited','Inherited',203),(1454,'Inherited','Inherited',203),(1455,'Inherited','Inherited',203),(1456,'Inherited','Inherited',203),(1457,'Inherited','Inherited',203),(1458,'Inherited','Inherited',203),(1459,'Inherited','Inherited',203),(1460,'Inherited','Inherited',203),(1461,'Inherited','Inherited',203),(1462,'Inherited','Inherited',203),(1463,'Inherited','Inherited',203),(1464,'Inherited','Inherited',203),(1465,'Inherited','Inherited',203),(1466,'Inherited','Inherited',203),(1467,'Inherited','Inherited',203),(1468,'Inherited','Inherited',203),(1469,'Inherited','Inherited',203),(1470,'Inherited','Inherited',203),(1471,'Inherited','Inherited',203),(1472,'Inherited','Inherited',203),(1473,'Inherited','Inherited',203),(1474,'Inherited','Inherited',203),(1475,'Inherited','Inherited',203),(1476,'Inherited','Inherited',203),(1477,'Inherited','Inherited',203),(1478,'Inherited','Inherited',203),(1479,'Inherited','Inherited',203),(1480,'Inherited','Inherited',203),(1481,'Inherited','Inherited',203),(1482,'Inherited','Inherited',203),(1483,'Inherited','Inherited',203),(1484,'Inherited','Inherited',203),(1485,'Inherited','Inherited',203),(1486,'Inherited','Inherited',203),(1487,'Inherited','Inherited',203),(1488,'NOT_SEARCHABLE','NOT_SEARCHABLE',204),(1489,'NOT_VIEWABLE','NOT_VIEWABLE',204),(1490,'Inherited','Inherited',204),(1491,'Inherited','Inherited',204),(1492,'Inherited','Inherited',204),(1493,'Inherited','Inherited',204),(1494,'Inherited','Inherited',204),(1495,'Inherited','Inherited',204),(1496,'Inherited','Inherited',204),(1497,'Inherited','Inherited',204),(1498,'Inherited','Inherited',204),(1499,'Inherited','Inherited',204),(1500,'Inherited','Inherited',204),(1501,'Inherited','Inherited',204),(1502,'Inherited','Inherited',204),(1503,'Inherited','Inherited',204),(1504,'Inherited','Inherited',204),(1505,'Inherited','Inherited',204),(1506,'Inherited','Inherited',204),(1507,'Inherited','Inherited',204),(1508,'Inherited','Inherited',204),(1509,'Inherited','Inherited',204),(1510,'Inherited','Inherited',204),(1511,'Inherited','Inherited',204),(1512,'Inherited','Inherited',204),(1513,'Inherited','Inherited',204),(1514,'Inherited','Inherited',204),(1515,'Inherited','Inherited',204),(1516,'Inherited','Inherited',204),(1517,'Inherited','Inherited',204),(1518,'Inherited','Inherited',204),(1519,'Inherited','Inherited',204),(1520,'Inherited','Inherited',204),(1521,'Inherited','Inherited',204),(1522,'Inherited','Inherited',204),(1523,'Inherited','Inherited',204),(1524,'Inherited','Inherited',204),(1525,'Inherited','Inherited',204),(1526,'Inherited','Inherited',204),(1527,'Inherited','Inherited',204),(1528,'Inherited','Inherited',204),(1529,'Inherited','Inherited',204),(1530,'Inherited','Inherited',204),(1531,'Inherited','Inherited',204),(1532,'Inherited','Inherited',204),(1533,'Inherited','Inherited',204),(1534,'Inherited','Inherited',204),(1535,'Inherited','Inherited',204),(1536,'PV_FILTER','synonym like ''99603^%''',206),(1537,'PV_VIEW','MED_LOOKUP_VIEW',206),(1538,'DEFAULT_CONDITION','In!=!FACILITY_ID',207),(1539,'VI_HIDDEN','VI_HIDDEN',207),(1540,'Inherited','Inherited',207),(1541,'Inherited','Inherited',207),(1542,'Inherited','Inherited',207),(1543,'Inherited','Inherited',207),(1544,'Inherited','Inherited',207),(1545,'Inherited','Inherited',207),(1546,'Inherited','Inherited',207),(1547,'Inherited','Inherited',207),(1548,'Inherited','Inherited',207),(1549,'Inherited','Inherited',207),(1550,'Inherited','Inherited',207),(1551,'Inherited','Inherited',207),(1552,'Inherited','Inherited',207),(1553,'Inherited','Inherited',207),(1554,'Inherited','Inherited',207),(1555,'Inherited','Inherited',207),(1556,'Inherited','Inherited',207),(1557,'Inherited','Inherited',207),(1558,'Inherited','Inherited',207),(1559,'Inherited','Inherited',207),(1560,'Inherited','Inherited',207),(1561,'Inherited','Inherited',207),(1562,'Inherited','Inherited',207),(1563,'Inherited','Inherited',207),(1564,'Inherited','Inherited',207),(1565,'Inherited','Inherited',207),(1566,'Inherited','Inherited',207),(1567,'Inherited','Inherited',207),(1568,'Inherited','Inherited',207),(1569,'Inherited','Inherited',207),(1570,'Inherited','Inherited',207),(1571,'Inherited','Inherited',207),(1572,'Inherited','Inherited',207),(1573,'Inherited','Inherited',207),(1574,'Inherited','Inherited',207),(1575,'Inherited','Inherited',207),(1576,'Inherited','Inherited',207),(1577,'Inherited','Inherited',207),(1578,'Inherited','Inherited',207),(1579,'Inherited','Inherited',207),(1580,'Inherited','Inherited',207),(1581,'Inherited','Inherited',207),(1582,'VI_IGNORE_PREDICATE','VI_IGNORE_PREDICATE',208),(1583,'Inherited','Inherited',208),(1584,'Inherited','Inherited',208),(1585,'Inherited','Inherited',208),(1586,'Inherited','Inherited',208),(1587,'Inherited','Inherited',208),(1588,'Inherited','Inherited',208),(1589,'Inherited','Inherited',208),(1590,'Inherited','Inherited',208),(1591,'Inherited','Inherited',208),(1592,'Inherited','Inherited',208),(1593,'Inherited','Inherited',208),(1594,'Inherited','Inherited',208),(1595,'Inherited','Inherited',208),(1596,'Inherited','Inherited',208),(1597,'Inherited','Inherited',208),(1598,'Inherited','Inherited',208),(1599,'Inherited','Inherited',208),(1600,'Inherited','Inherited',208),(1601,'Inherited','Inherited',208),(1602,'Inherited','Inherited',208),(1603,'Inherited','Inherited',208),(1604,'Inherited','Inherited',208),(1605,'Inherited','Inherited',208),(1606,'Inherited','Inherited',208),(1607,'Inherited','Inherited',208),(1608,'Inherited','Inherited',208),(1609,'Inherited','Inherited',208),(1610,'Inherited','Inherited',208),(1611,'Inherited','Inherited',208),(1612,'Inherited','Inherited',208),(1613,'Inherited','Inherited',208),(1614,'Inherited','Inherited',208),(1615,'Inherited','Inherited',208),(1616,'Inherited','Inherited',208),(1617,'Inherited','Inherited',208),(1618,'Inherited','Inherited',208),(1619,'Inherited','Inherited',208),(1620,'Inherited','Inherited',208),(1621,'Inherited','Inherited',208),(1622,'Inherited','Inherited',208),(1623,'Inherited','Inherited',208),(1624,'Inherited','Inherited',208),(1625,'NOT_SEARCHABLE','NOT_SEARCHABLE',209),(1626,'NOT_VIEWABLE','NOT_VIEWABLE',209),(1627,'Inherited','Inherited',209),(1628,'Inherited','Inherited',209),(1629,'Inherited','Inherited',209),(1630,'Inherited','Inherited',209),(1631,'Inherited','Inherited',209),(1632,'Inherited','Inherited',209),(1633,'Inherited','Inherited',209),(1634,'Inherited','Inherited',209),(1635,'Inherited','Inherited',209),(1636,'Inherited','Inherited',209),(1637,'Inherited','Inherited',209),(1638,'Inherited','Inherited',209),(1639,'Inherited','Inherited',209),(1640,'Inherited','Inherited',209),(1641,'Inherited','Inherited',209),(1642,'Inherited','Inherited',209),(1643,'Inherited','Inherited',209),(1644,'Inherited','Inherited',209),(1645,'Inherited','Inherited',209),(1646,'Inherited','Inherited',209),(1647,'Inherited','Inherited',209),(1648,'Inherited','Inherited',209),(1649,'Inherited','Inherited',209),(1650,'Inherited','Inherited',209),(1651,'Inherited','Inherited',209),(1652,'Inherited','Inherited',209),(1653,'Inherited','Inherited',209),(1654,'Inherited','Inherited',209),(1655,'Inherited','Inherited',209),(1656,'Inherited','Inherited',209),(1657,'Inherited','Inherited',209),(1658,'Inherited','Inherited',209),(1659,'Inherited','Inherited',209),(1660,'Inherited','Inherited',209),(1661,'Inherited','Inherited',209),(1662,'Inherited','Inherited',209),(1663,'Inherited','Inherited',209),(1664,'Inherited','Inherited',209),(1665,'Inherited','Inherited',209),(1666,'Inherited','Inherited',209),(1667,'Inherited','Inherited',209),(1668,'Inherited','Inherited',209),(1669,'PV_FILTER','synonym like ''99702^%''',211),(1670,'PV_VIEW','MED_LOOKUP_VIEW',211),(1671,'DEFAULT_CONDITION','In!=!FACILITY_ID',212),(1672,'VI_HIDDEN','VI_HIDDEN',212),(1673,'Inherited','Inherited',212),(1674,'Inherited','Inherited',212),(1675,'Inherited','Inherited',212),(1676,'Inherited','Inherited',212),(1677,'Inherited','Inherited',212),(1678,'Inherited','Inherited',212),(1679,'Inherited','Inherited',212),(1680,'Inherited','Inherited',212),(1681,'Inherited','Inherited',212),(1682,'Inherited','Inherited',212),(1683,'Inherited','Inherited',212),(1684,'Inherited','Inherited',212),(1685,'Inherited','Inherited',212),(1686,'Inherited','Inherited',212),(1687,'Inherited','Inherited',212),(1688,'Inherited','Inherited',212),(1689,'Inherited','Inherited',212),(1690,'Inherited','Inherited',212),(1691,'Inherited','Inherited',212),(1692,'Inherited','Inherited',212),(1693,'Inherited','Inherited',212),(1694,'Inherited','Inherited',212),(1695,'Inherited','Inherited',212),(1696,'Inherited','Inherited',212),(1697,'Inherited','Inherited',212),(1698,'Inherited','Inherited',212),(1699,'Inherited','Inherited',212),(1700,'Inherited','Inherited',212),(1701,'Inherited','Inherited',212),(1702,'Inherited','Inherited',212),(1703,'Inherited','Inherited',212),(1704,'Inherited','Inherited',212),(1705,'Inherited','Inherited',212),(1706,'Inherited','Inherited',212),(1707,'Inherited','Inherited',212),(1708,'Inherited','Inherited',212),(1709,'Inherited','Inherited',212),(1710,'Inherited','Inherited',212),(1711,'Inherited','Inherited',212),(1712,'VI_IGNORE_PREDICATE','VI_IGNORE_PREDICATE',213),(1713,'Inherited','Inherited',213),(1714,'Inherited','Inherited',213),(1715,'Inherited','Inherited',213),(1716,'Inherited','Inherited',213),(1717,'Inherited','Inherited',213),(1718,'Inherited','Inherited',213),(1719,'Inherited','Inherited',213),(1720,'Inherited','Inherited',213),(1721,'Inherited','Inherited',213),(1722,'Inherited','Inherited',213),(1723,'Inherited','Inherited',213),(1724,'Inherited','Inherited',213),(1725,'Inherited','Inherited',213),(1726,'Inherited','Inherited',213),(1727,'Inherited','Inherited',213),(1728,'Inherited','Inherited',213),(1729,'Inherited','Inherited',213),(1730,'Inherited','Inherited',213),(1731,'Inherited','Inherited',213),(1732,'Inherited','Inherited',213),(1733,'Inherited','Inherited',213),(1734,'Inherited','Inherited',213),(1735,'Inherited','Inherited',213),(1736,'Inherited','Inherited',213),(1737,'Inherited','Inherited',213),(1738,'Inherited','Inherited',213),(1739,'Inherited','Inherited',213),(1740,'Inherited','Inherited',213),(1741,'Inherited','Inherited',213),(1742,'Inherited','Inherited',213),(1743,'Inherited','Inherited',213),(1744,'Inherited','Inherited',213),(1745,'Inherited','Inherited',213),(1746,'Inherited','Inherited',213),(1747,'Inherited','Inherited',213),(1748,'Inherited','Inherited',213),(1749,'Inherited','Inherited',213),(1750,'Inherited','Inherited',213),(1751,'Inherited','Inherited',213),(1752,'NOT_SEARCHABLE','NOT_SEARCHABLE',214),(1753,'NOT_VIEWABLE','NOT_VIEWABLE',214),(1754,'Inherited','Inherited',214),(1755,'Inherited','Inherited',214),(1756,'Inherited','Inherited',214),(1757,'Inherited','Inherited',214),(1758,'Inherited','Inherited',214),(1759,'Inherited','Inherited',214),(1760,'Inherited','Inherited',214),(1761,'Inherited','Inherited',214),(1762,'Inherited','Inherited',214),(1763,'Inherited','Inherited',214),(1764,'Inherited','Inherited',214),(1765,'Inherited','Inherited',214),(1766,'Inherited','Inherited',214),(1767,'Inherited','Inherited',214),(1768,'Inherited','Inherited',214),(1769,'Inherited','Inherited',214),(1770,'Inherited','Inherited',214),(1771,'Inherited','Inherited',214),(1772,'Inherited','Inherited',214),(1773,'Inherited','Inherited',214),(1774,'Inherited','Inherited',214),(1775,'Inherited','Inherited',214),(1776,'Inherited','Inherited',214),(1777,'Inherited','Inherited',214),(1778,'Inherited','Inherited',214),(1779,'Inherited','Inherited',214),(1780,'Inherited','Inherited',214),(1781,'Inherited','Inherited',214),(1782,'Inherited','Inherited',214),(1783,'Inherited','Inherited',214),(1784,'Inherited','Inherited',214),(1785,'Inherited','Inherited',214),(1786,'Inherited','Inherited',214),(1787,'Inherited','Inherited',214),(1788,'Inherited','Inherited',214),(1789,'Inherited','Inherited',214),(1790,'Inherited','Inherited',214),(1791,'Inherited','Inherited',214),(1792,'Inherited','Inherited',214),(1793,'PV_FILTER','synonym like ''99700^%''',216),(1794,'PV_VIEW','MED_LOOKUP_VIEW',216),(1795,'DEFAULT_CONDITION','In!=!FACILITY_ID',217),(1796,'VI_HIDDEN','VI_HIDDEN',217),(1797,'Inherited','Inherited',217),(1798,'Inherited','Inherited',217),(1799,'Inherited','Inherited',217),(1800,'Inherited','Inherited',217),(1801,'Inherited','Inherited',217),(1802,'Inherited','Inherited',217),(1803,'Inherited','Inherited',217),(1804,'Inherited','Inherited',217),(1805,'Inherited','Inherited',217),(1806,'Inherited','Inherited',217),(1807,'Inherited','Inherited',217),(1808,'Inherited','Inherited',217),(1809,'Inherited','Inherited',217),(1810,'Inherited','Inherited',217),(1811,'Inherited','Inherited',217),(1812,'Inherited','Inherited',217),(1813,'Inherited','Inherited',217),(1814,'Inherited','Inherited',217),(1815,'Inherited','Inherited',217),(1816,'Inherited','Inherited',217),(1817,'Inherited','Inherited',217),(1818,'Inherited','Inherited',217),(1819,'Inherited','Inherited',217),(1820,'Inherited','Inherited',217),(1821,'Inherited','Inherited',217),(1822,'Inherited','Inherited',217),(1823,'Inherited','Inherited',217),(1824,'Inherited','Inherited',217),(1825,'Inherited','Inherited',217),(1826,'Inherited','Inherited',217),(1827,'Inherited','Inherited',217),(1828,'Inherited','Inherited',217),(1829,'Inherited','Inherited',217),(1830,'Inherited','Inherited',217),(1831,'Inherited','Inherited',217),(1832,'Inherited','Inherited',217),(1833,'Inherited','Inherited',217),(1834,'VI_IGNORE_PREDICATE','VI_IGNORE_PREDICATE',218),(1835,'Inherited','Inherited',218),(1836,'Inherited','Inherited',218),(1837,'Inherited','Inherited',218),(1838,'Inherited','Inherited',218),(1839,'Inherited','Inherited',218),(1840,'Inherited','Inherited',218),(1841,'Inherited','Inherited',218),(1842,'Inherited','Inherited',218),(1843,'Inherited','Inherited',218),(1844,'Inherited','Inherited',218),(1845,'Inherited','Inherited',218),(1846,'Inherited','Inherited',218),(1847,'Inherited','Inherited',218),(1848,'Inherited','Inherited',218),(1849,'Inherited','Inherited',218),(1850,'Inherited','Inherited',218),(1851,'Inherited','Inherited',218),(1852,'Inherited','Inherited',218),(1853,'Inherited','Inherited',218),(1854,'Inherited','Inherited',218),(1855,'Inherited','Inherited',218),(1856,'Inherited','Inherited',218),(1857,'Inherited','Inherited',218),(1858,'Inherited','Inherited',218),(1859,'Inherited','Inherited',218),(1860,'Inherited','Inherited',218),(1861,'Inherited','Inherited',218),(1862,'Inherited','Inherited',218),(1863,'Inherited','Inherited',218),(1864,'Inherited','Inherited',218),(1865,'Inherited','Inherited',218),(1866,'Inherited','Inherited',218),(1867,'Inherited','Inherited',218),(1868,'Inherited','Inherited',218),(1869,'Inherited','Inherited',218),(1870,'Inherited','Inherited',218),(1871,'Inherited','Inherited',218),(1872,'NOT_SEARCHABLE','NOT_SEARCHABLE',219),(1873,'NOT_VIEWABLE','NOT_VIEWABLE',219),(1874,'Inherited','Inherited',219),(1875,'Inherited','Inherited',219),(1876,'Inherited','Inherited',219),(1877,'Inherited','Inherited',219),(1878,'Inherited','Inherited',219),(1879,'Inherited','Inherited',219),(1880,'Inherited','Inherited',219),(1881,'Inherited','Inherited',219),(1882,'Inherited','Inherited',219),(1883,'Inherited','Inherited',219),(1884,'Inherited','Inherited',219),(1885,'Inherited','Inherited',219),(1886,'Inherited','Inherited',219),(1887,'Inherited','Inherited',219),(1888,'Inherited','Inherited',219),(1889,'Inherited','Inherited',219),(1890,'Inherited','Inherited',219),(1891,'Inherited','Inherited',219),(1892,'Inherited','Inherited',219),(1893,'Inherited','Inherited',219),(1894,'Inherited','Inherited',219),(1895,'Inherited','Inherited',219),(1896,'Inherited','Inherited',219),(1897,'Inherited','Inherited',219),(1898,'Inherited','Inherited',219),(1899,'Inherited','Inherited',219),(1900,'Inherited','Inherited',219),(1901,'Inherited','Inherited',219),(1902,'Inherited','Inherited',219),(1903,'Inherited','Inherited',219),(1904,'Inherited','Inherited',219),(1905,'Inherited','Inherited',219),(1906,'Inherited','Inherited',219),(1907,'Inherited','Inherited',219),(1908,'Inherited','Inherited',219),(1909,'Inherited','Inherited',219),(1910,'Inherited','Inherited',219),(1911,'PV_FILTER','synonym like ''T_HL7_U_0063^%''',222),(1912,'PV_VIEW','MED_LOOKUP_VIEW',222),(1913,'DEFAULT_CONDITION','In!=!FACILITY_ID',223),(1914,'VI_HIDDEN','VI_HIDDEN',223),(1915,'Inherited','Inherited',223),(1916,'Inherited','Inherited',223),(1917,'Inherited','Inherited',223),(1918,'Inherited','Inherited',223),(1919,'Inherited','Inherited',223),(1920,'Inherited','Inherited',223),(1921,'Inherited','Inherited',223),(1922,'Inherited','Inherited',223),(1923,'Inherited','Inherited',223),(1924,'Inherited','Inherited',223),(1925,'Inherited','Inherited',223),(1926,'Inherited','Inherited',223),(1927,'Inherited','Inherited',223),(1928,'Inherited','Inherited',223),(1929,'Inherited','Inherited',223),(1930,'Inherited','Inherited',223),(1931,'Inherited','Inherited',223),(1932,'Inherited','Inherited',223),(1933,'Inherited','Inherited',223),(1934,'Inherited','Inherited',223),(1935,'Inherited','Inherited',223),(1936,'Inherited','Inherited',223),(1937,'Inherited','Inherited',223),(1938,'Inherited','Inherited',223),(1939,'Inherited','Inherited',223),(1940,'Inherited','Inherited',223),(1941,'Inherited','Inherited',223),(1942,'Inherited','Inherited',223),(1943,'Inherited','Inherited',223),(1944,'Inherited','Inherited',223),(1945,'Inherited','Inherited',223),(1946,'Inherited','Inherited',223),(1947,'Inherited','Inherited',223),(1948,'Inherited','Inherited',223),(1949,'Inherited','Inherited',223),(1950,'Inherited','Inherited',223),(1951,'Inherited','Inherited',223),(1952,'Inherited','Inherited',223),(1953,'Inherited','Inherited',223),(1954,'Inherited','Inherited',223),(1955,'Inherited','Inherited',223),(1956,'Inherited','Inherited',223),(1957,'Inherited','Inherited',223),(1958,'Inherited','Inherited',223),(1959,'Inherited','Inherited',223),(1960,'VI_IGNORE_PREDICATE','VI_IGNORE_PREDICATE',224),(1961,'Inherited','Inherited',224),(1962,'Inherited','Inherited',224),(1963,'Inherited','Inherited',224),(1964,'Inherited','Inherited',224),(1965,'Inherited','Inherited',224),(1966,'Inherited','Inherited',224),(1967,'Inherited','Inherited',224),(1968,'Inherited','Inherited',224),(1969,'Inherited','Inherited',224),(1970,'Inherited','Inherited',224),(1971,'Inherited','Inherited',224),(1972,'Inherited','Inherited',224),(1973,'Inherited','Inherited',224),(1974,'Inherited','Inherited',224),(1975,'Inherited','Inherited',224),(1976,'Inherited','Inherited',224),(1977,'Inherited','Inherited',224),(1978,'Inherited','Inherited',224),(1979,'Inherited','Inherited',224),(1980,'Inherited','Inherited',224),(1981,'Inherited','Inherited',224),(1982,'Inherited','Inherited',224),(1983,'Inherited','Inherited',224),(1984,'Inherited','Inherited',224),(1985,'Inherited','Inherited',224),(1986,'Inherited','Inherited',224),(1987,'Inherited','Inherited',224),(1988,'Inherited','Inherited',224),(1989,'Inherited','Inherited',224),(1990,'Inherited','Inherited',224),(1991,'Inherited','Inherited',224),(1992,'Inherited','Inherited',224),(1993,'Inherited','Inherited',224),(1994,'Inherited','Inherited',224),(1995,'Inherited','Inherited',224),(1996,'Inherited','Inherited',224),(1997,'Inherited','Inherited',224),(1998,'Inherited','Inherited',224),(1999,'Inherited','Inherited',224),(2000,'Inherited','Inherited',224),(2001,'Inherited','Inherited',224),(2002,'Inherited','Inherited',224),(2003,'Inherited','Inherited',224),(2004,'Inherited','Inherited',224),(2005,'Inherited','Inherited',224),(2006,'NOT_SEARCHABLE','NOT_SEARCHABLE',225),(2007,'NOT_VIEWABLE','NOT_VIEWABLE',225),(2008,'Inherited','Inherited',225),(2009,'Inherited','Inherited',225),(2010,'Inherited','Inherited',225),(2011,'Inherited','Inherited',225),(2012,'Inherited','Inherited',225),(2013,'Inherited','Inherited',225),(2014,'Inherited','Inherited',225),(2015,'Inherited','Inherited',225),(2016,'Inherited','Inherited',225),(2017,'Inherited','Inherited',225),(2018,'Inherited','Inherited',225),(2019,'Inherited','Inherited',225),(2020,'Inherited','Inherited',225),(2021,'Inherited','Inherited',225),(2022,'Inherited','Inherited',225),(2023,'Inherited','Inherited',225),(2024,'Inherited','Inherited',225),(2025,'Inherited','Inherited',225),(2026,'Inherited','Inherited',225),(2027,'Inherited','Inherited',225),(2028,'Inherited','Inherited',225),(2029,'Inherited','Inherited',225),(2030,'Inherited','Inherited',225),(2031,'Inherited','Inherited',225),(2032,'Inherited','Inherited',225),(2033,'Inherited','Inherited',225),(2034,'Inherited','Inherited',225),(2035,'Inherited','Inherited',225),(2036,'Inherited','Inherited',225),(2037,'Inherited','Inherited',225),(2038,'Inherited','Inherited',225),(2039,'Inherited','Inherited',225),(2040,'Inherited','Inherited',225),(2041,'Inherited','Inherited',225),(2042,'Inherited','Inherited',225),(2043,'Inherited','Inherited',225),(2044,'Inherited','Inherited',225),(2045,'Inherited','Inherited',225),(2046,'Inherited','Inherited',225),(2047,'Inherited','Inherited',225),(2048,'Inherited','Inherited',225),(2049,'Inherited','Inherited',225),(2050,'Inherited','Inherited',225),(2051,'Inherited','Inherited',225),(2052,'Inherited','Inherited',225),(2053,'PV_FILTER','synonym like ''T_HL7_U_0086^%''',240),(2054,'PV_VIEW','MED_LOOKUP_VIEW',240),(2055,'DEFAULT_CONDITION','In!=!FACILITY_ID',241),(2056,'VI_HIDDEN','VI_HIDDEN',241),(2057,'Inherited','Inherited',241),(2058,'Inherited','Inherited',241),(2059,'Inherited','Inherited',241),(2060,'Inherited','Inherited',241),(2061,'Inherited','Inherited',241),(2062,'Inherited','Inherited',241),(2063,'Inherited','Inherited',241),(2064,'Inherited','Inherited',241),(2065,'Inherited','Inherited',241),(2066,'Inherited','Inherited',241),(2067,'Inherited','Inherited',241),(2068,'Inherited','Inherited',241),(2069,'Inherited','Inherited',241),(2070,'Inherited','Inherited',241),(2071,'Inherited','Inherited',241),(2072,'Inherited','Inherited',241),(2073,'Inherited','Inherited',241),(2074,'Inherited','Inherited',241),(2075,'Inherited','Inherited',241),(2076,'Inherited','Inherited',241),(2077,'Inherited','Inherited',241),(2078,'Inherited','Inherited',241),(2079,'Inherited','Inherited',241),(2080,'Inherited','Inherited',241),(2081,'Inherited','Inherited',241),(2082,'Inherited','Inherited',241),(2083,'Inherited','Inherited',241),(2084,'Inherited','Inherited',241),(2085,'Inherited','Inherited',241),(2086,'Inherited','Inherited',241),(2087,'Inherited','Inherited',241),(2088,'Inherited','Inherited',241),(2089,'Inherited','Inherited',241),(2090,'Inherited','Inherited',241),(2091,'VI_IGNORE_PREDICATE','VI_IGNORE_PREDICATE',242),(2092,'Inherited','Inherited',242),(2093,'Inherited','Inherited',242),(2094,'Inherited','Inherited',242),(2095,'Inherited','Inherited',242),(2096,'Inherited','Inherited',242),(2097,'Inherited','Inherited',242),(2098,'Inherited','Inherited',242),(2099,'Inherited','Inherited',242),(2100,'Inherited','Inherited',242),(2101,'Inherited','Inherited',242),(2102,'Inherited','Inherited',242),(2103,'Inherited','Inherited',242),(2104,'Inherited','Inherited',242),(2105,'Inherited','Inherited',242),(2106,'Inherited','Inherited',242),(2107,'Inherited','Inherited',242),(2108,'Inherited','Inherited',242),(2109,'Inherited','Inherited',242),(2110,'Inherited','Inherited',242),(2111,'Inherited','Inherited',242),(2112,'Inherited','Inherited',242),(2113,'Inherited','Inherited',242),(2114,'Inherited','Inherited',242),(2115,'Inherited','Inherited',242),(2116,'Inherited','Inherited',242),(2117,'Inherited','Inherited',242),(2118,'Inherited','Inherited',242),(2119,'Inherited','Inherited',242),(2120,'Inherited','Inherited',242),(2121,'Inherited','Inherited',242),(2122,'Inherited','Inherited',242),(2123,'Inherited','Inherited',242),(2124,'Inherited','Inherited',242),(2125,'Inherited','Inherited',242),(2126,'NOT_SEARCHABLE','NOT_SEARCHABLE',243),(2127,'NOT_VIEWABLE','NOT_VIEWABLE',243),(2128,'Inherited','Inherited',243),(2129,'Inherited','Inherited',243),(2130,'Inherited','Inherited',243),(2131,'Inherited','Inherited',243),(2132,'Inherited','Inherited',243),(2133,'Inherited','Inherited',243),(2134,'Inherited','Inherited',243),(2135,'Inherited','Inherited',243),(2136,'Inherited','Inherited',243),(2137,'Inherited','Inherited',243),(2138,'Inherited','Inherited',243),(2139,'Inherited','Inherited',243),(2140,'Inherited','Inherited',243),(2141,'Inherited','Inherited',243),(2142,'Inherited','Inherited',243),(2143,'Inherited','Inherited',243),(2144,'Inherited','Inherited',243),(2145,'Inherited','Inherited',243),(2146,'Inherited','Inherited',243),(2147,'Inherited','Inherited',243),(2148,'Inherited','Inherited',243),(2149,'Inherited','Inherited',243),(2150,'Inherited','Inherited',243),(2151,'Inherited','Inherited',243),(2152,'Inherited','Inherited',243),(2153,'Inherited','Inherited',243),(2154,'Inherited','Inherited',243),(2155,'Inherited','Inherited',243),(2156,'Inherited','Inherited',243),(2157,'Inherited','Inherited',243),(2158,'Inherited','Inherited',243),(2159,'Inherited','Inherited',243),(2160,'Inherited','Inherited',243),(2161,'Inherited','Inherited',243),(2162,'PV_FILTER','synonym like ''T_HL7_U_0069^%''',254),(2163,'PV_VIEW','MED_LOOKUP_VIEW',254),(2164,'DEFAULT_CONDITION','In!=!FACILITY_ID',255),(2165,'VI_HIDDEN','VI_HIDDEN',255),(2166,'Inherited','Inherited',255),(2167,'Inherited','Inherited',255),(2168,'Inherited','Inherited',255),(2169,'Inherited','Inherited',255),(2170,'Inherited','Inherited',255),(2171,'Inherited','Inherited',255),(2172,'Inherited','Inherited',255),(2173,'Inherited','Inherited',255),(2174,'Inherited','Inherited',255),(2175,'Inherited','Inherited',255),(2176,'Inherited','Inherited',255),(2177,'Inherited','Inherited',255),(2178,'Inherited','Inherited',255),(2179,'Inherited','Inherited',255),(2180,'Inherited','Inherited',255),(2181,'Inherited','Inherited',255),(2182,'Inherited','Inherited',255),(2183,'Inherited','Inherited',255),(2184,'Inherited','Inherited',255),(2185,'Inherited','Inherited',255),(2186,'Inherited','Inherited',255),(2187,'Inherited','Inherited',255),(2188,'Inherited','Inherited',255),(2189,'Inherited','Inherited',255),(2190,'Inherited','Inherited',255),(2191,'Inherited','Inherited',255),(2192,'Inherited','Inherited',255),(2193,'VI_IGNORE_PREDICATE','VI_IGNORE_PREDICATE',256),(2194,'Inherited','Inherited',256),(2195,'Inherited','Inherited',256),(2196,'Inherited','Inherited',256),(2197,'Inherited','Inherited',256),(2198,'Inherited','Inherited',256),(2199,'Inherited','Inherited',256),(2200,'Inherited','Inherited',256),(2201,'Inherited','Inherited',256),(2202,'Inherited','Inherited',256),(2203,'Inherited','Inherited',256),(2204,'Inherited','Inherited',256),(2205,'Inherited','Inherited',256),(2206,'Inherited','Inherited',256),(2207,'Inherited','Inherited',256),(2208,'Inherited','Inherited',256),(2209,'Inherited','Inherited',256),(2210,'Inherited','Inherited',256),(2211,'Inherited','Inherited',256),(2212,'Inherited','Inherited',256),(2213,'Inherited','Inherited',256),(2214,'Inherited','Inherited',256),(2215,'Inherited','Inherited',256),(2216,'Inherited','Inherited',256),(2217,'Inherited','Inherited',256),(2218,'Inherited','Inherited',256),(2219,'Inherited','Inherited',256),(2220,'Inherited','Inherited',256),(2221,'NOT_SEARCHABLE','NOT_SEARCHABLE',257),(2222,'NOT_VIEWABLE','NOT_VIEWABLE',257),(2223,'Inherited','Inherited',257),(2224,'Inherited','Inherited',257),(2225,'Inherited','Inherited',257),(2226,'Inherited','Inherited',257),(2227,'Inherited','Inherited',257),(2228,'Inherited','Inherited',257),(2229,'Inherited','Inherited',257),(2230,'Inherited','Inherited',257),(2231,'Inherited','Inherited',257),(2232,'Inherited','Inherited',257),(2233,'Inherited','Inherited',257),(2234,'Inherited','Inherited',257),(2235,'Inherited','Inherited',257),(2236,'Inherited','Inherited',257),(2237,'Inherited','Inherited',257),(2238,'Inherited','Inherited',257),(2239,'Inherited','Inherited',257),(2240,'Inherited','Inherited',257),(2241,'Inherited','Inherited',257),(2242,'Inherited','Inherited',257),(2243,'Inherited','Inherited',257),(2244,'Inherited','Inherited',257),(2245,'Inherited','Inherited',257),(2246,'Inherited','Inherited',257),(2247,'Inherited','Inherited',257),(2248,'Inherited','Inherited',257),(2249,'Inherited','Inherited',257),(2250,'PV_FILTER','synonym like ''99601^%'' or synonym like ''99602^%''',262),(2251,'PV_VIEW','MED_LOOKUP_VIEW',262),(2252,'DEFAULT_CONDITION','In!=!FACILITY_ID',263),(2253,'VI_HIDDEN','VI_HIDDEN',263),(2254,'Inherited','Inherited',263),(2255,'Inherited','Inherited',263),(2256,'Inherited','Inherited',263),(2257,'Inherited','Inherited',263),(2258,'Inherited','Inherited',263),(2259,'Inherited','Inherited',263),(2260,'Inherited','Inherited',263),(2261,'Inherited','Inherited',263),(2262,'Inherited','Inherited',263),(2263,'Inherited','Inherited',263),(2264,'Inherited','Inherited',263),(2265,'Inherited','Inherited',263),(2266,'Inherited','Inherited',263),(2267,'Inherited','Inherited',263),(2268,'Inherited','Inherited',263),(2269,'Inherited','Inherited',263),(2270,'Inherited','Inherited',263),(2271,'Inherited','Inherited',263),(2272,'Inherited','Inherited',263),(2273,'Inherited','Inherited',263),(2274,'Inherited','Inherited',263),(2275,'Inherited','Inherited',263),(2276,'Inherited','Inherited',263),(2277,'Inherited','Inherited',263),(2278,'Inherited','Inherited',263),(2279,'Inherited','Inherited',263),(2280,'Inherited','Inherited',263),(2281,'Inherited','Inherited',263),(2282,'Inherited','Inherited',263),(2283,'Inherited','Inherited',263),(2284,'Inherited','Inherited',263),(2285,'Inherited','Inherited',263),(2286,'Inherited','Inherited',263),(2287,'Inherited','Inherited',263),(2288,'Inherited','Inherited',263),(2289,'Inherited','Inherited',263),(2290,'Inherited','Inherited',263),(2291,'Inherited','Inherited',263),(2292,'VI_IGNORE_PREDICATE','VI_IGNORE_PREDICATE',264),(2293,'Inherited','Inherited',264),(2294,'Inherited','Inherited',264),(2295,'Inherited','Inherited',264),(2296,'Inherited','Inherited',264),(2297,'Inherited','Inherited',264),(2298,'Inherited','Inherited',264),(2299,'Inherited','Inherited',264),(2300,'Inherited','Inherited',264),(2301,'Inherited','Inherited',264),(2302,'Inherited','Inherited',264),(2303,'Inherited','Inherited',264),(2304,'Inherited','Inherited',264),(2305,'Inherited','Inherited',264),(2306,'Inherited','Inherited',264),(2307,'Inherited','Inherited',264),(2308,'Inherited','Inherited',264),(2309,'Inherited','Inherited',264),(2310,'Inherited','Inherited',264),(2311,'Inherited','Inherited',264),(2312,'Inherited','Inherited',264),(2313,'Inherited','Inherited',264),(2314,'Inherited','Inherited',264),(2315,'Inherited','Inherited',264),(2316,'Inherited','Inherited',264),(2317,'Inherited','Inherited',264),(2318,'Inherited','Inherited',264),(2319,'Inherited','Inherited',264),(2320,'Inherited','Inherited',264),(2321,'Inherited','Inherited',264),(2322,'Inherited','Inherited',264),(2323,'Inherited','Inherited',264),(2324,'Inherited','Inherited',264),(2325,'Inherited','Inherited',264),(2326,'Inherited','Inherited',264),(2327,'Inherited','Inherited',264),(2328,'Inherited','Inherited',264),(2329,'Inherited','Inherited',264),(2330,'Inherited','Inherited',264),(2331,'NOT_SEARCHABLE','NOT_SEARCHABLE',265),(2332,'NOT_VIEWABLE','NOT_VIEWABLE',265),(2333,'Inherited','Inherited',265),(2334,'Inherited','Inherited',265),(2335,'Inherited','Inherited',265),(2336,'Inherited','Inherited',265),(2337,'Inherited','Inherited',265),(2338,'Inherited','Inherited',265),(2339,'Inherited','Inherited',265),(2340,'Inherited','Inherited',265),(2341,'Inherited','Inherited',265),(2342,'Inherited','Inherited',265),(2343,'Inherited','Inherited',265),(2344,'Inherited','Inherited',265),(2345,'Inherited','Inherited',265),(2346,'Inherited','Inherited',265),(2347,'Inherited','Inherited',265),(2348,'Inherited','Inherited',265),(2349,'Inherited','Inherited',265),(2350,'Inherited','Inherited',265),(2351,'Inherited','Inherited',265),(2352,'Inherited','Inherited',265),(2353,'Inherited','Inherited',265),(2354,'Inherited','Inherited',265),(2355,'Inherited','Inherited',265),(2356,'Inherited','Inherited',265),(2357,'Inherited','Inherited',265),(2358,'Inherited','Inherited',265),(2359,'Inherited','Inherited',265),(2360,'Inherited','Inherited',265),(2361,'Inherited','Inherited',265),(2362,'Inherited','Inherited',265),(2363,'Inherited','Inherited',265),(2364,'Inherited','Inherited',265),(2365,'Inherited','Inherited',265),(2366,'Inherited','Inherited',265),(2367,'Inherited','Inherited',265),(2368,'Inherited','Inherited',265),(2369,'Inherited','Inherited',265),(2370,'Inherited','Inherited',265),(2371,'PV_FILTER','synonym like ''T_HL7_U_0089^%''',267),(2372,'PV_VIEW','MED_LOOKUP_VIEW',267),(2373,'DEFAULT_CONDITION','In!=!FACILITY_ID',268),(2374,'VI_HIDDEN','VI_HIDDEN',268),(2375,'Inherited','Inherited',268),(2376,'Inherited','Inherited',268),(2377,'Inherited','Inherited',268),(2378,'Inherited','Inherited',268),(2379,'Inherited','Inherited',268),(2380,'Inherited','Inherited',268),(2381,'Inherited','Inherited',268),(2382,'Inherited','Inherited',268),(2383,'Inherited','Inherited',268),(2384,'Inherited','Inherited',268),(2385,'Inherited','Inherited',268),(2386,'Inherited','Inherited',268),(2387,'Inherited','Inherited',268),(2388,'Inherited','Inherited',268),(2389,'Inherited','Inherited',268),(2390,'Inherited','Inherited',268),(2391,'Inherited','Inherited',268),(2392,'Inherited','Inherited',268),(2393,'Inherited','Inherited',268),(2394,'Inherited','Inherited',268),(2395,'Inherited','Inherited',268),(2396,'Inherited','Inherited',268),(2397,'Inherited','Inherited',268),(2398,'Inherited','Inherited',268),(2399,'Inherited','Inherited',268),(2400,'Inherited','Inherited',268),(2401,'VI_IGNORE_PREDICATE','VI_IGNORE_PREDICATE',269),(2402,'Inherited','Inherited',269),(2403,'Inherited','Inherited',269),(2404,'Inherited','Inherited',269),(2405,'Inherited','Inherited',269),(2406,'Inherited','Inherited',269),(2407,'Inherited','Inherited',269),(2408,'Inherited','Inherited',269),(2409,'Inherited','Inherited',269),(2410,'Inherited','Inherited',269),(2411,'Inherited','Inherited',269),(2412,'Inherited','Inherited',269),(2413,'Inherited','Inherited',269),(2414,'Inherited','Inherited',269),(2415,'Inherited','Inherited',269),(2416,'Inherited','Inherited',269),(2417,'Inherited','Inherited',269),(2418,'Inherited','Inherited',269),(2419,'Inherited','Inherited',269),(2420,'Inherited','Inherited',269),(2421,'Inherited','Inherited',269),(2422,'Inherited','Inherited',269),(2423,'Inherited','Inherited',269),(2424,'Inherited','Inherited',269),(2425,'Inherited','Inherited',269),(2426,'Inherited','Inherited',269),(2427,'Inherited','Inherited',269),(2428,'NOT_SEARCHABLE','NOT_SEARCHABLE',270),(2429,'NOT_VIEWABLE','NOT_VIEWABLE',270),(2430,'Inherited','Inherited',270),(2431,'Inherited','Inherited',270),(2432,'Inherited','Inherited',270),(2433,'Inherited','Inherited',270),(2434,'Inherited','Inherited',270),(2435,'Inherited','Inherited',270),(2436,'Inherited','Inherited',270),(2437,'Inherited','Inherited',270),(2438,'Inherited','Inherited',270),(2439,'Inherited','Inherited',270),(2440,'Inherited','Inherited',270),(2441,'Inherited','Inherited',270),(2442,'Inherited','Inherited',270),(2443,'Inherited','Inherited',270),(2444,'Inherited','Inherited',270),(2445,'Inherited','Inherited',270),(2446,'Inherited','Inherited',270),(2447,'Inherited','Inherited',270),(2448,'Inherited','Inherited',270),(2449,'Inherited','Inherited',270),(2450,'Inherited','Inherited',270),(2451,'Inherited','Inherited',270),(2452,'Inherited','Inherited',270),(2453,'Inherited','Inherited',270),(2454,'Inherited','Inherited',270),(2455,'Inherited','Inherited',270),(2456,'PV_FILTER','synonym like ''T_HL7_U_0130^% ''',277),(2457,'PV_VIEW','MED_LOOKUP_VIEW',277),(2458,'DEFAULT_CONDITION','In!=!FACILITY_ID',278),(2459,'Inherited','Inherited',278),(2460,'Inherited','Inherited',278),(2461,'Inherited','Inherited',278),(2462,'Inherited','Inherited',278),(2463,'Inherited','Inherited',278),(2464,'Inherited','Inherited',278),(2465,'Inherited','Inherited',278),(2466,'Inherited','Inherited',278),(2467,'Inherited','Inherited',278),(2468,'Inherited','Inherited',278),(2469,'Inherited','Inherited',278),(2470,'Inherited','Inherited',278),(2471,'Inherited','Inherited',278),(2472,'Inherited','Inherited',278),(2473,'Inherited','Inherited',278),(2474,'Inherited','Inherited',278),(2475,'Inherited','Inherited',278),(2476,'Inherited','Inherited',278),(2477,'Inherited','Inherited',278),(2478,'Inherited','Inherited',278),(2479,'Inherited','Inherited',278),(2480,'Inherited','Inherited',278),(2481,'Inherited','Inherited',278),(2482,'Inherited','Inherited',278),(2483,'VI_HIDDEN','VI_HIDDEN',278),(2484,'Inherited','Inherited',279),(2485,'Inherited','Inherited',279),(2486,'Inherited','Inherited',279),(2487,'Inherited','Inherited',279),(2488,'Inherited','Inherited',279),(2489,'Inherited','Inherited',279),(2490,'Inherited','Inherited',279),(2491,'Inherited','Inherited',279),(2492,'Inherited','Inherited',279),(2493,'Inherited','Inherited',279),(2494,'Inherited','Inherited',279),(2495,'Inherited','Inherited',279),(2496,'Inherited','Inherited',279),(2497,'Inherited','Inherited',279),(2498,'Inherited','Inherited',279),(2499,'Inherited','Inherited',279),(2500,'Inherited','Inherited',279),(2501,'Inherited','Inherited',279),(2502,'Inherited','Inherited',279),(2503,'Inherited','Inherited',279),(2504,'Inherited','Inherited',279),(2505,'Inherited','Inherited',279),(2506,'Inherited','Inherited',279),(2507,'Inherited','Inherited',279),(2508,'VI_IGNORE_PREDICATE','VI_IGNORE_PREDICATE',279),(2509,'NOT_SEARCHABLE','NOT_SEARCHABLE',280),(2510,'Inherited','Inherited',280),(2511,'Inherited','Inherited',280),(2512,'Inherited','Inherited',280),(2513,'Inherited','Inherited',280),(2514,'Inherited','Inherited',280),(2515,'Inherited','Inherited',280),(2516,'Inherited','Inherited',280),(2517,'Inherited','Inherited',280),(2518,'Inherited','Inherited',280),(2519,'Inherited','Inherited',280),(2520,'Inherited','Inherited',280),(2521,'Inherited','Inherited',280),(2522,'Inherited','Inherited',280),(2523,'Inherited','Inherited',280),(2524,'Inherited','Inherited',280),(2525,'Inherited','Inherited',280),(2526,'Inherited','Inherited',280),(2527,'Inherited','Inherited',280),(2528,'Inherited','Inherited',280),(2529,'Inherited','Inherited',280),(2530,'Inherited','Inherited',280),(2531,'Inherited','Inherited',280),(2532,'Inherited','Inherited',280),(2533,'Inherited','Inherited',280),(2534,'NOT_VIEWABLE','NOT_VIEWABLE',280),(2535,'PV_FILTER','synonym like ''T_HL7_Z_0003^%''',282),(2536,'PV_VIEW','MED_LOOKUP_VIEW',282),(2537,'Inherited','Inherited',283),(2538,'Inherited','Inherited',283),(2539,'Inherited','Inherited',283),(2540,'Inherited','Inherited',283),(2541,'Inherited','Inherited',283),(2542,'Inherited','Inherited',283),(2543,'Inherited','Inherited',283),(2544,'Inherited','Inherited',283),(2545,'Inherited','Inherited',283),(2546,'Inherited','Inherited',283),(2547,'Inherited','Inherited',283),(2548,'Inherited','Inherited',283),(2549,'Inherited','Inherited',283),(2550,'Inherited','Inherited',283),(2551,'Inherited','Inherited',283),(2552,'Inherited','Inherited',283),(2553,'Inherited','Inherited',283),(2554,'Inherited','Inherited',283),(2555,'Inherited','Inherited',283),(2556,'Inherited','Inherited',283),(2557,'Inherited','Inherited',283),(2558,'Inherited','Inherited',283),(2559,'Inherited','Inherited',283),(2560,'VI_HIDDEN','VI_HIDDEN',283),(2561,'DEFAULT_CONDITION','In!=!FACILITY_ID',283),(2562,'VI_IGNORE_PREDICATE','VI_IGNORE_PREDICATE',284),(2563,'Inherited','Inherited',284),(2564,'Inherited','Inherited',284),(2565,'Inherited','Inherited',284),(2566,'Inherited','Inherited',284),(2567,'Inherited','Inherited',284),(2568,'Inherited','Inherited',284),(2569,'Inherited','Inherited',284),(2570,'Inherited','Inherited',284),(2571,'Inherited','Inherited',284),(2572,'Inherited','Inherited',284),(2573,'Inherited','Inherited',284),(2574,'Inherited','Inherited',284),(2575,'Inherited','Inherited',284),(2576,'Inherited','Inherited',284),(2577,'Inherited','Inherited',284),(2578,'Inherited','Inherited',284),(2579,'Inherited','Inherited',284),(2580,'Inherited','Inherited',284),(2581,'Inherited','Inherited',284),(2582,'Inherited','Inherited',284),(2583,'Inherited','Inherited',284),(2584,'Inherited','Inherited',284),(2585,'Inherited','Inherited',284),(2586,'Inherited','Inherited',285),(2587,'Inherited','Inherited',285),(2588,'Inherited','Inherited',285),(2589,'Inherited','Inherited',285),(2590,'Inherited','Inherited',285),(2591,'Inherited','Inherited',285),(2592,'Inherited','Inherited',285),(2593,'Inherited','Inherited',285),(2594,'Inherited','Inherited',285),(2595,'Inherited','Inherited',285),(2596,'Inherited','Inherited',285),(2597,'Inherited','Inherited',285),(2598,'Inherited','Inherited',285),(2599,'Inherited','Inherited',285),(2600,'Inherited','Inherited',285),(2601,'Inherited','Inherited',285),(2602,'Inherited','Inherited',285),(2603,'Inherited','Inherited',285),(2604,'Inherited','Inherited',285),(2605,'Inherited','Inherited',285),(2606,'Inherited','Inherited',285),(2607,'Inherited','Inherited',285),(2608,'Inherited','Inherited',285),(2609,'NOT_VIEWABLE','NOT_VIEWABLE',285),(2610,'NOT_SEARCHABLE','NOT_SEARCHABLE',285),(2611,'PV_FILTER','synonym like ''T_HL7_L_0007^%''',287),(2612,'PV_VIEW','MED_LOOKUP_VIEW',287),(2613,'DEFAULT_CONDITION','In!=!FACILITY_ID',288),(2614,'VI_HIDDEN','VI_HIDDEN',288),(2615,'Inherited','Inherited',288),(2616,'Inherited','Inherited',288),(2617,'Inherited','Inherited',288),(2618,'Inherited','Inherited',288),(2619,'Inherited','Inherited',288),(2620,'Inherited','Inherited',288),(2621,'Inherited','Inherited',288),(2622,'Inherited','Inherited',288),(2623,'Inherited','Inherited',288),(2624,'Inherited','Inherited',288),(2625,'Inherited','Inherited',288),(2626,'Inherited','Inherited',288),(2627,'Inherited','Inherited',288),(2628,'Inherited','Inherited',288),(2629,'Inherited','Inherited',288),(2630,'Inherited','Inherited',288),(2631,'Inherited','Inherited',288),(2632,'Inherited','Inherited',288),(2633,'Inherited','Inherited',288),(2634,'Inherited','Inherited',288),(2635,'Inherited','Inherited',288),(2636,'Inherited','Inherited',288),(2637,'VI_IGNORE_PREDICATE','VI_IGNORE_PREDICATE',289),(2638,'Inherited','Inherited',289),(2639,'Inherited','Inherited',289),(2640,'Inherited','Inherited',289),(2641,'Inherited','Inherited',289),(2642,'Inherited','Inherited',289),(2643,'Inherited','Inherited',289),(2644,'Inherited','Inherited',289),(2645,'Inherited','Inherited',289),(2646,'Inherited','Inherited',289),(2647,'Inherited','Inherited',289),(2648,'Inherited','Inherited',289),(2649,'Inherited','Inherited',289),(2650,'Inherited','Inherited',289),(2651,'Inherited','Inherited',289),(2652,'Inherited','Inherited',289),(2653,'Inherited','Inherited',289),(2654,'Inherited','Inherited',289),(2655,'Inherited','Inherited',289),(2656,'Inherited','Inherited',289),(2657,'Inherited','Inherited',289),(2658,'Inherited','Inherited',289),(2659,'Inherited','Inherited',289),(2660,'NOT_SEARCHABLE','NOT_SEARCHABLE',290),(2661,'NOT_VIEWABLE','NOT_VIEWABLE',290),(2662,'Inherited','Inherited',290),(2663,'Inherited','Inherited',290),(2664,'Inherited','Inherited',290),(2665,'Inherited','Inherited',290),(2666,'Inherited','Inherited',290),(2667,'Inherited','Inherited',290),(2668,'Inherited','Inherited',290),(2669,'Inherited','Inherited',290),(2670,'Inherited','Inherited',290),(2671,'Inherited','Inherited',290),(2672,'Inherited','Inherited',290),(2673,'Inherited','Inherited',290),(2674,'Inherited','Inherited',290),(2675,'Inherited','Inherited',290),(2676,'Inherited','Inherited',290),(2677,'Inherited','Inherited',290),(2678,'Inherited','Inherited',290),(2679,'Inherited','Inherited',290),(2680,'Inherited','Inherited',290),(2681,'Inherited','Inherited',290),(2682,'Inherited','Inherited',290),(2683,'Inherited','Inherited',290),(2684,'DEFAULT_CONDITION','Less than or Equal to!=!CURRENT_DATE',301),(2685,'NOT_VIEWABLE','NOT_VIEWABLE',301),(2686,'NOT_SEARCHABLE','NOT_SEARCHABLE',301),(2687,'DEFAULT_CONDITION','Greater than or Equal to!=!CURRENT_DATE',302),(2688,'NOT_SEARCHABLE','NOT_SEARCHABLE',302),(2689,'NOT_VIEWABLE','NOT_VIEWABLE',302),(2690,'PV_FILTER','synonym like ''T_HL7_U_0004^%''',312),(2691,'PV_VIEW','MED_LOOKUP_VIEW',312),(2692,'DEFAULT_CONDITION','In!=!FACILITY_ID',313),(2693,'VI_HIDDEN','VI_HIDDEN',313),(2694,'Inherited','Inherited',313),(2695,'Inherited','Inherited',313),(2696,'VI_IGNORE_PREDICATE','VI_IGNORE_PREDICATE',314),(2697,'Inherited','Inherited',314),(2698,'Inherited','Inherited',314),(2699,'NOT_SEARCHABLE','NOT_SEARCHABLE',315),(2700,'NOT_VIEWABLE','NOT_VIEWABLE',315),(2701,'Inherited','Inherited',315),(2702,'Inherited','Inherited',315),(2703,'PV_FILTER','synonym like ''99703^%''',317),(2704,'PV_VIEW','MED_LOOKUP_VIEW',317),(2705,'DEFAULT_CONDITION','In!=!FACILITY_ID',318),(2706,'VI_HIDDEN','VI_HIDDEN',318),(2707,'Inherited','Inherited',318),(2708,'Inherited','Inherited',318),(2709,'Inherited','Inherited',318),(2710,'VI_IGNORE_PREDICATE','VI_IGNORE_PREDICATE',319),(2711,'Inherited','Inherited',319),(2712,'Inherited','Inherited',319),(2713,'Inherited','Inherited',319),(2714,'NOT_SEARCHABLE','NOT_SEARCHABLE',320),(2715,'NOT_VIEWABLE','NOT_VIEWABLE',320),(2716,'Inherited','Inherited',320),(2717,'Inherited','Inherited',320),(2718,'Inherited','Inherited',320),(2719,'NOT_SEARCHABLE','NOT_SEARCHABLE',322),(2720,'PV_FILTER','synonym like ''T_HL7_U_0052^%''',323),(2721,'PV_VIEW','MED_LOOKUP_VIEW',323),(2722,'DEFAULT_CONDITION','In!=!FACILITY_ID',324),(2723,'VI_HIDDEN','VI_HIDDEN',324),(2724,'Inherited','Inherited',324),(2725,'Inherited','Inherited',324),(2726,'Inherited','Inherited',324),(2727,'Inherited','Inherited',324),(2728,'Inherited','Inherited',324),(2729,'Inherited','Inherited',324),(2730,'Inherited','Inherited',324),(2731,'Inherited','Inherited',324),(2732,'Inherited','Inherited',324),(2733,'Inherited','Inherited',324),(2734,'Inherited','Inherited',324),(2735,'Inherited','Inherited',324),(2736,'Inherited','Inherited',324),(2737,'Inherited','Inherited',324),(2738,'VI_IGNORE_PREDICATE','VI_IGNORE_PREDICATE',325),(2739,'Inherited','Inherited',325),(2740,'Inherited','Inherited',325),(2741,'Inherited','Inherited',325),(2742,'Inherited','Inherited',325),(2743,'Inherited','Inherited',325),(2744,'Inherited','Inherited',325),(2745,'Inherited','Inherited',325),(2746,'Inherited','Inherited',325),(2747,'Inherited','Inherited',325),(2748,'Inherited','Inherited',325),(2749,'Inherited','Inherited',325),(2750,'Inherited','Inherited',325),(2751,'Inherited','Inherited',325),(2752,'Inherited','Inherited',325),(2753,'NOT_SEARCHABLE','NOT_SEARCHABLE',326),(2754,'NOT_VIEWABLE','NOT_VIEWABLE',326),(2755,'Inherited','Inherited',326),(2756,'Inherited','Inherited',326),(2757,'Inherited','Inherited',326),(2758,'Inherited','Inherited',326),(2759,'Inherited','Inherited',326),(2760,'Inherited','Inherited',326),(2761,'Inherited','Inherited',326),(2762,'Inherited','Inherited',326),(2763,'Inherited','Inherited',326),(2764,'Inherited','Inherited',326),(2765,'Inherited','Inherited',326),(2766,'Inherited','Inherited',326),(2767,'Inherited','Inherited',326),(2768,'Inherited','Inherited',326),(2769,'PV_FILTER','synonym like ''T_HL7_U_0053^%''',328),(2770,'PV_VIEW','MED_LOOKUP_VIEW',328),(2771,'DEFAULT_CONDITION','In!=!FACILITY_ID',329),(2772,'VI_HIDDEN','VI_HIDDEN',329),(2773,'Inherited','Inherited',329),(2774,'Inherited','Inherited',329),(2775,'Inherited','Inherited',329),(2776,'Inherited','Inherited',329),(2777,'Inherited','Inherited',329),(2778,'Inherited','Inherited',329),(2779,'Inherited','Inherited',329),(2780,'Inherited','Inherited',329),(2781,'Inherited','Inherited',329),(2782,'Inherited','Inherited',329),(2783,'Inherited','Inherited',329),(2784,'Inherited','Inherited',329),(2785,'Inherited','Inherited',329),(2786,'VI_IGNORE_PREDICATE','VI_IGNORE_PREDICATE',330),(2787,'Inherited','Inherited',330),(2788,'Inherited','Inherited',330),(2789,'Inherited','Inherited',330),(2790,'Inherited','Inherited',330),(2791,'Inherited','Inherited',330),(2792,'Inherited','Inherited',330),(2793,'Inherited','Inherited',330),(2794,'Inherited','Inherited',330),(2795,'Inherited','Inherited',330),(2796,'Inherited','Inherited',330),(2797,'Inherited','Inherited',330),(2798,'Inherited','Inherited',330),(2799,'Inherited','Inherited',330),(2800,'NOT_SEARCHABLE','NOT_SEARCHABLE',331),(2801,'NOT_VIEWABLE','NOT_VIEWABLE',331),(2802,'Inherited','Inherited',331),(2803,'Inherited','Inherited',331),(2804,'Inherited','Inherited',331),(2805,'Inherited','Inherited',331),(2806,'Inherited','Inherited',331),(2807,'Inherited','Inherited',331),(2808,'Inherited','Inherited',331),(2809,'Inherited','Inherited',331),(2810,'Inherited','Inherited',331),(2811,'Inherited','Inherited',331),(2812,'Inherited','Inherited',331),(2813,'Inherited','Inherited',331),(2814,'Inherited','Inherited',331),(2815,'PV_FILTER','synonym like ''99600^%''',333),(2816,'PV_VIEW','MED_LOOKUP_VIEW',333),(2817,'DEFAULT_CONDITION','In!=!FACILITY_ID',334),(2818,'VI_HIDDEN','VI_HIDDEN',334),(2819,'Inherited','Inherited',334),(2820,'Inherited','Inherited',334),(2821,'Inherited','Inherited',334),(2822,'Inherited','Inherited',334),(2823,'Inherited','Inherited',334),(2824,'Inherited','Inherited',334),(2825,'Inherited','Inherited',334),(2826,'Inherited','Inherited',334),(2827,'Inherited','Inherited',334),(2828,'Inherited','Inherited',334),(2829,'VI_IGNORE_PREDICATE','VI_IGNORE_PREDICATE',335),(2830,'Inherited','Inherited',335),(2831,'Inherited','Inherited',335),(2832,'Inherited','Inherited',335),(2833,'Inherited','Inherited',335),(2834,'Inherited','Inherited',335),(2835,'Inherited','Inherited',335),(2836,'Inherited','Inherited',335),(2837,'Inherited','Inherited',335),(2838,'Inherited','Inherited',335),(2839,'Inherited','Inherited',335),(2840,'NOT_SEARCHABLE','NOT_SEARCHABLE',336),(2841,'NOT_VIEWABLE','NOT_VIEWABLE',336),(2842,'Inherited','Inherited',336),(2843,'Inherited','Inherited',336),(2844,'Inherited','Inherited',336),(2845,'Inherited','Inherited',336),(2846,'Inherited','Inherited',336),(2847,'Inherited','Inherited',336),(2848,'Inherited','Inherited',336),(2849,'Inherited','Inherited',336),(2850,'Inherited','Inherited',336),(2851,'Inherited','Inherited',336),(2852,'PV_FILTER','synonym like ''T_HL7_Z_0003^%''',343),(2853,'PV_VIEW','MED_LOOKUP_VIEW',343),(2854,'DEFAULT_CONDITION','In!=!FACILITY_ID',344),(2855,'VI_HIDDEN','VI_HIDDEN',344),(2856,'Inherited','Inherited',344),(2857,'Inherited','Inherited',344),(2858,'Inherited','Inherited',344),(2859,'Inherited','Inherited',344),(2860,'Inherited','Inherited',344),(2861,'Inherited','Inherited',344),(2862,'Inherited','Inherited',344),(2863,'VI_IGNORE_PREDICATE','VI_IGNORE_PREDICATE',345),(2864,'Inherited','Inherited',345),(2865,'Inherited','Inherited',345),(2866,'Inherited','Inherited',345),(2867,'Inherited','Inherited',345),(2868,'Inherited','Inherited',345),(2869,'Inherited','Inherited',345),(2870,'Inherited','Inherited',345),(2871,'NOT_SEARCHABLE','NOT_SEARCHABLE',346),(2872,'NOT_VIEWABLE','NOT_VIEWABLE',346),(2873,'Inherited','Inherited',346),(2874,'Inherited','Inherited',346),(2875,'Inherited','Inherited',346),(2876,'Inherited','Inherited',346),(2877,'Inherited','Inherited',346),(2878,'Inherited','Inherited',346),(2879,'Inherited','Inherited',346),(2880,'PV_FILTER','synonym like ''T_HL7_U_0112^%''',348),(2881,'PV_VIEW','MED_LOOKUP_VIEW',348),(2882,'Inherited','Inherited',349),(2883,'Inherited','Inherited',349),(2884,'Inherited','Inherited',349),(2885,'Inherited','Inherited',349),(2886,'Inherited','Inherited',349),(2887,'Inherited','Inherited',349),(2888,'Inherited','Inherited',349),(2889,'Inherited','Inherited',349),(2890,'Inherited','Inherited',349),(2891,'Inherited','Inherited',349),(2892,'Inherited','Inherited',349),(2893,'VI_HIDDEN','VI_HIDDEN',349),(2894,'DEFAULT_CONDITION','In!=!FACILITY_ID',349),(2895,'VI_IGNORE_PREDICATE','VI_IGNORE_PREDICATE',350),(2896,'Inherited','Inherited',350),(2897,'Inherited','Inherited',350),(2898,'Inherited','Inherited',350),(2899,'Inherited','Inherited',350),(2900,'Inherited','Inherited',350),(2901,'Inherited','Inherited',350),(2902,'Inherited','Inherited',350),(2903,'Inherited','Inherited',350),(2904,'Inherited','Inherited',350),(2905,'Inherited','Inherited',350),(2906,'Inherited','Inherited',350),(2907,'Inherited','Inherited',351),(2908,'Inherited','Inherited',351),(2909,'Inherited','Inherited',351),(2910,'Inherited','Inherited',351),(2911,'Inherited','Inherited',351),(2912,'Inherited','Inherited',351),(2913,'Inherited','Inherited',351),(2914,'Inherited','Inherited',351),(2915,'Inherited','Inherited',351),(2916,'Inherited','Inherited',351),(2917,'Inherited','Inherited',351),(2918,'NOT_VIEWABLE','NOT_VIEWABLE',351),(2919,'NOT_SEARCHABLE','NOT_SEARCHABLE',351),(2920,'NOT_SEARCHABLE','NOT_SEARCHABLE',356),(2921,'NOT_VIEWABLE','NOT_VIEWABLE',356),(2922,'DEFAULT_CONDITION','DEFAULT_CONDITION',362),(2923,'ITABLE_ATTRIBUTES','ITABLE_ATTRIBUTES',362),(2924,'SECURE_CONDITION','SECURE_CONDITION',362),(2925,'VERSION','VERSION',362),(2926,'PV_FILTER','synonym like ''T_HL7_U_0189^%''',363),(2927,'PV_VIEW','MED_LOOKUP_VIEW',363),(2928,'DEFAULT_CONDITION','In!=!FACILITY_ID',364),(2929,'VI_HIDDEN','VI_HIDDEN',364),(2930,'Inherited','Inherited',364),(2931,'Inherited','Inherited',364),(2932,'Inherited','Inherited',364),(2933,'Inherited','Inherited',364),(2934,'Inherited','Inherited',364),(2935,'Inherited','Inherited',364),(2936,'Inherited','Inherited',364),(2937,'Inherited','Inherited',364),(2938,'Inherited','Inherited',364),(2939,'Inherited','Inherited',364),(2940,'Inherited','Inherited',364),(2941,'Inherited','Inherited',364),(2942,'Inherited','Inherited',364),(2943,'Inherited','Inherited',364),(2944,'Inherited','Inherited',364),(2945,'Inherited','Inherited',364),(2946,'Inherited','Inherited',364),(2947,'Inherited','Inherited',364),(2948,'Inherited','Inherited',364),(2949,'Inherited','Inherited',364),(2950,'Inherited','Inherited',364),(2951,'Inherited','Inherited',364),(2952,'Inherited','Inherited',364),(2953,'Inherited','Inherited',364),(2954,'Inherited','Inherited',364),(2955,'Inherited','Inherited',364),(2956,'Inherited','Inherited',364),(2957,'Inherited','Inherited',364),(2958,'Inherited','Inherited',364),(2959,'Inherited','Inherited',364),(2960,'Inherited','Inherited',364),(2961,'Inherited','Inherited',364),(2962,'Inherited','Inherited',364),(2963,'Inherited','Inherited',364),(2964,'Inherited','Inherited',364),(2965,'Inherited','Inherited',364),(2966,'Inherited','Inherited',364),(2967,'Inherited','Inherited',364),(2968,'Inherited','Inherited',364),(2969,'Inherited','Inherited',364),(2970,'Inherited','Inherited',364),(2971,'Inherited','Inherited',364),(2972,'Inherited','Inherited',364),(2973,'VI_IGNORE_PREDICATE','VI_IGNORE_PREDICATE',365),(2974,'Inherited','Inherited',365),(2975,'Inherited','Inherited',365),(2976,'Inherited','Inherited',365),(2977,'Inherited','Inherited',365),(2978,'Inherited','Inherited',365),(2979,'Inherited','Inherited',365),(2980,'Inherited','Inherited',365),(2981,'Inherited','Inherited',365),(2982,'Inherited','Inherited',365),(2983,'Inherited','Inherited',365),(2984,'Inherited','Inherited',365),(2985,'Inherited','Inherited',365),(2986,'Inherited','Inherited',365),(2987,'Inherited','Inherited',365),(2988,'Inherited','Inherited',365),(2989,'Inherited','Inherited',365),(2990,'Inherited','Inherited',365),(2991,'Inherited','Inherited',365),(2992,'Inherited','Inherited',365),(2993,'Inherited','Inherited',365),(2994,'Inherited','Inherited',365),(2995,'Inherited','Inherited',365),(2996,'Inherited','Inherited',365),(2997,'Inherited','Inherited',365),(2998,'Inherited','Inherited',365),(2999,'Inherited','Inherited',365),(3000,'Inherited','Inherited',365),(3001,'Inherited','Inherited',365),(3002,'Inherited','Inherited',365),(3003,'Inherited','Inherited',365),(3004,'Inherited','Inherited',365),(3005,'Inherited','Inherited',365),(3006,'Inherited','Inherited',365),(3007,'Inherited','Inherited',365),(3008,'Inherited','Inherited',365),(3009,'Inherited','Inherited',365),(3010,'Inherited','Inherited',365),(3011,'Inherited','Inherited',365),(3012,'Inherited','Inherited',365),(3013,'Inherited','Inherited',365),(3014,'Inherited','Inherited',365),(3015,'Inherited','Inherited',365),(3016,'Inherited','Inherited',365),(3017,'NOT_SEARCHABLE','NOT_SEARCHABLE',366),(3018,'NOT_VIEWABLE','NOT_VIEWABLE',366),(3019,'Inherited','Inherited',366),(3020,'Inherited','Inherited',366),(3021,'Inherited','Inherited',366),(3022,'Inherited','Inherited',366),(3023,'Inherited','Inherited',366),(3024,'Inherited','Inherited',366),(3025,'Inherited','Inherited',366),(3026,'Inherited','Inherited',366),(3027,'Inherited','Inherited',366),(3028,'Inherited','Inherited',366),(3029,'Inherited','Inherited',366),(3030,'Inherited','Inherited',366),(3031,'Inherited','Inherited',366),(3032,'Inherited','Inherited',366),(3033,'Inherited','Inherited',366),(3034,'Inherited','Inherited',366),(3035,'Inherited','Inherited',366),(3036,'Inherited','Inherited',366),(3037,'Inherited','Inherited',366),(3038,'Inherited','Inherited',366),(3039,'Inherited','Inherited',366),(3040,'Inherited','Inherited',366),(3041,'Inherited','Inherited',366),(3042,'Inherited','Inherited',366),(3043,'Inherited','Inherited',366),(3044,'Inherited','Inherited',366),(3045,'Inherited','Inherited',366),(3046,'Inherited','Inherited',366),(3047,'Inherited','Inherited',366),(3048,'Inherited','Inherited',366),(3049,'Inherited','Inherited',366),(3050,'Inherited','Inherited',366),(3051,'Inherited','Inherited',366),(3052,'Inherited','Inherited',366),(3053,'Inherited','Inherited',366),(3054,'Inherited','Inherited',366),(3055,'Inherited','Inherited',366),(3056,'Inherited','Inherited',366),(3057,'Inherited','Inherited',366),(3058,'Inherited','Inherited',366),(3059,'Inherited','Inherited',366),(3060,'Inherited','Inherited',366),(3061,'Inherited','Inherited',366),(3062,'PV_FILTER','synonym like ''T_HL7_S_0001^%''',368),(3063,'PV_VIEW','MED_LOOKUP_VIEW',368),(3064,'DEFAULT_CONDITION','In!=!FACILITY_ID',369),(3065,'VI_HIDDEN','VI_HIDDEN',369),(3066,'Inherited','Inherited',369),(3067,'Inherited','Inherited',369),(3068,'Inherited','Inherited',369),(3069,'Inherited','Inherited',369),(3070,'Inherited','Inherited',369),(3071,'Inherited','Inherited',369),(3072,'Inherited','Inherited',369),(3073,'Inherited','Inherited',369),(3074,'Inherited','Inherited',369),(3075,'Inherited','Inherited',369),(3076,'Inherited','Inherited',369),(3077,'Inherited','Inherited',369),(3078,'Inherited','Inherited',369),(3079,'Inherited','Inherited',369),(3080,'Inherited','Inherited',369),(3081,'Inherited','Inherited',369),(3082,'Inherited','Inherited',369),(3083,'Inherited','Inherited',369),(3084,'Inherited','Inherited',369),(3085,'Inherited','Inherited',369),(3086,'Inherited','Inherited',369),(3087,'Inherited','Inherited',369),(3088,'Inherited','Inherited',369),(3089,'Inherited','Inherited',369),(3090,'Inherited','Inherited',369),(3091,'Inherited','Inherited',369),(3092,'Inherited','Inherited',369),(3093,'Inherited','Inherited',369),(3094,'Inherited','Inherited',369),(3095,'Inherited','Inherited',369),(3096,'Inherited','Inherited',369),(3097,'Inherited','Inherited',369),(3098,'Inherited','Inherited',369),(3099,'VI_IGNORE_PREDICATE','VI_IGNORE_PREDICATE',370),(3100,'Inherited','Inherited',370),(3101,'Inherited','Inherited',370),(3102,'Inherited','Inherited',370),(3103,'Inherited','Inherited',370),(3104,'Inherited','Inherited',370),(3105,'Inherited','Inherited',370),(3106,'Inherited','Inherited',370),(3107,'Inherited','Inherited',370),(3108,'Inherited','Inherited',370),(3109,'Inherited','Inherited',370),(3110,'Inherited','Inherited',370),(3111,'Inherited','Inherited',370),(3112,'Inherited','Inherited',370),(3113,'Inherited','Inherited',370),(3114,'Inherited','Inherited',370),(3115,'Inherited','Inherited',370),(3116,'Inherited','Inherited',370),(3117,'Inherited','Inherited',370),(3118,'Inherited','Inherited',370),(3119,'Inherited','Inherited',370),(3120,'Inherited','Inherited',370),(3121,'Inherited','Inherited',370),(3122,'Inherited','Inherited',370),(3123,'Inherited','Inherited',370),(3124,'Inherited','Inherited',370),(3125,'Inherited','Inherited',370),(3126,'Inherited','Inherited',370),(3127,'Inherited','Inherited',370),(3128,'Inherited','Inherited',370),(3129,'Inherited','Inherited',370),(3130,'Inherited','Inherited',370),(3131,'Inherited','Inherited',370),(3132,'Inherited','Inherited',370),(3133,'NOT_SEARCHABLE','NOT_SEARCHABLE',371),(3134,'NOT_VIEWABLE','NOT_VIEWABLE',371),(3135,'Inherited','Inherited',371),(3136,'Inherited','Inherited',371),(3137,'Inherited','Inherited',371),(3138,'Inherited','Inherited',371),(3139,'Inherited','Inherited',371),(3140,'Inherited','Inherited',371),(3141,'Inherited','Inherited',371),(3142,'Inherited','Inherited',371),(3143,'Inherited','Inherited',371),(3144,'Inherited','Inherited',371),(3145,'Inherited','Inherited',371),(3146,'Inherited','Inherited',371),(3147,'Inherited','Inherited',371),(3148,'Inherited','Inherited',371),(3149,'Inherited','Inherited',371),(3150,'Inherited','Inherited',371),(3151,'Inherited','Inherited',371),(3152,'Inherited','Inherited',371),(3153,'Inherited','Inherited',371),(3154,'Inherited','Inherited',371),(3155,'Inherited','Inherited',371),(3156,'Inherited','Inherited',371),(3157,'Inherited','Inherited',371),(3158,'Inherited','Inherited',371),(3159,'Inherited','Inherited',371),(3160,'Inherited','Inherited',371),(3161,'Inherited','Inherited',371),(3162,'Inherited','Inherited',371),(3163,'Inherited','Inherited',371),(3164,'Inherited','Inherited',371),(3165,'Inherited','Inherited',371),(3166,'Inherited','Inherited',371),(3167,'Inherited','Inherited',371),(3168,'PV_FILTER','synonym like ''T_HL7_Z_0002^%''',373),(3169,'PV_VIEW','MED_LOOKUP_VIEW',373),(3170,'DEFAULT_CONDITION','In!=!FACILITY_ID',374),(3171,'VI_HIDDEN','VI_HIDDEN',374),(3172,'Inherited','Inherited',374),(3173,'Inherited','Inherited',374),(3174,'Inherited','Inherited',374),(3175,'Inherited','Inherited',374),(3176,'Inherited','Inherited',374),(3177,'Inherited','Inherited',374),(3178,'Inherited','Inherited',374),(3179,'Inherited','Inherited',374),(3180,'Inherited','Inherited',374),(3181,'Inherited','Inherited',374),(3182,'Inherited','Inherited',374),(3183,'Inherited','Inherited',374),(3184,'Inherited','Inherited',374),(3185,'Inherited','Inherited',374),(3186,'Inherited','Inherited',374),(3187,'Inherited','Inherited',374),(3188,'Inherited','Inherited',374),(3189,'Inherited','Inherited',374),(3190,'Inherited','Inherited',374),(3191,'Inherited','Inherited',374),(3192,'Inherited','Inherited',374),(3193,'Inherited','Inherited',374),(3194,'Inherited','Inherited',374),(3195,'Inherited','Inherited',374),(3196,'Inherited','Inherited',374),(3197,'Inherited','Inherited',374),(3198,'Inherited','Inherited',374),(3199,'Inherited','Inherited',374),(3200,'Inherited','Inherited',374),(3201,'Inherited','Inherited',374),(3202,'Inherited','Inherited',374),(3203,'VI_IGNORE_PREDICATE','VI_IGNORE_PREDICATE',375),(3204,'Inherited','Inherited',375),(3205,'Inherited','Inherited',375),(3206,'Inherited','Inherited',375),(3207,'Inherited','Inherited',375),(3208,'Inherited','Inherited',375),(3209,'Inherited','Inherited',375),(3210,'Inherited','Inherited',375),(3211,'Inherited','Inherited',375),(3212,'Inherited','Inherited',375),(3213,'Inherited','Inherited',375),(3214,'Inherited','Inherited',375),(3215,'Inherited','Inherited',375),(3216,'Inherited','Inherited',375),(3217,'Inherited','Inherited',375),(3218,'Inherited','Inherited',375),(3219,'Inherited','Inherited',375),(3220,'Inherited','Inherited',375),(3221,'Inherited','Inherited',375),(3222,'Inherited','Inherited',375),(3223,'Inherited','Inherited',375),(3224,'Inherited','Inherited',375),(3225,'Inherited','Inherited',375),(3226,'Inherited','Inherited',375),(3227,'Inherited','Inherited',375),(3228,'Inherited','Inherited',375),(3229,'Inherited','Inherited',375),(3230,'Inherited','Inherited',375),(3231,'Inherited','Inherited',375),(3232,'Inherited','Inherited',375),(3233,'Inherited','Inherited',375),(3234,'Inherited','Inherited',375),(3235,'NOT_SEARCHABLE','NOT_SEARCHABLE',376),(3236,'NOT_VIEWABLE','NOT_VIEWABLE',376),(3237,'Inherited','Inherited',376),(3238,'Inherited','Inherited',376),(3239,'Inherited','Inherited',376),(3240,'Inherited','Inherited',376),(3241,'Inherited','Inherited',376),(3242,'Inherited','Inherited',376),(3243,'Inherited','Inherited',376),(3244,'Inherited','Inherited',376),(3245,'Inherited','Inherited',376),(3246,'Inherited','Inherited',376),(3247,'Inherited','Inherited',376),(3248,'Inherited','Inherited',376),(3249,'Inherited','Inherited',376),(3250,'Inherited','Inherited',376),(3251,'Inherited','Inherited',376),(3252,'Inherited','Inherited',376),(3253,'Inherited','Inherited',376),(3254,'Inherited','Inherited',376),(3255,'Inherited','Inherited',376),(3256,'Inherited','Inherited',376),(3257,'Inherited','Inherited',376),(3258,'Inherited','Inherited',376),(3259,'Inherited','Inherited',376),(3260,'Inherited','Inherited',376),(3261,'Inherited','Inherited',376),(3262,'Inherited','Inherited',376),(3263,'Inherited','Inherited',376),(3264,'Inherited','Inherited',376),(3265,'Inherited','Inherited',376),(3266,'Inherited','Inherited',376),(3267,'Inherited','Inherited',376),(3268,'PV_FILTER','synonym like ''T_HL7_U_0006^%''',378),(3269,'PV_VIEW','MED_LOOKUP_VIEW',378),(3270,'DEFAULT_CONDITION','In!=!FACILITY_ID',379),(3271,'VI_HIDDEN','VI_HIDDEN',379),(3272,'Inherited','Inherited',379),(3273,'Inherited','Inherited',379),(3274,'Inherited','Inherited',379),(3275,'Inherited','Inherited',379),(3276,'Inherited','Inherited',379),(3277,'Inherited','Inherited',379),(3278,'Inherited','Inherited',379),(3279,'Inherited','Inherited',379),(3280,'Inherited','Inherited',379),(3281,'Inherited','Inherited',379),(3282,'Inherited','Inherited',379),(3283,'Inherited','Inherited',379),(3284,'Inherited','Inherited',379),(3285,'Inherited','Inherited',379),(3286,'Inherited','Inherited',379),(3287,'Inherited','Inherited',379),(3288,'Inherited','Inherited',379),(3289,'Inherited','Inherited',379),(3290,'Inherited','Inherited',379),(3291,'Inherited','Inherited',379),(3292,'Inherited','Inherited',379),(3293,'Inherited','Inherited',379),(3294,'Inherited','Inherited',379),(3295,'Inherited','Inherited',379),(3296,'Inherited','Inherited',379),(3297,'Inherited','Inherited',379),(3298,'Inherited','Inherited',379),(3299,'Inherited','Inherited',379),(3300,'VI_IGNORE_PREDICATE','VI_IGNORE_PREDICATE',380),(3301,'Inherited','Inherited',380),(3302,'Inherited','Inherited',380),(3303,'Inherited','Inherited',380),(3304,'Inherited','Inherited',380),(3305,'Inherited','Inherited',380),(3306,'Inherited','Inherited',380),(3307,'Inherited','Inherited',380),(3308,'Inherited','Inherited',380),(3309,'Inherited','Inherited',380),(3310,'Inherited','Inherited',380),(3311,'Inherited','Inherited',380),(3312,'Inherited','Inherited',380),(3313,'Inherited','Inherited',380),(3314,'Inherited','Inherited',380),(3315,'Inherited','Inherited',380),(3316,'Inherited','Inherited',380),(3317,'Inherited','Inherited',380),(3318,'Inherited','Inherited',380),(3319,'Inherited','Inherited',380),(3320,'Inherited','Inherited',380),(3321,'Inherited','Inherited',380),(3322,'Inherited','Inherited',380),(3323,'Inherited','Inherited',380),(3324,'Inherited','Inherited',380),(3325,'Inherited','Inherited',380),(3326,'Inherited','Inherited',380),(3327,'Inherited','Inherited',380),(3328,'Inherited','Inherited',380),(3329,'NOT_SEARCHABLE','NOT_SEARCHABLE',381),(3330,'NOT_VIEWABLE','NOT_VIEWABLE',381),(3331,'Inherited','Inherited',381),(3332,'Inherited','Inherited',381),(3333,'Inherited','Inherited',381),(3334,'Inherited','Inherited',381),(3335,'Inherited','Inherited',381),(3336,'Inherited','Inherited',381),(3337,'Inherited','Inherited',381),(3338,'Inherited','Inherited',381),(3339,'Inherited','Inherited',381),(3340,'Inherited','Inherited',381),(3341,'Inherited','Inherited',381),(3342,'Inherited','Inherited',381),(3343,'Inherited','Inherited',381),(3344,'Inherited','Inherited',381),(3345,'Inherited','Inherited',381),(3346,'Inherited','Inherited',381),(3347,'Inherited','Inherited',381),(3348,'Inherited','Inherited',381),(3349,'Inherited','Inherited',381),(3350,'Inherited','Inherited',381),(3351,'Inherited','Inherited',381),(3352,'Inherited','Inherited',381),(3353,'Inherited','Inherited',381),(3354,'Inherited','Inherited',381),(3355,'Inherited','Inherited',381),(3356,'Inherited','Inherited',381),(3357,'Inherited','Inherited',381),(3358,'Inherited','Inherited',381),(3359,'PV_FILTER','synonym like ''T_HL7_U_0005^%''',383),(3360,'PV_VIEW','MED_LOOKUP_VIEW',383),(3361,'DEFAULT_CONDITION','In!=!FACILITY_ID',384),(3362,'VI_HIDDEN','VI_HIDDEN',384),(3363,'Inherited','Inherited',384),(3364,'Inherited','Inherited',384),(3365,'Inherited','Inherited',384),(3366,'Inherited','Inherited',384),(3367,'Inherited','Inherited',384),(3368,'Inherited','Inherited',384),(3369,'Inherited','Inherited',384),(3370,'Inherited','Inherited',384),(3371,'Inherited','Inherited',384),(3372,'Inherited','Inherited',384),(3373,'Inherited','Inherited',384),(3374,'Inherited','Inherited',384),(3375,'Inherited','Inherited',384),(3376,'Inherited','Inherited',384),(3377,'Inherited','Inherited',384),(3378,'Inherited','Inherited',384),(3379,'Inherited','Inherited',384),(3380,'Inherited','Inherited',384),(3381,'Inherited','Inherited',384),(3382,'Inherited','Inherited',384),(3383,'Inherited','Inherited',384),(3384,'Inherited','Inherited',384),(3385,'Inherited','Inherited',384),(3386,'Inherited','Inherited',384),(3387,'Inherited','Inherited',384),(3388,'VI_IGNORE_PREDICATE','VI_IGNORE_PREDICATE',385),(3389,'Inherited','Inherited',385),(3390,'Inherited','Inherited',385),(3391,'Inherited','Inherited',385),(3392,'Inherited','Inherited',385),(3393,'Inherited','Inherited',385),(3394,'Inherited','Inherited',385),(3395,'Inherited','Inherited',385),(3396,'Inherited','Inherited',385),(3397,'Inherited','Inherited',385),(3398,'Inherited','Inherited',385),(3399,'Inherited','Inherited',385),(3400,'Inherited','Inherited',385),(3401,'Inherited','Inherited',385),(3402,'Inherited','Inherited',385),(3403,'Inherited','Inherited',385),(3404,'Inherited','Inherited',385),(3405,'Inherited','Inherited',385),(3406,'Inherited','Inherited',385),(3407,'Inherited','Inherited',385),(3408,'Inherited','Inherited',385),(3409,'Inherited','Inherited',385),(3410,'Inherited','Inherited',385),(3411,'Inherited','Inherited',385),(3412,'Inherited','Inherited',385),(3413,'Inherited','Inherited',385),(3414,'NOT_SEARCHABLE','NOT_SEARCHABLE',386),(3415,'NOT_VIEWABLE','NOT_VIEWABLE',386),(3416,'Inherited','Inherited',386),(3417,'Inherited','Inherited',386),(3418,'Inherited','Inherited',386),(3419,'Inherited','Inherited',386),(3420,'Inherited','Inherited',386),(3421,'Inherited','Inherited',386),(3422,'Inherited','Inherited',386),(3423,'Inherited','Inherited',386),(3424,'Inherited','Inherited',386),(3425,'Inherited','Inherited',386),(3426,'Inherited','Inherited',386),(3427,'Inherited','Inherited',386),(3428,'Inherited','Inherited',386),(3429,'Inherited','Inherited',386),(3430,'Inherited','Inherited',386),(3431,'Inherited','Inherited',386),(3432,'Inherited','Inherited',386),(3433,'Inherited','Inherited',386),(3434,'Inherited','Inherited',386),(3435,'Inherited','Inherited',386),(3436,'Inherited','Inherited',386),(3437,'Inherited','Inherited',386),(3438,'Inherited','Inherited',386),(3439,'Inherited','Inherited',386),(3440,'Inherited','Inherited',386),(3441,'DEFAULT_CONDITION','Less than or Equal to!=!RULES_MINOR',388);
insert into dyextn_tagged_value (IDENTIFIER,T_KEY,T_VALUE,ABSTRACT_METADATA_ID) values (3442,'SECURE_CONDITION','Greater than or Equal to!=!AGE',388),(3443,'ITABLE_ATTRIBUTES','ITABLE_ATTRIBUTES',388),(3444,'LIMITED_PRIVILEGE','LIMITED_PRIVILEGE',391),(3445,'NOT_VIEWABLE','NOT_VIEWABLE',393),(3446,'DEFAULT_CONDITION','Less than or Equal to!=!CURRENT_DATE',393),(3447,'NOT_SEARCHABLE','NOT_SEARCHABLE',393),(3448,'NOT_VIEWABLE','NOT_VIEWABLE',394),(3449,'NOT_SEARCHABLE','NOT_SEARCHABLE',394),(3450,'DEFAULT_CONDITION','Greater than or Equal to!=!CURRENT_DATE',394),(3451,'PV_FILTER','synonym like ''T_HL7_I_0014^%''',406),(3452,'PV_VIEW','MED_LOOKUP_VIEW',406),(3453,'Inherited','Inherited',407),(3454,'Inherited','Inherited',407),(3455,'Inherited','Inherited',407),(3456,'Inherited','Inherited',407),(3457,'Inherited','Inherited',407),(3458,'Inherited','Inherited',407),(3459,'Inherited','Inherited',407),(3460,'Inherited','Inherited',407),(3461,'Inherited','Inherited',407),(3462,'Inherited','Inherited',407),(3463,'Inherited','Inherited',407),(3464,'Inherited','Inherited',407),(3465,'Inherited','Inherited',407),(3466,'Inherited','Inherited',407),(3467,'Inherited','Inherited',407),(3468,'Inherited','Inherited',407),(3469,'Inherited','Inherited',407),(3470,'Inherited','Inherited',407),(3471,'Inherited','Inherited',407),(3472,'Inherited','Inherited',407),(3473,'Inherited','Inherited',407),(3474,'Inherited','Inherited',407),(3475,'Inherited','Inherited',407),(3476,'Inherited','Inherited',407),(3477,'Inherited','Inherited',407),(3478,'Inherited','Inherited',407),(3479,'Inherited','Inherited',407),(3480,'Inherited','Inherited',407),(3481,'Inherited','Inherited',407),(3482,'Inherited','Inherited',407),(3483,'Inherited','Inherited',407),(3484,'Inherited','Inherited',407),(3485,'Inherited','Inherited',407),(3486,'Inherited','Inherited',407),(3487,'Inherited','Inherited',407),(3488,'Inherited','Inherited',407),(3489,'Inherited','Inherited',407),(3490,'Inherited','Inherited',407),(3491,'Inherited','Inherited',407),(3492,'Inherited','Inherited',407),(3493,'Inherited','Inherited',407),(3494,'Inherited','Inherited',407),(3495,'Inherited','Inherited',407),(3496,'Inherited','Inherited',407),(3497,'Inherited','Inherited',407),(3498,'Inherited','Inherited',407),(3499,'Inherited','Inherited',407),(3500,'VI_HIDDEN','VI_HIDDEN',407),(3501,'DEFAULT_CONDITION','In!=!FACILITY_ID',407),(3502,'VI_IGNORE_PREDICATE','VI_IGNORE_PREDICATE',408),(3503,'Inherited','Inherited',408),(3504,'Inherited','Inherited',408),(3505,'Inherited','Inherited',408),(3506,'Inherited','Inherited',408),(3507,'Inherited','Inherited',408),(3508,'Inherited','Inherited',408),(3509,'Inherited','Inherited',408),(3510,'Inherited','Inherited',408),(3511,'Inherited','Inherited',408),(3512,'Inherited','Inherited',408),(3513,'Inherited','Inherited',408),(3514,'Inherited','Inherited',408),(3515,'Inherited','Inherited',408),(3516,'Inherited','Inherited',408),(3517,'Inherited','Inherited',408),(3518,'Inherited','Inherited',408),(3519,'Inherited','Inherited',408),(3520,'Inherited','Inherited',408),(3521,'Inherited','Inherited',408),(3522,'Inherited','Inherited',408),(3523,'Inherited','Inherited',408),(3524,'Inherited','Inherited',408),(3525,'Inherited','Inherited',408),(3526,'Inherited','Inherited',408),(3527,'Inherited','Inherited',408),(3528,'Inherited','Inherited',408),(3529,'Inherited','Inherited',408),(3530,'Inherited','Inherited',408),(3531,'Inherited','Inherited',408),(3532,'Inherited','Inherited',408),(3533,'Inherited','Inherited',408),(3534,'Inherited','Inherited',408),(3535,'Inherited','Inherited',408),(3536,'Inherited','Inherited',408),(3537,'Inherited','Inherited',408),(3538,'Inherited','Inherited',408),(3539,'Inherited','Inherited',408),(3540,'Inherited','Inherited',408),(3541,'Inherited','Inherited',408),(3542,'Inherited','Inherited',408),(3543,'Inherited','Inherited',408),(3544,'Inherited','Inherited',408),(3545,'Inherited','Inherited',408),(3546,'Inherited','Inherited',408),(3547,'Inherited','Inherited',408),(3548,'Inherited','Inherited',408),(3549,'Inherited','Inherited',408),(3550,'Inherited','Inherited',409),(3551,'Inherited','Inherited',409),(3552,'Inherited','Inherited',409),(3553,'Inherited','Inherited',409),(3554,'Inherited','Inherited',409),(3555,'Inherited','Inherited',409),(3556,'Inherited','Inherited',409),(3557,'Inherited','Inherited',409),(3558,'Inherited','Inherited',409),(3559,'Inherited','Inherited',409),(3560,'Inherited','Inherited',409),(3561,'Inherited','Inherited',409),(3562,'Inherited','Inherited',409),(3563,'Inherited','Inherited',409),(3564,'Inherited','Inherited',409),(3565,'Inherited','Inherited',409),(3566,'Inherited','Inherited',409),(3567,'Inherited','Inherited',409),(3568,'Inherited','Inherited',409),(3569,'Inherited','Inherited',409),(3570,'Inherited','Inherited',409),(3571,'Inherited','Inherited',409),(3572,'Inherited','Inherited',409),(3573,'Inherited','Inherited',409),(3574,'Inherited','Inherited',409),(3575,'Inherited','Inherited',409),(3576,'Inherited','Inherited',409),(3577,'Inherited','Inherited',409),(3578,'Inherited','Inherited',409),(3579,'Inherited','Inherited',409),(3580,'Inherited','Inherited',409),(3581,'Inherited','Inherited',409),(3582,'Inherited','Inherited',409),(3583,'Inherited','Inherited',409),(3584,'Inherited','Inherited',409),(3585,'Inherited','Inherited',409),(3586,'Inherited','Inherited',409),(3587,'Inherited','Inherited',409),(3588,'Inherited','Inherited',409),(3589,'Inherited','Inherited',409),(3590,'Inherited','Inherited',409),(3591,'Inherited','Inherited',409),(3592,'Inherited','Inherited',409),(3593,'Inherited','Inherited',409),(3594,'Inherited','Inherited',409),(3595,'Inherited','Inherited',409),(3596,'Inherited','Inherited',409),(3597,'NOT_VIEWABLE','NOT_VIEWABLE',409),(3598,'NOT_SEARCHABLE','NOT_SEARCHABLE',409),(3599,'PV_FILTER','synonym like ''T_HL7_S_0190^%''',411),(3600,'PV_VIEW','MED_LOOKUP_VIEW',411),(3601,'DEFAULT_CONDITION','In!=!FACILITY_ID',412),(3602,'VI_HIDDEN','VI_HIDDEN',412),(3603,'Inherited','Inherited',412),(3604,'Inherited','Inherited',412),(3605,'Inherited','Inherited',412),(3606,'Inherited','Inherited',412),(3607,'Inherited','Inherited',412),(3608,'Inherited','Inherited',412),(3609,'Inherited','Inherited',412),(3610,'Inherited','Inherited',412),(3611,'Inherited','Inherited',412),(3612,'Inherited','Inherited',412),(3613,'Inherited','Inherited',412),(3614,'Inherited','Inherited',412),(3615,'Inherited','Inherited',412),(3616,'Inherited','Inherited',412),(3617,'Inherited','Inherited',412),(3618,'Inherited','Inherited',412),(3619,'Inherited','Inherited',412),(3620,'Inherited','Inherited',412),(3621,'Inherited','Inherited',412),(3622,'Inherited','Inherited',412),(3623,'Inherited','Inherited',412),(3624,'Inherited','Inherited',412),(3625,'Inherited','Inherited',412),(3626,'Inherited','Inherited',412),(3627,'Inherited','Inherited',412),(3628,'Inherited','Inherited',412),(3629,'Inherited','Inherited',412),(3630,'Inherited','Inherited',412),(3631,'Inherited','Inherited',412),(3632,'Inherited','Inherited',412),(3633,'Inherited','Inherited',412),(3634,'Inherited','Inherited',412),(3635,'Inherited','Inherited',412),(3636,'Inherited','Inherited',412),(3637,'Inherited','Inherited',412),(3638,'Inherited','Inherited',412),(3639,'VI_IGNORE_PREDICATE','VI_IGNORE_PREDICATE',413),(3640,'Inherited','Inherited',413),(3641,'Inherited','Inherited',413),(3642,'Inherited','Inherited',413),(3643,'Inherited','Inherited',413),(3644,'Inherited','Inherited',413),(3645,'Inherited','Inherited',413),(3646,'Inherited','Inherited',413),(3647,'Inherited','Inherited',413),(3648,'Inherited','Inherited',413),(3649,'Inherited','Inherited',413),(3650,'Inherited','Inherited',413),(3651,'Inherited','Inherited',413),(3652,'Inherited','Inherited',413),(3653,'Inherited','Inherited',413),(3654,'Inherited','Inherited',413),(3655,'Inherited','Inherited',413),(3656,'Inherited','Inherited',413),(3657,'Inherited','Inherited',413),(3658,'Inherited','Inherited',413),(3659,'Inherited','Inherited',413),(3660,'Inherited','Inherited',413),(3661,'Inherited','Inherited',413),(3662,'Inherited','Inherited',413),(3663,'Inherited','Inherited',413),(3664,'Inherited','Inherited',413),(3665,'Inherited','Inherited',413),(3666,'Inherited','Inherited',413),(3667,'Inherited','Inherited',413),(3668,'Inherited','Inherited',413),(3669,'Inherited','Inherited',413),(3670,'Inherited','Inherited',413),(3671,'Inherited','Inherited',413),(3672,'Inherited','Inherited',413),(3673,'Inherited','Inherited',413),(3674,'Inherited','Inherited',413),(3675,'Inherited','Inherited',413),(3676,'NOT_SEARCHABLE','NOT_SEARCHABLE',414),(3677,'NOT_VIEWABLE','NOT_VIEWABLE',414),(3678,'Inherited','Inherited',414),(3679,'Inherited','Inherited',414),(3680,'Inherited','Inherited',414),(3681,'Inherited','Inherited',414),(3682,'Inherited','Inherited',414),(3683,'Inherited','Inherited',414),(3684,'Inherited','Inherited',414),(3685,'Inherited','Inherited',414),(3686,'Inherited','Inherited',414),(3687,'Inherited','Inherited',414),(3688,'Inherited','Inherited',414),(3689,'Inherited','Inherited',414),(3690,'Inherited','Inherited',414),(3691,'Inherited','Inherited',414),(3692,'Inherited','Inherited',414),(3693,'Inherited','Inherited',414),(3694,'Inherited','Inherited',414),(3695,'Inherited','Inherited',414),(3696,'Inherited','Inherited',414),(3697,'Inherited','Inherited',414),(3698,'Inherited','Inherited',414),(3699,'Inherited','Inherited',414),(3700,'Inherited','Inherited',414),(3701,'Inherited','Inherited',414),(3702,'Inherited','Inherited',414),(3703,'Inherited','Inherited',414),(3704,'Inherited','Inherited',414),(3705,'Inherited','Inherited',414),(3706,'Inherited','Inherited',414),(3707,'Inherited','Inherited',414),(3708,'Inherited','Inherited',414),(3709,'Inherited','Inherited',414),(3710,'Inherited','Inherited',414),(3711,'Inherited','Inherited',414),(3712,'Inherited','Inherited',414),(3713,'Inherited','Inherited',414),(3714,'PV_FILTER','synonym like ''T_HL7_U_0171^%''',416),(3715,'PV_VIEW','MED_LOOKUP_VIEW',416),(3716,'DEFAULT_CONDITION','In!=!FACILITY_ID',417),(3717,'VI_HIDDEN','VI_HIDDEN',417),(3718,'Inherited','Inherited',417),(3719,'Inherited','Inherited',417),(3720,'Inherited','Inherited',417),(3721,'Inherited','Inherited',417),(3722,'Inherited','Inherited',417),(3723,'Inherited','Inherited',417),(3724,'Inherited','Inherited',417),(3725,'Inherited','Inherited',417),(3726,'Inherited','Inherited',417),(3727,'Inherited','Inherited',417),(3728,'Inherited','Inherited',417),(3729,'Inherited','Inherited',417),(3730,'Inherited','Inherited',417),(3731,'Inherited','Inherited',417),(3732,'Inherited','Inherited',417),(3733,'Inherited','Inherited',417),(3734,'Inherited','Inherited',417),(3735,'Inherited','Inherited',417),(3736,'Inherited','Inherited',417),(3737,'Inherited','Inherited',417),(3738,'Inherited','Inherited',417),(3739,'Inherited','Inherited',417),(3740,'Inherited','Inherited',417),(3741,'Inherited','Inherited',417),(3742,'Inherited','Inherited',417),(3743,'Inherited','Inherited',417),(3744,'Inherited','Inherited',417),(3745,'Inherited','Inherited',417),(3746,'Inherited','Inherited',417),(3747,'VI_IGNORE_PREDICATE','VI_IGNORE_PREDICATE',418),(3748,'Inherited','Inherited',418),(3749,'Inherited','Inherited',418),(3750,'Inherited','Inherited',418),(3751,'Inherited','Inherited',418),(3752,'Inherited','Inherited',418),(3753,'Inherited','Inherited',418),(3754,'Inherited','Inherited',418),(3755,'Inherited','Inherited',418),(3756,'Inherited','Inherited',418),(3757,'Inherited','Inherited',418),(3758,'Inherited','Inherited',418),(3759,'Inherited','Inherited',418),(3760,'Inherited','Inherited',418),(3761,'Inherited','Inherited',418),(3762,'Inherited','Inherited',418),(3763,'Inherited','Inherited',418),(3764,'Inherited','Inherited',418),(3765,'Inherited','Inherited',418),(3766,'Inherited','Inherited',418),(3767,'Inherited','Inherited',418),(3768,'Inherited','Inherited',418),(3769,'Inherited','Inherited',418),(3770,'Inherited','Inherited',418),(3771,'Inherited','Inherited',418),(3772,'Inherited','Inherited',418),(3773,'Inherited','Inherited',418),(3774,'Inherited','Inherited',418),(3775,'Inherited','Inherited',418),(3776,'Inherited','Inherited',418),(3777,'NOT_SEARCHABLE','NOT_SEARCHABLE',419),(3778,'NOT_VIEWABLE','NOT_VIEWABLE',419),(3779,'Inherited','Inherited',419),(3780,'Inherited','Inherited',419),(3781,'Inherited','Inherited',419),(3782,'Inherited','Inherited',419),(3783,'Inherited','Inherited',419),(3784,'Inherited','Inherited',419),(3785,'Inherited','Inherited',419),(3786,'Inherited','Inherited',419),(3787,'Inherited','Inherited',419),(3788,'Inherited','Inherited',419),(3789,'Inherited','Inherited',419),(3790,'Inherited','Inherited',419),(3791,'Inherited','Inherited',419),(3792,'Inherited','Inherited',419),(3793,'Inherited','Inherited',419),(3794,'Inherited','Inherited',419),(3795,'Inherited','Inherited',419),(3796,'Inherited','Inherited',419),(3797,'Inherited','Inherited',419),(3798,'Inherited','Inherited',419),(3799,'Inherited','Inherited',419),(3800,'Inherited','Inherited',419),(3801,'Inherited','Inherited',419),(3802,'Inherited','Inherited',419),(3803,'Inherited','Inherited',419),(3804,'Inherited','Inherited',419),(3805,'Inherited','Inherited',419),(3806,'Inherited','Inherited',419),(3807,'Inherited','Inherited',419),(3808,'LIMITED_PRIVILEGE','LIMITED_PRIVILEGE',421),(3809,'LIMITED_PRIVILEGE','LIMITED_PRIVILEGE',422),(3810,'PV_FILTER','synonym like ''T_HL7_U_0002^%''',426),(3811,'PV_VIEW','MED_LOOKUP_VIEW',426),(3812,'DEFAULT_CONDITION','In!=!FACILITY_ID',427),(3813,'VI_HIDDEN','VI_HIDDEN',427),(3814,'Inherited','Inherited',427),(3815,'Inherited','Inherited',427),(3816,'Inherited','Inherited',427),(3817,'Inherited','Inherited',427),(3818,'Inherited','Inherited',427),(3819,'Inherited','Inherited',427),(3820,'Inherited','Inherited',427),(3821,'Inherited','Inherited',427),(3822,'Inherited','Inherited',427),(3823,'Inherited','Inherited',427),(3824,'Inherited','Inherited',427),(3825,'Inherited','Inherited',427),(3826,'Inherited','Inherited',427),(3827,'Inherited','Inherited',427),(3828,'Inherited','Inherited',427),(3829,'Inherited','Inherited',427),(3830,'Inherited','Inherited',427),(3831,'VI_IGNORE_PREDICATE','VI_IGNORE_PREDICATE',428),(3832,'Inherited','Inherited',428),(3833,'Inherited','Inherited',428),(3834,'Inherited','Inherited',428),(3835,'Inherited','Inherited',428),(3836,'Inherited','Inherited',428),(3837,'Inherited','Inherited',428),(3838,'Inherited','Inherited',428),(3839,'Inherited','Inherited',428),(3840,'Inherited','Inherited',428),(3841,'Inherited','Inherited',428),(3842,'Inherited','Inherited',428),(3843,'Inherited','Inherited',428),(3844,'Inherited','Inherited',428),(3845,'Inherited','Inherited',428),(3846,'Inherited','Inherited',428),(3847,'Inherited','Inherited',428),(3848,'Inherited','Inherited',428),(3849,'NOT_SEARCHABLE','NOT_SEARCHABLE',429),(3850,'NOT_VIEWABLE','NOT_VIEWABLE',429),(3851,'Inherited','Inherited',429),(3852,'Inherited','Inherited',429),(3853,'Inherited','Inherited',429),(3854,'Inherited','Inherited',429),(3855,'Inherited','Inherited',429),(3856,'Inherited','Inherited',429),(3857,'Inherited','Inherited',429),(3858,'Inherited','Inherited',429),(3859,'Inherited','Inherited',429),(3860,'Inherited','Inherited',429),(3861,'Inherited','Inherited',429),(3862,'Inherited','Inherited',429),(3863,'Inherited','Inherited',429),(3864,'Inherited','Inherited',429),(3865,'Inherited','Inherited',429),(3866,'Inherited','Inherited',429),(3867,'Inherited','Inherited',429),(3868,'DEFAULT_CONDITION','In!=!RULES_OPT_OUT',433),(3869,'NOT_VIEWABLE','NOT_VIEWABLE',433),(3870,'NOT_SEARCHABLE','NOT_SEARCHABLE',433),(3871,'NOT_SEARCHABLE','NOT_SEARCHABLE',434),(3872,'NOT_VIEWABLE','NOT_VIEWABLE',434),(3873,'DEFAULT_CONDITION','In!=!A',434),(3874,'NOT_SEARCHABLE','NOT_SEARCHABLE',437),(3875,'NOT_SEARCHABLE','NOT_SEARCHABLE',438),(3876,'NOT_SEARCHABLE','NOT_SEARCHABLE',439),(3877,'PV_FILTER','synonym like ''99601^% ''',443),(3878,'PV_VIEW','MED_LOOKUP_VIEW',443),(3879,'DEFAULT_CONDITION','In!=!FACILITY_ID',444),(3880,'VI_HIDDEN','VI_HIDDEN',444),(3881,'Inherited','Inherited',444),(3882,'Inherited','Inherited',444),(3883,'Inherited','Inherited',444),(3884,'Inherited','Inherited',444),(3885,'Inherited','Inherited',444),(3886,'Inherited','Inherited',444),(3887,'Inherited','Inherited',444),(3888,'Inherited','Inherited',444),(3889,'Inherited','Inherited',444),(3890,'Inherited','Inherited',444),(3891,'Inherited','Inherited',444),(3892,'Inherited','Inherited',444),(3893,'Inherited','Inherited',444),(3894,'Inherited','Inherited',444),(3895,'Inherited','Inherited',444),(3896,'Inherited','Inherited',444),(3897,'VI_IGNORE_PREDICATE','VI_IGNORE_PREDICATE',445),(3898,'Inherited','Inherited',445),(3899,'Inherited','Inherited',445),(3900,'Inherited','Inherited',445),(3901,'Inherited','Inherited',445),(3902,'Inherited','Inherited',445),(3903,'Inherited','Inherited',445),(3904,'Inherited','Inherited',445),(3905,'Inherited','Inherited',445),(3906,'Inherited','Inherited',445),(3907,'Inherited','Inherited',445),(3908,'Inherited','Inherited',445),(3909,'Inherited','Inherited',445),(3910,'Inherited','Inherited',445),(3911,'Inherited','Inherited',445),(3912,'Inherited','Inherited',445),(3913,'Inherited','Inherited',445),(3914,'NOT_SEARCHABLE','NOT_SEARCHABLE',446),(3915,'NOT_VIEWABLE','NOT_VIEWABLE',446),(3916,'Inherited','Inherited',446),(3917,'Inherited','Inherited',446),(3918,'Inherited','Inherited',446),(3919,'Inherited','Inherited',446),(3920,'Inherited','Inherited',446),(3921,'Inherited','Inherited',446),(3922,'Inherited','Inherited',446),(3923,'Inherited','Inherited',446),(3924,'Inherited','Inherited',446),(3925,'Inherited','Inherited',446),(3926,'Inherited','Inherited',446),(3927,'Inherited','Inherited',446),(3928,'Inherited','Inherited',446),(3929,'Inherited','Inherited',446),(3930,'Inherited','Inherited',446),(3931,'Inherited','Inherited',446),(3932,'PV_FILTER','synonym like ''99602^%''',447),(3933,'PV_VIEW','MED_LOOKUP_VIEW',447),(3934,'DEFAULT_CONDITION','In!=!FACILITY_ID',448),(3935,'VI_HIDDEN','VI_HIDDEN',448),(3936,'Inherited','Inherited',448),(3937,'VI_IGNORE_PREDICATE','VI_IGNORE_PREDICATE',449),(3938,'Inherited','Inherited',449),(3939,'NOT_SEARCHABLE','NOT_SEARCHABLE',450),(3940,'NOT_VIEWABLE','NOT_VIEWABLE',450),(3941,'Inherited','Inherited',450),(3942,'NOT_SEARCHABLE','NOT_SEARCHABLE',451);

/*Data for the table dyextn_textarea */

/*Data for the table dyextn_textfield */

insert into dyextn_textfield (IDENTIFIER,NO_OF_COLUMNS,IS_PASSWORD,IS_URL) values (1,10,NULL,NULL),(2,20,0,0),(3,20,0,0),(4,20,0,0),(5,20,0,0),(6,10,NULL,NULL),(7,20,0,0),(8,20,0,0),(9,10,NULL,NULL),(10,20,0,0),(11,20,0,0),(12,10,NULL,NULL),(13,20,0,0),(14,20,0,0),(15,10,NULL,NULL),(16,20,0,0),(17,20,0,0),(18,20,0,0),(19,20,0,0),(20,10,NULL,NULL),(21,20,0,0),(22,20,0,0),(23,10,NULL,NULL),(24,20,0,0),(25,20,0,0),(26,10,NULL,NULL),(27,20,0,0),(28,20,0,0),(29,10,NULL,NULL),(30,20,0,0),(31,20,0,0),(32,10,NULL,NULL),(35,10,NULL,NULL),(36,10,NULL,NULL),(37,20,0,0),(40,20,0,0),(41,20,0,0),(42,10,NULL,NULL),(43,20,0,0),(44,20,0,0),(45,10,NULL,NULL),(46,20,0,0),(47,20,0,0),(48,10,NULL,NULL),(49,20,0,0),(50,20,0,0),(51,10,NULL,NULL),(52,20,0,0),(57,20,0,0),(58,20,0,0),(59,10,NULL,NULL),(61,10,NULL,NULL),(67,20,0,0),(68,20,0,0),(69,20,0,0),(70,20,0,0),(71,20,0,0),(72,20,0,0),(73,20,0,0),(74,20,0,0),(75,20,0,0),(76,20,0,0),(77,20,0,0),(78,20,0,0),(80,20,0,0),(81,20,0,0),(82,10,NULL,NULL),(84,20,0,0),(85,20,0,0),(86,20,0,0),(87,20,0,0),(88,20,0,0),(89,20,0,0),(90,10,NULL,NULL),(92,20,0,0),(93,20,0,0),(94,10,NULL,NULL),(101,20,0,0),(102,20,0,0),(103,10,NULL,NULL),(105,20,0,0),(106,20,0,0),(107,10,NULL,NULL),(114,20,0,0),(115,20,0,0),(116,20,0,0),(123,20,0,0),(124,20,0,0),(125,10,NULL,NULL),(126,20,0,0),(127,20,0,0),(128,20,0,0),(129,20,0,0),(130,20,0,0),(131,10,NULL,NULL),(132,20,0,0),(133,20,0,0),(134,10,NULL,NULL),(135,20,0,0),(136,20,0,0),(137,10,NULL,NULL),(138,20,0,0),(139,20,0,0),(140,10,NULL,NULL),(141,20,0,0),(142,20,0,0),(143,10,NULL,NULL),(144,20,0,0),(145,20,0,0),(146,20,0,0),(147,10,NULL,NULL),(160,10,NULL,NULL),(181,20,0,0),(182,20,0,0),(183,20,0,0),(187,20,0,0),(193,20,0,0),(194,20,0,0),(195,10,NULL,NULL),(196,20,0,0),(197,20,0,0),(198,10,NULL,NULL),(199,20,0,0),(200,20,0,0),(201,10,NULL,NULL),(202,20,0,0),(203,20,0,0),(204,10,NULL,NULL),(205,20,0,0),(206,20,0,0),(207,10,NULL,NULL),(211,20,0,0),(213,20,0,0),(214,20,0,0),(216,20,0,0),(217,20,0,0),(218,10,NULL,NULL),(219,20,0,0),(220,10,NULL,NULL),(226,20,0,0),(227,20,0,0),(228,10,NULL,NULL),(229,20,0,0),(230,20,0,0),(231,10,NULL,NULL),(232,20,0,0),(233,20,0,0),(234,10,NULL,NULL),(235,20,0,0),(236,20,0,0),(237,10,NULL,NULL),(238,20,0,0),(239,20,0,0),(240,10,NULL,NULL),(245,20,0,0),(246,20,0,0),(247,20,0,0),(248,20,0,0),(249,20,0,0),(252,20,0,0),(253,20,0,0),(254,20,0,0),(255,10,NULL,NULL),(256,20,0,0),(257,20,0,0),(258,10,NULL,NULL),(259,20,0,0),(260,20,0,0),(261,20,0,0),(268,10,NULL,NULL),(273,20,0,0),(281,20,0,0),(282,20,0,0),(283,10,NULL,NULL),(284,20,0,0),(285,20,0,0),(291,20,0,0),(292,20,0,0),(293,20,0,0),(294,10,NULL,NULL),(295,20,0,0),(296,20,0,0),(298,20,0,0),(299,20,0,0),(300,10,NULL,NULL),(301,20,0,0),(302,10,NULL,NULL),(303,10,NULL,NULL),(310,20,0,0),(311,20,0,0),(312,10,NULL,NULL),(313,20,0,0),(314,20,0,0),(315,10,NULL,NULL),(316,20,0,0),(317,20,0,0),(318,10,NULL,NULL),(319,20,0,0),(320,20,0,0),(321,20,0,0),(334,10,NULL,NULL),(337,20,0,0),(338,10,NULL,NULL),(339,10,NULL,NULL),(346,20,0,0),(347,10,NULL,NULL),(348,20,0,0),(351,20,0,0),(352,20,0,0),(353,10,NULL,NULL),(354,20,0,0),(355,20,0,0),(358,20,0,0),(359,20,0,0),(360,10,NULL,NULL),(361,10,NULL,NULL),(362,10,NULL,NULL),(363,20,0,0),(364,20,0,0),(365,20,0,0),(366,10,NULL,NULL),(367,20,0,0),(368,20,0,0),(369,10,NULL,NULL);

/*Data for the table dyextn_userdef_de_value_rel */

/*Data for the table dyextn_userdefined_de */

/*Data for the table dyextn_view */

/*Data for the table id_table */

insert into id_table (NEXT_ASSOCIATION_ID) values (1);

/*Data for the table inter_model_association */

/*Data for the table intra_model_association */

insert into intra_model_association (ASSOCIATION_ID,DE_ASSOCIATION_ID) values (1,420),(2,415),(3,410),(4,398),(5,432),(6,194),(7,193),(8,192),(9,191),(10,186),(11,182),(12,176),(13,171),(14,170),(15,165),(16,164),(17,157),(18,155),(19,145),(20,144),(21,431),(22,430),(23,425),(24,404),(25,400),(26,397),(27,395),(28,387),(29,382),(30,377),(31,372),(32,367),(33,361),(34,360),(35,132),(36,128),(37,123),(38,117),(39,116),(40,115),(41,114),(42,34),(43,35),(44,435),(45,29),(46,24),(47,15),(48,66),(49,62),(50,57),(51,52),(52,47),(53,42),(54,71),(55,76),(56,81),(57,99),(58,100),(59,101),(60,102),(61,109),(62,359),(63,358),(64,355),(65,353),(66,352),(67,347),(68,342),(69,339),(70,337),(71,332),(72,327),(73,321),(74,316),(75,311),(76,286),(77,281),(78,276),(79,273),(80,271),(81,266),(82,261),(83,259),(84,253),(85,247),(86,245),(87,244),(88,239),(89,227),(90,226),(91,220),(92,215),(93,210),(94,205),(95,200),(96,199),(97,291),(98,197),(99,143),(100,142),(101,141);

/*Data for the table path */

insert into path (PATH_ID,FIRST_ENTITY_ID,INTERMEDIATE_PATH,LAST_ENTITY_ID) values (1,405,'1',416),(2,405,'2',411),(3,405,'3',406),(4,396,'4',30),(5,30,'5',135),(6,135,'6',146),(7,146,'7',67),(8,146,'8',118),(9,146,'9',187),(10,146,'10',156),(11,156,'11',177),(12,156,'12',172),(13,156,'13',158),(14,158,'14',159),(15,159,'15',37),(16,159,'16',160),(17,156,'17',67),(18,146,'18',6),(19,135,'19',72),(20,135,'20',30),(21,30,'21',362),(22,362,'22',426),(23,362,'23',405),(24,362,'24',401),(25,362,'25',396),(26,396,'26',222),(27,362,'27',16),(28,362,'28',383),(29,362,'29',378),(30,362,'30',373),(31,362,'31',368),(32,362,'32',363),(33,30,'33',133),(34,133,'34',30),(35,30,'35',32),(36,32,'36',124),(37,32,'37',118),(38,32,'38',30),(39,32,'39',72),(40,32,'40',33),(41,33,'41',110),(42,33,'42',10),(43,33,'43',14),(44,14,'44',30),(45,14,'45',25),(46,14,'46',16),(47,14,'47',6),(48,33,'48',36),(49,36,'49',58),(50,36,'50',53),(51,36,'51',48),(52,36,'52',43),(53,36,'53',37),(54,33,'54',67),(55,33,'55',72),(56,33,'56',77),(57,33,'57',37),(58,33,'58',16),(59,33,'59',58),(60,33,'60',43),(61,33,'61',105),(62,133,'62',118),(63,133,'63',354),(64,354,'64',118),(65,133,'65',198),(66,198,'66',348),(67,198,'67',343),(68,198,'68',322),(69,322,'69',6),(70,322,'70',333),(71,322,'71',328),(72,322,'72',323),(73,198,'73',317),(74,198,'74',312),(75,198,'75',6),(76,198,'76',282),(77,198,'77',277),(78,198,'78',260),(79,260,'79',6),(80,260,'80',267),(81,260,'81',262),(82,260,'82',14),(83,198,'83',254),(84,198,'84',246),(85,246,'85',16),(86,198,'86',221),(87,221,'87',240),(88,221,'88',16),(89,221,'89',6),(90,221,'90',222),(91,198,'91',216),(92,198,'92',211),(93,198,'93',206),(94,198,'94',201),(95,198,'95',14),(96,198,'96',2),(97,198,'97',287),(98,133,'98',135),(99,135,'99',118),(100,135,'100',133),(101,135,'101',137);


/*ends*/
alter table DE_COLL_ATTR_RECORD_VALUES add constraint FK847DA57775255CA5 foreign key (COLLECTION_ATTR_RECORD_ID) references DYEXTN_ATTRIBUTE_RECORD;
alter table DE_FILE_ATTR_RECORD_VALUES add constraint FKE68334E74EB991B2 foreign key (RECORD_ID) references DYEXTN_ATTRIBUTE_RECORD;
alter table DE_OBJECT_ATTR_RECORD_VALUES add constraint FK504EADC44EB991B2 foreign key (RECORD_ID) references DYEXTN_ATTRIBUTE_RECORD;
alter table DYEXTN_ABSTRACT_ENTITY add constraint FKA4A164E3D3027A30 foreign key (id) references DYEXTN_ABSTRACT_METADATA;
alter table DYEXTN_ABSTR_CONTAIN_CTR add constraint FK9EB9020A40F198C2 foreign key (IDENTIFIER) references DYEXTN_CONTROL;
alter table DYEXTN_ABSTR_CONTAIN_CTR add constraint FK9EB9020A69935DD6 foreign key (CONTAINER_ID) references DYEXTN_CONTAINER;
alter table DYEXTN_ASSOCIATION add constraint FK1046842439780F7A foreign key (SOURCE_ROLE_ID) references DYEXTN_ROLE;
alter table DYEXTN_ASSOCIATION add constraint FK104684242BD842F0 foreign key (TARGET_ROLE_ID) references DYEXTN_ROLE;
alter table DYEXTN_ASSOCIATION add constraint FK1046842440738A50 foreign key (TARGET_ENTITY_ID) references DYEXTN_ENTITY;
alter table DYEXTN_ASSOCIATION add constraint FK104684246D19A21F foreign key (IDENTIFIER) references DYEXTN_ATTRIBUTE;
alter table DYEXTN_ASSO_DISPLAY_ATTR add constraint FKD12FD3827FD29CDD foreign key (SELECT_CONTROL_ID) references DYEXTN_SELECT_CONTROL;
alter table DYEXTN_ASSO_DISPLAY_ATTR add constraint FKD12FD38235D6E973 foreign key (DISPLAY_ATTRIBUTE_ID) references DYEXTN_PRIMITIVE_ATTRIBUTE;
alter table DYEXTN_ATTRIBUTE add constraint FK37F1E2FFF99EA906 foreign key (ENTIY_ID) references DYEXTN_ENTITY;
alter table DYEXTN_ATTRIBUTE add constraint FK37F1E2FF5CC8694E foreign key (IDENTIFIER) references DYEXTN_BASE_ABSTRACT_ATTRIBUTE;
alter table DYEXTN_ATTRIBUTE_RECORD add constraint FK9B20ED914AC41F7E foreign key (ENTITY_ID) references DYEXTN_ENTITY;
alter table DYEXTN_ATTRIBUTE_RECORD add constraint FK9B20ED914DC2CD16 foreign key (ATTRIBUTE_ID) references DYEXTN_PRIMITIVE_ATTRIBUTE;
alter table DYEXTN_ATTRIBUTE_TYPE_INFO add constraint FK62596D531333996E foreign key (PRIMITIVE_ATTRIBUTE_ID) references DYEXTN_PRIMITIVE_ATTRIBUTE;
alter table DYEXTN_BARR_CONCEPT_VALUE add constraint FK89D27DF74641D513 foreign key (IDENTIFIER) references DYEXTN_PERMISSIBLE_VALUE;
alter table DYEXTN_BASE_ABSTRACT_ATTRIBUTE add constraint FK14BA6610728B19BE foreign key (IDENTIFIER) references DYEXTN_ABSTRACT_METADATA;
alter table DYEXTN_BOOLEAN_CONCEPT_VALUE add constraint FK57B6C4A64641D513 foreign key (IDENTIFIER) references DYEXTN_PERMISSIBLE_VALUE;
alter table DYEXTN_BOOLEAN_TYPE_INFO add constraint FK28F1809FE5294FA3 foreign key (IDENTIFIER) references DYEXTN_ATTRIBUTE_TYPE_INFO;
alter table DYEXTN_BYTE_ARRAY_TYPE_INFO add constraint FK18BDA73E5294FA3 foreign key (IDENTIFIER) references DYEXTN_ATTRIBUTE_TYPE_INFO;
alter table DYEXTN_CADSRDE add constraint FK588A250953CC4A77 foreign key (IDENTIFIER) references DYEXTN_DATA_ELEMENT;
alter table DYEXTN_CADSR_VALUE_DOMAIN_INFO add constraint FK1C9AA3641333996E foreign key (PRIMITIVE_ATTRIBUTE_ID) references DYEXTN_PRIMITIVE_ATTRIBUTE;
alter table DYEXTN_CATEGORY add constraint FKD33DE81B54A9F59D foreign key (ROOT_CATEGORY_ELEMENT) references DYEXTN_CATEGORY_ENTITY;
alter table DYEXTN_CATEGORY add constraint FKD33DE81B728B19BE foreign key (IDENTIFIER) references DYEXTN_ABSTRACT_METADATA;
alter table DYEXTN_CATEGORY add constraint FKD33DE81B854AC01B foreign key (CATEGORY_ENTITY_ID) references DYEXTN_CATEGORY_ENTITY;
alter table DYEXTN_CATEGORY_ASSOCIATION add constraint FK1B7C663DCAC769C5 foreign key (CATEGORY_ENTIY_ID) references DYEXTN_CATEGORY_ENTITY;
alter table DYEXTN_CATEGORY_ASSOCIATION add constraint FK1B7C663D5CC8694E foreign key (IDENTIFIER) references DYEXTN_BASE_ABSTRACT_ATTRIBUTE;
alter table DYEXTN_CATEGORY_ASSOCIATION add constraint FK1B7C663D854AC01B foreign key (CATEGORY_ENTITY_ID) references DYEXTN_CATEGORY_ENTITY;
alter table DYEXTN_CATEGORY_ATTRIBUTE add constraint FKEF3B7758CAC769C5 foreign key (CATEGORY_ENTIY_ID) references DYEXTN_CATEGORY_ENTITY;
alter table DYEXTN_CATEGORY_ATTRIBUTE add constraint FKEF3B77587769A811 foreign key (ABSTRACT_ATTRIBUTE_ID) references DYEXTN_ATTRIBUTE;
alter table DYEXTN_CATEGORY_ATTRIBUTE add constraint FKEF3B77585CC8694E foreign key (IDENTIFIER) references DYEXTN_BASE_ABSTRACT_ATTRIBUTE;
alter table DYEXTN_CATEGORY_ATTRIBUTE add constraint FKEF3B7758854AC01B foreign key (CATEGORY_ENTITY_ID) references DYEXTN_CATEGORY_ENTITY;
alter table DYEXTN_CATEGORY_ENTITY add constraint FK9F2DA887FB6EB979 foreign key (CATEGORY_ASSOCIATION_ID) references DYEXTN_CATEGORY_ASSOCIATION;
alter table DYEXTN_CATEGORY_ENTITY add constraint FK9F2DA887D06EE657 foreign key (OWN_PARENT_CATEGORY_ENTITY_ID) references DYEXTN_CATEGORY_ENTITY;
alter table DYEXTN_CATEGORY_ENTITY add constraint FK9F2DA887A52559D0 foreign key (PARENT_CATEGORY_ENTITY_ID) references DYEXTN_CATEGORY_ENTITY;
alter table DYEXTN_CATEGORY_ENTITY add constraint FK9F2DA887743AC3F2 foreign key (IDENTIFIER) references DYEXTN_ABSTRACT_ENTITY;
alter table DYEXTN_CATEGORY_ENTITY add constraint FK9F2DA8874AC41F7E foreign key (ENTITY_ID) references DYEXTN_ENTITY;
alter table DYEXTN_CATEGORY_ENTITY add constraint FK9F2DA887F5A32608 foreign key (REL_ATTR_CAT_ENTITY_ID) references DYEXTN_CATEGORY;
alter table DYEXTN_CATEGORY_ENTITY add constraint FK9F2DA887A8103C6F foreign key (TREE_PARENT_CATEGORY_ENTITY_ID) references DYEXTN_CATEGORY_ENTITY;
alter table DYEXTN_CAT_ASSO_CTL add constraint FK281FAB50C45A8CFA foreign key (IDENTIFIER) references DYEXTN_ABSTR_CONTAIN_CTR;
alter table DYEXTN_CHECK_BOX add constraint FK4EFF925740F198C2 foreign key (IDENTIFIER) references DYEXTN_CONTROL;
alter table DYEXTN_COLUMN_PROPERTIES add constraint FK8FCE2B3F67F8B59 foreign key (CATEGORY_ATTRIBUTE_ID) references DYEXTN_CATEGORY_ATTRIBUTE;
alter table DYEXTN_COLUMN_PROPERTIES add constraint FK8FCE2B3F4953F037 foreign key (CNSTR_KEY_PROP_ID) references DYEXTN_CONSTRAINTKEY_PROP;
alter table DYEXTN_COLUMN_PROPERTIES add constraint FK8FCE2B3F3AB6A1D3 foreign key (IDENTIFIER) references DYEXTN_DATABASE_PROPERTIES;
alter table DYEXTN_COLUMN_PROPERTIES add constraint FK8FCE2B3F1333996E foreign key (PRIMITIVE_ATTRIBUTE_ID) references DYEXTN_PRIMITIVE_ATTRIBUTE;
alter table DYEXTN_COMBOBOX add constraint FKABBC649ABF67AB26 foreign key (IDENTIFIER) references DYEXTN_SELECT_CONTROL;
alter table DYEXTN_CONSTRAINTKEY_PROP add constraint FK80C9511D6B558E0E foreign key (SRC_CONSTRAINT_KEY_ID) references DYEXTN_CONSTRAINT_PROPERTIES;
alter table DYEXTN_CONSTRAINTKEY_PROP add constraint FK80C9511D2C4ACB4B foreign key (TGT_CONSTRAINT_KEY_ID) references DYEXTN_CONSTRAINT_PROPERTIES;
alter table DYEXTN_CONSTRAINTKEY_PROP add constraint FK80C9511DF3077C33 foreign key (PRIMARY_ATTRIBUTE_ID) references DYEXTN_PRIMITIVE_ATTRIBUTE;
alter table DYEXTN_CONSTRAINT_PROPERTIES add constraint FK82886CD8FB6EB979 foreign key (CATEGORY_ASSOCIATION_ID) references DYEXTN_CATEGORY_ASSOCIATION;
alter table DYEXTN_CONSTRAINT_PROPERTIES add constraint FK82886CD87EE87FF6 foreign key (ASSOCIATION_ID) references DYEXTN_ASSOCIATION;
alter table DYEXTN_CONSTRAINT_PROPERTIES add constraint FK82886CD83AB6A1D3 foreign key (IDENTIFIER) references DYEXTN_DATABASE_PROPERTIES;
alter table DYEXTN_CONSTRAINT_PROPERTIES add constraint FK82886CD81DCC9E63 foreign key (ABSTRACT_ENTITY_ID) references DYEXTN_ABSTRACT_ENTITY;
alter table DYEXTN_CONTAINER add constraint FK1EAB84E488C075EF foreign key (ENTITY_GROUP_ID) references DYEXTN_ENTITY_GROUP;
alter table DYEXTN_CONTAINER add constraint FK1EAB84E4BF901C84 foreign key (BASE_CONTAINER_ID) references DYEXTN_CONTAINER;
alter table DYEXTN_CONTAINER add constraint FK1EAB84E41DCC9E63 foreign key (ABSTRACT_ENTITY_ID) references DYEXTN_ABSTRACT_ENTITY;
alter table DYEXTN_CONTAINER add constraint FK1EAB84E4178865E foreign key (VIEW_ID) references DYEXTN_VIEW;
alter table DYEXTN_CONTAINMENT_CONTROL add constraint FK3F9D4AD3C45A8CFA foreign key (IDENTIFIER) references DYEXTN_ABSTR_CONTAIN_CTR;
alter table DYEXTN_CONTROL add constraint FK70FB5E807792A78F foreign key (BASE_ABST_ATR_ID) references DYEXTN_BASE_ABSTRACT_ATTRIBUTE;
alter table DYEXTN_CONTROL add constraint FK70FB5E8069935DD6 foreign key (CONTAINER_ID) references DYEXTN_CONTAINER;
alter table DYEXTN_DATA_ELEMENT add constraint FKB1153E4AA208204 foreign key (ATTRIBUTE_TYPE_INFO_ID) references DYEXTN_ATTRIBUTE_TYPE_INFO;
alter table DYEXTN_DATA_ELEMENT add constraint FKB1153E467F8B59 foreign key (CATEGORY_ATTRIBUTE_ID) references DYEXTN_CATEGORY_ATTRIBUTE;
alter table DYEXTN_DATA_GRID add constraint FK233EB73E40F198C2 foreign key (IDENTIFIER) references DYEXTN_CONTROL;
alter table DYEXTN_DATEPICKER add constraint FKFEADD19940F198C2 foreign key (IDENTIFIER) references DYEXTN_CONTROL;
alter table DYEXTN_DATE_CONCEPT_VALUE add constraint FK45F598A64641D513 foreign key (IDENTIFIER) references DYEXTN_PERMISSIBLE_VALUE;
alter table DYEXTN_DATE_TYPE_INFO add constraint FKFBA549FE5294FA3 foreign key (IDENTIFIER) references DYEXTN_ATTRIBUTE_TYPE_INFO;
alter table DYEXTN_DOUBLE_CONCEPT_VALUE add constraint FKB94E64494641D513 foreign key (IDENTIFIER) references DYEXTN_PERMISSIBLE_VALUE;
alter table DYEXTN_DOUBLE_TYPE_INFO add constraint FKC83869C2BA4AE008 foreign key (IDENTIFIER) references DYEXTN_NUMERIC_TYPE_INFO;
alter table DYEXTN_ENTITY add constraint FK8B24364088C075EF foreign key (ENTITY_GROUP_ID) references DYEXTN_ENTITY_GROUP;
alter table DYEXTN_ENTITY add constraint FK8B2436402264D629 foreign key (PARENT_ENTITY_ID) references DYEXTN_ENTITY;
alter table DYEXTN_ENTITY add constraint FK8B243640743AC3F2 foreign key (IDENTIFIER) references DYEXTN_ABSTRACT_ENTITY;
alter table DYEXTN_ENTITY_GROUP add constraint FK105DE7A0728B19BE foreign key (IDENTIFIER) references DYEXTN_ABSTRACT_METADATA;
alter table DYEXTN_ENTITY_MAP_CONDNS add constraint FK2A9D6029CFA08B13 foreign key (FORM_CONTEXT_ID) references DYEXTN_FORM_CONTEXT;
alter table DYEXTN_ENTITY_MAP_RECORD add constraint FK43A45013CFA08B13 foreign key (FORM_CONTEXT_ID) references DYEXTN_FORM_CONTEXT;
alter table DYEXTN_FILE_EXTENSIONS add constraint FKD49834FA56AF0834 foreign key (ATTRIBUTE_ID) references DYEXTN_FILE_TYPE_INFO;
alter table DYEXTN_FILE_TYPE_INFO add constraint FKA00F0EDE5294FA3 foreign key (IDENTIFIER) references DYEXTN_ATTRIBUTE_TYPE_INFO;
alter table DYEXTN_FILE_UPLOAD add constraint FK2FAD41E740F198C2 foreign key (IDENTIFIER) references DYEXTN_CONTROL;
alter table DYEXTN_FLOAT_CONCEPT_VALUE add constraint FK6785309A4641D513 foreign key (IDENTIFIER) references DYEXTN_PERMISSIBLE_VALUE;
alter table DYEXTN_FLOAT_TYPE_INFO add constraint FK7E1C0693BA4AE008 foreign key (IDENTIFIER) references DYEXTN_NUMERIC_TYPE_INFO;
alter table DYEXTN_FORM_CONTEXT add constraint FKE56CCDB12B784475 foreign key (ENTITY_MAP_ID) references DYEXTN_ENTITY_MAP;
alter table DYEXTN_INTEGER_CONCEPT_VALUE add constraint FKFBA33B3C4641D513 foreign key (IDENTIFIER) references DYEXTN_PERMISSIBLE_VALUE;
alter table DYEXTN_INTEGER_TYPE_INFO add constraint FK5F9CB235BA4AE008 foreign key (IDENTIFIER) references DYEXTN_NUMERIC_TYPE_INFO;
alter table DYEXTN_LIST_BOX add constraint FK208395A7BF67AB26 foreign key (IDENTIFIER) references DYEXTN_SELECT_CONTROL;
alter table DYEXTN_LONG_CONCEPT_VALUE add constraint FK3E1A6EF44641D513 foreign key (IDENTIFIER) references DYEXTN_PERMISSIBLE_VALUE;
alter table DYEXTN_LONG_TYPE_INFO add constraint FK257281EDBA4AE008 foreign key (IDENTIFIER) references DYEXTN_NUMERIC_TYPE_INFO;
alter table DYEXTN_NUMERIC_TYPE_INFO add constraint FK4DEC9544E5294FA3 foreign key (IDENTIFIER) references DYEXTN_ATTRIBUTE_TYPE_INFO;
alter table DYEXTN_OBJECT_TYPE_INFO add constraint FK74819FB0E5294FA3 foreign key (IDENTIFIER) references DYEXTN_ATTRIBUTE_TYPE_INFO;
alter table DYEXTN_PATH add constraint FKC26ADC2854AC01B foreign key (CATEGORY_ENTITY_ID) references DYEXTN_CATEGORY_ENTITY;
alter table DYEXTN_PATH_ASSO_REL add constraint FK1E1260A580C8F93E foreign key (PATH_ID) references DYEXTN_PATH;
alter table DYEXTN_PATH_ASSO_REL add constraint FK1E1260A57EE87FF6 foreign key (ASSOCIATION_ID) references DYEXTN_ASSOCIATION;
alter table DYEXTN_PERMISSIBLE_VALUE add constraint FK136264E0AA208204 foreign key (ATTRIBUTE_TYPE_INFO_ID) references DYEXTN_ATTRIBUTE_TYPE_INFO;
alter table DYEXTN_PERMISSIBLE_VALUE add constraint FK136264E067F8B59 foreign key (CATEGORY_ATTRIBUTE_ID) references DYEXTN_CATEGORY_ATTRIBUTE;
alter table DYEXTN_PRIMITIVE_ATTRIBUTE add constraint FKA9F765C76D19A21F foreign key (IDENTIFIER) references DYEXTN_ATTRIBUTE;
alter table DYEXTN_RADIOBUTTON add constraint FK16F5BA9040F198C2 foreign key (IDENTIFIER) references DYEXTN_CONTROL;
alter table DYEXTN_RULE add constraint FKC27E099F8DDEC02 foreign key (CATEGORY_ATTR_ID) references DYEXTN_CATEGORY_ATTRIBUTE;
alter table DYEXTN_RULE add constraint FKC27E09990F96714 foreign key (ATTRIBUTE_ID) references DYEXTN_ATTRIBUTE;
alter table DYEXTN_RULE_PARAMETER add constraint FK2256736395D4A5AE foreign key (RULE_ID) references DYEXTN_RULE;
alter table DYEXTN_SELECT_CONTROL add constraint FKDFEBB65740F198C2 foreign key (IDENTIFIER) references DYEXTN_CONTROL;
alter table DYEXTN_SEMANTIC_PROPERTY add constraint FKD2A0B5B15EB60E90 foreign key (ABSTRACT_VALUE_ID) references DYEXTN_PERMISSIBLE_VALUE;
alter table DYEXTN_SEMANTIC_PROPERTY add constraint FKD2A0B5B19AEB0CA3 foreign key (ABSTRACT_METADATA_ID) references DYEXTN_ABSTRACT_METADATA;
alter table DYEXTN_SHORT_CONCEPT_VALUE add constraint FKC1945ABA4641D513 foreign key (IDENTIFIER) references DYEXTN_PERMISSIBLE_VALUE;
alter table DYEXTN_SHORT_TYPE_INFO add constraint FK99540B3BA4AE008 foreign key (IDENTIFIER) references DYEXTN_NUMERIC_TYPE_INFO;
alter table DYEXTN_STRING_CONCEPT_VALUE add constraint FKADE7D8894641D513 foreign key (IDENTIFIER) references DYEXTN_PERMISSIBLE_VALUE;
alter table DYEXTN_STRING_TYPE_INFO add constraint FKDA35FE02E5294FA3 foreign key (IDENTIFIER) references DYEXTN_ATTRIBUTE_TYPE_INFO;
alter table DYEXTN_TABLE_PROPERTIES add constraint FKE608E0813AB6A1D3 foreign key (IDENTIFIER) references DYEXTN_DATABASE_PROPERTIES;
alter table DYEXTN_TABLE_PROPERTIES add constraint FKE608E0811DCC9E63 foreign key (ABSTRACT_ENTITY_ID) references DYEXTN_ABSTRACT_ENTITY;
alter table DYEXTN_TAGGED_VALUE add constraint FKF79D055B9AEB0CA3 foreign key (ABSTRACT_METADATA_ID) references DYEXTN_ABSTRACT_METADATA;
alter table DYEXTN_TEXTAREA add constraint FK946EE25740F198C2 foreign key (IDENTIFIER) references DYEXTN_CONTROL;
alter table DYEXTN_TEXTFIELD add constraint FKF9AFC85040F198C2 foreign key (IDENTIFIER) references DYEXTN_CONTROL;
alter table DYEXTN_USERDEFINED_DE add constraint FK630761FF53CC4A77 foreign key (IDENTIFIER) references DYEXTN_DATA_ELEMENT;
alter table DYEXTN_USERDEF_DE_VALUE_REL add constraint FK3EE58DCF49BDD67 foreign key (PERMISSIBLE_VALUE_ID) references DYEXTN_PERMISSIBLE_VALUE;
alter table DYEXTN_USERDEF_DE_VALUE_REL add constraint FK3EE58DCF5521B106 foreign key (USER_DEF_DE_ID) references DYEXTN_USERDEFINED_DE;
alter table DYEXT_ENTIY_COMPOSITE_KEY_REL add constraint FKD2168AAA4AC41F7E foreign key (ENTITY_ID) references DYEXTN_ENTITY;
alter table DYEXT_ENTIY_COMPOSITE_KEY_REL add constraint FKD2168AAA4DC2CD16 foreign key (ATTRIBUTE_ID) references DYEXTN_PRIMITIVE_ATTRIBUTE;
