drop table DE_COLL_ATTR_RECORD_VALUES;
drop table DE_FILE_ATTR_RECORD_VALUES;
drop table DE_OBJECT_ATTR_RECORD_VALUES;
drop table DYEXTN_ABSTRACT_ENTITY;
drop table DYEXTN_ABSTRACT_METADATA;
drop table DYEXTN_ABSTR_CONTAIN_CTR;
drop table DYEXTN_ASSOCIATION;
drop table DYEXTN_ASSO_DISPLAY_ATTR;
drop table DYEXTN_ATTRIBUTE;
drop table DYEXTN_ATTRIBUTE_RECORD;
drop table DYEXTN_ATTRIBUTE_TYPE_INFO;
drop table DYEXTN_BARR_CONCEPT_VALUE;
drop table DYEXTN_BASE_ABSTRACT_ATTRIBUTE;
drop table DYEXTN_BOOLEAN_CONCEPT_VALUE;
drop table DYEXTN_BOOLEAN_TYPE_INFO;
drop table DYEXTN_BYTE_ARRAY_TYPE_INFO;
drop table DYEXTN_CADSRDE;
drop table DYEXTN_CADSR_VALUE_DOMAIN_INFO;
drop table DYEXTN_CATEGORY;
drop table DYEXTN_CATEGORY_ASSOCIATION;
drop table DYEXTN_CATEGORY_ATTRIBUTE;
drop table DYEXTN_CATEGORY_ENTITY;
drop table DYEXTN_CAT_ASSO_CTL;
drop table DYEXTN_CHECK_BOX;
drop table DYEXTN_COLUMN_PROPERTIES;
drop table DYEXTN_COMBOBOX;
drop table DYEXTN_CONSTRAINTKEY_PROP;
drop table DYEXTN_CONSTRAINT_PROPERTIES;
drop table DYEXTN_CONTAINER;
drop table DYEXTN_CONTAINMENT_CONTROL;
drop table DYEXTN_CONTROL;
drop table DYEXTN_DATABASE_PROPERTIES;
drop table DYEXTN_DATA_ELEMENT;
drop table DYEXTN_DATA_GRID;
drop table DYEXTN_DATEPICKER;
drop table DYEXTN_DATE_CONCEPT_VALUE;
drop table DYEXTN_DATE_TYPE_INFO;
drop table DYEXTN_DOUBLE_CONCEPT_VALUE;
drop table DYEXTN_DOUBLE_TYPE_INFO;
drop table DYEXTN_ENTITY;
drop table DYEXTN_ENTITY_GROUP;
drop table DYEXTN_ENTITY_MAP;
drop table DYEXTN_ENTITY_MAP_CONDNS;
drop table DYEXTN_ENTITY_MAP_RECORD;
drop table DYEXTN_FILE_EXTENSIONS;
drop table DYEXTN_FILE_TYPE_INFO;
drop table DYEXTN_FILE_UPLOAD;
drop table DYEXTN_FLOAT_CONCEPT_VALUE;
drop table DYEXTN_FLOAT_TYPE_INFO;
drop table DYEXTN_FORM_CONTEXT;
drop table DYEXTN_INTEGER_CONCEPT_VALUE;
drop table DYEXTN_INTEGER_TYPE_INFO;
drop table DYEXTN_LIST_BOX;
drop table DYEXTN_LONG_CONCEPT_VALUE;
drop table DYEXTN_LONG_TYPE_INFO;
drop table DYEXTN_NUMERIC_TYPE_INFO;
drop table DYEXTN_OBJECT_TYPE_INFO;
drop table DYEXTN_PATH;
drop table DYEXTN_PATH_ASSO_REL;
drop table DYEXTN_PERMISSIBLE_VALUE;
drop table DYEXTN_PRIMITIVE_ATTRIBUTE;
drop table DYEXTN_RADIOBUTTON;
drop table DYEXTN_ROLE;
drop table DYEXTN_RULE;
drop table DYEXTN_RULE_PARAMETER;
drop table DYEXTN_SELECT_CONTROL;
drop table DYEXTN_SEMANTIC_PROPERTY;
drop table DYEXTN_SHORT_CONCEPT_VALUE;
drop table DYEXTN_SHORT_TYPE_INFO;
drop table DYEXTN_SQL_AUDIT;
drop table DYEXTN_STRING_CONCEPT_VALUE;
drop table DYEXTN_STRING_TYPE_INFO;
drop table DYEXTN_TABLE_PROPERTIES;
drop table DYEXTN_TAGGED_VALUE;
drop table DYEXTN_TEXTAREA;
drop table DYEXTN_TEXTFIELD;
drop table DYEXTN_USERDEFINED_DE;
drop table DYEXTN_USERDEF_DE_VALUE_REL;
drop table DYEXTN_VIEW;
drop table DYEXT_ENTIY_COMPOSITE_KEY_REL;
drop table dyextn_id_generator;
create table DE_COLL_ATTR_RECORD_VALUES (IDENTIFIER bigint generated by default as identity, RECORD_VALUE varchar(4000), COLLECTION_ATTR_RECORD_ID bigint, primary key (IDENTIFIER));
create table DE_FILE_ATTR_RECORD_VALUES (IDENTIFIER bigint generated by default as identity, CONTENT_TYPE varchar(255), FILE_CONTENT blob(255), FILE_NAME varchar(255), RECORD_ID bigint, primary key (IDENTIFIER));
create table DE_OBJECT_ATTR_RECORD_VALUES (IDENTIFIER bigint generated by default as identity, CLASS_NAME varchar(255), OBJECT_CONTENT blob(255), RECORD_ID bigint, primary key (IDENTIFIER));
create table DYEXTN_ABSTRACT_ENTITY (id bigint not null, primary key (id));
create table DYEXTN_ABSTRACT_METADATA (IDENTIFIER bigint generated by default as identity, CREATED_DATE date, DESCRIPTION varchar(1000), LAST_UPDATED date, NAME varchar(1000), PUBLIC_ID varchar(255), primary key (IDENTIFIER));
create table DYEXTN_ABSTR_CONTAIN_CTR (IDENTIFIER bigint not null, CONTAINER_ID bigint, primary key (IDENTIFIER));
create table DYEXTN_ASSOCIATION (IDENTIFIER bigint not null, IS_COLLECTION smallint, DIRECTION varchar(255), TARGET_ENTITY_ID bigint, SOURCE_ROLE_ID bigint, TARGET_ROLE_ID bigint, IS_SYSTEM_GENERATED smallint, primary key (IDENTIFIER));
create table DYEXTN_ASSO_DISPLAY_ATTR (IDENTIFIER bigint generated by default as identity, SEQUENCE_NUMBER integer, DISPLAY_ATTRIBUTE_ID bigint, SELECT_CONTROL_ID bigint, primary key (IDENTIFIER));
create table DYEXTN_ATTRIBUTE (IDENTIFIER bigint not null, ENTIY_ID bigint, primary key (IDENTIFIER));
create table DYEXTN_ATTRIBUTE_RECORD (IDENTIFIER bigint generated by default as identity, ENTITY_ID bigint, ATTRIBUTE_ID bigint, RECORD_ID bigint, primary key (IDENTIFIER));
create table DYEXTN_ATTRIBUTE_TYPE_INFO (IDENTIFIER bigint generated by default as identity, PRIMITIVE_ATTRIBUTE_ID bigint, primary key (IDENTIFIER));
create table DYEXTN_BARR_CONCEPT_VALUE (IDENTIFIER bigint not null, primary key (IDENTIFIER));
create table DYEXTN_BASE_ABSTRACT_ATTRIBUTE (IDENTIFIER bigint not null, primary key (IDENTIFIER));
create table DYEXTN_BOOLEAN_CONCEPT_VALUE (IDENTIFIER bigint not null, VALUE smallint, primary key (IDENTIFIER));
create table DYEXTN_BOOLEAN_TYPE_INFO (IDENTIFIER bigint not null, primary key (IDENTIFIER));
create table DYEXTN_BYTE_ARRAY_TYPE_INFO (IDENTIFIER bigint not null, CONTENT_TYPE varchar(255), primary key (IDENTIFIER));
create table DYEXTN_CADSRDE (IDENTIFIER bigint not null, PUBLIC_ID varchar(255), primary key (IDENTIFIER));
create table DYEXTN_CADSR_VALUE_DOMAIN_INFO (IDENTIFIER bigint generated by default as identity, DATATYPE varchar(255), NAME varchar(255), TYPE varchar(255), PRIMITIVE_ATTRIBUTE_ID bigint, primary key (IDENTIFIER));
create table DYEXTN_CATEGORY (IDENTIFIER bigint not null, ROOT_CATEGORY_ELEMENT bigint, CATEGORY_ENTITY_ID bigint, primary key (IDENTIFIER));
create table DYEXTN_CATEGORY_ASSOCIATION (IDENTIFIER bigint not null, CATEGORY_ENTIY_ID bigint, CATEGORY_ENTITY_ID bigint, primary key (IDENTIFIER));
create table DYEXTN_CATEGORY_ATTRIBUTE (IDENTIFIER bigint not null, ABSTRACT_ATTRIBUTE_ID bigint, CATEGORY_ENTIY_ID bigint, IS_VISIBLE smallint, IS_RELATTRIBUTE smallint, CATEGORY_ENTITY_ID bigint, primary key (IDENTIFIER));
create table DYEXTN_CATEGORY_ENTITY (IDENTIFIER bigint not null, NUMBER_OF_ENTRIES integer, ENTITY_ID bigint, OWN_PARENT_CATEGORY_ENTITY_ID bigint, TREE_PARENT_CATEGORY_ENTITY_ID bigint, IS_CREATETABLE smallint, REL_ATTR_CAT_ENTITY_ID bigint, CATEGORY_ASSOCIATION_ID bigint, PARENT_CATEGORY_ENTITY_ID bigint, primary key (IDENTIFIER));
create table DYEXTN_CAT_ASSO_CTL (IDENTIFIER bigint not null, primary key (IDENTIFIER));
create table DYEXTN_CHECK_BOX (IDENTIFIER bigint not null, primary key (IDENTIFIER));
create table DYEXTN_COLUMN_PROPERTIES (IDENTIFIER bigint not null, PRIMITIVE_ATTRIBUTE_ID bigint, CATEGORY_ATTRIBUTE_ID bigint, CNSTR_KEY_PROP_ID bigint, primary key (IDENTIFIER));
create table DYEXTN_COMBOBOX (IDENTIFIER bigint not null, primary key (IDENTIFIER));
create table DYEXTN_CONSTRAINTKEY_PROP (IDENTIFIER bigint generated by default as identity, PRIMARY_ATTRIBUTE_ID bigint, SRC_CONSTRAINT_KEY_ID bigint, TGT_CONSTRAINT_KEY_ID bigint, primary key (IDENTIFIER));
create table DYEXTN_CONSTRAINT_PROPERTIES (IDENTIFIER bigint not null, CONSTRAINT_NAME varchar(255), ASSOCIATION_ID bigint, CATEGORY_ASSOCIATION_ID bigint, ABSTRACT_ENTITY_ID bigint, primary key (IDENTIFIER));
create table DYEXTN_CONTAINER (IDENTIFIER bigint generated by default as identity, BUTTON_CSS varchar(255), CAPTION varchar(800), ABSTRACT_ENTITY_ID bigint, MAIN_TABLE_CSS varchar(255), REQUIRED_FIELD_INDICATOR varchar(255), REQUIRED_FIELD_WARNING_MESSAGE varchar(255), TITLE_CSS varchar(255), BASE_CONTAINER_ID bigint, ADD_CAPTION smallint, ENTITY_GROUP_ID bigint, VIEW_ID bigint, primary key (IDENTIFIER));
create table DYEXTN_CONTAINMENT_CONTROL (IDENTIFIER bigint not null, primary key (IDENTIFIER));
create table DYEXTN_CONTROL (IDENTIFIER bigint generated by default as identity, CAPTION varchar(800), CSS_CLASS varchar(255), HIDDEN smallint, NAME varchar(255), SEQUENCE_NUMBER integer, TOOLTIP varchar(255), CONTAINER_ID bigint, BASE_ABST_ATR_ID bigint, READ_ONLY smallint, primary key (IDENTIFIER));
create table DYEXTN_DATABASE_PROPERTIES (IDENTIFIER bigint generated by default as identity, NAME varchar(255), primary key (IDENTIFIER));
create table DYEXTN_DATA_ELEMENT (IDENTIFIER bigint generated by default as identity, CATEGORY_ATTRIBUTE_ID bigint, ATTRIBUTE_TYPE_INFO_ID bigint, primary key (IDENTIFIER));
create table DYEXTN_DATA_GRID (IDENTIFIER bigint not null, primary key (IDENTIFIER));
create table DYEXTN_DATEPICKER (IDENTIFIER bigint not null, DATE_VALUE_TYPE varchar(255), primary key (IDENTIFIER));
create table DYEXTN_DATE_CONCEPT_VALUE (IDENTIFIER bigint not null, VALUE timestamp, primary key (IDENTIFIER));
create table DYEXTN_DATE_TYPE_INFO (IDENTIFIER bigint not null, FORMAT varchar(255), primary key (IDENTIFIER));
create table DYEXTN_DOUBLE_CONCEPT_VALUE (IDENTIFIER bigint not null, VALUE double, primary key (IDENTIFIER));
create table DYEXTN_DOUBLE_TYPE_INFO (IDENTIFIER bigint not null, primary key (IDENTIFIER));
create table DYEXTN_ENTITY (IDENTIFIER bigint not null, DATA_TABLE_STATE integer, ENTITY_GROUP_ID bigint, IS_ABSTRACT smallint, PARENT_ENTITY_ID bigint, INHERITANCE_STRATEGY integer, DISCRIMINATOR_COLUMN_NAME varchar(255), DISCRIMINATOR_VALUE varchar(255), primary key (IDENTIFIER));
create table DYEXTN_ENTITY_GROUP (IDENTIFIER bigint not null, LONG_NAME varchar(255), SHORT_NAME varchar(255), VERSION varchar(255), IS_SYSTEM_GENERATED smallint, primary key (IDENTIFIER));
create table DYEXTN_ENTITY_MAP (IDENTIFIER bigint generated by default as identity, CONTAINER_ID bigint, STATUS varchar(10), STATIC_ENTITY_ID bigint, CREATED_DATE date, CREATED_BY varchar(255), primary key (IDENTIFIER));
create table DYEXTN_ENTITY_MAP_CONDNS (IDENTIFIER bigint generated by default as identity, STATIC_RECORD_ID bigint, TYPE_ID bigint, FORM_CONTEXT_ID bigint, primary key (IDENTIFIER));
create table DYEXTN_ENTITY_MAP_RECORD (IDENTIFIER bigint generated by default as identity, FORM_CONTEXT_ID bigint, STATIC_ENTITY_RECORD_ID bigint, STATUS varchar(10), DYNAMIC_ENTITY_RECORD_ID bigint, MODIFIED_DATE date, CREATED_DATE date, CREATED_BY varchar(255), primary key (IDENTIFIER));
create table DYEXTN_FILE_EXTENSIONS (IDENTIFIER bigint generated by default as identity, FILE_EXTENSION varchar(255), ATTRIBUTE_ID bigint, primary key (IDENTIFIER));
create table DYEXTN_FILE_TYPE_INFO (IDENTIFIER bigint not null, MAX_FILE_SIZE float, primary key (IDENTIFIER));
create table DYEXTN_FILE_UPLOAD (IDENTIFIER bigint not null, NO_OF_COLUMNS integer, primary key (IDENTIFIER));
create table DYEXTN_FLOAT_CONCEPT_VALUE (IDENTIFIER bigint not null, VALUE float, primary key (IDENTIFIER));
create table DYEXTN_FLOAT_TYPE_INFO (IDENTIFIER bigint not null, primary key (IDENTIFIER));
create table DYEXTN_FORM_CONTEXT (IDENTIFIER bigint generated by default as identity, IS_INFINITE_ENTRY smallint, ENTITY_MAP_ID bigint, STUDY_FORM_LABEL varchar(255), NO_OF_ENTRIES integer, primary key (IDENTIFIER));
create table DYEXTN_INTEGER_CONCEPT_VALUE (IDENTIFIER bigint not null, VALUE integer, primary key (IDENTIFIER));
create table DYEXTN_INTEGER_TYPE_INFO (IDENTIFIER bigint not null, primary key (IDENTIFIER));
create table DYEXTN_LIST_BOX (IDENTIFIER bigint not null, NO_OF_ROWS integer, MULTISELECT smallint, primary key (IDENTIFIER));
create table DYEXTN_LONG_CONCEPT_VALUE (IDENTIFIER bigint not null, VALUE bigint, primary key (IDENTIFIER));
create table DYEXTN_LONG_TYPE_INFO (IDENTIFIER bigint not null, primary key (IDENTIFIER));
create table DYEXTN_NUMERIC_TYPE_INFO (IDENTIFIER bigint not null, MEASUREMENT_UNITS varchar(255), DECIMAL_PLACES integer, NO_DIGITS integer, primary key (IDENTIFIER));
create table DYEXTN_OBJECT_TYPE_INFO (IDENTIFIER bigint not null, primary key (IDENTIFIER));
create table DYEXTN_PATH (IDENTIFIER bigint generated by default as identity, CATEGORY_ENTITY_ID bigint, primary key (IDENTIFIER));
create table DYEXTN_PATH_ASSO_REL (IDENTIFIER bigint generated by default as identity, PATH_ID bigint, ASSOCIATION_ID bigint, PATH_SEQUENCE_NUMBER integer, SRC_INSTANCE_ID bigint, TGT_INSTANCE_ID bigint, primary key (IDENTIFIER));
create table DYEXTN_PERMISSIBLE_VALUE (IDENTIFIER bigint generated by default as identity, DESCRIPTION varchar(255), CATEGORY_ATTRIBUTE_ID bigint, ATTRIBUTE_TYPE_INFO_ID bigint, primary key (IDENTIFIER));
create table DYEXTN_PRIMITIVE_ATTRIBUTE (IDENTIFIER bigint not null, IS_IDENTIFIED smallint, IS_PRIMARY_KEY smallint, IS_NULLABLE smallint, primary key (IDENTIFIER));
create table DYEXTN_RADIOBUTTON (IDENTIFIER bigint not null, primary key (IDENTIFIER));
create table DYEXTN_ROLE (IDENTIFIER bigint generated by default as identity, ASSOCIATION_TYPE varchar(255), MAX_CARDINALITY integer, MIN_CARDINALITY integer, NAME varchar(255), primary key (IDENTIFIER));
create table DYEXTN_RULE (IDENTIFIER bigint generated by default as identity, NAME varchar(255), IS_IMPLICIT smallint, ATTRIBUTE_ID bigint, CATEGORY_ATTR_ID bigint, primary key (IDENTIFIER));
create table DYEXTN_RULE_PARAMETER (IDENTIFIER bigint generated by default as identity, NAME varchar(255), VALUE varchar(255), RULE_ID bigint, primary key (IDENTIFIER));
create table DYEXTN_SELECT_CONTROL (IDENTIFIER bigint not null, SEPARATOR_STRING varchar(255), primary key (IDENTIFIER));
create table DYEXTN_SEMANTIC_PROPERTY (IDENTIFIER bigint generated by default as identity, CONCEPT_CODE varchar(255), TERM varchar(255), THESAURAS_NAME varchar(255), SEQUENCE_NUMBER integer, CONCEPT_DEFINITION varchar(255), ABSTRACT_METADATA_ID bigint, ABSTRACT_VALUE_ID bigint, primary key (IDENTIFIER));
create table DYEXTN_SHORT_CONCEPT_VALUE (IDENTIFIER bigint not null, VALUE smallint, primary key (IDENTIFIER));
create table DYEXTN_SHORT_TYPE_INFO (IDENTIFIER bigint not null, primary key (IDENTIFIER));
create table DYEXTN_SQL_AUDIT (IDENTIFIER bigint generated by default as identity, AUDIT_DATE date, QUERY_EXECUTED varchar(4000), USER_ID bigint, primary key (IDENTIFIER));
create table DYEXTN_STRING_CONCEPT_VALUE (IDENTIFIER bigint not null, VALUE varchar(255), primary key (IDENTIFIER));
create table DYEXTN_STRING_TYPE_INFO (IDENTIFIER bigint not null, MAX_SIZE integer, primary key (IDENTIFIER));
create table DYEXTN_TABLE_PROPERTIES (IDENTIFIER bigint not null, ABSTRACT_ENTITY_ID bigint, primary key (IDENTIFIER));
create table DYEXTN_TAGGED_VALUE (IDENTIFIER bigint generated by default as identity, T_KEY varchar(255), T_VALUE varchar(255), ABSTRACT_METADATA_ID bigint, primary key (IDENTIFIER));
create table DYEXTN_TEXTAREA (IDENTIFIER bigint not null, TEXTAREA_COLUMNS integer, TEXTAREA_ROWS integer, primary key (IDENTIFIER));
create table DYEXTN_TEXTFIELD (IDENTIFIER bigint not null, NO_OF_COLUMNS integer, IS_PASSWORD smallint, IS_URL smallint, primary key (IDENTIFIER));
create table DYEXTN_USERDEFINED_DE (IDENTIFIER bigint not null, primary key (IDENTIFIER));
create table DYEXTN_USERDEF_DE_VALUE_REL (USER_DEF_DE_ID bigint not null, PERMISSIBLE_VALUE_ID bigint not null, primary key (USER_DEF_DE_ID, PERMISSIBLE_VALUE_ID));
create table DYEXTN_VIEW (IDENTIFIER bigint generated by default as identity, NAME varchar(255), primary key (IDENTIFIER));
create table DYEXT_ENTIY_COMPOSITE_KEY_REL (ENTITY_ID bigint not null, ATTRIBUTE_ID bigint not null, INSERTION_ORDER integer not null, primary key (ENTITY_ID, INSERTION_ORDER));
create table dyextn_id_generator (id bigint not null, next_available_id bigint, primary key (id));

/* metedata loading sttarts*/


/*Data for the table  association  */

insert into  association  ( ASSOCIATION_ID , ASSOCIATION_TYPE ) values (1,2),(2,2),(3,2),(4,2),(5,2),(6,2),(7,2),(8,2),(9,2),(10,2),(11,2),(12,2),(13,2),(14,2),(15,2),(16,2),(17,2),(18,2),(19,2),(20,2),(21,2),(22,2),(23,2),(24,2),(25,2),(26,2),(27,2),(28,2),(29,2),(30,2),(31,2),(32,2),(33,2),(34,2),(35,2),(36,2),(37,2),(38,2),(39,2),(40,2),(41,2),(42,2),(43,2),(44,2),(45,2),(46,2),(47,2),(48,2),(49,2),(50,2),(51,2),(52,2),(53,2),(54,2),(55,2),(56,2),(57,2),(58,2),(59,2),(60,2),(61,2),(62,2),(63,2),(64,2),(65,2),(66,2),(67,2),(68,2),(69,2),(70,2),(71,2),(72,2),(73,2),(74,2),(75,2),(76,2),(77,2),(78,2),(79,2),(80,2),(81,2),(82,2),(83,2),(84,2),(85,2),(86,2),(87,2),(88,2),(89,2),(90,2),(91,2),(92,2),(93,2);


insert into  dyext_entiy_composite_key_rel  ( ENTITY_ID , ATTRIBUTE_ID , INSERTION_ORDER ) values (6,7,0),(30,31,0),(130,131,0),(353,354,0);

/*Data for the table  dyextn_abstr_contain_ctr  */

insert into  dyextn_abstr_contain_ctr  ( IDENTIFIER , CONTAINER_ID ) values (32,3),(77,23),(85,25),(89,26),(90,7),(91,24),(98,27),(102,28),(104,12),(105,14),(113,20),(114,22);

/*Data for the table  dyextn_abstract_entity  */

insert into  dyextn_abstract_entity  ( id ) values (2),(6),(10),(14),(16),(25),(30),(32),(33),(36),(37),(43),(48),(53),(58),(67),(93),(98),(103),(108),(115),(121),(130),(132),(135),(140),(145),(150),(155),(156),(174),(180),(188),(194),(196),(201),(229),(234),(239),(240),(245),(255),(260),(265),(270),(276),(283),(284),(289),(294),(299),(304),(317),(322),(326),(327),(332),(337),(347),(353),(355),(362),(374),(376),(377),(378),(390),(395),(405),(419),(420),(421),(422),(425),(429),(433);

/*Data for the table  dyextn_abstract_metadata  */

insert into  dyextn_abstract_metadata  ( IDENTIFIER , CREATED_DATE , DESCRIPTION , LAST_UPDATED , NAME , PUBLIC_ID ) values (1,NULL,'cider',NULL,'cider',NULL),(2,'2009-01-19','cider-PatientLocation','2009-01-19','PatientLocation',NULL),(3,NULL,NULL,NULL,'room',NULL),(4,NULL,NULL,NULL,'location',NULL),(5,NULL,NULL,NULL,'bed',NULL),(6,'2009-01-19','cider-MedicalEntityDictionary','2009-01-19','MedicalEntityDictionary',NULL),(7,NULL,NULL,NULL,'id',NULL),(8,NULL,NULL,NULL,'shortName',NULL),(9,NULL,NULL,NULL,'name',NULL),(10,'2009-01-19','cider-FrequencyWithModifier','2009-01-19','FrequencyWithModifier',NULL),(11,NULL,NULL,NULL,'id',NULL),(12,NULL,NULL,NULL,'name',NULL),(13,NULL,NULL,NULL,'shortName',NULL),(14,'2009-01-19','cider-Provider','2009-01-19','Provider',NULL),(15,NULL,NULL,NULL,'AssociationName_4',NULL),(16,'2009-01-19','cider-PersonName','2009-01-19','PersonName',NULL),(17,NULL,NULL,NULL,'suffix',NULL),(18,NULL,NULL,NULL,'prefix',NULL),(19,NULL,NULL,NULL,'middleName',NULL),(20,NULL,NULL,NULL,'lastNameCompressed',NULL),(21,NULL,NULL,NULL,'lastName',NULL),(22,NULL,NULL,NULL,'firstName',NULL),(23,NULL,NULL,NULL,'degree',NULL),(24,NULL,NULL,NULL,'AssociationName_3',NULL),(25,'2009-01-19','cider-ProviderType','2009-01-19','ProviderType',NULL),(26,NULL,NULL,NULL,'id',NULL),(27,NULL,NULL,NULL,'name',NULL),(28,NULL,NULL,NULL,'shortName',NULL),(29,NULL,NULL,NULL,'AssociationName_2',NULL),(30,'2009-01-19','cider-Person','2009-01-19','Person',NULL),(31,NULL,NULL,NULL,'personUpi',NULL),(32,'2009-01-19','cider-MedicationOrder','2009-01-19','MedicationOrder',NULL),(33,'2009-01-19','cider-MedicationOrderDetails','2009-01-19','MedicationOrderDetails',NULL),(34,NULL,NULL,NULL,'AssociationName_12',NULL),(35,NULL,NULL,NULL,'AssociationName_11',NULL),(36,'2009-01-19','cider-MedicationComponent','2009-01-19','MedicationComponent',NULL);
insert into  dyextn_abstract_metadata  ( IDENTIFIER , CREATED_DATE , DESCRIPTION , LAST_UPDATED , NAME , PUBLIC_ID ) values (37,'2009-01-19','cider-UnitsOfMeasure','2009-01-19','UnitsOfMeasure',NULL),(38,NULL,NULL,NULL,'id',NULL),(39,NULL,NULL,NULL,'name',NULL),(40,NULL,NULL,NULL,'shortName',NULL),(41,NULL,NULL,NULL,'AssociationName_6',NULL),(42,NULL,NULL,NULL,'AssociationName_5',NULL),(43,'2009-01-19','cider-MedicationForm','2009-01-19','MedicationForm',NULL),(44,NULL,NULL,NULL,'id',NULL),(45,NULL,NULL,NULL,'name',NULL),(46,NULL,NULL,NULL,'shortName',NULL),(47,NULL,NULL,NULL,'AssociationName_4',NULL),(48,'2009-01-19','cider-MedicationIngredient','2009-01-19','MedicationIngredient',NULL),(49,NULL,NULL,NULL,'id',NULL),(50,NULL,NULL,NULL,'name',NULL),(51,NULL,NULL,NULL,'shortName',NULL),(52,NULL,NULL,NULL,'AssociationName_3',NULL),(53,'2009-01-19','cider-MedicationComponentType','2009-01-19','MedicationComponentType',NULL),(54,NULL,NULL,NULL,'id',NULL),(55,NULL,NULL,NULL,'name',NULL),(56,NULL,NULL,NULL,'shortName',NULL),(57,NULL,NULL,NULL,'AssociationName_2',NULL),(58,'2009-01-19','cider-MedicationRoute','2009-01-19','MedicationRoute',NULL),(59,NULL,NULL,NULL,'id',NULL),(60,NULL,NULL,NULL,'name',NULL),(61,NULL,NULL,NULL,'shortName',NULL),(62,NULL,NULL,NULL,'AssociationName_1',NULL),(63,NULL,NULL,NULL,'strength',NULL),(64,NULL,NULL,NULL,'quantity',NULL),(65,NULL,NULL,NULL,'medicationText',NULL),(66,NULL,NULL,NULL,'AssociationName_10',NULL),(67,'2009-01-19','cider-Status','2009-01-19','Status',NULL),(68,NULL,NULL,NULL,'id',NULL),(69,NULL,NULL,NULL,'name',NULL),(70,NULL,NULL,NULL,'shortName',NULL),(71,NULL,NULL,NULL,'AssociationName_9',NULL),(72,NULL,NULL,NULL,'quantity',NULL),(73,NULL,NULL,NULL,'orderStartDateTime',NULL),(74,NULL,NULL,NULL,'orderEndDateTime',NULL),(75,NULL,NULL,NULL,'numberOfRefills',NULL),(76,NULL,NULL,NULL,'lastRefillDateTime',NULL),(77,NULL,NULL,NULL,'infusionHangDuration',NULL),(78,NULL,NULL,NULL,'infusionDuration',NULL),(79,NULL,NULL,NULL,'infusionAmount',NULL),(80,NULL,NULL,NULL,'groupOrderNumber',NULL),(81,NULL,NULL,NULL,'explicitInterval',NULL),(82,NULL,NULL,NULL,'effectiveStartTimeStamp',NULL),(83,NULL,NULL,NULL,'effectiveEndTimeStamp',NULL),(84,NULL,NULL,NULL,'duration',NULL);
insert into  dyextn_abstract_metadata  ( IDENTIFIER , CREATED_DATE , DESCRIPTION , LAST_UPDATED , NAME , PUBLIC_ID ) values (85,NULL,NULL,NULL,'quantityMaximum',NULL),(86,NULL,NULL,NULL,'quantityMinimum',NULL),(87,NULL,NULL,NULL,'specialDispensingInstructions',NULL),(88,NULL,NULL,NULL,'strength',NULL),(89,NULL,NULL,NULL,'AssociationName_1',NULL),(90,NULL,NULL,NULL,'AssociationName_2',NULL),(91,NULL,NULL,NULL,'AssociationName_3',NULL),(92,NULL,NULL,NULL,'AssociationName_4',NULL),(93,'2009-01-19','cider-SubstitutionStatus','2009-01-19','SubstitutionStatus',NULL),(94,NULL,NULL,NULL,'id',NULL),(95,NULL,NULL,NULL,'name',NULL),(96,NULL,NULL,NULL,'shortName',NULL),(97,NULL,NULL,NULL,'AssociationName_5',NULL),(98,'2009-01-19','cider-Frequency','2009-01-19','Frequency',NULL),(99,NULL,NULL,NULL,'id',NULL),(100,NULL,NULL,NULL,'name',NULL),(101,NULL,NULL,NULL,'shortName',NULL),(102,NULL,NULL,NULL,'AssociationName_6',NULL),(103,'2009-01-19','cider-FrequencyModifier','2009-01-19','FrequencyModifier',NULL),(104,NULL,NULL,NULL,'id',NULL),(105,NULL,NULL,NULL,'name',NULL),(106,NULL,NULL,NULL,'shortName',NULL),(107,NULL,NULL,NULL,'AssociationName_7',NULL),(108,'2009-01-19','cider-Application','2009-01-19','Application',NULL),(109,NULL,NULL,NULL,'id',NULL),(110,NULL,NULL,NULL,'name',NULL),(111,NULL,NULL,NULL,'shortName',NULL),(112,NULL,NULL,NULL,'AssociationName_8',NULL),(113,NULL,NULL,NULL,'AssociationName_4',NULL),(114,NULL,NULL,NULL,'AssociationName_3',NULL),(115,'2009-01-19','cider-Facility','2009-01-19','Facility',NULL),(116,NULL,NULL,NULL,'id',NULL),(117,NULL,NULL,NULL,'name',NULL),(118,NULL,NULL,NULL,'shortName',NULL),(119,NULL,NULL,NULL,'initials',NULL),(120,NULL,NULL,NULL,'AssociationName_2',NULL),(121,'2009-01-19','cider-Medication','2009-01-19','Medication',NULL),(122,NULL,NULL,NULL,'id',NULL),(123,NULL,NULL,NULL,'name',NULL),(124,NULL,NULL,NULL,'shortName',NULL),(125,NULL,NULL,NULL,'AssociationName_1',NULL),(126,NULL,NULL,NULL,'patientAccountNumber',NULL),(127,NULL,NULL,NULL,'orderNumber',NULL),(128,NULL,NULL,NULL,'medicationSynonym',NULL),(129,NULL,NULL,NULL,'AssociationName_4',NULL);
insert into  dyextn_abstract_metadata  ( IDENTIFIER , CREATED_DATE , DESCRIPTION , LAST_UPDATED , NAME , PUBLIC_ID ) values (130,'2009-01-19','cider-Encounter','2009-01-19','Encounter',NULL),(131,NULL,NULL,NULL,'patientAccountNumber',NULL),(132,'2009-01-19','cider-EncounterDetails','2009-01-19','EncounterDetails',NULL),(133,NULL,NULL,NULL,'AssociationName_30',NULL),(134,NULL,NULL,NULL,'AssociationName_29',NULL),(135,'2009-01-19','cider-VipIndicator','2009-01-19','VipIndicator',NULL),(136,NULL,NULL,NULL,'id',NULL),(137,NULL,NULL,NULL,'name',NULL),(138,NULL,NULL,NULL,'shortName',NULL),(139,NULL,NULL,NULL,'AssociationName_28',NULL),(140,'2009-01-19','cider-DiagnosticRelatedGroup','2009-01-19','DiagnosticRelatedGroup',NULL),(141,NULL,NULL,NULL,'id',NULL),(142,NULL,NULL,NULL,'name',NULL),(143,NULL,NULL,NULL,'shortName',NULL),(144,NULL,NULL,NULL,'AssociationName_27',NULL),(145,'2009-01-19','cider-FacilityDischargeDisposition','2009-01-19','FacilityDischargeDisposition',NULL),(146,NULL,NULL,NULL,'id',NULL),(147,NULL,NULL,NULL,'name',NULL),(148,NULL,NULL,NULL,'shortName',NULL),(149,NULL,NULL,NULL,'AssociationName_26',NULL),(150,'2009-01-19','cider-FinancialClass','2009-01-19','FinancialClass',NULL),(151,NULL,NULL,NULL,'id',NULL),(152,NULL,NULL,NULL,'name',NULL),(153,NULL,NULL,NULL,'shortName',NULL),(154,NULL,NULL,NULL,'AssociationName_25',NULL),(155,'2009-01-19','cider-Insurance','2009-01-19','Insurance',NULL),(156,'2009-01-19','cider-RelationToPerson','2009-01-19','RelationToPerson',NULL),(157,NULL,NULL,NULL,'id',NULL),(158,NULL,NULL,NULL,'name',NULL),(159,NULL,NULL,NULL,'shortName',NULL),(160,NULL,NULL,NULL,'AssociationName_4',NULL),(161,NULL,NULL,NULL,'AssociationName_3',NULL),(162,NULL,NULL,NULL,'companyId',NULL),(163,NULL,NULL,NULL,'groupName',NULL),(164,NULL,NULL,NULL,'groupNumber',NULL),(165,NULL,NULL,NULL,'insuredGroupEmpId',NULL),(166,NULL,NULL,NULL,'insuredGroupEmpName',NULL),(167,NULL,NULL,NULL,'planEffectiveDate',NULL),(168,NULL,NULL,NULL,'planExpirationDate',NULL),(169,NULL,NULL,NULL,'planId',NULL);
insert into  dyextn_abstract_metadata  ( IDENTIFIER , CREATED_DATE , DESCRIPTION , LAST_UPDATED , NAME , PUBLIC_ID ) values (170,NULL,NULL,NULL,'policyNumber',NULL),(171,NULL,NULL,NULL,'preAdmitCert',NULL),(172,NULL,NULL,NULL,'sequence',NULL),(173,NULL,NULL,NULL,'AssociationName_1',NULL),(174,'2009-01-19','cider-InsurancePlanType','2009-01-19','InsurancePlanType',NULL),(175,NULL,NULL,NULL,'id',NULL),(176,NULL,NULL,NULL,'name',NULL),(177,NULL,NULL,NULL,'shortName',NULL),(178,NULL,NULL,NULL,'AssociationName_2',NULL),(179,NULL,NULL,NULL,'AssociationName_24',NULL),(180,'2009-01-19','cider-ClinicalTrial','2009-01-19','ClinicalTrial',NULL),(181,NULL,NULL,NULL,'AssociationName_1',NULL),(182,NULL,NULL,NULL,'trialId',NULL),(183,NULL,NULL,NULL,'trailName',NULL),(184,NULL,NULL,NULL,'startTimeStamp',NULL),(185,NULL,NULL,NULL,'protocolId',NULL),(186,NULL,NULL,NULL,'endTimeStamp',NULL),(187,NULL,NULL,NULL,'AssociationName_23',NULL),(188,'2009-01-19','cider-Service','2009-01-19','Service',NULL),(189,NULL,NULL,NULL,'id',NULL),(190,NULL,NULL,NULL,'name',NULL),(191,NULL,NULL,NULL,'shortName',NULL),(192,NULL,NULL,NULL,'AssociationName_22',NULL),(193,NULL,NULL,NULL,'AssociationName_21',NULL),(194,'2009-01-19','cider-Procedure','2009-01-19','Procedure',NULL),(195,NULL,NULL,NULL,'AssociationName_5',NULL),(196,'2009-01-19','cider-ProcedureCode','2009-01-19','ProcedureCode',NULL),(197,NULL,NULL,NULL,'id',NULL),(198,NULL,NULL,NULL,'name',NULL),(199,NULL,NULL,NULL,'shortName',NULL),(200,NULL,NULL,NULL,'AssociationName_4',NULL),(201,'2009-01-19','cider-ProcedureCodingMethod','2009-01-19','ProcedureCodingMethod',NULL),(202,NULL,NULL,NULL,'id',NULL),(203,NULL,NULL,NULL,'name',NULL),(204,NULL,NULL,NULL,'shortName',NULL),(205,NULL,NULL,NULL,'AssociationName_3',NULL),(206,NULL,NULL,NULL,'AssociationName_2',NULL),(207,NULL,NULL,NULL,'AssociationName_1',NULL),(208,NULL,NULL,NULL,'sequence',NULL),(209,NULL,NULL,NULL,'date',NULL),(210,NULL,NULL,NULL,'AssociationName_20',NULL),(211,NULL,NULL,NULL,'AssociationName_7',NULL),(212,NULL,NULL,NULL,'AssociationName_6',NULL),(213,NULL,NULL,NULL,'AssociationName_5',NULL);
insert into  dyextn_abstract_metadata  ( IDENTIFIER , CREATED_DATE , DESCRIPTION , LAST_UPDATED , NAME , PUBLIC_ID ) values (214,NULL,NULL,NULL,'AssociationName_4',NULL),(215,NULL,NULL,NULL,'AssociationName_3',NULL),(216,NULL,NULL,NULL,'AssociationName_2',NULL),(217,NULL,NULL,NULL,'AssociationName_1',NULL),(218,NULL,NULL,NULL,'teachingTeam',NULL),(219,NULL,NULL,NULL,'registrationTimeStamp',NULL),(220,NULL,NULL,NULL,'effectingStartTimeStamp',NULL),(221,NULL,NULL,NULL,'effectingEndTimeStamp',NULL),(222,NULL,NULL,NULL,'dischargeTimeStamp',NULL),(223,NULL,NULL,NULL,'ageAtEncounter',NULL),(224,NULL,NULL,NULL,'AssociationName_8',NULL),(225,NULL,NULL,NULL,'AssociationName_9',NULL),(226,NULL,NULL,NULL,'AssociationName_10',NULL),(227,NULL,NULL,NULL,'AssociationName_11',NULL),(228,NULL,NULL,NULL,'AssociationName_12',NULL),(229,'2009-01-19','cider-PatientClass','2009-01-19','PatientClass',NULL),(230,NULL,NULL,NULL,'id',NULL),(231,NULL,NULL,NULL,'name',NULL),(232,NULL,NULL,NULL,'shortName',NULL),(233,NULL,NULL,NULL,'AssociationName_13',NULL),(234,'2009-01-19','cider-PatientType','2009-01-19','PatientType',NULL),(235,NULL,NULL,NULL,'id',NULL),(236,NULL,NULL,NULL,'name',NULL),(237,NULL,NULL,NULL,'shortName',NULL),(238,NULL,NULL,NULL,'AssociationName_14',NULL),(239,'2009-01-19','cider-Diagnosis','2009-01-19','Diagnosis',NULL),(240,'2009-01-19','cider-DiagnosisType','2009-01-19','DiagnosisType',NULL),(241,NULL,NULL,NULL,'id',NULL),(242,NULL,NULL,NULL,'name',NULL),(243,NULL,NULL,NULL,'shortName',NULL),(244,NULL,NULL,NULL,'AssociationName_4',NULL),(245,'2009-01-19','cider-DiagnosisCode','2009-01-19','DiagnosisCode',NULL),(246,NULL,NULL,NULL,'id',NULL),(247,NULL,NULL,NULL,'name',NULL),(248,NULL,NULL,NULL,'shortName',NULL),(249,NULL,NULL,NULL,'AssociationName_3',NULL),(250,NULL,NULL,NULL,'AssociationName_2',NULL),(251,NULL,NULL,NULL,'AssociationName_1',NULL),(252,NULL,NULL,NULL,'sequence',NULL),(253,NULL,NULL,NULL,'description',NULL),(254,NULL,NULL,NULL,'AssociationName_15',NULL),(255,'2009-01-19','cider-OptOutIndicator','2009-01-19','OptOutIndicator',NULL);
insert into  dyextn_abstract_metadata  ( IDENTIFIER , CREATED_DATE , DESCRIPTION , LAST_UPDATED , NAME , PUBLIC_ID ) values (256,NULL,NULL,NULL,'id',NULL),(257,NULL,NULL,NULL,'name',NULL),(258,NULL,NULL,NULL,'shortName',NULL),(259,NULL,NULL,NULL,'AssociationName_16',NULL),(260,'2009-01-19','cider-DischargeDisposition','2009-01-19','DischargeDisposition',NULL),(261,NULL,NULL,NULL,'id',NULL),(262,NULL,NULL,NULL,'name',NULL),(263,NULL,NULL,NULL,'shortName',NULL),(264,NULL,NULL,NULL,'AssociationName_17',NULL),(265,'2009-01-19','cider-InfectionControlCode','2009-01-19','InfectionControlCode',NULL),(266,NULL,NULL,NULL,'id',NULL),(267,NULL,NULL,NULL,'name',NULL),(268,NULL,NULL,NULL,'shortName',NULL),(269,NULL,NULL,NULL,'AssociationName_18',NULL),(270,'2009-01-19','cider-HipaaNotified','2009-01-19','HipaaNotified',NULL),(271,NULL,NULL,NULL,'id',NULL),(272,NULL,NULL,NULL,'name',NULL),(273,NULL,NULL,NULL,'shortName',NULL),(274,NULL,NULL,NULL,'AssociationName_19',NULL),(275,NULL,NULL,NULL,'AssociationName_3',NULL),(276,'2009-01-19','cider-MedicalRecordNumber','2009-01-19','MedicalRecordNumber',NULL),(277,NULL,NULL,NULL,'AssociationName_1',NULL),(278,NULL,NULL,NULL,'value',NULL),(279,NULL,NULL,NULL,'type',NULL),(280,NULL,NULL,NULL,'AssociationName_2',NULL),(281,NULL,NULL,NULL,'AssociationName_1',NULL),(282,NULL,NULL,NULL,'AssociationName_3',NULL),(283,'2009-01-19','cider-Demographics','2009-01-19','Demographics',NULL),(284,'2009-01-19','cider-EthnicOrigin','2009-01-19','EthnicOrigin',NULL),(285,NULL,NULL,NULL,'id',NULL),(286,NULL,NULL,NULL,'name',NULL),(287,NULL,NULL,NULL,'shortName',NULL),(288,NULL,NULL,NULL,'AssociationName_11',NULL),(289,'2009-01-19','cider-Gender','2009-01-19','Gender',NULL),(290,NULL,NULL,NULL,'id',NULL),(291,NULL,NULL,NULL,'name',NULL),(292,NULL,NULL,NULL,'shortName',NULL),(293,NULL,NULL,NULL,'AssociationName_10',NULL),(294,'2009-01-19','cider-AdvancedDirectiveExists','2009-01-19','AdvancedDirectiveExists',NULL),(295,NULL,NULL,NULL,'id',NULL),(296,NULL,NULL,NULL,'name',NULL);
insert into  dyextn_abstract_metadata  ( IDENTIFIER , CREATED_DATE , DESCRIPTION , LAST_UPDATED , NAME , PUBLIC_ID ) values (297,NULL,NULL,NULL,'shortName',NULL),(298,NULL,NULL,NULL,'AssociationName_9',NULL),(299,'2009-01-19','cider-Religion','2009-01-19','Religion',NULL),(300,NULL,NULL,NULL,'id',NULL),(301,NULL,NULL,NULL,'name',NULL),(302,NULL,NULL,NULL,'shortName',NULL),(303,NULL,NULL,NULL,'AssociationName_8',NULL),(304,'2009-01-19','cider-Race','2009-01-19','Race',NULL),(305,NULL,NULL,NULL,'id',NULL),(306,NULL,NULL,NULL,'name',NULL),(307,NULL,NULL,NULL,'shortName',NULL),(308,NULL,NULL,NULL,'AssociationName_7',NULL),(309,NULL,NULL,NULL,'dateOfBirth',NULL),(310,NULL,NULL,NULL,'dateOfDeath',NULL),(311,NULL,NULL,NULL,'effectiveEndTimeStamp',NULL),(312,NULL,NULL,NULL,'effectiveStartTimeStamp',NULL),(313,NULL,NULL,NULL,'mothersMaidenName',NULL),(314,NULL,NULL,NULL,'placeOfBirth',NULL),(315,NULL,NULL,NULL,'socialSecurityNumber',NULL),(316,NULL,NULL,NULL,'AssociationName_1',NULL),(317,'2009-01-19','cider-AssociatedPerson','2009-01-19','AssociatedPerson',NULL),(318,NULL,NULL,NULL,'AssociationName_2',NULL),(319,NULL,NULL,NULL,'AssociationName_1',NULL),(320,NULL,NULL,NULL,'AssociationName_2',NULL),(321,NULL,NULL,NULL,'AssociationName_3',NULL),(322,'2009-01-19','cider-Phone','2009-01-19','Phone',NULL),(323,NULL,NULL,NULL,'type',NULL),(324,NULL,NULL,NULL,'number',NULL),(325,NULL,NULL,NULL,'AssociationName_4',NULL),(326,'2009-01-19','cider-Address','2009-01-19','Address',NULL),(327,'2009-01-19','cider-State','2009-01-19','State',NULL),(328,NULL,NULL,NULL,'id',NULL),(329,NULL,NULL,NULL,'name',NULL),(330,NULL,NULL,NULL,'shortName',NULL),(331,NULL,NULL,NULL,'AssociationName_3',NULL),(332,'2009-01-19','cider-AddressType','2009-01-19','AddressType',NULL),(333,NULL,NULL,NULL,'id',NULL),(334,NULL,NULL,NULL,'name',NULL),(335,NULL,NULL,NULL,'shortName',NULL),(336,NULL,NULL,NULL,'AssociationName_2',NULL),(337,'2009-01-19','cider-Country','2009-01-19','Country',NULL),(338,NULL,NULL,NULL,'id',NULL),(339,NULL,NULL,NULL,'name',NULL),(340,NULL,NULL,NULL,'shortName',NULL);
insert into  dyextn_abstract_metadata  ( IDENTIFIER , CREATED_DATE , DESCRIPTION , LAST_UPDATED , NAME , PUBLIC_ID ) values (341,NULL,NULL,NULL,'AssociationName_1',NULL),(342,NULL,NULL,NULL,'postalCode',NULL),(343,NULL,NULL,NULL,'line2',NULL),(344,NULL,NULL,NULL,'line1',NULL),(345,NULL,NULL,NULL,'city',NULL),(346,NULL,NULL,NULL,'AssociationName_5',NULL),(347,'2009-01-19','cider-MaritalStatus','2009-01-19','MaritalStatus',NULL),(348,NULL,NULL,NULL,'id',NULL),(349,NULL,NULL,NULL,'name',NULL),(350,NULL,NULL,NULL,'shortName',NULL),(351,NULL,NULL,NULL,'AssociationName_6',NULL),(352,NULL,NULL,NULL,'AssociationName_2',NULL),(353,'2009-01-19','cider-LaboratoryProcedure','2009-01-19','LaboratoryProcedure',NULL),(354,NULL,NULL,NULL,'accessionNumber',NULL),(355,'2009-01-19','cider-LaboratoryProcedureType','2009-01-19','LaboratoryProcedureType',NULL),(356,NULL,NULL,NULL,'id',NULL),(357,NULL,NULL,NULL,'name',NULL),(358,NULL,NULL,NULL,'shortName',NULL),(359,NULL,NULL,NULL,'AssociationName_4',NULL),(360,NULL,NULL,NULL,'AssociationName_3',NULL),(361,NULL,NULL,NULL,'AssociationName_2',NULL),(362,'2009-01-19','cider-LaboratoryProcedureDetails','2009-01-19','LaboratoryProcedureDetails',NULL),(363,NULL,NULL,NULL,'AssociationName_7',NULL),(364,NULL,NULL,NULL,'ageAtProcedure',NULL),(365,NULL,NULL,NULL,'collectionTimestamp',NULL),(366,NULL,NULL,NULL,'effectiveEndTimeStamp',NULL),(367,NULL,NULL,NULL,'effectiveStartTimeStamp',NULL),(368,NULL,NULL,NULL,'lastResultTimestamp',NULL),(369,NULL,NULL,NULL,'procedureComment',NULL),(370,NULL,NULL,NULL,'receivedTimestamp',NULL),(371,NULL,NULL,NULL,'AssociationName_1',NULL),(372,NULL,NULL,NULL,'AssociationName_2',NULL),(373,NULL,NULL,NULL,'AssociationName_3',NULL),(374,'2009-01-19','cider-LaboratoryResult','2009-01-19','LaboratoryResult',NULL),(375,NULL,NULL,NULL,'AssociationName_4',NULL),(376,'2009-01-19','cider-ResultValue','2009-01-19','ResultValue',NULL);
insert into  dyextn_abstract_metadata  ( IDENTIFIER , CREATED_DATE , DESCRIPTION , LAST_UPDATED , NAME , PUBLIC_ID ) values (377,'2009-01-19','cider-Result','2009-01-19','Result',NULL),(378,'2009-01-19','cider-NormalRange','2009-01-19','NormalRange',NULL),(379,NULL,NULL,NULL,'value',NULL),(380,NULL,NULL,NULL,'low',NULL),(381,NULL,NULL,NULL,'high',NULL),(382,NULL,NULL,NULL,'AssociationName_2',NULL),(383,NULL,NULL,NULL,'AssociationName_1',NULL),(384,NULL,NULL,NULL,'value',NULL),(385,NULL,NULL,NULL,'low',NULL),(386,NULL,NULL,NULL,'high',NULL),(387,NULL,NULL,NULL,'AssociationName_2',NULL),(388,NULL,NULL,NULL,'AssociationName_1',NULL),(389,NULL,NULL,NULL,'AssociationName_3',NULL),(390,'2009-01-19','cider-AbnormalFlag','2009-01-19','AbnormalFlag',NULL),(391,NULL,NULL,NULL,'id',NULL),(392,NULL,NULL,NULL,'name',NULL),(393,NULL,NULL,NULL,'shortName',NULL),(394,NULL,NULL,NULL,'AssociationName_2',NULL),(395,'2009-01-19','cider-LaboratoryTestType','2009-01-19','LaboratoryTestType',NULL),(396,NULL,NULL,NULL,'id',NULL),(397,NULL,NULL,NULL,'name',NULL),(398,NULL,NULL,NULL,'shortName',NULL),(399,NULL,NULL,NULL,'standardUnitOfMeasure',NULL),(400,NULL,NULL,NULL,'AssociationName_1',NULL),(401,NULL,NULL,NULL,'testSynonym',NULL),(402,NULL,NULL,NULL,'resultTimeStamp',NULL),(403,NULL,NULL,NULL,'resultComments',NULL),(404,NULL,NULL,NULL,'AssociationName_4',NULL),(405,'2009-01-19','cider-SpecimenType','2009-01-19','SpecimenType',NULL),(406,NULL,NULL,NULL,'id',NULL),(407,NULL,NULL,NULL,'name',NULL),(408,NULL,NULL,NULL,'shortName',NULL),(409,NULL,NULL,NULL,'AssociationName_5',NULL),(410,NULL,NULL,NULL,'AssociationName_6',NULL),(411,NULL,NULL,NULL,'AssociationName_1',NULL),(412,NULL,NULL,NULL,'procedureSynonym',NULL),(413,NULL,NULL,NULL,'patientAccountNumber',NULL),(414,NULL,NULL,NULL,'AssociationName_1',NULL),(415,NULL,NULL,NULL,'researchOptOut',NULL),(416,NULL,NULL,NULL,'activeUpiFlag',NULL),(417,NULL,NULL,NULL,'AssociationName_1',NULL),(418,NULL,NULL,NULL,'facilityId',NULL),(419,'2009-01-19','cider-ActiveUpiFlag','2009-01-19','ActiveUpiFlag',NULL),(420,'2009-01-19','cider-PhoneType','2009-01-19','PhoneType',NULL);
insert into  dyextn_abstract_metadata  ( IDENTIFIER , CREATED_DATE , DESCRIPTION , LAST_UPDATED , NAME , PUBLIC_ID ) values (421,'2009-01-19','cider-MrnType','2009-01-19','MrnType',NULL),(422,'2009-01-19','cider-Units','2009-01-19','Units',NULL),(423,NULL,NULL,NULL,'sourceUnits',NULL),(424,NULL,NULL,NULL,'normalizedUnits',NULL),(425,'2009-01-19','cider-Icd9ProcedureCode','2009-01-19','Icd9ProcedureCode',NULL),(426,NULL,NULL,NULL,'id',NULL),(427,NULL,NULL,NULL,'name',NULL),(428,NULL,NULL,NULL,'shortName',NULL),(429,'2009-01-19','cider-CptProcedureCode','2009-01-19','CptProcedureCode',NULL),(430,NULL,NULL,NULL,'id',NULL),(431,NULL,NULL,NULL,'name',NULL),(432,NULL,NULL,NULL,'shortName',NULL),(433,'2009-01-19','cider-ResearchOptOut','2009-01-19','ResearchOptOut',NULL);

/*Data for the table  dyextn_asso_display_attr  */

/*Data for the table  dyextn_association  */

insert into  dyextn_association  ( IDENTIFIER , IS_COLLECTION , DIRECTION , TARGET_ENTITY_ID , SOURCE_ROLE_ID , TARGET_ROLE_ID , IS_SYSTEM_GENERATED ) values (15,0,'SRC_DESTINATION',6,1,2,0),(24,0,'SRC_DESTINATION',16,3,4,0),(29,0,'SRC_DESTINATION',25,5,6,0),(34,0,'SRC_DESTINATION',10,7,8,0),(35,0,'SRC_DESTINATION',14,9,10,0),(41,0,'SRC_DESTINATION',37,11,12,0),(42,0,'SRC_DESTINATION',37,13,14,0),(47,0,'SRC_DESTINATION',43,15,16,0),(52,0,'SRC_DESTINATION',48,17,18,0),(57,0,'SRC_DESTINATION',53,19,20,0),(62,0,'SRC_DESTINATION',58,21,22,0),(66,0,'SRC_DESTINATION',36,23,24,0),(71,0,'SRC_DESTINATION',67,25,26,0),(89,0,'SRC_DESTINATION',37,27,28,0),(90,0,'SRC_DESTINATION',16,29,30,0),(91,0,'SRC_DESTINATION',37,31,32,0),(92,0,'SRC_DESTINATION',37,33,34,0),(97,0,'SRC_DESTINATION',93,35,36,0),(102,0,'SRC_DESTINATION',98,37,38,0),(107,0,'SRC_DESTINATION',103,39,40,0),(112,0,'SRC_DESTINATION',108,41,42,0),(113,0,'SRC_DESTINATION',33,43,44,0),(114,0,'SRC_DESTINATION',108,45,46,0),(120,0,'SRC_DESTINATION',115,47,48,0),(125,0,'SRC_DESTINATION',121,49,50,0),(129,0,'SRC_DESTINATION',32,51,52,0),(133,0,'SRC_DESTINATION',2,53,54,0),(134,0,'SRC_DESTINATION',14,55,56,0),(139,0,'SRC_DESTINATION',135,57,58,0),(144,0,'SRC_DESTINATION',140,59,60,0),(149,0,'SRC_DESTINATION',145,61,62,0),(154,0,'SRC_DESTINATION',150,63,64,0),(160,0,'SRC_DESTINATION',156,65,66,0),(161,0,'SRC_DESTINATION',6,67,68,0),(173,0,'SRC_DESTINATION',16,69,70,0);
insert into  dyextn_association  ( IDENTIFIER , IS_COLLECTION , DIRECTION , TARGET_ENTITY_ID , SOURCE_ROLE_ID , TARGET_ROLE_ID , IS_SYSTEM_GENERATED ) values (178,0,'SRC_DESTINATION',174,71,72,0),(179,0,'SRC_DESTINATION',155,73,74,0),(181,0,'SRC_DESTINATION',16,75,76,0),(187,0,'SRC_DESTINATION',180,77,78,0),(192,0,'SRC_DESTINATION',188,79,80,0),(193,0,'SRC_DESTINATION',188,81,82,0),(195,0,'SRC_DESTINATION',14,83,84,0),(200,0,'SRC_DESTINATION',196,85,86,0),(205,0,'SRC_DESTINATION',201,87,88,0),(206,0,'SRC_DESTINATION',6,89,90,0),(207,0,'SRC_DESTINATION',6,91,92,0),(210,0,'SRC_DESTINATION',194,93,94,0),(211,0,'SRC_DESTINATION',6,95,96,0),(212,0,'SRC_DESTINATION',6,97,98,0),(213,0,'SRC_DESTINATION',6,99,100,0),(214,0,'SRC_DESTINATION',6,101,102,0),(215,0,'SRC_DESTINATION',6,103,104,0),(216,0,'SRC_DESTINATION',6,105,106,0),(217,0,'SRC_DESTINATION',6,107,108,0),(224,0,'SRC_DESTINATION',6,109,110,0),(225,0,'SRC_DESTINATION',6,111,112,0),(226,0,'SRC_DESTINATION',6,113,114,0),(227,0,'SRC_DESTINATION',6,115,116,0),(228,0,'SRC_DESTINATION',6,117,118,0),(233,0,'SRC_DESTINATION',229,119,120,0),(238,0,'SRC_DESTINATION',234,121,122,0),(244,0,'SRC_DESTINATION',240,123,124,0),(249,0,'SRC_DESTINATION',245,125,126,0),(250,0,'SRC_DESTINATION',6,127,128,0),(251,0,'SRC_DESTINATION',6,129,130,0),(254,0,'SRC_DESTINATION',239,131,132,0),(259,0,'SRC_DESTINATION',255,133,134,0),(264,0,'SRC_DESTINATION',260,135,136,0),(269,0,'SRC_DESTINATION',265,137,138,0);
insert into  dyextn_association  ( IDENTIFIER , IS_COLLECTION , DIRECTION , TARGET_ENTITY_ID , SOURCE_ROLE_ID , TARGET_ROLE_ID , IS_SYSTEM_GENERATED ) values (274,0,'SRC_DESTINATION',270,139,140,0),(275,0,'SRC_DESTINATION',132,141,142,0),(277,0,'SRC_DESTINATION',115,143,144,0),(280,0,'SRC_DESTINATION',276,145,146,0),(281,0,'SRC_DESTINATION',115,147,148,0),(282,0,'SRC_DESTINATION',130,149,150,0),(288,0,'SRC_DESTINATION',284,151,152,0),(293,0,'SRC_DESTINATION',289,153,154,0),(298,0,'SRC_DESTINATION',294,155,156,0),(303,0,'SRC_DESTINATION',299,157,158,0),(308,0,'SRC_DESTINATION',304,159,160,0),(316,0,'SRC_DESTINATION',16,161,162,0),(318,0,'SRC_DESTINATION',156,163,164,0),(319,0,'SRC_DESTINATION',30,165,166,0),(320,0,'SRC_DESTINATION',317,167,168,0),(321,0,'SRC_DESTINATION',317,169,170,0),(325,0,'SRC_DESTINATION',322,171,172,0),(331,0,'SRC_DESTINATION',327,173,174,0),(336,0,'SRC_DESTINATION',332,175,176,0),(341,0,'SRC_DESTINATION',337,177,178,0),(346,0,'SRC_DESTINATION',326,179,180,0),(351,0,'SRC_DESTINATION',347,181,182,0),(352,0,'SRC_DESTINATION',283,183,184,0),(359,0,'SRC_DESTINATION',355,185,186,0),(360,0,'SRC_DESTINATION',115,187,188,0),(361,0,'SRC_DESTINATION',108,189,190,0),(363,0,'SRC_DESTINATION',67,191,192,0),(371,0,'SRC_DESTINATION',276,193,194,0),(372,0,'SRC_DESTINATION',6,195,196,0),(373,0,'SRC_DESTINATION',6,197,198,0),(375,0,'SRC_DESTINATION',67,199,200,0),(382,0,'SRC_DESTINATION',378,201,202,0);
insert into  dyextn_association  ( IDENTIFIER , IS_COLLECTION , DIRECTION , TARGET_ENTITY_ID , SOURCE_ROLE_ID , TARGET_ROLE_ID , IS_SYSTEM_GENERATED ) values (383,0,'SRC_DESTINATION',37,203,204,0),(387,0,'SRC_DESTINATION',377,205,206,0),(388,0,'SRC_DESTINATION',377,207,208,0),(389,0,'SRC_DESTINATION',376,209,210,0),(394,0,'SRC_DESTINATION',390,211,212,0),(400,0,'SRC_DESTINATION',395,213,214,0),(404,0,'SRC_DESTINATION',374,215,216,0),(409,0,'SRC_DESTINATION',405,217,218,0),(410,0,'SRC_DESTINATION',115,219,220,0),(411,0,'SRC_DESTINATION',362,221,222,0),(414,0,'SRC_DESTINATION',353,223,224,0),(417,0,'SRC_DESTINATION',30,225,226,0);

/*Data for the table  dyextn_attribute  */

insert into  dyextn_attribute  ( IDENTIFIER , ENTIY_ID ) values (3,2),(4,2),(5,2),(7,6),(8,6),(9,6),(11,10),(12,10),(13,10),(15,14),(17,16),(18,16),(19,16),(20,16),(21,16),(22,16),(23,16),(24,14),(26,25),(27,25),(28,25),(29,14),(31,30),(34,33),(35,33),(38,37),(39,37),(40,37),(41,36),(42,36),(44,43),(45,43),(46,43),(47,36),(49,48),(50,48),(51,48),(52,36),(54,53),(55,53),(56,53),(57,36),(59,58),(60,58),(61,58),(62,36),(63,36),(64,36),(65,36),(66,33),(68,67),(69,67),(70,67),(71,33),(72,33),(73,33),(74,33),(75,33),(76,33),(77,33),(78,33),(79,33),(80,33),(81,33),(82,33),(83,33),(84,33),(85,33),(86,33),(87,33),(88,33),(89,33),(90,33),(91,33),(92,33),(94,93),(95,93),(96,93),(97,33),(99,98),(100,98),(101,98),(102,33),(104,103),(105,103),(106,103),(107,33),(109,108),(110,108),(111,108),(112,33),(113,32),(114,32),(116,115),(117,115),(118,115),(119,115),(120,32),(122,121),(123,121),(124,121),(125,32),(126,32),(127,32),(128,32),(129,30),(131,130),(133,132),(134,132),(136,135),(137,135),(138,135),(139,132),(141,140),(142,140),(143,140),(144,132),(146,145),(147,145),(148,145),(149,132),(151,150),(152,150),(153,150),(154,132),(157,156),(158,156),(159,156),(160,155),(161,155),(162,155),(163,155),(164,155);
insert into  dyextn_attribute  ( IDENTIFIER , ENTIY_ID ) values (165,155),(166,155),(167,155),(168,155),(169,155),(170,155),(171,155),(172,155),(173,155),(175,174),(176,174),(177,174),(178,155),(179,132),(181,180),(182,180),(183,180),(184,180),(185,180),(186,180),(187,132),(189,188),(190,188),(191,188),(192,132),(193,132),(195,194),(197,196),(198,196),(199,196),(200,194),(202,201),(203,201),(204,201),(205,194),(206,194),(207,194),(208,194),(209,194),(210,132),(211,132),(212,132),(213,132),(214,132),(215,132),(216,132),(217,132),(218,132),(219,132),(220,132),(221,132),(222,132),(223,132),(224,132),(225,132),(226,132),(227,132),(228,132),(230,229),(231,229),(232,229),(233,132),(235,234),(236,234),(237,234),(238,132),(241,240),(242,240),(243,240),(244,239),(246,245),(247,245),(248,245),(249,239),(250,239),(251,239),(252,239),(253,239),(254,132),(256,255),(257,255),(258,255),(259,132),(261,260),(262,260),(263,260),(264,132),(266,265),(267,265),(268,265),(269,132),(271,270),(272,270),(273,270),(274,132),(275,130),(277,276),(278,276),(279,276),(280,130),(281,130),(282,30),(285,284),(286,284),(287,284),(288,283),(290,289),(291,289),(292,289),(293,283),(295,294),(296,294),(297,294),(298,283);
insert into  dyextn_attribute  ( IDENTIFIER , ENTIY_ID ) values (300,299),(301,299),(302,299),(303,283),(305,304),(306,304),(307,304),(308,283),(309,283),(310,283),(311,283),(312,283),(313,283),(314,283),(315,283),(316,283),(318,317),(319,317),(320,283),(321,283),(323,322),(324,322),(325,283),(328,327),(329,327),(330,327),(331,326),(333,332),(334,332),(335,332),(336,326),(338,337),(339,337),(340,337),(341,326),(342,326),(343,326),(344,326),(345,326),(346,283),(348,347),(349,347),(350,347),(351,283),(352,30),(354,353),(356,355),(357,355),(358,355),(359,353),(360,353),(361,353),(363,362),(364,362),(365,362),(366,362),(367,362),(368,362),(369,362),(370,362),(371,362),(372,362),(373,362),(375,374),(379,378),(380,378),(381,378),(382,377),(383,377),(384,377),(385,377),(386,377),(387,376),(388,376),(389,374),(391,390),(392,390),(393,390),(394,374),(396,395),(397,395),(398,395),(399,395),(400,374),(401,374),(402,374),(403,374),(404,362),(406,405),(407,405),(408,405),(409,362),(410,362),(411,353),(412,353),(413,353),(414,30),(415,30),(416,30),(417,14),(418,14),(423,422),(424,422),(426,425),(427,425),(428,425),(430,429),(431,429),(432,429);

/*Data for the table  dyextn_attribute_record  */

/*Data for the table  dyextn_attribute_type_info  */

insert into  dyextn_attribute_type_info  ( IDENTIFIER , PRIMITIVE_ATTRIBUTE_ID ) values (1,3),(2,4),(3,5),(4,7),(5,8),(6,9),(7,11),(8,12),(9,13),(10,17),(11,18),(12,19),(13,20),(14,21),(15,22),(16,23),(17,26),(18,27),(19,28),(20,31),(21,38),(22,39),(23,40),(24,44),(25,45),(26,46),(27,49),(28,50),(29,51),(30,54),(31,55),(32,56),(33,59),(34,60),(35,61),(36,63),(37,64),(38,65),(39,68),(40,69),(41,70),(42,72),(43,73),(44,74),(45,75),(46,76),(47,77),(48,78),(49,79),(50,80),(51,81),(52,82),(53,83),(54,84),(55,85),(56,86),(57,87),(58,88),(59,94),(60,95),(61,96),(62,99),(63,100),(64,101),(65,104),(66,105),(67,106),(68,109),(69,110),(70,111),(71,116),(72,117),(73,118),(74,119),(75,122),(76,123),(77,124),(78,126),(79,127),(80,128),(81,131),(82,136),(83,137),(84,138),(85,141),(86,142),(87,143),(88,146),(89,147),(90,148),(91,151),(92,152),(93,153),(94,157),(95,158),(96,159),(97,162),(98,163),(99,164),(100,165),(101,166),(102,167),(103,168),(104,169),(105,170),(106,171),(107,172),(108,175),(109,176),(110,177),(111,182),(112,183),(113,184),(114,185),(115,186),(116,189),(117,190),(118,191),(119,197),(120,198),(121,199),(122,202),(123,203),(124,204),(125,208),(126,209),(127,218),(128,219),(129,220),(130,221),(131,222),(132,223);
insert into  dyextn_attribute_type_info  ( IDENTIFIER , PRIMITIVE_ATTRIBUTE_ID ) values (133,230),(134,231),(135,232),(136,235),(137,236),(138,237),(139,241),(140,242),(141,243),(142,246),(143,247),(144,248),(145,252),(146,253),(147,256),(148,257),(149,258),(150,261),(151,262),(152,263),(153,266),(154,267),(155,268),(156,271),(157,272),(158,273),(159,278),(160,279),(161,285),(162,286),(163,287),(164,290),(165,291),(166,292),(167,295),(168,296),(169,297),(170,300),(171,301),(172,302),(173,305),(174,306),(175,307),(176,309),(177,310),(178,311),(179,312),(180,313),(181,314),(182,315),(183,323),(184,324),(185,328),(186,329),(187,330),(188,333),(189,334),(190,335),(191,338),(192,339),(193,340),(194,342),(195,343),(196,344),(197,345),(198,348),(199,349),(200,350),(201,354),(202,356),(203,357),(204,358),(205,364),(206,365),(207,366),(208,367),(209,368),(210,369),(211,370),(212,379),(213,380),(214,381),(215,384),(216,385),(217,386),(218,391),(219,392),(220,393),(221,396),(222,397),(223,398),(224,399),(225,401),(226,402),(227,403),(228,406),(229,407),(230,408),(231,412),(232,413),(233,415),(234,416),(235,418),(236,423),(237,424),(238,426),(239,427),(240,428),(241,430),(242,431),(243,432);

/*Data for the table  dyextn_barr_concept_value  */

/*Data for the table  dyextn_base_abstract_attribute  */

insert into  dyextn_base_abstract_attribute  ( IDENTIFIER ) values (3),(4),(5),(7),(8),(9),(11),(12),(13),(15),(17),(18),(19),(20),(21),(22),(23),(24),(26),(27),(28),(29),(31),(34),(35),(38),(39),(40),(41),(42),(44),(45),(46),(47),(49),(50),(51),(52),(54),(55),(56),(57),(59),(60),(61),(62),(63),(64),(65),(66),(68),(69),(70),(71),(72),(73),(74),(75),(76),(77),(78),(79),(80),(81),(82),(83),(84),(85),(86),(87),(88),(89),(90),(91),(92),(94),(95),(96),(97),(99),(100),(101),(102),(104),(105),(106),(107),(109),(110),(111),(112),(113),(114),(116),(117),(118),(119),(120),(122),(123),(124),(125),(126),(127),(128),(129),(131),(133),(134),(136),(137),(138),(139),(141),(142),(143),(144),(146),(147),(148),(149),(151),(152),(153),(154),(157),(158),(159),(160),(161),(162),(163),(164),(165),(166),(167),(168),(169),(170),(171),(172),(173),(175),(176),(177),(178),(179),(181),(182),(183),(184),(185),(186),(187),(189),(190),(191),(192),(193),(195),(197),(198),(199),(200),(202),(203),(204),(205),(206),(207),(208),(209),(210),(211),(212),(213),(214),(215),(216),(217),(218),(219),(220),(221);
insert into  dyextn_base_abstract_attribute  ( IDENTIFIER ) values (222),(223),(224),(225),(226),(227),(228),(230),(231),(232),(233),(235),(236),(237),(238),(241),(242),(243),(244),(246),(247),(248),(249),(250),(251),(252),(253),(254),(256),(257),(258),(259),(261),(262),(263),(264),(266),(267),(268),(269),(271),(272),(273),(274),(275),(277),(278),(279),(280),(281),(282),(285),(286),(287),(288),(290),(291),(292),(293),(295),(296),(297),(298),(300),(301),(302),(303),(305),(306),(307),(308),(309),(310),(311),(312),(313),(314),(315),(316),(318),(319),(320),(321),(323),(324),(325),(328),(329),(330),(331),(333),(334),(335),(336),(338),(339),(340),(341),(342),(343),(344),(345),(346),(348),(349),(350),(351),(352),(354),(356),(357),(358),(359),(360),(361),(363),(364),(365),(366),(367),(368),(369),(370),(371),(372),(373),(375),(379),(380),(381),(382),(383),(384),(385),(386),(387),(388),(389),(391),(392),(393),(394),(396),(397),(398),(399),(400),(401),(402),(403),(404),(406),(407),(408),(409),(410),(411),(412),(413),(414),(415),(416),(417),(418),(423),(424),(426),(427),(428),(430);
insert into  dyextn_base_abstract_attribute  ( IDENTIFIER ) values (431),(432);

insert into  dyextn_column_properties  ( IDENTIFIER , PRIMITIVE_ATTRIBUTE_ID , CATEGORY_ATTRIBUTE_ID , CNSTR_KEY_PROP_ID ) values (3,3,NULL,NULL),(4,4,NULL,NULL),(5,5,NULL,NULL),(8,7,NULL,NULL),(9,8,NULL,NULL),(10,9,NULL,NULL),(12,NULL,NULL,1),(14,11,NULL,NULL),(15,12,NULL,NULL),(16,13,NULL,NULL),(20,NULL,NULL,2),(23,17,NULL,NULL),(24,18,NULL,NULL),(25,19,NULL,NULL),(26,20,NULL,NULL),(27,21,NULL,NULL),(28,22,NULL,NULL),(29,23,NULL,NULL),(32,NULL,NULL,3),(34,26,NULL,NULL),(35,27,NULL,NULL),(36,28,NULL,NULL),(40,31,NULL,NULL),(50,NULL,NULL,4),(52,38,NULL,NULL),(53,39,NULL,NULL),(54,40,NULL,NULL),(58,NULL,NULL,5),(60,44,NULL,NULL),(61,45,NULL,NULL),(62,46,NULL,NULL),(65,NULL,NULL,6),(67,49,NULL,NULL),(68,50,NULL,NULL),(69,51,NULL,NULL),(72,NULL,NULL,7),(74,54,NULL,NULL),(75,55,NULL,NULL),(76,56,NULL,NULL),(79,NULL,NULL,8),(81,59,NULL,NULL),(82,60,NULL,NULL),(83,61,NULL,NULL),(85,63,NULL,NULL),(86,64,NULL,NULL),(87,65,NULL,NULL),(90,NULL,NULL,9),(92,68,NULL,NULL),(93,69,NULL,NULL),(94,70,NULL,NULL),(96,72,NULL,NULL),(97,73,NULL,NULL),(98,74,NULL,NULL),(99,75,NULL,NULL),(100,76,NULL,NULL),(101,77,NULL,NULL),(102,78,NULL,NULL),(103,79,NULL,NULL),(104,80,NULL,NULL),(105,81,NULL,NULL),(106,82,NULL,NULL),(107,83,NULL,NULL),(108,84,NULL,NULL),(109,85,NULL,NULL),(110,86,NULL,NULL),(111,87,NULL,NULL),(112,88,NULL,NULL),(118,NULL,NULL,10),(120,94,NULL,NULL),(121,95,NULL,NULL),(122,96,NULL,NULL),(125,NULL,NULL,11),(127,99,NULL,NULL),(128,100,NULL,NULL),(129,101,NULL,NULL),(132,NULL,NULL,12),(134,104,NULL,NULL),(135,105,NULL,NULL),(136,106,NULL,NULL),(139,NULL,NULL,13),(141,109,NULL,NULL),(142,110,NULL,NULL),(143,111,NULL,NULL),(148,NULL,NULL,14),(150,116,NULL,NULL),(151,117,NULL,NULL),(152,118,NULL,NULL),(153,119,NULL,NULL),(156,NULL,NULL,15),(158,122,NULL,NULL),(159,123,NULL,NULL),(160,124,NULL,NULL),(162,126,NULL,NULL),(163,127,NULL,NULL),(164,128,NULL,NULL),(166,NULL,NULL,16),(169,131,NULL,NULL),(175,NULL,NULL,17),(177,136,NULL,NULL),(178,137,NULL,NULL),(179,138,NULL,NULL),(182,NULL,NULL,18),(184,141,NULL,NULL),(185,142,NULL,NULL),(186,143,NULL,NULL),(189,NULL,NULL,19),(191,146,NULL,NULL),(192,147,NULL,NULL),(193,148,NULL,NULL),(196,NULL,NULL,20),(198,151,NULL,NULL),(199,152,NULL,NULL),(200,153,NULL,NULL),(205,NULL,NULL,21),(207,157,NULL,NULL),(208,158,NULL,NULL),(209,159,NULL,NULL),(212,NULL,NULL,22),(213,162,NULL,NULL),(214,163,NULL,NULL),(215,164,NULL,NULL),(216,165,NULL,NULL),(217,166,NULL,NULL),(218,167,NULL,NULL),(219,168,NULL,NULL),(220,169,NULL,NULL),(221,170,NULL,NULL),(222,171,NULL,NULL),(223,172,NULL,NULL),(226,NULL,NULL,23);
insert into  dyextn_column_properties  ( IDENTIFIER , PRIMITIVE_ATTRIBUTE_ID , CATEGORY_ATTRIBUTE_ID , CNSTR_KEY_PROP_ID ) values (228,175,NULL,NULL),(229,176,NULL,NULL),(230,177,NULL,NULL),(236,182,NULL,NULL),(237,183,NULL,NULL),(238,184,NULL,NULL),(239,185,NULL,NULL),(240,186,NULL,NULL),(243,NULL,NULL,24),(245,189,NULL,NULL),(246,190,NULL,NULL),(247,191,NULL,NULL),(254,NULL,NULL,25),(256,197,NULL,NULL),(257,198,NULL,NULL),(258,199,NULL,NULL),(261,NULL,NULL,26),(263,202,NULL,NULL),(264,203,NULL,NULL),(265,204,NULL,NULL),(269,208,NULL,NULL),(270,209,NULL,NULL),(273,NULL,NULL,27),(275,NULL,NULL,28),(278,NULL,NULL,29),(280,NULL,NULL,30),(282,NULL,NULL,31),(284,NULL,NULL,32),(285,218,NULL,NULL),(286,219,NULL,NULL),(287,220,NULL,NULL),(288,221,NULL,NULL),(289,222,NULL,NULL),(290,223,NULL,NULL),(292,NULL,NULL,33),(294,NULL,NULL,34),(296,NULL,NULL,35),(298,NULL,NULL,36),(301,NULL,NULL,37),(303,230,NULL,NULL),(304,231,NULL,NULL),(305,232,NULL,NULL),(308,NULL,NULL,38),(310,235,NULL,NULL),(311,236,NULL,NULL),(312,237,NULL,NULL),(317,NULL,NULL,39),(319,241,NULL,NULL),(320,242,NULL,NULL),(321,243,NULL,NULL),(324,NULL,NULL,40),(326,246,NULL,NULL),(327,247,NULL,NULL),(328,248,NULL,NULL),(331,NULL,NULL,41),(333,NULL,NULL,42),(334,252,NULL,NULL),(335,253,NULL,NULL),(338,NULL,NULL,43),(340,256,NULL,NULL),(341,257,NULL,NULL),(342,258,NULL,NULL),(345,NULL,NULL,44),(347,261,NULL,NULL),(348,262,NULL,NULL),(349,263,NULL,NULL),(352,NULL,NULL,45),(354,266,NULL,NULL),(355,267,NULL,NULL),(356,268,NULL,NULL),(359,NULL,NULL,46),(361,271,NULL,NULL),(362,272,NULL,NULL),(363,273,NULL,NULL),(366,NULL,NULL,47),(370,278,NULL,NULL),(371,279,NULL,NULL),(373,NULL,NULL,48),(375,NULL,NULL,49),(377,NULL,NULL,50),(381,NULL,NULL,51),(383,285,NULL,NULL),(384,286,NULL,NULL),(385,287,NULL,NULL),(388,NULL,NULL,52),(390,290,NULL,NULL),(391,291,NULL,NULL),(392,292,NULL,NULL),(395,NULL,NULL,53),(397,295,NULL,NULL),(398,296,NULL,NULL),(399,297,NULL,NULL),(402,NULL,NULL,54),(404,300,NULL,NULL),(405,301,NULL,NULL),(406,302,NULL,NULL),(409,NULL,NULL,55),(411,305,NULL,NULL),(412,306,NULL,NULL),(413,307,NULL,NULL),(415,309,NULL,NULL),(416,310,NULL,NULL),(417,311,NULL,NULL),(418,312,NULL,NULL),(419,313,NULL,NULL),(420,314,NULL,NULL),(421,315,NULL,NULL),(431,323,NULL,NULL),(432,324,NULL,NULL),(437,NULL,NULL,56),(439,328,NULL,NULL),(440,329,NULL,NULL),(441,330,NULL,NULL),(444,NULL,NULL,57),(446,333,NULL,NULL),(447,334,NULL,NULL),(448,335,NULL,NULL);
insert into  dyextn_column_properties  ( IDENTIFIER , PRIMITIVE_ATTRIBUTE_ID , CATEGORY_ATTRIBUTE_ID , CNSTR_KEY_PROP_ID ) values (451,NULL,NULL,58),(453,338,NULL,NULL),(454,339,NULL,NULL),(455,340,NULL,NULL),(457,342,NULL,NULL),(458,343,NULL,NULL),(459,344,NULL,NULL),(460,345,NULL,NULL),(463,NULL,NULL,59),(465,348,NULL,NULL),(466,349,NULL,NULL),(467,350,NULL,NULL),(470,NULL,NULL,60),(473,354,NULL,NULL),(475,NULL,NULL,61),(477,356,NULL,NULL),(478,357,NULL,NULL),(479,358,NULL,NULL),(481,NULL,NULL,62),(483,NULL,NULL,63),(485,NULL,NULL,64),(489,364,NULL,NULL),(490,365,NULL,NULL),(491,366,NULL,NULL),(492,367,NULL,NULL),(493,368,NULL,NULL),(494,369,NULL,NULL),(495,370,NULL,NULL),(508,379,NULL,NULL),(509,380,NULL,NULL),(510,381,NULL,NULL),(513,384,NULL,NULL),(514,385,NULL,NULL),(515,386,NULL,NULL),(520,NULL,NULL,65),(522,391,NULL,NULL),(523,392,NULL,NULL),(524,393,NULL,NULL),(527,NULL,NULL,66),(529,396,NULL,NULL),(530,397,NULL,NULL),(531,398,NULL,NULL),(532,399,NULL,NULL),(534,401,NULL,NULL),(535,402,NULL,NULL),(536,403,NULL,NULL),(539,NULL,NULL,67),(541,406,NULL,NULL),(542,407,NULL,NULL),(543,408,NULL,NULL),(547,NULL,NULL,68),(548,412,NULL,NULL),(549,413,NULL,NULL),(551,NULL,NULL,69),(552,415,NULL,NULL),(553,416,NULL,NULL),(555,NULL,NULL,70),(556,418,NULL,NULL),(565,423,NULL,NULL),(566,424,NULL,NULL),(568,NULL,NULL,71),(570,426,NULL,NULL),(571,427,NULL,NULL),(572,428,NULL,NULL),(574,NULL,NULL,72),(576,430,NULL,NULL),(577,431,NULL,NULL),(578,432,NULL,NULL);

/*Data for the table  dyextn_combobox  */

insert into  dyextn_combobox  ( IDENTIFIER ) values (27),(28),(33),(47),(48),(49),(50),(56),(57),(58),(59),(60),(73),(92),(93),(94),(103),(115),(116),(142),(143),(144),(145),(146),(147),(148),(149),(150),(151),(152),(153),(154),(155),(156),(157),(158),(159),(160),(161),(162),(163),(164),(165),(166),(167),(168),(169),(170),(177),(179),(180),(181),(197),(198),(204),(210),(211),(212),(213),(229),(230),(231),(232),(250),(251),(252),(253),(254),(255),(263),(264),(265),(266),(267),(274),(275),(276),(277),(284),(291),(292),(293),(294),(295),(296),(309),(310),(311),(312),(313),(314),(315),(316),(326),(327),(328),(329),(338),(339),(340),(341);

/*Data for the table  dyextn_constraint_properties  */

insert into  dyextn_constraint_properties  ( IDENTIFIER , CONSTRAINT_NAME , ASSOCIATION_ID , CATEGORY_ASSOCIATION_ID , ABSTRACT_ENTITY_ID ) values (1,'CONSRT_392',NULL,NULL,2),(6,'CONSRT_10',NULL,NULL,6),(11,'CONSRT_387',NULL,NULL,10),(17,'CONSRT_384',NULL,NULL,14),(19,'CONSRT_910',15,NULL,NULL),(21,'CONSRT_150',NULL,NULL,16),(30,'CONSRT_906',24,NULL,NULL),(31,'CONSRT_50',NULL,NULL,25),(37,'CONSRT_902',29,NULL,NULL),(38,'CONSRT_169',NULL,NULL,30),(41,'CONSRT_292',NULL,NULL,32),(43,'CONSRT_252',NULL,NULL,33),(45,'CONSRT_915',34,NULL,NULL),(46,'CONSRT_889',35,NULL,NULL),(47,'CONSRT_355',NULL,NULL,36),(49,'CONSRT_60',NULL,NULL,37),(55,'CONSRT_861',41,NULL,NULL),(56,'CONSRT_857',42,NULL,NULL),(57,'CONSRT_247',NULL,NULL,43),(63,'CONSRT_853',47,NULL,NULL),(64,'CONSRT_335',NULL,NULL,48),(70,'CONSRT_849',52,NULL,NULL),(71,'CONSRT_230',NULL,NULL,53),(77,'CONSRT_845',57,NULL,NULL),(78,'CONSRT_133',NULL,NULL,58),(84,'CONSRT_841',62,NULL,NULL),(88,'CONSRT_837',66,NULL,NULL),(89,'CONSRT_330',NULL,NULL,67),(95,'CONSRT_820',71,NULL,NULL),(113,'CONSRT_689',89,NULL,NULL),(114,'CONSRT_693',90,NULL,NULL),(115,'CONSRT_697',91,NULL,NULL),(116,'CONSRT_701',92,NULL,NULL),(117,'CONSRT_105',NULL,NULL,93),(123,'CONSRT_705',97,NULL,NULL),(124,'CONSRT_86',NULL,NULL,98),(130,'CONSRT_709',102,NULL,NULL),(131,'CONSRT_36',NULL,NULL,103),(137,'CONSRT_713',107,NULL,NULL),(138,'CONSRT_145',NULL,NULL,108),(144,'CONSRT_717',112,NULL,NULL),(145,'CONSRT_775',113,NULL,NULL),(146,'CONSRT_771',114,NULL,NULL),(147,'CONSRT_283',NULL,NULL,115),(154,'CONSRT_767',120,NULL,NULL),(155,'CONSRT_159',NULL,NULL,121),(161,'CONSRT_763',125,NULL,NULL),(165,'CONSRT_758',129,NULL,NULL),(167,'CONSRT_289',NULL,NULL,130),(170,'CONSRT_2',NULL,NULL,132),(172,'CONSRT_919',133,NULL,NULL),(173,'CONSRT_885',134,NULL,NULL),(174,'CONSRT_372',NULL,NULL,135),(180,'CONSRT_877',139,NULL,NULL),(181,'CONSRT_340',NULL,NULL,140),(187,'CONSRT_824',144,NULL,NULL),(188,'CONSRT_325',NULL,NULL,145);
insert into  dyextn_constraint_properties  ( IDENTIFIER , CONSTRAINT_NAME , ASSOCIATION_ID , CATEGORY_ASSOCIATION_ID , ABSTRACT_ENTITY_ID ) values (194,'CONSRT_808',149,NULL,NULL),(195,'CONSRT_315',NULL,NULL,150),(201,'CONSRT_800',154,NULL,NULL),(202,'CONSRT_302',NULL,NULL,155),(204,'CONSRT_365',NULL,NULL,156),(210,'CONSRT_873',160,NULL,NULL),(211,'CONSRT_795',161,NULL,NULL),(224,'CONSRT_787',173,NULL,NULL),(225,'CONSRT_278',NULL,NULL,174),(231,'CONSRT_791',178,NULL,NULL),(232,'CONSRT_783',179,NULL,NULL),(233,'CONSRT_240',NULL,NULL,180),(235,'CONSRT_685',181,NULL,NULL),(241,'CONSRT_681',187,NULL,NULL),(242,'CONSRT_215',NULL,NULL,188),(248,'CONSRT_665',192,NULL,NULL),(249,'CONSRT_661',193,NULL,NULL),(250,'CONSRT_199',NULL,NULL,194),(252,'CONSRT_893',195,NULL,NULL),(253,'CONSRT_320',NULL,NULL,196),(259,'CONSRT_804',200,NULL,NULL),(260,'CONSRT_210',NULL,NULL,201),(266,'CONSRT_657',205,NULL,NULL),(267,'CONSRT_649',206,NULL,NULL),(268,'CONSRT_645',207,NULL,NULL),(271,'CONSRT_641',210,NULL,NULL),(272,'CONSRT_474',211,NULL,NULL),(274,'CONSRT_469',212,NULL,NULL),(276,'CONSRT_465',213,NULL,NULL),(277,'CONSRT_460',214,NULL,NULL),(279,'CONSRT_455',215,NULL,NULL),(281,'CONSRT_450',216,NULL,NULL),(283,'CONSRT_445',217,NULL,NULL),(291,'CONSRT_479',224,NULL,NULL),(293,'CONSRT_484',225,NULL,NULL),(295,'CONSRT_489',226,NULL,NULL),(297,'CONSRT_494',227,NULL,NULL),(299,'CONSRT_499',228,NULL,NULL),(300,'CONSRT_26',NULL,NULL,229),(306,'CONSRT_503',233,NULL,NULL),(307,'CONSRT_31',NULL,NULL,234),(313,'CONSRT_507',238,NULL,NULL),(314,'CONSRT_41',NULL,NULL,239),(316,'CONSRT_95',NULL,NULL,240),(322,'CONSRT_545',244,NULL,NULL),(323,'CONSRT_76',NULL,NULL,245),(329,'CONSRT_537',249,NULL,NULL),(330,'CONSRT_520',250,NULL,NULL),(332,'CONSRT_515',251,NULL,NULL),(336,'CONSRT_511',254,NULL,NULL),(337,'CONSRT_55',NULL,NULL,255),(343,'CONSRT_525',259,NULL,NULL),(344,'CONSRT_81',NULL,NULL,260),(350,'CONSRT_541',264,NULL,NULL);
insert into  dyextn_constraint_properties  ( IDENTIFIER , CONSTRAINT_NAME , ASSOCIATION_ID , CATEGORY_ASSOCIATION_ID , ABSTRACT_ENTITY_ID ) values (351,'CONSRT_174',NULL,NULL,265),(357,'CONSRT_600',269,NULL,NULL),(358,'CONSRT_179',NULL,NULL,270),(364,'CONSRT_604',274,NULL,NULL),(365,'CONSRT_753',275,NULL,NULL),(367,'CONSRT_91',NULL,NULL,276),(369,'CONSRT_725',277,NULL,NULL),(372,'CONSRT_748',280,NULL,NULL),(374,'CONSRT_743',281,NULL,NULL),(376,'CONSRT_738',282,NULL,NULL),(378,'CONSRT_190',NULL,NULL,283),(380,'CONSRT_345',NULL,NULL,284),(386,'CONSRT_828',288,NULL,NULL),(387,'CONSRT_273',NULL,NULL,289),(393,'CONSRT_721',293,NULL,NULL),(394,'CONSRT_235',NULL,NULL,294),(400,'CONSRT_677',298,NULL,NULL),(401,'CONSRT_220',NULL,NULL,299),(407,'CONSRT_669',303,NULL,NULL),(408,'CONSRT_203',NULL,NULL,304),(414,'CONSRT_653',308,NULL,NULL),(422,'CONSRT_617',316,NULL,NULL),(423,'CONSRT_184',NULL,NULL,317),(425,'CONSRT_869',318,NULL,NULL),(426,'CONSRT_608',319,NULL,NULL),(427,'CONSRT_621',320,NULL,NULL),(428,'CONSRT_625',321,NULL,NULL),(429,'CONSRT_186',NULL,NULL,322),(433,'CONSRT_629',325,NULL,NULL),(434,'CONSRT_20',NULL,NULL,326),(436,'CONSRT_377',NULL,NULL,327),(442,'CONSRT_881',331,NULL,NULL),(443,'CONSRT_297',NULL,NULL,332),(449,'CONSRT_779',336,NULL,NULL),(450,'CONSRT_225',NULL,NULL,337),(456,'CONSRT_673',341,NULL,NULL),(461,'CONSRT_633',346,NULL,NULL),(462,'CONSRT_128',NULL,NULL,347),(468,'CONSRT_637',351,NULL,NULL),(469,'CONSRT_612',352,NULL,NULL),(471,'CONSRT_164',NULL,NULL,353),(474,'CONSRT_350',NULL,NULL,355),(480,'CONSRT_832',359,NULL,NULL),(482,'CONSRT_733',360,NULL,NULL),(484,'CONSRT_590',361,NULL,NULL),(486,'CONSRT_119',NULL,NULL,362),(488,'CONSRT_812',363,NULL,NULL),(496,'CONSRT_553',371,NULL,NULL),(497,'CONSRT_557',372,NULL,NULL),(498,'CONSRT_561',373,NULL,NULL),(499,'CONSRT_71',NULL,NULL,374),(501,'CONSRT_816',375,NULL,NULL),(502,'CONSRT_143',NULL,NULL,376),(504,'CONSRT_100',NULL,NULL,377);
insert into  dyextn_constraint_properties  ( IDENTIFIER , CONSTRAINT_NAME , ASSOCIATION_ID , CATEGORY_ASSOCIATION_ID , ABSTRACT_ENTITY_ID ) values (506,'CONSRT_360',NULL,NULL,378),(511,'CONSRT_865',382,NULL,NULL),(512,'CONSRT_549',383,NULL,NULL),(516,'CONSRT_581',387,NULL,NULL),(517,'CONSRT_577',388,NULL,NULL),(518,'CONSRT_573',389,NULL,NULL),(519,'CONSRT_45',NULL,NULL,390),(525,'CONSRT_533',394,NULL,NULL),(526,'CONSRT_65',NULL,NULL,395),(533,'CONSRT_529',400,NULL,NULL),(537,'CONSRT_565',404,NULL,NULL),(538,'CONSRT_138',NULL,NULL,405),(544,'CONSRT_569',409,NULL,NULL),(545,'CONSRT_729',410,NULL,NULL),(546,'CONSRT_585',411,NULL,NULL),(550,'CONSRT_595',414,NULL,NULL),(554,'CONSRT_897',417,NULL,NULL),(557,'CONSRT_382',NULL,NULL,419),(559,'CONSRT_370',NULL,NULL,420),(561,'CONSRT_271',NULL,NULL,421),(563,'CONSRT_115',NULL,NULL,422),(567,'CONSRT_110',NULL,NULL,425),(573,'CONSRT_15',NULL,NULL,429),(579,'CONSRT_208',NULL,NULL,433);

/*Data for the table  dyextn_constraintkey_prop  */

insert into  dyextn_constraintkey_prop  ( IDENTIFIER , PRIMARY_ATTRIBUTE_ID , SRC_CONSTRAINT_KEY_ID , TGT_CONSTRAINT_KEY_ID ) values (1,7,11,NULL),(2,7,19,NULL),(3,7,31,NULL),(4,7,49,NULL),(5,7,57,NULL),(6,7,64,NULL),(7,7,71,NULL),(8,7,78,NULL),(9,7,89,NULL),(10,7,117,NULL),(11,7,124,NULL),(12,7,131,NULL),(13,7,138,NULL),(14,7,147,NULL),(15,7,155,NULL),(16,31,NULL,165),(17,7,174,NULL),(18,7,181,NULL),(19,7,188,NULL),(20,7,195,NULL),(21,7,204,NULL),(22,7,211,NULL),(23,7,225,NULL),(24,7,242,NULL),(25,7,253,NULL),(26,7,260,NULL),(27,7,272,NULL),(28,7,274,NULL),(29,7,277,NULL),(30,7,279,NULL),(31,7,281,NULL),(32,7,283,NULL),(33,7,291,NULL),(34,7,293,NULL),(35,7,295,NULL),(36,7,297,NULL),(37,7,300,NULL),(38,7,307,NULL),(39,7,316,NULL),(40,7,323,NULL),(41,7,330,NULL),(42,7,332,NULL),(43,7,337,NULL),(44,7,344,NULL),(45,7,351,NULL),(46,7,358,NULL),(47,131,NULL,365),(48,131,NULL,372),(49,131,NULL,374),(50,31,NULL,376),(51,7,380,NULL),(52,7,387,NULL),(53,7,394,NULL),(54,7,401,NULL),(55,7,408,NULL),(56,7,436,NULL),(57,7,443,NULL),(58,7,450,NULL),(59,7,462,NULL),(60,31,NULL,469),(61,7,474,NULL),(62,354,NULL,480),(63,354,NULL,482),(64,354,NULL,484),(65,7,519,NULL),(66,7,526,NULL),(67,7,538,NULL),(68,354,NULL,546),(69,31,NULL,550),(70,31,554,NULL),(71,7,567,NULL),(72,7,573,NULL);

/*Data for the table  dyextn_container  */

insert into  dyextn_container  ( IDENTIFIER , BUTTON_CSS , CAPTION , ABSTRACT_ENTITY_ID , MAIN_TABLE_CSS , REQUIRED_FIELD_INDICATOR , REQUIRED_FIELD_WARNING_MESSAGE , TITLE_CSS , BASE_CONTAINER_ID , ADD_CAPTION , ENTITY_GROUP_ID , VIEW_ID ) values (1,NULL,'MedicalEntityDictionary',6,NULL,'*','indicates required fields.',NULL,NULL,1,1,NULL),(2,NULL,'VipIndicator',135,NULL,'*','indicates required fields.',NULL,1,1,1,NULL),(3,NULL,'UnitsOfMeasure',37,NULL,'*','indicates required fields.',NULL,1,1,1,NULL),(4,NULL,'Units',422,NULL,'*','indicates required fields.',NULL,NULL,1,1,NULL),(5,NULL,'SubstitutionStatus',93,NULL,'*','indicates required fields.',NULL,1,1,1,NULL),(6,NULL,'Status',67,NULL,'*','indicates required fields.',NULL,1,1,1,NULL),(7,NULL,'State',327,NULL,'*','indicates required fields.',NULL,1,1,1,NULL),(8,NULL,'SpecimenType',405,NULL,'*','indicates required fields.',NULL,1,1,1,NULL),(9,NULL,'Service',188,NULL,'*','indicates required fields.',NULL,1,1,1,NULL),(10,NULL,'ResultValue',376,NULL,'*','indicates required fields.',NULL,NULL,1,1,NULL),(11,NULL,'Result',377,NULL,'*','indicates required fields.',NULL,NULL,1,1,NULL),(12,NULL,'Religion',299,NULL,'*','indicates required fields.',NULL,1,1,1,NULL),(13,NULL,'RelationToPerson',156,NULL,'*','indicates required fields.',NULL,1,1,1,NULL),(14,NULL,'Race',304,NULL,'*','indicates required fields.',NULL,1,1,1,NULL),(15,NULL,'ProviderType',25,NULL,'*','indicates required fields.',NULL,1,1,1,NULL),(16,NULL,'Provider',14,NULL,'*','indicates required fields.',NULL,NULL,1,1,NULL),(17,NULL,'ProcedureCode',196,NULL,'*','indicates required fields.',NULL,1,1,1,NULL),(18,NULL,'Procedure',194,NULL,'*','indicates required fields.',NULL,NULL,1,1,NULL),(19,NULL,'Phone',322,NULL,'*','indicates required fields.',NULL,NULL,1,1,NULL),(20,NULL,'PersonName',16,NULL,'*','indicates required fields.',NULL,NULL,1,1,NULL),(21,NULL,'Person',30,NULL,'*','indicates required fields.',NULL,NULL,1,1,NULL);
insert into  dyextn_container  ( IDENTIFIER , BUTTON_CSS , CAPTION , ABSTRACT_ENTITY_ID , MAIN_TABLE_CSS , REQUIRED_FIELD_INDICATOR , REQUIRED_FIELD_WARNING_MESSAGE , TITLE_CSS , BASE_CONTAINER_ID , ADD_CAPTION , ENTITY_GROUP_ID , VIEW_ID ) values (22,NULL,'Demographics',283,NULL,'*','indicates required fields.',NULL,NULL,1,1,NULL),(23,NULL,'MaritalStatus',347,NULL,'*','indicates required fields.',NULL,1,1,1,NULL),(24,NULL,'Address',326,NULL,'*','indicates required fields.',NULL,NULL,1,1,NULL),(25,NULL,'Country',337,NULL,'*','indicates required fields.',NULL,1,1,1,NULL),(26,NULL,'AddressType',332,NULL,'*','indicates required fields.',NULL,1,1,1,NULL),(27,NULL,'EthnicOrigin',284,NULL,'*','indicates required fields.',NULL,1,1,1,NULL),(28,NULL,'Gender',289,NULL,'*','indicates required fields.',NULL,1,1,1,NULL),(29,NULL,'PatientType',234,NULL,'*','indicates required fields.',NULL,1,1,1,NULL),(30,NULL,'PatientLocation',2,NULL,'*','indicates required fields.',NULL,NULL,1,1,NULL),(31,NULL,'FrequencyWithModifier',10,NULL,'*','indicates required fields.',NULL,1,1,1,NULL),(32,NULL,'FrequencyModifier',103,NULL,'*','indicates required fields.',NULL,1,1,1,NULL),(33,NULL,'Frequency',98,NULL,'*','indicates required fields.',NULL,1,1,1,NULL),(34,NULL,'FinancialClass',150,NULL,'*','indicates required fields.',NULL,1,1,1,NULL),(35,NULL,'FacilityDischargeDisposition',145,NULL,'*','indicates required fields.',NULL,1,1,1,NULL),(36,NULL,'Facility',115,NULL,'*','indicates required fields.',NULL,1,1,1,NULL),(37,NULL,'EncounterDetails',132,NULL,'*','indicates required fields.',NULL,NULL,1,1,NULL),(38,NULL,'Encounter',130,NULL,'*','indicates required fields.',NULL,NULL,1,1,NULL),(39,NULL,'DischargeDisposition',260,NULL,'*','indicates required fields.',NULL,1,1,1,NULL),(40,NULL,'DiagnosticRelatedGroup',140,NULL,'*','indicates required fields.',NULL,1,1,1,NULL),(41,NULL,'AbnormalFlag',390,NULL,'*','indicates required fields.',NULL,1,1,1,NULL);
insert into  dyextn_container  ( IDENTIFIER , BUTTON_CSS , CAPTION , ABSTRACT_ENTITY_ID , MAIN_TABLE_CSS , REQUIRED_FIELD_INDICATOR , REQUIRED_FIELD_WARNING_MESSAGE , TITLE_CSS , BASE_CONTAINER_ID , ADD_CAPTION , ENTITY_GROUP_ID , VIEW_ID ) values (42,NULL,'AdvancedDirectiveExists',294,NULL,'*','indicates required fields.',NULL,1,1,1,NULL),(43,NULL,'Application',108,NULL,'*','indicates required fields.',NULL,1,1,1,NULL),(44,NULL,'AssociatedPerson',317,NULL,'*','indicates required fields.',NULL,NULL,1,1,NULL),(45,NULL,'ClinicalTrial',180,NULL,'*','indicates required fields.',NULL,NULL,1,1,NULL),(46,NULL,'CptProcedureCode',429,NULL,'*','indicates required fields.',NULL,1,1,1,NULL),(47,NULL,'Diagnosis',239,NULL,'*','indicates required fields.',NULL,NULL,1,1,NULL),(48,NULL,'DiagnosisCode',245,NULL,'*','indicates required fields.',NULL,1,1,1,NULL),(49,NULL,'DiagnosisType',240,NULL,'*','indicates required fields.',NULL,1,1,1,NULL),(50,NULL,'HipaaNotified',270,NULL,'*','indicates required fields.',NULL,1,1,1,NULL),(51,NULL,'Icd9ProcedureCode',425,NULL,'*','indicates required fields.',NULL,1,1,1,NULL),(52,NULL,'InfectionControlCode',265,NULL,'*','indicates required fields.',NULL,1,1,1,NULL),(53,NULL,'Insurance',155,NULL,'*','indicates required fields.',NULL,NULL,1,1,NULL),(54,NULL,'InsurancePlanType',174,NULL,'*','indicates required fields.',NULL,1,1,1,NULL),(55,NULL,'LaboratoryProcedure',353,NULL,'*','indicates required fields.',NULL,NULL,1,1,NULL),(56,NULL,'LaboratoryProcedureDetails',362,NULL,'*','indicates required fields.',NULL,NULL,1,1,NULL),(57,NULL,'LaboratoryProcedureType',355,NULL,'*','indicates required fields.',NULL,1,1,1,NULL),(58,NULL,'LaboratoryResult',374,NULL,'*','indicates required fields.',NULL,NULL,1,1,NULL),(59,NULL,'LaboratoryTestType',395,NULL,'*','indicates required fields.',NULL,1,1,1,NULL),(60,NULL,'MedicalRecordNumber',276,NULL,'*','indicates required fields.',NULL,NULL,1,1,NULL);
insert into  dyextn_container  ( IDENTIFIER , BUTTON_CSS , CAPTION , ABSTRACT_ENTITY_ID , MAIN_TABLE_CSS , REQUIRED_FIELD_INDICATOR , REQUIRED_FIELD_WARNING_MESSAGE , TITLE_CSS , BASE_CONTAINER_ID , ADD_CAPTION , ENTITY_GROUP_ID , VIEW_ID ) values (61,NULL,'Medication',121,NULL,'*','indicates required fields.',NULL,1,1,1,NULL),(62,NULL,'MedicationComponent',36,NULL,'*','indicates required fields.',NULL,NULL,1,1,NULL),(63,NULL,'MedicationComponentType',53,NULL,'*','indicates required fields.',NULL,1,1,1,NULL),(64,NULL,'MedicationForm',43,NULL,'*','indicates required fields.',NULL,1,1,1,NULL),(65,NULL,'MedicationIngredient',48,NULL,'*','indicates required fields.',NULL,1,1,1,NULL),(66,NULL,'MedicationOrder',32,NULL,'*','indicates required fields.',NULL,NULL,1,1,NULL),(67,NULL,'MedicationOrderDetails',33,NULL,'*','indicates required fields.',NULL,NULL,1,1,NULL),(68,NULL,'MedicationRoute',58,NULL,'*','indicates required fields.',NULL,1,1,1,NULL),(69,NULL,'NormalRange',378,NULL,'*','indicates required fields.',NULL,NULL,1,1,NULL),(70,NULL,'OptOutIndicator',255,NULL,'*','indicates required fields.',NULL,1,1,1,NULL),(71,NULL,'PatientClass',229,NULL,'*','indicates required fields.',NULL,1,1,1,NULL);

/*Data for the table  dyextn_containment_control  */

insert into  dyextn_containment_control  ( IDENTIFIER ) values (32),(77),(85),(89),(90),(91),(98),(102),(104),(105),(113),(114);

/*Data for the table  dyextn_control  */

insert into  dyextn_control  ( IDENTIFIER , CAPTION , CSS_CLASS , HIDDEN , NAME , SEQUENCE_NUMBER , TOOLTIP , CONTAINER_ID , BASE_ABST_ATR_ID , READ_ONLY ) values (1,'id',NULL,NULL,'id',3,NULL,1,7,0),(2,'name',NULL,NULL,'name',2,NULL,1,9,0),(3,'shortName',NULL,NULL,'shortName',1,NULL,1,8,0),(4,'shortName',NULL,NULL,'shortName',3,NULL,2,138,0),(5,'name',NULL,NULL,'name',2,NULL,2,137,0),(6,'id',NULL,NULL,'id',1,NULL,2,136,0),(7,'shortName',NULL,NULL,'shortName',3,NULL,3,40,0),(8,'name',NULL,NULL,'name',2,NULL,3,39,0),(9,'id',NULL,NULL,'id',1,NULL,3,38,0),(10,'normalizedUnits',NULL,NULL,'normalizedUnits',2,NULL,4,424,0),(11,'sourceUnits',NULL,NULL,'sourceUnits',1,NULL,4,423,0),(12,'shortName',NULL,NULL,'shortName',3,NULL,5,96,0),(13,'name',NULL,NULL,'name',2,NULL,5,95,0),(14,'id',NULL,NULL,'id',1,NULL,5,94,0),(15,'shortName',NULL,NULL,'shortName',3,NULL,6,70,0),(16,'name',NULL,NULL,'name',2,NULL,6,69,0),(17,'id',NULL,NULL,'id',1,NULL,6,68,0),(18,'shortName',NULL,NULL,'shortName',3,NULL,7,330,0),(19,'name',NULL,NULL,'name',2,NULL,7,329,0),(20,'id',NULL,NULL,'id',1,NULL,7,328,0),(21,'shortName',NULL,NULL,'shortName',3,NULL,8,408,0),(22,'name',NULL,NULL,'name',2,NULL,8,407,0),(23,'id',NULL,NULL,'id',1,NULL,8,406,0),(24,'shortName',NULL,NULL,'shortName',3,NULL,9,191,0),(25,'name',NULL,NULL,'name',2,NULL,9,190,0),(26,'id',NULL,NULL,'id',1,NULL,9,189,0),(27,'AssociationName_1',NULL,NULL,'AssociationName_1',2,NULL,10,388,0),(28,'AssociationName_2',NULL,NULL,'AssociationName_2',1,NULL,10,387,0),(29,'high',NULL,NULL,'high',5,NULL,11,386,0),(30,'low',NULL,NULL,'low',4,NULL,11,385,0),(31,'value',NULL,NULL,'value',3,NULL,11,384,0),(32,'AssociationName_1',NULL,NULL,'AssociationName_1',2,NULL,11,383,0),(33,'AssociationName_2',NULL,NULL,'AssociationName_2',1,NULL,11,382,0),(34,'shortName',NULL,NULL,'shortName',3,NULL,12,302,0),(35,'name',NULL,NULL,'name',2,NULL,12,301,0),(36,'id',NULL,NULL,'id',1,NULL,12,300,0),(37,'shortName',NULL,NULL,'shortName',3,NULL,13,159,0),(38,'name',NULL,NULL,'name',2,NULL,13,158,0),(39,'id',NULL,NULL,'id',1,NULL,13,157,0),(40,'shortName',NULL,NULL,'shortName',3,NULL,14,307,0),(41,'name',NULL,NULL,'name',2,NULL,14,306,0);
insert into  dyextn_control  ( IDENTIFIER , CAPTION , CSS_CLASS , HIDDEN , NAME , SEQUENCE_NUMBER , TOOLTIP , CONTAINER_ID , BASE_ABST_ATR_ID , READ_ONLY ) values (42,'id',NULL,NULL,'id',1,NULL,14,305,0),(43,'shortName',NULL,NULL,'shortName',3,NULL,15,28,0),(44,'name',NULL,NULL,'name',2,NULL,15,27,0),(45,'id',NULL,NULL,'id',1,NULL,15,26,0),(46,'facilityId',NULL,NULL,'facilityId',5,NULL,16,418,0),(47,'AssociationName_1',NULL,NULL,'AssociationName_1',4,NULL,16,417,0),(48,'AssociationName_2',NULL,NULL,'AssociationName_2',3,NULL,16,29,0),(49,'AssociationName_3',NULL,NULL,'AssociationName_3',2,NULL,16,24,0),(50,'AssociationName_4',NULL,NULL,'AssociationName_4',1,NULL,16,15,0),(51,'shortName',NULL,NULL,'shortName',3,NULL,17,199,0),(52,'name',NULL,NULL,'name',2,NULL,17,198,0),(53,'id',NULL,NULL,'id',1,NULL,17,197,0),(54,'date',NULL,NULL,'date',7,NULL,18,209,0),(55,'sequence',NULL,NULL,'sequence',6,NULL,18,208,0),(56,'AssociationName_1',NULL,NULL,'AssociationName_1',5,NULL,18,207,0),(57,'AssociationName_2',NULL,NULL,'AssociationName_2',4,NULL,18,206,0),(58,'AssociationName_3',NULL,NULL,'AssociationName_3',3,NULL,18,205,0),(59,'AssociationName_4',NULL,NULL,'AssociationName_4',2,NULL,18,200,0),(60,'AssociationName_5',NULL,NULL,'AssociationName_5',1,NULL,18,195,0),(61,'number',NULL,NULL,'number',2,NULL,19,324,0),(62,'type',NULL,NULL,'type',1,NULL,19,323,0),(63,'degree',NULL,NULL,'degree',7,NULL,20,23,0),(64,'firstName',NULL,NULL,'firstName',6,NULL,20,22,0),(65,'lastName',NULL,NULL,'lastName',5,NULL,20,21,0),(66,'lastNameCompressed',NULL,NULL,'lastNameCompressed',4,NULL,20,20,0),(67,'middleName',NULL,NULL,'middleName',3,NULL,20,19,0),(68,'prefix',NULL,NULL,'prefix',2,NULL,20,18,0),(69,'suffix',NULL,NULL,'suffix',1,NULL,20,17,0),(70,'activeUpiFlag',NULL,NULL,'activeUpiFlag',7,NULL,21,416,0),(71,'personUpi',NULL,NULL,'personUpi',6,NULL,21,31,0),(72,'researchOptOut',NULL,NULL,'researchOptOut',5,NULL,21,415,0);
insert into  dyextn_control  ( IDENTIFIER , CAPTION , CSS_CLASS , HIDDEN , NAME , SEQUENCE_NUMBER , TOOLTIP , CONTAINER_ID , BASE_ABST_ATR_ID , READ_ONLY ) values (73,'AssociationName_1',NULL,NULL,'AssociationName_1',4,NULL,21,414,0),(74,'shortName',NULL,NULL,'shortName',3,NULL,23,350,0),(75,'name',NULL,NULL,'name',2,NULL,23,349,0),(76,'id',NULL,NULL,'id',1,NULL,23,348,0),(77,'AssociationName_6',NULL,NULL,'AssociationName_6',18,NULL,22,351,0),(78,'city',NULL,NULL,'city',7,NULL,24,345,0),(79,'line1',NULL,NULL,'line1',6,NULL,24,344,0),(80,'line2',NULL,NULL,'line2',5,NULL,24,343,0),(81,'postalCode',NULL,NULL,'postalCode',4,NULL,24,342,0),(82,'shortName',NULL,NULL,'shortName',3,NULL,25,340,0),(83,'name',NULL,NULL,'name',2,NULL,25,339,0),(84,'id',NULL,NULL,'id',1,NULL,25,338,0),(85,'AssociationName_1',NULL,NULL,'AssociationName_1',3,NULL,24,341,0),(86,'shortName',NULL,NULL,'shortName',3,NULL,26,335,0),(87,'name',NULL,NULL,'name',2,NULL,26,334,0),(88,'id',NULL,NULL,'id',1,NULL,26,333,0),(89,'AssociationName_2',NULL,NULL,'AssociationName_2',2,NULL,24,336,0),(90,'AssociationName_3',NULL,NULL,'AssociationName_3',1,NULL,24,331,0),(91,'AssociationName_5',NULL,NULL,'AssociationName_5',17,NULL,22,346,0),(92,'AssociationName_4',NULL,NULL,'AssociationName_4',16,NULL,22,325,0),(93,'AssociationName_3',NULL,NULL,'AssociationName_3',15,NULL,22,321,0),(94,'AssociationName_2',NULL,NULL,'AssociationName_2',14,NULL,22,320,0),(95,'shortName',NULL,NULL,'shortName',3,NULL,27,287,0),(96,'name',NULL,NULL,'name',2,NULL,27,286,0),(97,'id',NULL,NULL,'id',1,NULL,27,285,0),(98,'AssociationName_11',NULL,NULL,'AssociationName_11',1,NULL,22,288,0),(99,'shortName',NULL,NULL,'shortName',3,NULL,28,292,0),(100,'name',NULL,NULL,'name',2,NULL,28,291,0),(101,'id',NULL,NULL,'id',1,NULL,28,290,0),(102,'AssociationName_10',NULL,NULL,'AssociationName_10',2,NULL,22,293,0),(103,'AssociationName_9',NULL,NULL,'AssociationName_9',3,NULL,22,298,0),(104,'AssociationName_8',NULL,NULL,'AssociationName_8',4,NULL,22,303,0);
insert into  dyextn_control  ( IDENTIFIER , CAPTION , CSS_CLASS , HIDDEN , NAME , SEQUENCE_NUMBER , TOOLTIP , CONTAINER_ID , BASE_ABST_ATR_ID , READ_ONLY ) values (105,'AssociationName_7',NULL,NULL,'AssociationName_7',5,NULL,22,308,0),(106,'dateOfBirth',NULL,NULL,'dateOfBirth',6,NULL,22,309,0),(107,'dateOfDeath',NULL,NULL,'dateOfDeath',7,NULL,22,310,0),(108,'effectiveEndTimeStamp',NULL,NULL,'effectiveEndTimeStamp',8,NULL,22,311,0),(109,'effectiveStartTimeStamp',NULL,NULL,'effectiveStartTimeStamp',9,NULL,22,312,0),(110,'mothersMaidenName',NULL,NULL,'mothersMaidenName',10,NULL,22,313,0),(111,'placeOfBirth',NULL,NULL,'placeOfBirth',11,NULL,22,314,0),(112,'socialSecurityNumber',NULL,NULL,'socialSecurityNumber',12,NULL,22,315,0),(113,'AssociationName_1',NULL,NULL,'AssociationName_1',13,NULL,22,316,0),(114,'AssociationName_2',NULL,NULL,'AssociationName_2',3,NULL,21,352,0),(115,'AssociationName_3',NULL,NULL,'AssociationName_3',2,NULL,21,282,0),(116,'AssociationName_4',NULL,NULL,'AssociationName_4',1,NULL,21,129,0),(117,'shortName',NULL,NULL,'shortName',3,NULL,29,237,0),(118,'name',NULL,NULL,'name',2,NULL,29,236,0),(119,'id',NULL,NULL,'id',1,NULL,29,235,0),(120,'bed',NULL,NULL,'bed',3,NULL,30,5,0),(121,'location',NULL,NULL,'location',2,NULL,30,4,0),(122,'room',NULL,NULL,'room',1,NULL,30,3,0),(123,'shortName',NULL,NULL,'shortName',3,NULL,31,13,0),(124,'name',NULL,NULL,'name',2,NULL,31,12,0),(125,'id',NULL,NULL,'id',1,NULL,31,11,0),(126,'shortName',NULL,NULL,'shortName',3,NULL,32,106,0),(127,'name',NULL,NULL,'name',2,NULL,32,105,0),(128,'id',NULL,NULL,'id',1,NULL,32,104,0),(129,'shortName',NULL,NULL,'shortName',3,NULL,33,101,0),(130,'name',NULL,NULL,'name',2,NULL,33,100,0),(131,'id',NULL,NULL,'id',1,NULL,33,99,0),(132,'shortName',NULL,NULL,'shortName',3,NULL,34,153,0),(133,'name',NULL,NULL,'name',2,NULL,34,152,0),(134,'id',NULL,NULL,'id',1,NULL,34,151,0),(135,'shortName',NULL,NULL,'shortName',3,NULL,35,148,0),(136,'name',NULL,NULL,'name',2,NULL,35,147,0),(137,'id',NULL,NULL,'id',1,NULL,35,146,0);
insert into  dyextn_control  ( IDENTIFIER , CAPTION , CSS_CLASS , HIDDEN , NAME , SEQUENCE_NUMBER , TOOLTIP , CONTAINER_ID , BASE_ABST_ATR_ID , READ_ONLY ) values (138,'initials',NULL,NULL,'initials',4,NULL,36,119,0),(139,'shortName',NULL,NULL,'shortName',3,NULL,36,118,0),(140,'name',NULL,NULL,'name',2,NULL,36,117,0),(141,'id',NULL,NULL,'id',1,NULL,36,116,0),(142,'AssociationName_19',NULL,NULL,'AssociationName_19',36,NULL,37,274,0),(143,'AssociationName_18',NULL,NULL,'AssociationName_18',35,NULL,37,269,0),(144,'AssociationName_17',NULL,NULL,'AssociationName_17',34,NULL,37,264,0),(145,'AssociationName_16',NULL,NULL,'AssociationName_16',33,NULL,37,259,0),(146,'AssociationName_15',NULL,NULL,'AssociationName_15',32,NULL,37,254,0),(147,'AssociationName_14',NULL,NULL,'AssociationName_14',31,NULL,37,238,0),(148,'AssociationName_13',NULL,NULL,'AssociationName_13',30,NULL,37,233,0),(149,'AssociationName_12',NULL,NULL,'AssociationName_12',29,NULL,37,228,0),(150,'AssociationName_11',NULL,NULL,'AssociationName_11',28,NULL,37,227,0),(151,'AssociationName_10',NULL,NULL,'AssociationName_10',27,NULL,37,226,0),(152,'AssociationName_9',NULL,NULL,'AssociationName_9',26,NULL,37,225,0),(153,'AssociationName_6',NULL,NULL,'AssociationName_6',13,NULL,37,212,0),(154,'AssociationName_7',NULL,NULL,'AssociationName_7',12,NULL,37,211,0),(155,'AssociationName_20',NULL,NULL,'AssociationName_20',11,NULL,37,210,0),(156,'AssociationName_21',NULL,NULL,'AssociationName_21',10,NULL,37,193,0),(157,'AssociationName_22',NULL,NULL,'AssociationName_22',9,NULL,37,192,0),(158,'AssociationName_23',NULL,NULL,'AssociationName_23',8,NULL,37,187,0),(159,'AssociationName_24',NULL,NULL,'AssociationName_24',7,NULL,37,179,0);
insert into  dyextn_control  ( IDENTIFIER , CAPTION , CSS_CLASS , HIDDEN , NAME , SEQUENCE_NUMBER , TOOLTIP , CONTAINER_ID , BASE_ABST_ATR_ID , READ_ONLY ) values (160,'AssociationName_25',NULL,NULL,'AssociationName_25',6,NULL,37,154,0),(161,'AssociationName_26',NULL,NULL,'AssociationName_26',5,NULL,37,149,0),(162,'AssociationName_27',NULL,NULL,'AssociationName_27',4,NULL,37,144,0),(163,'AssociationName_28',NULL,NULL,'AssociationName_28',3,NULL,37,139,0),(164,'AssociationName_29',NULL,NULL,'AssociationName_29',2,NULL,37,134,0),(165,'AssociationName_30',NULL,NULL,'AssociationName_30',1,NULL,37,133,0),(166,'AssociationName_5',NULL,NULL,'AssociationName_5',14,NULL,37,213,0),(167,'AssociationName_4',NULL,NULL,'AssociationName_4',15,NULL,37,214,0),(168,'AssociationName_3',NULL,NULL,'AssociationName_3',16,NULL,37,215,0),(169,'AssociationName_2',NULL,NULL,'AssociationName_2',17,NULL,37,216,0),(170,'AssociationName_1',NULL,NULL,'AssociationName_1',18,NULL,37,217,0),(171,'teachingTeam',NULL,NULL,'teachingTeam',19,NULL,37,218,0),(172,'registrationTimeStamp',NULL,NULL,'registrationTimeStamp',20,NULL,37,219,0),(173,'effectingStartTimeStamp',NULL,NULL,'effectingStartTimeStamp',21,NULL,37,220,0),(174,'effectingEndTimeStamp',NULL,NULL,'effectingEndTimeStamp',22,NULL,37,221,0),(175,'dischargeTimeStamp',NULL,NULL,'dischargeTimeStamp',23,NULL,37,222,0),(176,'ageAtEncounter',NULL,NULL,'ageAtEncounter',24,NULL,37,223,0),(177,'AssociationName_8',NULL,NULL,'AssociationName_8',25,NULL,37,224,0),(178,'patientAccountNumber',NULL,NULL,'patientAccountNumber',4,NULL,38,131,0),(179,'AssociationName_1',NULL,NULL,'AssociationName_1',3,NULL,38,281,0),(180,'AssociationName_2',NULL,NULL,'AssociationName_2',2,NULL,38,280,0);
insert into  dyextn_control  ( IDENTIFIER , CAPTION , CSS_CLASS , HIDDEN , NAME , SEQUENCE_NUMBER , TOOLTIP , CONTAINER_ID , BASE_ABST_ATR_ID , READ_ONLY ) values (181,'AssociationName_3',NULL,NULL,'AssociationName_3',1,NULL,38,275,0),(182,'shortName',NULL,NULL,'shortName',3,NULL,39,263,0),(183,'name',NULL,NULL,'name',2,NULL,39,262,0),(184,'id',NULL,NULL,'id',1,NULL,39,261,0),(185,'shortName',NULL,NULL,'shortName',3,NULL,40,143,0),(186,'name',NULL,NULL,'name',2,NULL,40,142,0),(187,'id',NULL,NULL,'id',1,NULL,40,141,0),(188,'shortName',NULL,NULL,'shortName',3,NULL,41,393,0),(189,'name',NULL,NULL,'name',2,NULL,41,392,0),(190,'id',NULL,NULL,'id',1,NULL,41,391,0),(191,'shortName',NULL,NULL,'shortName',3,NULL,42,297,0),(192,'name',NULL,NULL,'name',2,NULL,42,296,0),(193,'id',NULL,NULL,'id',1,NULL,42,295,0),(194,'shortName',NULL,NULL,'shortName',3,NULL,43,111,0),(195,'name',NULL,NULL,'name',2,NULL,43,110,0),(196,'id',NULL,NULL,'id',1,NULL,43,109,0),(197,'AssociationName_1',NULL,NULL,'AssociationName_1',2,NULL,44,319,0),(198,'AssociationName_2',NULL,NULL,'AssociationName_2',1,NULL,44,318,0),(199,'endTimeStamp',NULL,NULL,'endTimeStamp',6,NULL,45,186,0),(200,'protocolId',NULL,NULL,'protocolId',5,NULL,45,185,0),(201,'startTimeStamp',NULL,NULL,'startTimeStamp',4,NULL,45,184,0),(202,'trailName',NULL,NULL,'trailName',3,NULL,45,183,0),(203,'trialId',NULL,NULL,'trialId',2,NULL,45,182,0),(204,'AssociationName_1',NULL,NULL,'AssociationName_1',1,NULL,45,181,0),(205,'shortName',NULL,NULL,'shortName',3,NULL,46,432,0),(206,'name',NULL,NULL,'name',2,NULL,46,431,0),(207,'id',NULL,NULL,'id',1,NULL,46,430,0),(208,'description',NULL,NULL,'description',6,NULL,47,253,0),(209,'sequence',NULL,NULL,'sequence',5,NULL,47,252,0),(210,'AssociationName_1',NULL,NULL,'AssociationName_1',4,NULL,47,251,0),(211,'AssociationName_2',NULL,NULL,'AssociationName_2',3,NULL,47,250,0),(212,'AssociationName_3',NULL,NULL,'AssociationName_3',2,NULL,47,249,0),(213,'AssociationName_4',NULL,NULL,'AssociationName_4',1,NULL,47,244,0);
insert into  dyextn_control  ( IDENTIFIER , CAPTION , CSS_CLASS , HIDDEN , NAME , SEQUENCE_NUMBER , TOOLTIP , CONTAINER_ID , BASE_ABST_ATR_ID , READ_ONLY ) values (214,'shortName',NULL,NULL,'shortName',3,NULL,48,248,0),(215,'name',NULL,NULL,'name',2,NULL,48,247,0),(216,'id',NULL,NULL,'id',1,NULL,48,246,0),(217,'shortName',NULL,NULL,'shortName',3,NULL,49,243,0),(218,'name',NULL,NULL,'name',2,NULL,49,242,0),(219,'id',NULL,NULL,'id',1,NULL,49,241,0),(220,'shortName',NULL,NULL,'shortName',3,NULL,50,273,0),(221,'name',NULL,NULL,'name',2,NULL,50,272,0),(222,'id',NULL,NULL,'id',1,NULL,50,271,0),(223,'shortName',NULL,NULL,'shortName',3,NULL,51,428,0),(224,'name',NULL,NULL,'name',2,NULL,51,427,0),(225,'id',NULL,NULL,'id',1,NULL,51,426,0),(226,'shortName',NULL,NULL,'shortName',3,NULL,52,268,0),(227,'name',NULL,NULL,'name',2,NULL,52,267,0),(228,'id',NULL,NULL,'id',1,NULL,52,266,0),(229,'AssociationName_2',NULL,NULL,'AssociationName_2',15,NULL,53,178,0),(230,'AssociationName_1',NULL,NULL,'AssociationName_1',14,NULL,53,173,0),(231,'AssociationName_4',NULL,NULL,'AssociationName_4',1,NULL,53,160,0),(232,'AssociationName_3',NULL,NULL,'AssociationName_3',2,NULL,53,161,0),(233,'companyId',NULL,NULL,'companyId',3,NULL,53,162,0),(234,'groupName',NULL,NULL,'groupName',4,NULL,53,163,0),(235,'groupNumber',NULL,NULL,'groupNumber',5,NULL,53,164,0),(236,'insuredGroupEmpId',NULL,NULL,'insuredGroupEmpId',6,NULL,53,165,0),(237,'insuredGroupEmpName',NULL,NULL,'insuredGroupEmpName',7,NULL,53,166,0),(238,'planEffectiveDate',NULL,NULL,'planEffectiveDate',8,NULL,53,167,0),(239,'planExpirationDate',NULL,NULL,'planExpirationDate',9,NULL,53,168,0),(240,'planId',NULL,NULL,'planId',10,NULL,53,169,0),(241,'policyNumber',NULL,NULL,'policyNumber',11,NULL,53,170,0),(242,'preAdmitCert',NULL,NULL,'preAdmitCert',12,NULL,53,171,0),(243,'sequence',NULL,NULL,'sequence',13,NULL,53,172,0),(244,'shortName',NULL,NULL,'shortName',3,NULL,54,177,0),(245,'name',NULL,NULL,'name',2,NULL,54,176,0);
insert into  dyextn_control  ( IDENTIFIER , CAPTION , CSS_CLASS , HIDDEN , NAME , SEQUENCE_NUMBER , TOOLTIP , CONTAINER_ID , BASE_ABST_ATR_ID , READ_ONLY ) values (246,'id',NULL,NULL,'id',1,NULL,54,175,0),(247,'accessionNumber',NULL,NULL,'accessionNumber',7,NULL,55,354,0),(248,'patientAccountNumber',NULL,NULL,'patientAccountNumber',6,NULL,55,413,0),(249,'procedureSynonym',NULL,NULL,'procedureSynonym',5,NULL,55,412,0),(250,'AssociationName_1',NULL,NULL,'AssociationName_1',4,NULL,55,411,0),(251,'AssociationName_2',NULL,NULL,'AssociationName_2',3,NULL,55,361,0),(252,'AssociationName_3',NULL,NULL,'AssociationName_3',2,NULL,55,360,0),(253,'AssociationName_4',NULL,NULL,'AssociationName_4',1,NULL,55,359,0),(254,'AssociationName_6',NULL,NULL,'AssociationName_6',14,NULL,56,410,0),(255,'AssociationName_7',NULL,NULL,'AssociationName_7',1,NULL,56,363,0),(256,'ageAtProcedure',NULL,NULL,'ageAtProcedure',2,NULL,56,364,0),(257,'collectionTimestamp',NULL,NULL,'collectionTimestamp',3,NULL,56,365,0),(258,'effectiveEndTimeStamp',NULL,NULL,'effectiveEndTimeStamp',4,NULL,56,366,0),(259,'effectiveStartTimeStamp',NULL,NULL,'effectiveStartTimeStamp',5,NULL,56,367,0),(260,'lastResultTimestamp',NULL,NULL,'lastResultTimestamp',6,NULL,56,368,0),(261,'procedureComment',NULL,NULL,'procedureComment',7,NULL,56,369,0),(262,'receivedTimestamp',NULL,NULL,'receivedTimestamp',8,NULL,56,370,0),(263,'AssociationName_1',NULL,NULL,'AssociationName_1',9,NULL,56,371,0),(264,'AssociationName_2',NULL,NULL,'AssociationName_2',10,NULL,56,372,0),(265,'AssociationName_3',NULL,NULL,'AssociationName_3',11,NULL,56,373,0),(266,'AssociationName_4',NULL,NULL,'AssociationName_4',12,NULL,56,404,0);
insert into  dyextn_control  ( IDENTIFIER , CAPTION , CSS_CLASS , HIDDEN , NAME , SEQUENCE_NUMBER , TOOLTIP , CONTAINER_ID , BASE_ABST_ATR_ID , READ_ONLY ) values (267,'AssociationName_5',NULL,NULL,'AssociationName_5',13,NULL,56,409,0),(268,'shortName',NULL,NULL,'shortName',3,NULL,57,358,0),(269,'name',NULL,NULL,'name',2,NULL,57,357,0),(270,'id',NULL,NULL,'id',1,NULL,57,356,0),(271,'resultComments',NULL,NULL,'resultComments',7,NULL,58,403,0),(272,'resultTimeStamp',NULL,NULL,'resultTimeStamp',6,NULL,58,402,0),(273,'testSynonym',NULL,NULL,'testSynonym',5,NULL,58,401,0),(274,'AssociationName_1',NULL,NULL,'AssociationName_1',4,NULL,58,400,0),(275,'AssociationName_2',NULL,NULL,'AssociationName_2',3,NULL,58,394,0),(276,'AssociationName_3',NULL,NULL,'AssociationName_3',2,NULL,58,389,0),(277,'AssociationName_4',NULL,NULL,'AssociationName_4',1,NULL,58,375,0),(278,'standardUnitOfMeasure',NULL,NULL,'standardUnitOfMeasure',4,NULL,59,399,0),(279,'shortName',NULL,NULL,'shortName',3,NULL,59,398,0),(280,'name',NULL,NULL,'name',2,NULL,59,397,0),(281,'id',NULL,NULL,'id',1,NULL,59,396,0),(282,'type',NULL,NULL,'type',3,NULL,60,279,0),(283,'value',NULL,NULL,'value',2,NULL,60,278,0),(284,'AssociationName_1',NULL,NULL,'AssociationName_1',1,NULL,60,277,0),(285,'shortName',NULL,NULL,'shortName',3,NULL,61,124,0),(286,'name',NULL,NULL,'name',2,NULL,61,123,0),(287,'id',NULL,NULL,'id',1,NULL,61,122,0),(288,'medicationText',NULL,NULL,'medicationText',9,NULL,62,65,0),(289,'quantity',NULL,NULL,'quantity',8,NULL,62,64,0),(290,'strength',NULL,NULL,'strength',7,NULL,62,63,0),(291,'AssociationName_1',NULL,NULL,'AssociationName_1',6,NULL,62,62,0),(292,'AssociationName_2',NULL,NULL,'AssociationName_2',5,NULL,62,57,0),(293,'AssociationName_3',NULL,NULL,'AssociationName_3',4,NULL,62,52,0),(294,'AssociationName_4',NULL,NULL,'AssociationName_4',3,NULL,62,47,0),(295,'AssociationName_5',NULL,NULL,'AssociationName_5',2,NULL,62,42,0);
insert into  dyextn_control  ( IDENTIFIER , CAPTION , CSS_CLASS , HIDDEN , NAME , SEQUENCE_NUMBER , TOOLTIP , CONTAINER_ID , BASE_ABST_ATR_ID , READ_ONLY ) values (296,'AssociationName_6',NULL,NULL,'AssociationName_6',1,NULL,62,41,0),(297,'shortName',NULL,NULL,'shortName',3,NULL,63,56,0),(298,'name',NULL,NULL,'name',2,NULL,63,55,0),(299,'id',NULL,NULL,'id',1,NULL,63,54,0),(300,'shortName',NULL,NULL,'shortName',3,NULL,64,46,0),(301,'name',NULL,NULL,'name',2,NULL,64,45,0),(302,'id',NULL,NULL,'id',1,NULL,64,44,0),(303,'shortName',NULL,NULL,'shortName',3,NULL,65,51,0),(304,'name',NULL,NULL,'name',2,NULL,65,50,0),(305,'id',NULL,NULL,'id',1,NULL,65,49,0),(306,'medicationSynonym',NULL,NULL,'medicationSynonym',7,NULL,66,128,0),(307,'orderNumber',NULL,NULL,'orderNumber',6,NULL,66,127,0),(308,'patientAccountNumber',NULL,NULL,'patientAccountNumber',5,NULL,66,126,0),(309,'AssociationName_1',NULL,NULL,'AssociationName_1',4,NULL,66,125,0),(310,'AssociationName_2',NULL,NULL,'AssociationName_2',3,NULL,66,120,0),(311,'AssociationName_3',NULL,NULL,'AssociationName_3',2,NULL,66,114,0),(312,'AssociationName_4',NULL,NULL,'AssociationName_4',1,NULL,66,113,0),(313,'AssociationName_8',NULL,NULL,'AssociationName_8',29,NULL,67,112,0),(314,'AssociationName_7',NULL,NULL,'AssociationName_7',28,NULL,67,107,0),(315,'AssociationName_6',NULL,NULL,'AssociationName_6',27,NULL,67,102,0),(316,'AssociationName_5',NULL,NULL,'AssociationName_5',26,NULL,67,97,0),(317,'groupOrderNumber',NULL,NULL,'groupOrderNumber',13,NULL,67,80,0),(318,'infusionAmount',NULL,NULL,'infusionAmount',12,NULL,67,79,0),(319,'infusionDuration',NULL,NULL,'infusionDuration',11,NULL,67,78,0),(320,'infusionHangDuration',NULL,NULL,'infusionHangDuration',10,NULL,67,77,0),(321,'lastRefillDateTime',NULL,NULL,'lastRefillDateTime',9,NULL,67,76,0),(322,'numberOfRefills',NULL,NULL,'numberOfRefills',8,NULL,67,75,0);
insert into  dyextn_control  ( IDENTIFIER , CAPTION , CSS_CLASS , HIDDEN , NAME , SEQUENCE_NUMBER , TOOLTIP , CONTAINER_ID , BASE_ABST_ATR_ID , READ_ONLY ) values (323,'orderEndDateTime',NULL,NULL,'orderEndDateTime',7,NULL,67,74,0),(324,'orderStartDateTime',NULL,NULL,'orderStartDateTime',6,NULL,67,73,0),(325,'quantity',NULL,NULL,'quantity',5,NULL,67,72,0),(326,'AssociationName_9',NULL,NULL,'AssociationName_9',4,NULL,67,71,0),(327,'AssociationName_10',NULL,NULL,'AssociationName_10',3,NULL,67,66,0),(328,'AssociationName_11',NULL,NULL,'AssociationName_11',2,NULL,67,35,0),(329,'AssociationName_12',NULL,NULL,'AssociationName_12',1,NULL,67,34,0),(330,'explicitInterval',NULL,NULL,'explicitInterval',14,NULL,67,81,0),(331,'effectiveStartTimeStamp',NULL,NULL,'effectiveStartTimeStamp',15,NULL,67,82,0),(332,'effectiveEndTimeStamp',NULL,NULL,'effectiveEndTimeStamp',16,NULL,67,83,0),(333,'duration',NULL,NULL,'duration',17,NULL,67,84,0),(334,'quantityMaximum',NULL,NULL,'quantityMaximum',18,NULL,67,85,0),(335,'quantityMinimum',NULL,NULL,'quantityMinimum',19,NULL,67,86,0),(336,'specialDispensingInstructions',NULL,NULL,'specialDispensingInstructions',20,NULL,67,87,0),(337,'strength',NULL,NULL,'strength',21,NULL,67,88,0),(338,'AssociationName_1',NULL,NULL,'AssociationName_1',22,NULL,67,89,0),(339,'AssociationName_2',NULL,NULL,'AssociationName_2',23,NULL,67,90,0),(340,'AssociationName_3',NULL,NULL,'AssociationName_3',24,NULL,67,91,0),(341,'AssociationName_4',NULL,NULL,'AssociationName_4',25,NULL,67,92,0),(342,'shortName',NULL,NULL,'shortName',3,NULL,68,61,0),(343,'name',NULL,NULL,'name',2,NULL,68,60,0),(344,'id',NULL,NULL,'id',1,NULL,68,59,0),(345,'high',NULL,NULL,'high',3,NULL,69,381,0),(346,'low',NULL,NULL,'low',2,NULL,69,380,0),(347,'value',NULL,NULL,'value',1,NULL,69,379,0),(348,'shortName',NULL,NULL,'shortName',3,NULL,70,258,0);
insert into  dyextn_control  ( IDENTIFIER , CAPTION , CSS_CLASS , HIDDEN , NAME , SEQUENCE_NUMBER , TOOLTIP , CONTAINER_ID , BASE_ABST_ATR_ID , READ_ONLY ) values (349,'name',NULL,NULL,'name',2,NULL,70,257,0),(350,'id',NULL,NULL,'id',1,NULL,70,256,0),(351,'shortName',NULL,NULL,'shortName',3,NULL,71,232,0),(352,'name',NULL,NULL,'name',2,NULL,71,231,0),(353,'id',NULL,NULL,'id',1,NULL,71,230,0);


insert into  dyextn_database_properties  ( IDENTIFIER , NAME ) values (1,NULL),(2,'DE_E_391'),(3,'DE_AT_395'),(4,'DE_AT_394'),(5,'DE_AT_393'),(6,NULL),(7,'DE_E_9'),(8,'DE_AT_11'),(9,'DE_AT_13'),(10,'DE_AT_12'),(11,NULL),(12,'DE_AT_396'),(13,'DE_E_386'),(14,'DE_AT_390'),(15,'DE_AT_389'),(16,'DE_AT_388'),(17,NULL),(18,'DE_E_383'),(19,'DE_AS_907'),(20,'DE_E_S_911'),(21,NULL),(22,'DE_E_149'),(23,'DE_AT_157'),(24,'DE_AT_156'),(25,'DE_AT_155'),(26,'DE_AT_154'),(27,'DE_AT_153'),(28,'DE_AT_152'),(29,'DE_AT_151'),(30,'DE_AS_903'),(31,NULL),(32,'DE_AT_424'),(33,'DE_E_49'),(34,'DE_AT_53'),(35,'DE_AT_52'),(36,'DE_AT_51'),(37,'DE_AS_899'),(38,NULL),(39,'DE_E_168'),(40,'DE_AT_171'),(41,NULL),(42,'DE_E_291'),(43,NULL),(44,'DE_E_251'),(45,'DE_AS_912'),(46,'DE_AS_886'),(47,NULL),(48,'DE_E_354'),(49,NULL),(50,'DE_AT_426'),(51,'DE_E_59'),(52,'DE_AT_63'),(53,'DE_AT_62'),(54,'DE_AT_61'),(55,'DE_AS_858'),(56,'DE_AS_854'),(57,NULL),(58,'DE_AT_441'),(59,'DE_E_246'),(60,'DE_AT_250'),(61,'DE_AT_249'),(62,'DE_AT_248'),(63,'DE_AS_850'),(64,NULL),(65,'DE_AT_403'),(66,'DE_E_334'),(67,'DE_AT_338'),(68,'DE_AT_337'),(69,'DE_AT_336'),(70,'DE_AS_846'),(71,NULL),(72,'DE_AT_439'),(73,'DE_E_229'),(74,'DE_AT_233'),(75,'DE_AT_232'),(76,'DE_AT_231'),(77,'DE_AS_842'),(78,NULL),(79,'DE_AT_428'),(80,'DE_E_132'),(81,'DE_AT_136'),(82,'DE_AT_135'),(83,'DE_AT_134'),(84,'DE_AS_838'),(85,'DE_AT_358');
insert into  dyextn_database_properties  ( IDENTIFIER , NAME ) values (86,'DE_AT_357'),(87,'DE_AT_356'),(88,'DE_AS_834'),(89,NULL),(90,'DE_AT_404'),(91,'DE_E_329'),(92,'DE_AT_333'),(93,'DE_AT_332'),(94,'DE_AT_331'),(95,'DE_AS_817'),(96,'DE_AT_265'),(97,'DE_AT_264'),(98,'DE_AT_263'),(99,'DE_AT_262'),(100,'DE_AT_261'),(101,'DE_AT_260'),(102,'DE_AT_259'),(103,'DE_AT_258'),(104,'DE_AT_257'),(105,'DE_AT_256'),(106,'DE_AT_255'),(107,'DE_AT_254'),(108,'DE_AT_253'),(109,'DE_AT_266'),(110,'DE_AT_267'),(111,'DE_AT_268'),(112,'DE_AT_269'),(113,'DE_AS_686'),(114,'DE_AS_690'),(115,'DE_AS_694'),(116,'DE_AS_698'),(117,NULL),(118,'DE_AT_414'),(119,'DE_E_104'),(120,'DE_AT_108'),(121,'DE_AT_107'),(122,'DE_AT_106'),(123,'DE_AS_702'),(124,NULL),(125,'DE_AT_416'),(126,'DE_E_85'),(127,'DE_AT_89'),(128,'DE_AT_88'),(129,'DE_AT_87'),(130,'DE_AS_706'),(131,NULL),(132,'DE_AT_422'),(133,'DE_E_35'),(134,'DE_AT_39'),(135,'DE_AT_38'),(136,'DE_AT_37'),(137,'DE_AS_710'),(138,NULL),(139,'DE_AT_430'),(140,'DE_E_144'),(141,'DE_AT_148'),(142,'DE_AT_147'),(143,'DE_AT_146'),(144,'DE_AS_714'),(145,'DE_AS_772'),(146,'DE_AS_768'),(147,NULL),(148,'DE_AT_409'),(149,'DE_E_282'),(150,'DE_AT_287'),(151,'DE_AT_286'),(152,'DE_AT_285'),(153,'DE_AT_284'),(154,'DE_AS_764'),(155,NULL),(156,'DE_AT_431'),(157,'DE_E_158'),(158,'DE_AT_162'),(159,'DE_AT_161');
insert into  dyextn_database_properties  ( IDENTIFIER , NAME ) values (160,'DE_AT_160'),(161,'DE_AS_760'),(162,'DE_AT_295'),(163,'DE_AT_294'),(164,'DE_AT_293'),(165,'DE_AS_755'),(166,'DE_E_T_759'),(167,NULL),(168,'DE_E_288'),(169,'DE_AT_290'),(170,NULL),(171,'DE_E_1'),(172,'DE_AS_916'),(173,'DE_AS_882'),(174,NULL),(175,'DE_AT_398'),(176,'DE_E_371'),(177,'DE_AT_375'),(178,'DE_AT_374'),(179,'DE_AT_373'),(180,'DE_AS_874'),(181,NULL),(182,'DE_AT_402'),(183,'DE_E_339'),(184,'DE_AT_343'),(185,'DE_AT_342'),(186,'DE_AT_341'),(187,'DE_AS_821'),(188,NULL),(189,'DE_AT_405'),(190,'DE_E_324'),(191,'DE_AT_328'),(192,'DE_AT_327'),(193,'DE_AT_326'),(194,'DE_AS_805'),(195,NULL),(196,'DE_AT_407'),(197,'DE_E_314'),(198,'DE_AT_318'),(199,'DE_AT_317'),(200,'DE_AT_316'),(201,'DE_AS_797'),(202,NULL),(203,'DE_E_301'),(204,NULL),(205,'DE_AT_399'),(206,'DE_E_364'),(207,'DE_AT_368'),(208,'DE_AT_367'),(209,'DE_AT_366'),(210,'DE_AS_870'),(211,'DE_AS_792'),(212,'DE_E_S_796'),(213,'DE_AT_303'),(214,'DE_AT_304'),(215,'DE_AT_305'),(216,'DE_AT_306'),(217,'DE_AT_307'),(218,'DE_AT_308'),(219,'DE_AT_309'),(220,'DE_AT_310'),(221,'DE_AT_311'),(222,'DE_AT_312'),(223,'DE_AT_313'),(224,'DE_AS_784'),(225,NULL),(226,'DE_AT_410'),(227,'DE_E_277'),(228,'DE_AT_281'),(229,'DE_AT_280'),(230,'DE_AT_279'),(231,'DE_AS_788'),(232,'DE_AS_780'),(233,NULL),(234,'DE_E_239');
insert into  dyextn_database_properties  ( IDENTIFIER , NAME ) values (235,'DE_AS_682'),(236,'DE_AT_245'),(237,'DE_AT_244'),(238,'DE_AT_243'),(239,'DE_AT_242'),(240,'DE_AT_241'),(241,'DE_AS_678'),(242,NULL),(243,'DE_AT_436'),(244,'DE_E_214'),(245,'DE_AT_218'),(246,'DE_AT_217'),(247,'DE_AT_216'),(248,'DE_AS_662'),(249,'DE_AS_658'),(250,NULL),(251,'DE_E_198'),(252,'DE_AS_890'),(253,NULL),(254,'DE_AT_406'),(255,'DE_E_319'),(256,'DE_AT_323'),(257,'DE_AT_322'),(258,'DE_AT_321'),(259,'DE_AS_801'),(260,NULL),(261,'DE_AT_435'),(262,'DE_E_209'),(263,'DE_AT_213'),(264,'DE_AT_212'),(265,'DE_AT_211'),(266,'DE_AS_654'),(267,'DE_AS_646'),(268,'DE_AS_642'),(269,'DE_AT_201'),(270,'DE_AT_200'),(271,'DE_AS_638'),(272,'DE_AS_471'),(273,'DE_E_S_475'),(274,'DE_AS_466'),(275,'DE_E_S_470'),(276,'DE_AS_462'),(277,'DE_AS_457'),(278,'DE_E_S_461'),(279,'DE_AS_452'),(280,'DE_E_S_456'),(281,'DE_AS_447'),(282,'DE_E_S_451'),(283,'DE_AS_442'),(284,'DE_E_S_446'),(285,'DE_AT_8'),(286,'DE_AT_7'),(287,'DE_AT_6'),(288,'DE_AT_5'),(289,'DE_AT_4'),(290,'DE_AT_3'),(291,'DE_AS_476'),(292,'DE_E_S_480'),(293,'DE_AS_481'),(294,'DE_E_S_485'),(295,'DE_AS_486'),(296,'DE_E_S_490'),(297,'DE_AS_491'),(298,'DE_E_S_495'),(299,'DE_AS_496'),(300,NULL),(301,'DE_AT_420'),(302,'DE_E_25'),(303,'DE_AT_29'),(304,'DE_AT_28'),(305,'DE_AT_27'),(306,'DE_AS_500'),(307,NULL);
insert into  dyextn_database_properties  ( IDENTIFIER , NAME ) values (308,'DE_AT_421'),(309,'DE_E_30'),(310,'DE_AT_34'),(311,'DE_AT_33'),(312,'DE_AT_32'),(313,'DE_AS_504'),(314,NULL),(315,'DE_E_40'),(316,NULL),(317,'DE_AT_415'),(318,'DE_E_94'),(319,'DE_AT_98'),(320,'DE_AT_97'),(321,'DE_AT_96'),(322,'DE_AS_542'),(323,NULL),(324,'DE_AT_418'),(325,'DE_E_75'),(326,'DE_AT_79'),(327,'DE_AT_78'),(328,'DE_AT_77'),(329,'DE_AS_534'),(330,'DE_AS_517'),(331,'DE_E_S_521'),(332,'DE_AS_512'),(333,'DE_E_S_516'),(334,'DE_AT_43'),(335,'DE_AT_42'),(336,'DE_AS_508'),(337,NULL),(338,'DE_AT_425'),(339,'DE_E_54'),(340,'DE_AT_58'),(341,'DE_AT_57'),(342,'DE_AT_56'),(343,'DE_AS_522'),(344,NULL),(345,'DE_AT_417'),(346,'DE_E_80'),(347,'DE_AT_84'),(348,'DE_AT_83'),(349,'DE_AT_82'),(350,'DE_AS_538'),(351,NULL),(352,'DE_AT_432'),(353,'DE_E_173'),(354,'DE_AT_177'),(355,'DE_AT_176'),(356,'DE_AT_175'),(357,'DE_AS_597'),(358,NULL),(359,'DE_AT_433'),(360,'DE_E_178'),(361,'DE_AT_182'),(362,'DE_AT_181'),(363,'DE_AT_180'),(364,'DE_AS_601'),(365,'DE_AS_750'),(366,'DE_E_T_754'),(367,NULL),(368,'DE_E_90'),(369,'DE_AS_722'),(370,'DE_AT_93'),(371,'DE_AT_92'),(372,'DE_AS_745'),(373,'DE_E_T_749'),(374,'DE_AS_740'),(375,'DE_E_T_744'),(376,'DE_AS_735'),(377,'DE_E_T_739'),(378,NULL),(379,'DE_E_189'),(380,NULL),(381,'DE_AT_401'),(382,'DE_E_344'),(383,'DE_AT_348');
insert into  dyextn_database_properties  ( IDENTIFIER , NAME ) values (384,'DE_AT_347'),(385,'DE_AT_346'),(386,'DE_AS_825'),(387,NULL),(388,'DE_AT_411'),(389,'DE_E_272'),(390,'DE_AT_276'),(391,'DE_AT_275'),(392,'DE_AT_274'),(393,'DE_AS_718'),(394,NULL),(395,'DE_AT_440'),(396,'DE_E_234'),(397,'DE_AT_238'),(398,'DE_AT_237'),(399,'DE_AT_236'),(400,'DE_AS_674'),(401,NULL),(402,'DE_AT_437'),(403,'DE_E_219'),(404,'DE_AT_223'),(405,'DE_AT_222'),(406,'DE_AT_221'),(407,'DE_AS_666'),(408,NULL),(409,'DE_AT_434'),(410,'DE_E_202'),(411,'DE_AT_206'),(412,'DE_AT_205'),(413,'DE_AT_204'),(414,'DE_AS_650'),(415,'DE_AT_191'),(416,'DE_AT_192'),(417,'DE_AT_193'),(418,'DE_AT_194'),(419,'DE_AT_195'),(420,'DE_AT_196'),(421,'DE_AT_197'),(422,'DE_AS_614'),(423,NULL),(424,'DE_E_183'),(425,'DE_AS_866'),(426,'DE_AS_605'),(427,'DE_AS_618'),(428,'DE_AS_622'),(429,NULL),(430,'DE_E_185'),(431,'DE_AT_188'),(432,'DE_AT_187'),(433,'DE_AS_626'),(434,NULL),(435,'DE_E_19'),(436,NULL),(437,'DE_AT_397'),(438,'DE_E_376'),(439,'DE_AT_380'),(440,'DE_AT_379'),(441,'DE_AT_378'),(442,'DE_AS_878'),(443,NULL),(444,'DE_AT_408'),(445,'DE_E_296'),(446,'DE_AT_300'),(447,'DE_AT_299'),(448,'DE_AT_298'),(449,'DE_AS_776'),(450,NULL),(451,'DE_AT_438'),(452,'DE_E_224'),(453,'DE_AT_228'),(454,'DE_AT_227'),(455,'DE_AT_226'),(456,'DE_AS_670'),(457,'DE_AT_24'),(458,'DE_AT_23');
insert into  dyextn_database_properties  ( IDENTIFIER , NAME ) values (459,'DE_AT_22'),(460,'DE_AT_21'),(461,'DE_AS_630'),(462,NULL),(463,'DE_AT_412'),(464,'DE_E_127'),(465,'DE_AT_131'),(466,'DE_AT_130'),(467,'DE_AT_129'),(468,'DE_AS_634'),(469,'DE_AS_609'),(470,'DE_E_T_613'),(471,NULL),(472,'DE_E_163'),(473,'DE_AT_165'),(474,NULL),(475,'DE_AT_400'),(476,'DE_E_349'),(477,'DE_AT_353'),(478,'DE_AT_352'),(479,'DE_AT_351'),(480,'DE_AS_829'),(481,'DE_E_T_833'),(482,'DE_AS_730'),(483,'DE_E_T_734'),(484,'DE_AS_587'),(485,'DE_E_T_591'),(486,NULL),(487,'DE_E_118'),(488,'DE_AS_809'),(489,'DE_AT_120'),(490,'DE_AT_121'),(491,'DE_AT_122'),(492,'DE_AT_123'),(493,'DE_AT_124'),(494,'DE_AT_125'),(495,'DE_AT_126'),(496,'DE_AS_550'),(497,'DE_AS_554'),(498,'DE_AS_558'),(499,NULL),(500,'DE_E_70'),(501,'DE_AS_813'),(502,NULL),(503,'DE_E_142'),(504,NULL),(505,'DE_E_99'),(506,NULL),(507,'DE_E_359'),(508,'DE_AT_363'),(509,'DE_AT_362'),(510,'DE_AT_361'),(511,'DE_AS_862'),(512,'DE_AS_546'),(513,'DE_AT_103'),(514,'DE_AT_102'),(515,'DE_AT_101'),(516,'DE_AS_578'),(517,'DE_AS_574'),(518,'DE_AS_570'),(519,NULL),(520,'DE_AT_423'),(521,'DE_E_44'),(522,'DE_AT_48'),(523,'DE_AT_47'),(524,'DE_AT_46'),(525,'DE_AS_530'),(526,NULL),(527,'DE_AT_427'),(528,'DE_E_64'),(529,'DE_AT_69'),(530,'DE_AT_68'),(531,'DE_AT_67'),(532,'DE_AT_66'),(533,'DE_AS_526'),(534,'DE_AT_74');
insert into  dyextn_database_properties  ( IDENTIFIER , NAME ) values (535,'DE_AT_73'),(536,'DE_AT_72'),(537,'DE_AS_562'),(538,NULL),(539,'DE_AT_429'),(540,'DE_E_137'),(541,'DE_AT_141'),(542,'DE_AT_140'),(543,'DE_AT_139'),(544,'DE_AS_566'),(545,'DE_AS_726'),(546,'DE_AS_582'),(547,'DE_E_T_586'),(548,'DE_AT_167'),(549,'DE_AT_166'),(550,'DE_AS_592'),(551,'DE_E_T_596'),(552,'DE_AT_172'),(553,'DE_AT_170'),(554,'DE_AS_894'),(555,'DE_E_S_898'),(556,'DE_AT_385'),(557,NULL),(558,'DE_E_381'),(559,NULL),(560,'DE_E_369'),(561,NULL),(562,'DE_E_270'),(563,NULL),(564,'DE_E_114'),(565,'DE_AT_117'),(566,'DE_AT_116'),(567,NULL),(568,'DE_AT_413'),(569,'DE_E_109'),(570,'DE_AT_113'),(571,'DE_AT_112'),(572,'DE_AT_111'),(573,NULL),(574,'DE_AT_419'),(575,'DE_E_14'),(576,'DE_AT_18'),(577,'DE_AT_17'),(578,'DE_AT_16'),(579,NULL),(580,'DE_E_207');

/*Data for the table  dyextn_date_concept_value  */

insert into  dyextn_date_concept_value  ( IDENTIFIER , VALUE ) values (31,NULL),(32,NULL),(33,NULL),(37,NULL),(38,NULL),(73,NULL),(74,NULL),(82,NULL),(84,NULL),(91,NULL),(93,NULL),(94,NULL),(95,NULL),(96,NULL),(126,NULL),(127,NULL),(128,NULL),(129,NULL),(150,NULL),(151,NULL),(152,NULL),(153,NULL),(155,NULL),(164,NULL);

/*Data for the table  dyextn_date_type_info  */

insert into  dyextn_date_type_info  ( IDENTIFIER , FORMAT ) values (43,'MM-dd-yyyy'),(44,'MM-dd-yyyy'),(46,'MM-dd-yyyy'),(52,'MM-dd-yyyy'),(53,'MM-dd-yyyy'),(102,'MM-dd-yyyy'),(103,'MM-dd-yyyy'),(113,'MM-dd-yyyy HH:mm'),(115,'MM-dd-yyyy HH:mm'),(126,'MM-dd-yyyy'),(128,'MM-dd-yyyy HH:mm'),(129,'MM-dd-yyyy HH:mm'),(130,'MM-dd-yyyy HH:mm'),(131,'MM-dd-yyyy HH:mm'),(176,'MM-dd-yyyy'),(177,'MM-dd-yyyy'),(178,'MM-dd-yyyy HH:mm'),(179,'MM-dd-yyyy HH:mm'),(206,'MM-dd-yyyy HH:mm'),(207,'MM-dd-yyyy HH:mm'),(208,'MM-dd-yyyy HH:mm'),(209,'MM-dd-yyyy HH:mm'),(211,'MM-dd-yyyy HH:mm'),(226,'MM-dd-yyyy HH:mm');

/*Data for the table  dyextn_datepicker  */

insert into  dyextn_datepicker  ( IDENTIFIER , DATE_VALUE_TYPE ) values (54,NULL),(106,NULL),(107,NULL),(108,NULL),(109,NULL),(172,NULL),(173,NULL),(174,NULL),(175,NULL),(199,NULL),(201,NULL),(238,NULL),(239,NULL),(257,NULL),(258,NULL),(259,NULL),(260,NULL),(262,NULL),(272,NULL),(321,NULL),(323,NULL),(324,NULL),(331,NULL),(332,NULL);

/*Data for the table  dyextn_double_concept_value  */

/*Data for the table  dyextn_double_type_info  */

insert into  dyextn_double_type_info  ( IDENTIFIER ) values (36),(37),(42),(45),(49),(50),(55),(56),(58),(107),(125),(132),(145),(205),(213),(214),(216),(217);

/*Data for the table  dyextn_entity  */

insert into  dyextn_entity  ( IDENTIFIER , DATA_TABLE_STATE , ENTITY_GROUP_ID , IS_ABSTRACT , PARENT_ENTITY_ID , INHERITANCE_STRATEGY , DISCRIMINATOR_COLUMN_NAME , DISCRIMINATOR_VALUE ) values (2,2,1,0,NULL,3,NULL,NULL),(6,2,1,1,NULL,3,NULL,NULL),(10,2,1,0,6,3,NULL,NULL),(14,2,1,0,NULL,3,NULL,NULL),(16,2,1,0,NULL,3,NULL,NULL),(25,2,1,0,6,3,NULL,NULL),(30,2,1,0,NULL,3,NULL,NULL),(32,2,1,0,NULL,3,NULL,NULL),(33,2,1,0,NULL,3,NULL,NULL),(36,2,1,0,NULL,3,NULL,NULL),(37,2,1,0,6,3,NULL,NULL),(43,2,1,0,6,3,NULL,NULL),(48,2,1,0,6,3,NULL,NULL),(53,2,1,0,6,3,NULL,NULL),(58,2,1,0,6,3,NULL,NULL),(67,2,1,0,6,3,NULL,NULL),(93,2,1,0,6,3,NULL,NULL),(98,2,1,0,6,3,NULL,NULL),(103,2,1,0,6,3,NULL,NULL),(108,2,1,0,6,3,NULL,NULL),(115,2,1,0,6,3,NULL,NULL),(121,2,1,0,6,3,NULL,NULL),(130,2,1,0,NULL,3,NULL,NULL),(132,2,1,0,NULL,3,NULL,NULL),(135,2,1,0,6,3,NULL,NULL),(140,2,1,0,6,3,NULL,NULL),(145,2,1,0,6,3,NULL,NULL),(150,2,1,0,6,3,NULL,NULL),(155,2,1,0,NULL,3,NULL,NULL),(156,2,1,0,6,3,NULL,NULL),(174,2,1,0,6,3,NULL,NULL),(180,2,1,0,NULL,3,NULL,NULL),(188,2,1,0,6,3,NULL,NULL),(194,2,1,0,NULL,3,NULL,NULL),(196,2,1,0,6,3,NULL,NULL),(201,2,1,0,6,3,NULL,NULL),(229,2,1,0,6,3,NULL,NULL),(234,2,1,0,6,3,NULL,NULL),(239,2,1,0,NULL,3,NULL,NULL),(240,2,1,0,6,3,NULL,NULL),(245,2,1,0,6,3,NULL,NULL),(255,2,1,0,6,3,NULL,NULL),(260,2,1,0,6,3,NULL,NULL),(265,2,1,0,6,3,NULL,NULL),(270,2,1,0,6,3,NULL,NULL),(276,2,1,0,NULL,3,NULL,NULL),(283,2,1,0,NULL,3,NULL,NULL),(284,2,1,0,6,3,NULL,NULL),(289,2,1,0,6,3,NULL,NULL),(294,2,1,0,6,3,NULL,NULL),(299,2,1,0,6,3,NULL,NULL),(304,2,1,0,6,3,NULL,NULL),(317,2,1,0,NULL,3,NULL,NULL),(322,2,1,0,NULL,3,NULL,NULL),(326,2,1,0,NULL,3,NULL,NULL),(327,2,1,0,6,3,NULL,NULL),(332,2,1,0,6,3,NULL,NULL),(337,2,1,0,6,3,NULL,NULL),(347,2,1,0,6,3,NULL,NULL),(353,2,1,0,NULL,3,NULL,NULL),(355,2,1,0,6,3,NULL,NULL),(362,2,1,0,NULL,3,NULL,NULL),(374,2,1,0,NULL,3,NULL,NULL),(376,2,1,0,NULL,3,NULL,NULL),(377,2,1,0,NULL,3,NULL,NULL),(378,2,1,0,NULL,3,NULL,NULL),(390,2,1,0,6,3,NULL,NULL),(395,2,1,0,6,3,NULL,NULL),(405,2,1,0,6,3,NULL,NULL),(419,2,1,0,NULL,3,NULL,NULL),(420,2,1,0,NULL,3,NULL,NULL),(421,2,1,0,NULL,3,NULL,NULL),(422,2,1,0,NULL,3,NULL,NULL),(425,2,1,0,6,3,NULL,NULL),(429,2,1,0,6,3,NULL,NULL),(433,2,1,0,NULL,3,NULL,NULL);

/*Data for the table  dyextn_entity_group  */

insert into  dyextn_entity_group  ( IDENTIFIER , LONG_NAME , SHORT_NAME , VERSION , IS_SYSTEM_GENERATED ) values (1,'cider','cider',NULL,0);


insert into  dyextn_id_generator  ( id , next_available_id ) values (1,920);

/*Data for the table  dyextn_integer_concept_value  */

/*Data for the table  dyextn_integer_type_info  */

insert into  dyextn_integer_type_info  ( IDENTIFIER ) values (4),(7),(17),(21),(24),(27),(30),(33),(39),(59),(62),(65),(68),(71),(75),(82),(85),(88),(91),(94),(108),(116),(119),(122),(133),(136),(139),(142),(147),(150),(153),(156),(161),(164),(167),(170),(173),(185),(188),(191),(198),(202),(218),(221),(228),(238),(241);



insert into  dyextn_numeric_type_info  ( IDENTIFIER , MEASUREMENT_UNITS , DECIMAL_PLACES , NO_DIGITS ) values (4,NULL,0,NULL),(7,NULL,0,NULL),(17,NULL,0,NULL),(21,NULL,0,NULL),(24,NULL,0,NULL),(27,NULL,0,NULL),(30,NULL,0,NULL),(33,NULL,0,NULL),(36,NULL,15,NULL),(37,NULL,15,NULL),(39,NULL,0,NULL),(42,NULL,15,NULL),(45,NULL,15,NULL),(49,NULL,15,NULL),(50,NULL,15,NULL),(55,NULL,15,NULL),(56,NULL,15,NULL),(58,NULL,15,NULL),(59,NULL,0,NULL),(62,NULL,0,NULL),(65,NULL,0,NULL),(68,NULL,0,NULL),(71,NULL,0,NULL),(75,NULL,0,NULL),(82,NULL,0,NULL),(85,NULL,0,NULL),(88,NULL,0,NULL),(91,NULL,0,NULL),(94,NULL,0,NULL),(107,NULL,15,NULL),(108,NULL,0,NULL),(116,NULL,0,NULL),(119,NULL,0,NULL),(122,NULL,0,NULL),(125,NULL,15,NULL),(132,NULL,15,NULL),(133,NULL,0,NULL),(136,NULL,0,NULL),(139,NULL,0,NULL),(142,NULL,0,NULL),(145,NULL,15,NULL),(147,NULL,0,NULL),(150,NULL,0,NULL),(153,NULL,0,NULL),(156,NULL,0,NULL),(161,NULL,0,NULL),(164,NULL,0,NULL),(167,NULL,0,NULL),(170,NULL,0,NULL),(173,NULL,0,NULL),(185,NULL,0,NULL),(188,NULL,0,NULL),(191,NULL,0,NULL),(198,NULL,0,NULL),(202,NULL,0,NULL),(205,NULL,15,NULL),(213,NULL,15,NULL),(214,NULL,15,NULL),(216,NULL,15,NULL),(217,NULL,15,NULL),(218,NULL,0,NULL),(221,NULL,0,NULL),(228,NULL,0,NULL),(238,NULL,0,NULL),(241,NULL,0,NULL);

/*Data for the table  dyextn_object_type_info  */

/*Data for the table  dyextn_path  */

/*Data for the table  dyextn_path_asso_rel  */

/*Data for the table  dyextn_permissible_value  */

insert into  dyextn_permissible_value  ( IDENTIFIER , DESCRIPTION , CATEGORY_ATTRIBUTE_ID , ATTRIBUTE_TYPE_INFO_ID ) values (1,NULL,NULL,1),(2,NULL,NULL,2),(3,NULL,NULL,3),(4,NULL,NULL,5),(5,NULL,NULL,6),(6,NULL,NULL,8),(7,NULL,NULL,9),(8,NULL,NULL,10),(9,NULL,NULL,11),(10,NULL,NULL,12),(11,NULL,NULL,13),(12,NULL,NULL,14),(13,NULL,NULL,15),(14,NULL,NULL,16),(15,NULL,NULL,18),(16,NULL,NULL,19),(17,NULL,NULL,20),(18,NULL,NULL,22),(19,NULL,NULL,23),(20,NULL,NULL,25),(21,NULL,NULL,26),(22,NULL,NULL,28),(23,NULL,NULL,29),(24,NULL,NULL,31),(25,NULL,NULL,32),(26,NULL,NULL,34),(27,NULL,NULL,35),(28,NULL,NULL,38),(29,NULL,NULL,40),(30,NULL,NULL,41),(31,NULL,NULL,43),(32,NULL,NULL,44),(33,NULL,NULL,46),(34,NULL,NULL,47),(35,NULL,NULL,48),(36,NULL,NULL,51),(37,NULL,NULL,52),(38,NULL,NULL,53),(39,NULL,NULL,54),(40,NULL,NULL,57),(41,NULL,NULL,60),(42,NULL,NULL,61),(43,NULL,NULL,63),(44,NULL,NULL,64),(45,NULL,NULL,66),(46,NULL,NULL,67),(47,NULL,NULL,69),(48,NULL,NULL,70),(49,NULL,NULL,72),(50,NULL,NULL,73),(51,NULL,NULL,74),(52,NULL,NULL,76),(53,NULL,NULL,77),(54,NULL,NULL,78),(55,NULL,NULL,79),(56,NULL,NULL,80),(57,NULL,NULL,81),(58,NULL,NULL,83),(59,NULL,NULL,84),(60,NULL,NULL,86),(61,NULL,NULL,87),(62,NULL,NULL,89),(63,NULL,NULL,90),(64,NULL,NULL,92),(65,NULL,NULL,93),(66,NULL,NULL,95),(67,NULL,NULL,96),(68,NULL,NULL,97),(69,NULL,NULL,98),(70,NULL,NULL,99),(71,NULL,NULL,100),(72,NULL,NULL,101),(73,NULL,NULL,102),(74,NULL,NULL,103),(75,NULL,NULL,104),(76,NULL,NULL,105),(77,NULL,NULL,106),(78,NULL,NULL,109),(79,NULL,NULL,110),(80,NULL,NULL,111),(81,NULL,NULL,112),(82,NULL,NULL,113),(83,NULL,NULL,114),(84,NULL,NULL,115),(85,NULL,NULL,117),(86,NULL,NULL,118),(87,NULL,NULL,120),(88,NULL,NULL,121),(89,NULL,NULL,123),(90,NULL,NULL,124),(91,NULL,NULL,126),(92,NULL,NULL,127),(93,NULL,NULL,128),(94,NULL,NULL,129),(95,NULL,NULL,130),(96,NULL,NULL,131),(97,NULL,NULL,134),(98,NULL,NULL,135),(99,NULL,NULL,137),(100,NULL,NULL,138),(101,NULL,NULL,140),(102,NULL,NULL,141),(103,NULL,NULL,143),(104,NULL,NULL,144),(105,NULL,NULL,146),(106,NULL,NULL,148),(107,NULL,NULL,149),(108,NULL,NULL,151),(109,NULL,NULL,152),(110,NULL,NULL,154),(111,NULL,NULL,155),(112,NULL,NULL,157),(113,NULL,NULL,158),(114,NULL,NULL,159),(115,NULL,NULL,160),(116,NULL,NULL,162),(117,NULL,NULL,163),(118,NULL,NULL,165),(119,NULL,NULL,166),(120,NULL,NULL,168),(121,NULL,NULL,169),(122,NULL,NULL,171),(123,NULL,NULL,172),(124,NULL,NULL,174),(125,NULL,NULL,175),(126,NULL,NULL,176),(127,NULL,NULL,177),(128,NULL,NULL,178),(129,NULL,NULL,179),(130,NULL,NULL,180),(131,NULL,NULL,181),(132,NULL,NULL,182),(133,NULL,NULL,183);
insert into  dyextn_permissible_value  ( IDENTIFIER , DESCRIPTION , CATEGORY_ATTRIBUTE_ID , ATTRIBUTE_TYPE_INFO_ID ) values (134,NULL,NULL,184),(135,NULL,NULL,186),(136,NULL,NULL,187),(137,NULL,NULL,189),(138,NULL,NULL,190),(139,NULL,NULL,192),(140,NULL,NULL,193),(141,NULL,NULL,194),(142,NULL,NULL,195),(143,NULL,NULL,196),(144,NULL,NULL,197),(145,NULL,NULL,199),(146,NULL,NULL,200),(147,NULL,NULL,201),(148,NULL,NULL,203),(149,NULL,NULL,204),(150,NULL,NULL,206),(151,NULL,NULL,207),(152,NULL,NULL,208),(153,NULL,NULL,209),(154,NULL,NULL,210),(155,NULL,NULL,211),(156,NULL,NULL,212),(157,NULL,NULL,215),(158,NULL,NULL,219),(159,NULL,NULL,220),(160,NULL,NULL,222),(161,NULL,NULL,223),(162,NULL,NULL,224),(163,NULL,NULL,225),(164,NULL,NULL,226),(165,NULL,NULL,227),(166,NULL,NULL,229),(167,NULL,NULL,230),(168,NULL,NULL,231),(169,NULL,NULL,232),(170,NULL,NULL,233),(171,NULL,NULL,234),(172,NULL,NULL,235),(173,NULL,NULL,236),(174,NULL,NULL,237),(175,NULL,NULL,239),(176,NULL,NULL,240),(177,NULL,NULL,242),(178,NULL,NULL,243);

/*Data for the table  dyextn_primitive_attribute  */

insert into  dyextn_primitive_attribute  ( IDENTIFIER , IS_IDENTIFIED , IS_PRIMARY_KEY , IS_NULLABLE ) values (3,0,0,1),(4,0,0,1),(5,0,0,1),(7,NULL,1,0),(8,0,0,1),(9,0,0,1),(11,NULL,0,1),(12,0,0,1),(13,0,0,1),(17,0,0,1),(18,0,0,1),(19,0,0,1),(20,0,0,1),(21,0,0,1),(22,0,0,1),(23,0,0,1),(26,NULL,0,1),(27,0,0,1),(28,0,0,1),(31,0,1,0),(38,NULL,0,1),(39,0,0,1),(40,0,0,1),(44,NULL,0,1),(45,0,0,1),(46,0,0,1),(49,NULL,0,1),(50,0,0,1),(51,0,0,1),(54,NULL,0,1),(55,0,0,1),(56,0,0,1),(59,NULL,0,1),(60,0,0,1),(61,0,0,1),(63,NULL,0,1),(64,NULL,0,1),(65,0,0,1),(68,NULL,0,1),(69,0,0,1),(70,0,0,1),(72,NULL,0,1),(73,0,0,1),(74,0,0,1),(75,NULL,0,1),(76,0,0,1),(77,0,0,1),(78,0,0,1),(79,NULL,0,1),(80,NULL,0,1),(81,0,0,1),(82,0,0,1),(83,0,0,1),(84,0,0,1),(85,NULL,0,1),(86,NULL,0,1),(87,0,0,1),(88,NULL,0,1),(94,NULL,0,1),(95,0,0,1),(96,0,0,1),(99,NULL,0,1),(100,0,0,1),(101,0,0,1),(104,NULL,0,1),(105,0,0,1),(106,0,0,1),(109,NULL,0,1),(110,0,0,1),(111,0,0,1),(116,NULL,0,1),(117,0,0,1),(118,0,0,1),(119,0,0,1),(122,NULL,0,1),(123,0,0,1),(124,0,0,1),(126,0,0,1),(127,0,0,1),(128,0,0,1),(131,0,1,0),(136,NULL,0,1),(137,0,0,1),(138,0,0,1),(141,NULL,0,1),(142,0,0,1),(143,0,0,1),(146,NULL,0,1),(147,0,0,1),(148,0,0,1),(151,NULL,0,1),(152,0,0,1),(153,0,0,1),(157,NULL,0,1),(158,0,0,1),(159,0,0,1),(162,0,0,1),(163,0,0,1),(164,0,0,1),(165,0,0,1),(166,0,0,1),(167,0,0,1),(168,0,0,1),(169,0,0,1),(170,0,0,1),(171,0,0,1),(172,NULL,0,1),(175,NULL,0,1),(176,0,0,1),(177,0,0,1),(182,0,0,1),(183,0,0,1),(184,0,0,1),(185,0,0,1),(186,0,0,1),(189,NULL,0,1),(190,0,0,1),(191,0,0,1),(197,NULL,0,1),(198,0,0,1),(199,0,0,1),(202,NULL,0,1),(203,0,0,1);
insert into  dyextn_primitive_attribute  ( IDENTIFIER , IS_IDENTIFIED , IS_PRIMARY_KEY , IS_NULLABLE ) values (204,0,0,1),(208,NULL,0,1),(209,0,0,1),(218,0,0,1),(219,0,0,1),(220,0,0,1),(221,0,0,1),(222,0,0,1),(223,NULL,0,1),(230,NULL,0,1),(231,0,0,1),(232,0,0,1),(235,NULL,0,1),(236,0,0,1),(237,0,0,1),(241,NULL,0,1),(242,0,0,1),(243,0,0,1),(246,NULL,0,1),(247,0,0,1),(248,0,0,1),(252,NULL,0,1),(253,0,0,1),(256,NULL,0,1),(257,0,0,1),(258,0,0,1),(261,NULL,0,1),(262,0,0,1),(263,0,0,1),(266,NULL,0,1),(267,0,0,1),(268,0,0,1),(271,NULL,0,1),(272,0,0,1),(273,0,0,1),(278,0,0,1),(279,0,0,1),(285,NULL,0,1),(286,0,0,1),(287,0,0,1),(290,NULL,0,1),(291,0,0,1),(292,0,0,1),(295,NULL,0,1),(296,0,0,1),(297,0,0,1),(300,NULL,0,1),(301,0,0,1),(302,0,0,1),(305,NULL,0,1),(306,0,0,1),(307,0,0,1),(309,0,0,1),(310,0,0,1),(311,0,0,1),(312,0,0,1),(313,0,0,1),(314,0,0,1),(315,0,0,1),(323,0,0,1),(324,0,0,1),(328,NULL,0,1),(329,0,0,1),(330,0,0,1),(333,NULL,0,1),(334,0,0,1),(335,0,0,1),(338,NULL,0,1),(339,0,0,1),(340,0,0,1),(342,0,0,1),(343,0,0,1),(344,0,0,1),(345,0,0,1),(348,NULL,0,1),(349,0,0,1),(350,0,0,1),(354,0,1,0),(356,NULL,0,1),(357,0,0,1),(358,0,0,1),(364,NULL,0,1),(365,0,0,1),(366,0,0,1),(367,0,0,1),(368,0,0,1),(369,0,0,1),(370,0,0,1),(379,0,0,1),(380,NULL,0,1),(381,NULL,0,1),(384,0,0,1),(385,NULL,0,1),(386,NULL,0,1),(391,NULL,0,1),(392,0,0,1),(393,0,0,1),(396,NULL,0,1),(397,0,0,1),(398,0,0,1),(399,0,0,1),(401,0,0,1),(402,0,0,1),(403,0,0,1),(406,NULL,0,1),(407,0,0,1),(408,0,0,1),(412,0,0,1),(413,0,0,1),(415,0,0,1),(416,0,0,1),(418,0,0,1),(423,0,0,1),(424,0,0,1),(426,NULL,0,1),(427,0,0,1);
insert into  dyextn_primitive_attribute  ( IDENTIFIER , IS_IDENTIFIED , IS_PRIMARY_KEY , IS_NULLABLE ) values (428,0,0,1),(430,NULL,0,1),(431,0,0,1),(432,0,0,1);

/*Data for the table  dyextn_radiobutton  */

/*Data for the table  dyextn_role  */

insert into  dyextn_role  ( IDENTIFIER , ASSOCIATION_TYPE , MAX_CARDINALITY , MIN_CARDINALITY , NAME ) values (1,'ASSOCIATION',100,0,NULL),(2,'CONTAINTMENT',1,1,'providerType'),(3,'ASSOCIATION',100,0,'provider'),(4,'CONTAINTMENT',1,0,'personName'),(5,'ASSOCIATION',1,1,'provider'),(6,'CONTAINTMENT',1,1,'providerType'),(7,'ASSOCIATION',1,1,'medicationOrderDetails'),(8,'CONTAINTMENT',1,0,'frequencyWithModifier'),(9,'ASSOCIATION',1,1,'medicationOrderDetails'),(10,'CONTAINTMENT',1,0,'provider'),(11,'ASSOCIATION',1,1,'medicationComponent'),(12,'CONTAINTMENT',1,0,'units'),(13,'ASSOCIATION',1,1,'medicationComponent'),(14,'CONTAINTMENT',1,0,'quantityUnits'),(15,'ASSOCIATION',1,1,'medicationComponent'),(16,'CONTAINTMENT',1,0,'medicationForm'),(17,'ASSOCIATION',1,1,'medicationComponent'),(18,'CONTAINTMENT',1,0,'medicationIngredient'),(19,'ASSOCIATION',1,1,'medicationComponent'),(20,'CONTAINTMENT',1,0,'medicationComponentType'),(21,'ASSOCIATION',1,1,'medicationComponent'),(22,'CONTAINTMENT',1,0,'medicationRoute'),(23,'ASSOCIATION',1,1,'medicationOrderDetails'),(24,'CONTAINTMENT',100,0,'medicationComponentCollection'),(25,'ASSOCIATION',1,1,'medicationOrderDetails'),(26,'CONTAINTMENT',1,0,'status'),(27,'ASSOCIATION',1,1,'medicationOrderDetails'),(28,'CONTAINTMENT',1,0,'infusionUnits'),(29,'ASSOCIATION',1,1,'medicationOrderDetails');
insert into  dyextn_role  ( IDENTIFIER , ASSOCIATION_TYPE , MAX_CARDINALITY , MIN_CARDINALITY , NAME ) values (30,'CONTAINTMENT',1,0,'personName'),(31,'ASSOCIATION',1,1,'medicationOrderDetails'),(32,'CONTAINTMENT',1,0,'quantityUnits'),(33,'ASSOCIATION',1,1,'medicationOrderDetails'),(34,'CONTAINTMENT',1,0,'units'),(35,'ASSOCIATION',1,1,'medicationOrderDetails'),(36,'CONTAINTMENT',1,0,'substitutionStatus'),(37,'ASSOCIATION',1,1,'medicationOrderDetails'),(38,'CONTAINTMENT',1,0,'frequency'),(39,'ASSOCIATION',1,1,'medicationOrderDetails'),(40,'CONTAINTMENT',1,0,'frequencyModifier'),(41,'ASSOCIATION',1,1,'medicationOrderDetails'),(42,'CONTAINTMENT',1,0,'application'),(43,'ASSOCIATION',1,1,'medicationOrder'),(44,'CONTAINTMENT',100,1,'medicationOrderDetailsCollection'),(45,'ASSOCIATION',1,1,'medicationOrder'),(46,'CONTAINTMENT',1,0,'application'),(47,'ASSOCIATION',1,1,'medicationOrder'),(48,'CONTAINTMENT',1,1,'facility'),(49,'ASSOCIATION',1,1,'medicationOrder'),(50,'CONTAINTMENT',100,0,'medicationCollection'),(51,'ASSOCIATION',1,1,'personUpi'),(52,'ASSOCIATION',100,0,'medicationOrderCollection'),(53,'ASSOCIATION',1,1,'encounterDetails'),(54,'CONTAINTMENT',1,0,'patientLocation'),(55,'ASSOCIATION',1,1,'encounterDetails'),(56,'CONTAINTMENT',100,0,'providerCollection'),(57,'ASSOCIATION',1,1,'encounterDetails'),(58,'CONTAINTMENT',1,0,'vipIndicator');
insert into  dyextn_role  ( IDENTIFIER , ASSOCIATION_TYPE , MAX_CARDINALITY , MIN_CARDINALITY , NAME ) values (59,'ASSOCIATION',1,1,'encounterDetails'),(60,'CONTAINTMENT',1,0,'diagnosticRelatedGroup'),(61,'ASSOCIATION',1,1,'encounterDetails'),(62,'CONTAINTMENT',1,0,'facilityDischargeDisposition'),(63,'ASSOCIATION',1,1,'encounterDetails'),(64,'CONTAINTMENT',1,0,'financialClass'),(65,'ASSOCIATION',1,1,'insurance'),(66,'CONTAINTMENT',1,0,'insuredRelationshipToPatient'),(67,'ASSOCIATION',100,0,NULL),(68,'CONTAINTMENT',1,1,'insuredRelationShipToPatient'),(69,'ASSOCIATION',1,1,'insurance'),(70,'CONTAINTMENT',1,0,'nameOfInsured'),(71,'ASSOCIATION',1,1,'insurance'),(72,'CONTAINTMENT',1,1,'planType'),(73,'ASSOCIATION',1,1,'encounterDetails'),(74,'CONTAINTMENT',100,1,'insuranceCollection'),(75,'ASSOCIATION',1,1,'clinicalTrial'),(76,'CONTAINTMENT',1,0,'principalInvestigator'),(77,'ASSOCIATION',1,1,'encounterDetails'),(78,'CONTAINTMENT',100,0,'clinicalTrailCollection'),(79,'ASSOCIATION',1,1,'encounterDetails'),(80,'CONTAINTMENT',1,0,'dischargeService'),(81,'ASSOCIATION',1,1,'encounterDetails'),(82,'CONTAINTMENT',1,0,'admittingService'),(83,'ASSOCIATION',1,1,'procedure'),(84,'CONTAINTMENT',1,1,'provider'),(85,'ASSOCIATION',1,1,'procedure'),(86,'CONTAINTMENT',1,1,'code'),(87,'ASSOCIATION',1,1,'procedure'),(88,'CONTAINTMENT',1,1,'type'),(89,'ASSOCIATION',1,1,NULL),(90,'CONTAINTMENT',1,1,'type');
insert into  dyextn_role  ( IDENTIFIER , ASSOCIATION_TYPE , MAX_CARDINALITY , MIN_CARDINALITY , NAME ) values (91,'ASSOCIATION',1,1,NULL),(92,'CONTAINTMENT',1,1,'code'),(93,'ASSOCIATION',1,1,'encounterDetails'),(94,'CONTAINTMENT',100,0,'procedureCollection'),(95,'ASSOCIATION',100,0,NULL),(96,'CONTAINTMENT',1,1,'financialClass'),(97,'ASSOCIATION',100,0,NULL),(98,'CONTAINTMENT',1,1,'facilityDischargeDisposition'),(99,'ASSOCIATION',100,0,NULL),(100,'CONTAINTMENT',100,0,'infectionControlCodes'),(101,'ASSOCIATION',100,0,NULL),(102,'CONTAINTMENT',1,1,'optOutIndicator'),(103,'ASSOCIATION',100,0,NULL),(104,'CONTAINTMENT',1,1,'hipaaNotified'),(105,'ASSOCIATION',100,0,NULL),(106,'CONTAINTMENT',1,1,'vipIndicator'),(107,'ASSOCIATION',100,0,NULL),(108,'CONTAINTMENT',1,1,'dischargeService'),(109,'ASSOCIATION',100,0,NULL),(110,'CONTAINTMENT',1,0,'diagnosticRelatedGroup'),(111,'ASSOCIATION',100,0,NULL),(112,'CONTAINTMENT',1,1,'dischargeDisposition'),(113,'ASSOCIATION',100,0,NULL),(114,'CONTAINTMENT',1,1,'patientType'),(115,'ASSOCIATION',100,0,NULL),(116,'CONTAINTMENT',1,1,'admittingService'),(117,'ASSOCIATION',1,1,NULL),(118,'CONTAINTMENT',1,1,'patientClass'),(119,'ASSOCIATION',1,1,'encounterDetails'),(120,'CONTAINTMENT',1,0,'patientClass'),(121,'ASSOCIATION',1,1,'encounterDetails'),(122,'CONTAINTMENT',1,0,'patientType'),(123,'ASSOCIATION',1,1,'diagnosis'),(124,'CONTAINTMENT',1,0,'type'),(125,'ASSOCIATION',1,1,'diagnosis');
insert into  dyextn_role  ( IDENTIFIER , ASSOCIATION_TYPE , MAX_CARDINALITY , MIN_CARDINALITY , NAME ) values (126,'CONTAINTMENT',1,0,'code'),(127,'ASSOCIATION',100,0,NULL),(128,'CONTAINTMENT',1,1,'type'),(129,'ASSOCIATION',100,0,NULL),(130,'CONTAINTMENT',1,1,'code'),(131,'ASSOCIATION',1,1,'encounterDetails'),(132,'CONTAINTMENT',100,0,'diagnosisCollection'),(133,'ASSOCIATION',1,1,'encounterDetails'),(134,'CONTAINTMENT',1,0,'optOutIndicator'),(135,'ASSOCIATION',1,1,'encounterDetails'),(136,'CONTAINTMENT',1,0,'dischargeDisposition'),(137,'ASSOCIATION',1,1,'encounterDetails'),(138,'CONTAINTMENT',100,0,'infectionControlCodeCollection'),(139,'ASSOCIATION',1,1,'encounterDetails'),(140,'CONTAINTMENT',1,0,'hippaNotified'),(141,'ASSOCIATION',1,1,'encounter'),(142,'CONTAINTMENT',100,1,'encounterDetailsCollection'),(143,'ASSOCIATION',1,1,'medicalRecordNumber'),(144,'CONTAINTMENT',1,1,'facility'),(145,'ASSOCIATION',1,1,'encounter'),(146,'CONTAINTMENT',1,1,'medicalRecordNumber'),(147,'ASSOCIATION',1,1,'encounter'),(148,'CONTAINTMENT',1,1,'facility'),(149,'ASSOCIATION',1,1,'personUpi'),(150,'ASSOCIATION',100,0,'encounterCollection'),(151,'CONTAINTMENT',100,0,'demographicsCollection'),(152,'CONTAINTMENT',100,0,'ethnicOriginCollection'),(153,'CONTAINTMENT',100,0,'demographicsCollection'),(154,'CONTAINTMENT',1,0,'gender'),(155,'ASSOCIATION',100,0,'demographics');
insert into  dyextn_role  ( IDENTIFIER , ASSOCIATION_TYPE , MAX_CARDINALITY , MIN_CARDINALITY , NAME ) values (156,'CONTAINTMENT',1,0,'advancedDirectiveExists'),(157,'CONTAINTMENT',100,0,'demographicsCollection'),(158,'CONTAINTMENT',1,0,'religion'),(159,'CONTAINTMENT',100,0,'demographicsCollection'),(160,'CONTAINTMENT',100,0,'raceCollection'),(161,'CONTAINTMENT',1,1,'demographics'),(162,'CONTAINTMENT',1,1,'personName'),(163,'ASSOCIATION',100,0,'associatedPerson'),(164,'CONTAINTMENT',1,1,'relationToPerson'),(165,'ASSOCIATION',1,1,'associatedPerson'),(166,'ASSOCIATION',1,1,'associatedPersonUpi'),(167,'ASSOCIATION',1,1,'demographics'),(168,'CONTAINTMENT',100,0,'associatedPersonCollection'),(169,'ASSOCIATION',1,1,'demographics'),(170,'CONTAINTMENT',1,0,'nextOfKin'),(171,'ASSOCIATION',1,1,'demographics'),(172,'CONTAINTMENT',100,0,'phoneCollection'),(173,'CONTAINTMENT',1,1,'address'),(174,'CONTAINTMENT',1,0,'state'),(175,'CONTAINTMENT',1,1,'address'),(176,'CONTAINTMENT',1,0,'type'),(177,'CONTAINTMENT',1,1,'address'),(178,'CONTAINTMENT',1,0,'country'),(179,'CONTAINTMENT',1,1,'demographics'),(180,'CONTAINTMENT',100,0,'addressCollection'),(181,'CONTAINTMENT',100,0,'demographicsCollection'),(182,'CONTAINTMENT',1,0,'maritalStatus'),(183,'CONTAINTMENT',1,1,'personUpi'),(184,'CONTAINTMENT',100,1,'demographicsCollection'),(185,'ASSOCIATION',1,1,'laboratoryProcedure');
insert into  dyextn_role  ( IDENTIFIER , ASSOCIATION_TYPE , MAX_CARDINALITY , MIN_CARDINALITY , NAME ) values (186,'CONTAINTMENT',1,1,'procedure'),(187,'ASSOCIATION',1,1,'laboratoryProcedure'),(188,'CONTAINTMENT',1,1,'facility'),(189,'ASSOCIATION',1,1,'laboratoryProcedure'),(190,'CONTAINTMENT',1,1,'application'),(191,'ASSOCIATION',1,1,'laboratoryProcedureDetails'),(192,'CONTAINTMENT',1,1,'procedureStatus'),(193,'ASSOCIATION',1,1,'laboratoryProcedureDetails'),(194,'CONTAINTMENT',1,0,'medicalRecordNumber'),(195,'ASSOCIATION',100,0,NULL),(196,'ASSOCIATION',100,0,'procedureId'),(197,'ASSOCIATION',100,0,NULL),(198,'ASSOCIATION',100,0,'procedureStatus'),(199,'ASSOCIATION',1,1,'laboratoryResults'),(200,'CONTAINTMENT',1,1,'resultStatus'),(201,'ASSOCIATION',1,1,'result'),(202,'CONTAINTMENT',1,0,'normalRange'),(203,'CONTAINTMENT',1,1,'result'),(204,'CONTAINTMENT',1,1,'units'),(205,'ASSOCIATION',1,1,'resultValue'),(206,'CONTAINTMENT',1,1,'normalizedResult'),(207,'ASSOCIATION',1,1,'resultValue'),(208,'CONTAINTMENT',1,1,'sourceResult'),(209,'ASSOCIATION',1,1,'laboratoryResults'),(210,'CONTAINTMENT',1,0,'resultValue'),(211,'ASSOCIATION',1,1,'laboratoryResults'),(212,'CONTAINTMENT',100,0,'abnormalFlagCollection'),(213,'ASSOCIATION',1,1,'laboratoryResults'),(214,'CONTAINTMENT',1,1,'test'),(215,'ASSOCIATION',1,1,'LaboratoryProcedureDetails');
insert into  dyextn_role  ( IDENTIFIER , ASSOCIATION_TYPE , MAX_CARDINALITY , MIN_CARDINALITY , NAME ) values (216,'CONTAINTMENT',100,0,'laboratoryResultCollection'),(217,'ASSOCIATION',1,1,'laboratoryProcedureDetails'),(218,'CONTAINTMENT',1,1,'specimenType'),(219,'ASSOCIATION',1,1,'laboratoryProcedureDetails'),(220,'CONTAINTMENT',1,1,'performingFacility'),(221,'ASSOCIATION',1,1,'laboratoryProcedure'),(222,'CONTAINTMENT',100,0,'laboratoryProcedureDetailsCollection'),(223,'ASSOCIATION',1,1,'personUpi'),(224,'ASSOCIATION',100,0,'laboratoryProcedureCollection'),(225,'ASSOCIATION',100,0,'providerCollection'),(226,'ASSOCIATION',1,0,'personUpi');

/*Data for the table  dyextn_rule  */

insert into  dyextn_rule  ( IDENTIFIER , NAME , IS_IMPLICIT , ATTRIBUTE_ID , CATEGORY_ATTR_ID ) values (1,'textLength',1,3,NULL),(2,'textLength',1,4,NULL),(3,'textLength',1,5,NULL),(4,'number',1,7,NULL),(5,'textLength',1,8,NULL),(6,'textLength',1,9,NULL),(7,'number',1,11,NULL),(8,'textLength',1,12,NULL),(9,'textLength',1,13,NULL),(10,'textLength',1,17,NULL),(11,'textLength',1,18,NULL),(12,'textLength',1,19,NULL),(13,'textLength',1,20,NULL),(14,'textLength',1,21,NULL),(15,'textLength',1,22,NULL),(16,'textLength',1,23,NULL),(17,'number',1,26,NULL),(18,'textLength',1,27,NULL),(19,'textLength',1,28,NULL),(20,'textLength',1,31,NULL),(21,'number',1,38,NULL),(22,'textLength',1,39,NULL),(23,'textLength',1,40,NULL),(24,'number',1,44,NULL),(25,'textLength',1,45,NULL),(26,'textLength',1,46,NULL),(27,'number',1,49,NULL),(28,'textLength',1,50,NULL),(29,'textLength',1,51,NULL),(30,'number',1,54,NULL),(31,'textLength',1,55,NULL),(32,'textLength',1,56,NULL),(33,'number',1,59,NULL),(34,'textLength',1,60,NULL),(35,'textLength',1,61,NULL),(36,'number',1,63,NULL),(37,'number',1,64,NULL),(38,'textLength',1,65,NULL),(39,'number',1,68,NULL),(40,'textLength',1,69,NULL),(41,'textLength',1,70,NULL),(42,'number',1,72,NULL),(43,'date',1,73,NULL),(44,'date',1,74,NULL),(45,'number',1,75,NULL),(46,'date',1,76,NULL),(47,'textLength',1,77,NULL),(48,'textLength',1,78,NULL),(49,'number',1,79,NULL),(50,'number',1,80,NULL),(51,'textLength',1,81,NULL),(52,'date',1,82,NULL),(53,'date',1,83,NULL),(54,'textLength',1,84,NULL),(55,'number',1,85,NULL),(56,'number',1,86,NULL),(57,'textLength',1,87,NULL),(58,'number',1,88,NULL),(59,'number',1,94,NULL),(60,'textLength',1,95,NULL),(61,'textLength',1,96,NULL),(62,'number',1,99,NULL),(63,'textLength',1,100,NULL);
insert into  dyextn_rule  ( IDENTIFIER , NAME , IS_IMPLICIT , ATTRIBUTE_ID , CATEGORY_ATTR_ID ) values (64,'textLength',1,101,NULL),(65,'number',1,104,NULL),(66,'textLength',1,105,NULL),(67,'textLength',1,106,NULL),(68,'number',1,109,NULL),(69,'textLength',1,110,NULL),(70,'textLength',1,111,NULL),(71,'number',1,116,NULL),(72,'textLength',1,117,NULL),(73,'textLength',1,118,NULL),(74,'textLength',1,119,NULL),(75,'number',1,122,NULL),(76,'textLength',1,123,NULL),(77,'textLength',1,124,NULL),(78,'textLength',1,126,NULL),(79,'textLength',1,127,NULL),(80,'textLength',1,128,NULL),(81,'textLength',1,131,NULL),(82,'number',1,136,NULL),(83,'textLength',1,137,NULL),(84,'textLength',1,138,NULL),(85,'number',1,141,NULL),(86,'textLength',1,142,NULL),(87,'textLength',1,143,NULL),(88,'number',1,146,NULL),(89,'textLength',1,147,NULL),(90,'textLength',1,148,NULL),(91,'number',1,151,NULL),(92,'textLength',1,152,NULL),(93,'textLength',1,153,NULL),(94,'number',1,157,NULL),(95,'textLength',1,158,NULL),(96,'textLength',1,159,NULL),(97,'textLength',1,162,NULL),(98,'textLength',1,163,NULL),(99,'textLength',1,164,NULL),(100,'textLength',1,165,NULL),(101,'textLength',1,166,NULL),(102,'date',1,167,NULL),(103,'date',1,168,NULL),(104,'textLength',1,169,NULL),(105,'textLength',1,170,NULL),(106,'textLength',1,171,NULL),(107,'number',1,172,NULL),(108,'number',1,175,NULL),(109,'textLength',1,176,NULL),(110,'textLength',1,177,NULL),(111,'textLength',1,182,NULL),(112,'textLength',1,183,NULL),(113,'date',1,184,NULL),(114,'textLength',1,185,NULL),(115,'date',1,186,NULL),(116,'number',1,189,NULL),(117,'textLength',1,190,NULL),(118,'textLength',1,191,NULL),(119,'number',1,197,NULL);
insert into  dyextn_rule  ( IDENTIFIER , NAME , IS_IMPLICIT , ATTRIBUTE_ID , CATEGORY_ATTR_ID ) values (120,'textLength',1,198,NULL),(121,'textLength',1,199,NULL),(122,'number',1,202,NULL),(123,'textLength',1,203,NULL),(124,'textLength',1,204,NULL),(125,'number',1,208,NULL),(126,'date',1,209,NULL),(127,'textLength',1,218,NULL),(128,'date',1,219,NULL),(129,'date',1,220,NULL),(130,'date',1,221,NULL),(131,'date',1,222,NULL),(132,'number',1,223,NULL),(133,'number',1,230,NULL),(134,'textLength',1,231,NULL),(135,'textLength',1,232,NULL),(136,'number',1,235,NULL),(137,'textLength',1,236,NULL),(138,'textLength',1,237,NULL),(139,'number',1,241,NULL),(140,'textLength',1,242,NULL),(141,'textLength',1,243,NULL),(142,'number',1,246,NULL),(143,'textLength',1,247,NULL),(144,'textLength',1,248,NULL),(145,'number',1,252,NULL),(146,'textLength',1,253,NULL),(147,'number',1,256,NULL),(148,'textLength',1,257,NULL),(149,'textLength',1,258,NULL),(150,'number',1,261,NULL),(151,'textLength',1,262,NULL),(152,'textLength',1,263,NULL),(153,'number',1,266,NULL),(154,'textLength',1,267,NULL),(155,'textLength',1,268,NULL),(156,'number',1,271,NULL),(157,'textLength',1,272,NULL),(158,'textLength',1,273,NULL),(159,'textLength',1,278,NULL),(160,'textLength',1,279,NULL),(161,'number',1,285,NULL),(162,'textLength',1,286,NULL),(163,'textLength',1,287,NULL),(164,'number',1,290,NULL),(165,'textLength',1,291,NULL),(166,'textLength',1,292,NULL),(167,'number',1,295,NULL),(168,'textLength',1,296,NULL),(169,'textLength',1,297,NULL),(170,'number',1,300,NULL),(171,'textLength',1,301,NULL),(172,'textLength',1,302,NULL),(173,'number',1,305,NULL),(174,'textLength',1,306,NULL),(175,'textLength',1,307,NULL);
insert into  dyextn_rule  ( IDENTIFIER , NAME , IS_IMPLICIT , ATTRIBUTE_ID , CATEGORY_ATTR_ID ) values (176,'date',1,309,NULL),(177,'date',1,310,NULL),(178,'date',1,311,NULL),(179,'date',1,312,NULL),(180,'textLength',1,313,NULL),(181,'textLength',1,314,NULL),(182,'textLength',1,315,NULL),(183,'textLength',1,323,NULL),(184,'textLength',1,324,NULL),(185,'number',1,328,NULL),(186,'textLength',1,329,NULL),(187,'textLength',1,330,NULL),(188,'number',1,333,NULL),(189,'textLength',1,334,NULL),(190,'textLength',1,335,NULL),(191,'number',1,338,NULL),(192,'textLength',1,339,NULL),(193,'textLength',1,340,NULL),(194,'textLength',1,342,NULL),(195,'textLength',1,343,NULL),(196,'textLength',1,344,NULL),(197,'textLength',1,345,NULL),(198,'number',1,348,NULL),(199,'textLength',1,349,NULL),(200,'textLength',1,350,NULL),(201,'textLength',1,354,NULL),(202,'number',1,356,NULL),(203,'textLength',1,357,NULL),(204,'textLength',1,358,NULL),(205,'number',1,364,NULL),(206,'date',1,365,NULL),(207,'date',1,366,NULL),(208,'date',1,367,NULL),(209,'date',1,368,NULL),(210,'textLength',1,369,NULL),(211,'date',1,370,NULL),(212,'textLength',1,379,NULL),(213,'number',1,380,NULL),(214,'number',1,381,NULL),(215,'textLength',1,384,NULL),(216,'number',1,385,NULL),(217,'number',1,386,NULL),(218,'number',1,391,NULL),(219,'textLength',1,392,NULL),(220,'textLength',1,393,NULL),(221,'number',1,396,NULL),(222,'textLength',1,397,NULL),(223,'textLength',1,398,NULL),(224,'textLength',1,399,NULL),(225,'textLength',1,401,NULL),(226,'date',1,402,NULL),(227,'textLength',1,403,NULL),(228,'number',1,406,NULL),(229,'textLength',1,407,NULL),(230,'textLength',1,408,NULL),(231,'textLength',1,412,NULL);
insert into  dyextn_rule  ( IDENTIFIER , NAME , IS_IMPLICIT , ATTRIBUTE_ID , CATEGORY_ATTR_ID ) values (232,'textLength',1,413,NULL),(233,'textLength',1,415,NULL),(234,'textLength',1,416,NULL),(235,'textLength',1,418,NULL),(236,'textLength',1,423,NULL),(237,'textLength',1,424,NULL),(238,'number',1,426,NULL),(239,'textLength',1,427,NULL),(240,'textLength',1,428,NULL),(241,'number',1,430,NULL),(242,'textLength',1,431,NULL),(243,'textLength',1,432,NULL);

/*Data for the table  dyextn_rule_parameter  */

/*Data for the table  dyextn_select_control  */

insert into  dyextn_select_control  ( IDENTIFIER , SEPARATOR_STRING ) values (27,NULL),(28,NULL),(33,NULL),(47,NULL),(48,NULL),(49,NULL),(50,NULL),(56,NULL),(57,NULL),(58,NULL),(59,NULL),(60,NULL),(73,NULL),(92,NULL),(93,NULL),(94,NULL),(103,NULL),(115,NULL),(116,NULL),(142,NULL),(143,NULL),(144,NULL),(145,NULL),(146,NULL),(147,NULL),(148,NULL),(149,NULL),(150,NULL),(151,NULL),(152,NULL),(153,NULL),(154,NULL),(155,NULL),(156,NULL),(157,NULL),(158,NULL),(159,NULL),(160,NULL),(161,NULL),(162,NULL),(163,NULL),(164,NULL),(165,NULL),(166,NULL),(167,NULL),(168,NULL),(169,NULL),(170,NULL),(177,NULL),(179,NULL),(180,NULL),(181,NULL),(197,NULL),(198,NULL),(204,NULL),(210,NULL),(211,NULL),(212,NULL),(213,NULL),(229,NULL),(230,NULL),(231,NULL),(232,NULL),(250,NULL),(251,NULL),(252,NULL),(253,NULL),(254,NULL),(255,NULL),(263,NULL),(264,NULL),(265,NULL),(266,NULL),(267,NULL),(274,NULL),(275,NULL),(276,NULL),(277,NULL),(284,NULL),(291,NULL),(292,NULL),(293,NULL),(294,NULL),(295,NULL),(296,NULL),(309,NULL),(310,NULL),(311,NULL),(312,NULL),(313,NULL),(314,NULL),(315,NULL),(316,NULL),(326,NULL),(327,NULL),(328,NULL),(329,NULL),(338,NULL),(339,NULL),(340,NULL),(341,NULL);

/*Data for the table  dyextn_semantic_property  */

/*Data for the table  dyextn_short_concept_value  */

/*Data for the table  dyextn_short_type_info  */

/*Data for the table  dyextn_sql_audit  */

/*Data for the table  dyextn_string_concept_value  */

insert into  dyextn_string_concept_value  ( IDENTIFIER , VALUE ) values (1,''),(2,''),(3,''),(4,''),(5,''),(6,''),(7,''),(8,''),(9,''),(10,''),(11,''),(12,''),(13,''),(14,''),(15,''),(16,''),(17,''),(18,''),(19,''),(20,''),(21,''),(22,''),(23,''),(24,''),(25,''),(26,''),(27,''),(28,''),(29,''),(30,''),(34,''),(35,''),(36,''),(39,''),(40,''),(41,''),(42,''),(43,''),(44,''),(45,''),(46,''),(47,''),(48,''),(49,''),(50,''),(51,''),(52,''),(53,''),(54,''),(55,''),(56,''),(57,''),(58,''),(59,''),(60,''),(61,''),(62,''),(63,''),(64,''),(65,''),(66,''),(67,''),(68,''),(69,''),(70,''),(71,''),(72,''),(75,''),(76,''),(77,''),(78,''),(79,''),(80,''),(81,''),(83,''),(85,''),(86,''),(87,''),(88,''),(89,''),(90,''),(92,''),(97,''),(98,''),(99,''),(100,''),(101,''),(102,''),(103,''),(104,''),(105,''),(106,''),(107,''),(108,''),(109,''),(110,''),(111,''),(112,''),(113,''),(114,''),(115,''),(116,''),(117,''),(118,''),(119,''),(120,''),(121,''),(122,''),(123,''),(124,''),(125,''),(130,''),(131,''),(132,''),(133,''),(134,''),(135,''),(136,''),(137,''),(138,''),(139,''),(140,''),(141,''),(142,''),(143,''),(144,''),(145,''),(146,''),(147,''),(148,''),(149,''),(154,''),(156,''),(157,''),(158,''),(159,''),(160,''),(161,''),(162,''),(163,''),(165,''),(166,''),(167,''),(168,''),(169,''),(170,''),(171,''),(172,''),(173,''),(174,''),(175,''),(176,''),(177,''),(178,'');

/*Data for the table  dyextn_string_type_info  */

insert into  dyextn_string_type_info  ( IDENTIFIER , MAX_SIZE ) values (1,10),(2,20),(3,10),(5,255),(6,255),(8,255),(9,255),(10,10),(11,10),(12,30),(13,50),(14,50),(15,30),(16,10),(18,255),(19,255),(20,24),(22,255),(23,255),(25,255),(26,255),(28,255),(29,255),(31,255),(32,255),(34,255),(35,255),(38,200),(40,255),(41,255),(47,15),(48,15),(51,30),(54,30),(57,200),(60,255),(61,255),(63,255),(64,255),(66,255),(67,255),(69,255),(70,255),(72,255),(73,255),(74,20),(76,255),(77,255),(78,20),(79,30),(80,130),(81,255),(83,255),(84,255),(86,255),(87,255),(89,255),(90,255),(92,255),(93,255),(95,255),(96,255),(97,30),(98,200),(99,30),(100,30),(101,200),(104,30),(105,30),(106,50),(109,255),(110,255),(111,50),(112,200),(114,50),(117,255),(118,255),(120,255),(121,255),(123,255),(124,255),(127,30),(134,255),(135,255),(137,255),(138,255),(140,255),(141,255),(143,255),(144,255),(146,200),(148,255),(149,255),(151,255),(152,255),(154,255),(155,255),(157,255),(158,255),(159,20),(160,1),(162,255),(163,255),(165,255),(166,255),(168,255),(169,255),(171,255),(172,255),(174,255),(175,255),(180,50),(181,100),(182,11),(183,8),(184,20),(186,255),(187,255),(189,255),(190,255),(192,255),(193,255),(194,15),(195,50),(196,50);
insert into  dyextn_string_type_info  ( IDENTIFIER , MAX_SIZE ) values (197,50),(199,255),(200,255),(201,30),(203,255),(204,255),(210,999),(212,100),(215,999),(219,255),(220,255),(222,255),(223,255),(224,100),(225,130),(227,999),(229,255),(230,255),(231,130),(232,20),(233,1),(234,1),(235,30),(236,255),(237,255),(239,255),(240,255),(242,255),(243,255);

/*Data for the table  dyextn_table_properties  */

insert into  dyextn_table_properties  ( IDENTIFIER , ABSTRACT_ENTITY_ID ) values (2,2),(7,6),(13,10),(18,14),(22,16),(33,25),(39,30),(42,32),(44,33),(48,36),(51,37),(59,43),(66,48),(73,53),(80,58),(91,67),(119,93),(126,98),(133,103),(140,108),(149,115),(157,121),(168,130),(171,132),(176,135),(183,140),(190,145),(197,150),(203,155),(206,156),(227,174),(234,180),(244,188),(251,194),(255,196),(262,201),(302,229),(309,234),(315,239),(318,240),(325,245),(339,255),(346,260),(353,265),(360,270),(368,276),(379,283),(382,284),(389,289),(396,294),(403,299),(410,304),(424,317),(430,322),(435,326),(438,327),(445,332),(452,337),(464,347),(472,353),(476,355),(487,362),(500,374),(503,376),(505,377),(507,378),(521,390),(528,395),(540,405),(558,419),(560,420),(562,421),(564,422),(569,425),(575,429),(580,433);

/*Data for the table  dyextn_tagged_value  */

insert into  dyextn_tagged_value  ( IDENTIFIER , T_KEY , T_VALUE , ABSTRACT_METADATA_ID ) values (1,'MetadataEntityGroup','MetadataEntityGroup',1),(2,'caB2BEntityGroup','caB2BEntityGroup',1),(3,'PackageName','edu.wustl.cider.domain',1),(4,'PrimaryKey','MedicalEntityDictionary.id',6),(5,'VI_HIDDEN','VI_HIDDEN',7),(6,'PV_FILTER','T_HL7_L_0007^%',10),(7,'PV_VIEW','MED_LOOKUP_VIEW',10),(8,'VI_HIDDEN','VI_HIDDEN',11),(9,'Inherited','Inherited',11),(10,'Inherited','Inherited',11),(11,'Inherited','Inherited',11),(12,'Inherited','Inherited',11),(13,'Inherited','Inherited',11),(14,'Inherited','Inherited',11),(15,'Inherited','Inherited',11),(16,'Inherited','Inherited',11),(17,'Inherited','Inherited',11),(18,'Inherited','Inherited',11),(19,'Inherited','Inherited',11),(20,'Inherited','Inherited',11),(21,'Inherited','Inherited',11),(22,'Inherited','Inherited',11),(23,'Inherited','Inherited',11),(24,'Inherited','Inherited',11),(25,'Inherited','Inherited',11),(26,'Inherited','Inherited',11),(27,'Inherited','Inherited',11),(28,'Inherited','Inherited',11),(29,'Inherited','Inherited',11),(30,'Inherited','Inherited',11),(31,'Inherited','Inherited',11),(32,'Inherited','Inherited',11),(33,'Inherited','Inherited',11),(34,'Inherited','Inherited',11),(35,'Inherited','Inherited',11),(36,'Inherited','Inherited',11),(37,'Inherited','Inherited',11),(38,'Inherited','Inherited',11);
insert into  dyextn_tagged_value  ( IDENTIFIER , T_KEY , T_VALUE , ABSTRACT_METADATA_ID ) values (39,'Inherited','Inherited',11),(40,'Inherited','Inherited',11),(41,'Inherited','Inherited',11),(42,'Inherited','Inherited',11),(43,'Inherited','Inherited',11),(44,'Inherited','Inherited',11),(45,'Inherited','Inherited',11),(46,'Inherited','Inherited',11),(47,'Inherited','Inherited',11),(48,'Inherited','Inherited',11),(49,'Inherited','Inherited',11),(50,'Inherited','Inherited',11),(51,'Inherited','Inherited',11),(52,'Inherited','Inherited',11),(53,'Inherited','Inherited',11),(54,'Inherited','Inherited',11),(55,'Inherited','Inherited',12),(56,'Inherited','Inherited',12),(57,'Inherited','Inherited',12),(58,'Inherited','Inherited',12),(59,'Inherited','Inherited',12),(60,'Inherited','Inherited',12),(61,'Inherited','Inherited',12),(62,'Inherited','Inherited',12),(63,'Inherited','Inherited',12),(64,'Inherited','Inherited',12),(65,'Inherited','Inherited',12),(66,'Inherited','Inherited',12),(67,'Inherited','Inherited',12),(68,'Inherited','Inherited',12),(69,'Inherited','Inherited',12),(70,'Inherited','Inherited',12),(71,'Inherited','Inherited',12),(72,'Inherited','Inherited',12),(73,'Inherited','Inherited',12),(74,'Inherited','Inherited',12),(75,'Inherited','Inherited',12),(76,'Inherited','Inherited',12),(77,'Inherited','Inherited',12),(78,'Inherited','Inherited',12),(79,'Inherited','Inherited',12);
insert into  dyextn_tagged_value  ( IDENTIFIER , T_KEY , T_VALUE , ABSTRACT_METADATA_ID ) values (80,'Inherited','Inherited',12),(81,'Inherited','Inherited',12),(82,'Inherited','Inherited',12),(83,'Inherited','Inherited',12),(84,'Inherited','Inherited',12),(85,'Inherited','Inherited',12),(86,'Inherited','Inherited',12),(87,'Inherited','Inherited',12),(88,'Inherited','Inherited',12),(89,'Inherited','Inherited',12),(90,'Inherited','Inherited',12),(91,'Inherited','Inherited',12),(92,'Inherited','Inherited',12),(93,'Inherited','Inherited',12),(94,'Inherited','Inherited',12),(95,'Inherited','Inherited',12),(96,'Inherited','Inherited',12),(97,'Inherited','Inherited',12),(98,'Inherited','Inherited',12),(99,'Inherited','Inherited',12),(100,'Inherited','Inherited',12),(101,'Inherited','Inherited',13),(102,'Inherited','Inherited',13),(103,'Inherited','Inherited',13),(104,'Inherited','Inherited',13),(105,'Inherited','Inherited',13),(106,'Inherited','Inherited',13),(107,'Inherited','Inherited',13),(108,'Inherited','Inherited',13),(109,'Inherited','Inherited',13),(110,'Inherited','Inherited',13),(111,'Inherited','Inherited',13),(112,'Inherited','Inherited',13),(113,'Inherited','Inherited',13),(114,'Inherited','Inherited',13),(115,'Inherited','Inherited',13),(116,'Inherited','Inherited',13),(117,'Inherited','Inherited',13),(118,'Inherited','Inherited',13),(119,'Inherited','Inherited',13);
insert into  dyextn_tagged_value  ( IDENTIFIER , T_KEY , T_VALUE , ABSTRACT_METADATA_ID ) values (120,'Inherited','Inherited',13),(121,'Inherited','Inherited',13),(122,'Inherited','Inherited',13),(123,'Inherited','Inherited',13),(124,'Inherited','Inherited',13),(125,'Inherited','Inherited',13),(126,'Inherited','Inherited',13),(127,'Inherited','Inherited',13),(128,'Inherited','Inherited',13),(129,'Inherited','Inherited',13),(130,'Inherited','Inherited',13),(131,'Inherited','Inherited',13),(132,'Inherited','Inherited',13),(133,'Inherited','Inherited',13),(134,'Inherited','Inherited',13),(135,'Inherited','Inherited',13),(136,'Inherited','Inherited',13),(137,'Inherited','Inherited',13),(138,'Inherited','Inherited',13),(139,'Inherited','Inherited',13),(140,'Inherited','Inherited',13),(141,'Inherited','Inherited',13),(142,'Inherited','Inherited',13),(143,'Inherited','Inherited',13),(144,'Inherited','Inherited',13),(145,'Inherited','Inherited',13),(146,'Inherited','Inherited',13),(147,'VI_HIDDEN','VI_HIDDEN',26),(148,'Inherited','Inherited',26),(149,'Inherited','Inherited',26),(150,'Inherited','Inherited',26),(151,'Inherited','Inherited',26),(152,'Inherited','Inherited',26),(153,'Inherited','Inherited',26),(154,'Inherited','Inherited',27),(155,'Inherited','Inherited',27),(156,'Inherited','Inherited',27),(157,'Inherited','Inherited',27),(158,'Inherited','Inherited',27);
insert into  dyextn_tagged_value  ( IDENTIFIER , T_KEY , T_VALUE , ABSTRACT_METADATA_ID ) values (159,'Inherited','Inherited',27),(160,'Inherited','Inherited',28),(161,'Inherited','Inherited',28),(162,'Inherited','Inherited',28),(163,'Inherited','Inherited',28),(164,'Inherited','Inherited',28),(165,'Inherited','Inherited',28),(166,'BASE_MAIN_ENTITY','BASE_MAIN_ENTITY',30),(167,'DEFAULT_CONDITION','DEFAULT_CONDITION',30),(168,'MAIN_ENTITY','MAIN_ENTITY',30),(169,'PrimaryKey','Person.personUpi',30),(170,'MAIN_ENTITY','MAIN_ENTITY',32),(171,'VERSION','VERSION',33),(172,'VI_HIDDEN','VI_HIDDEN',38),(173,'Inherited','Inherited',38),(174,'Inherited','Inherited',38),(175,'Inherited','Inherited',38),(176,'Inherited','Inherited',38),(177,'Inherited','Inherited',38),(178,'Inherited','Inherited',38),(179,'Inherited','Inherited',38),(180,'Inherited','Inherited',38),(181,'Inherited','Inherited',39),(182,'Inherited','Inherited',39),(183,'Inherited','Inherited',39),(184,'Inherited','Inherited',39),(185,'Inherited','Inherited',39),(186,'Inherited','Inherited',39),(187,'Inherited','Inherited',39),(188,'Inherited','Inherited',39),(189,'Inherited','Inherited',40),(190,'Inherited','Inherited',40),(191,'Inherited','Inherited',40),(192,'Inherited','Inherited',40),(193,'Inherited','Inherited',40),(194,'Inherited','Inherited',40),(195,'Inherited','Inherited',40),(196,'Inherited','Inherited',40);
insert into  dyextn_tagged_value  ( IDENTIFIER , T_KEY , T_VALUE , ABSTRACT_METADATA_ID ) values (197,'VI_HIDDEN','VI_HIDDEN',44),(198,'Inherited','Inherited',44),(199,'Inherited','Inherited',44),(200,'Inherited','Inherited',44),(201,'Inherited','Inherited',44),(202,'Inherited','Inherited',44),(203,'Inherited','Inherited',44),(204,'Inherited','Inherited',44),(205,'Inherited','Inherited',44),(206,'Inherited','Inherited',44),(207,'Inherited','Inherited',44),(208,'Inherited','Inherited',44),(209,'Inherited','Inherited',44),(210,'Inherited','Inherited',44),(211,'Inherited','Inherited',44),(212,'Inherited','Inherited',44),(213,'Inherited','Inherited',44),(214,'Inherited','Inherited',44),(215,'Inherited','Inherited',44),(216,'Inherited','Inherited',44),(217,'Inherited','Inherited',44),(218,'Inherited','Inherited',44),(219,'Inherited','Inherited',44),(220,'Inherited','Inherited',44),(221,'Inherited','Inherited',44),(222,'Inherited','Inherited',44),(223,'Inherited','Inherited',44),(224,'Inherited','Inherited',44),(225,'Inherited','Inherited',44),(226,'Inherited','Inherited',44),(227,'Inherited','Inherited',44),(228,'Inherited','Inherited',45),(229,'Inherited','Inherited',45),(230,'Inherited','Inherited',45),(231,'Inherited','Inherited',45),(232,'Inherited','Inherited',45),(233,'Inherited','Inherited',45),(234,'Inherited','Inherited',45),(235,'Inherited','Inherited',45);
insert into  dyextn_tagged_value  ( IDENTIFIER , T_KEY , T_VALUE , ABSTRACT_METADATA_ID ) values (236,'Inherited','Inherited',45),(237,'Inherited','Inherited',45),(238,'Inherited','Inherited',45),(239,'Inherited','Inherited',45),(240,'Inherited','Inherited',45),(241,'Inherited','Inherited',45),(242,'Inherited','Inherited',45),(243,'Inherited','Inherited',45),(244,'Inherited','Inherited',45),(245,'Inherited','Inherited',45),(246,'Inherited','Inherited',45),(247,'Inherited','Inherited',45),(248,'Inherited','Inherited',45),(249,'Inherited','Inherited',45),(250,'Inherited','Inherited',45),(251,'Inherited','Inherited',45),(252,'Inherited','Inherited',45),(253,'Inherited','Inherited',45),(254,'Inherited','Inherited',45),(255,'Inherited','Inherited',45),(256,'Inherited','Inherited',45),(257,'Inherited','Inherited',45),(258,'Inherited','Inherited',46),(259,'Inherited','Inherited',46),(260,'Inherited','Inherited',46),(261,'Inherited','Inherited',46),(262,'Inherited','Inherited',46),(263,'Inherited','Inherited',46),(264,'Inherited','Inherited',46),(265,'Inherited','Inherited',46),(266,'Inherited','Inherited',46),(267,'Inherited','Inherited',46),(268,'Inherited','Inherited',46),(269,'Inherited','Inherited',46),(270,'Inherited','Inherited',46),(271,'Inherited','Inherited',46),(272,'Inherited','Inherited',46),(273,'Inherited','Inherited',46),(274,'Inherited','Inherited',46);
insert into  dyextn_tagged_value  ( IDENTIFIER , T_KEY , T_VALUE , ABSTRACT_METADATA_ID ) values (275,'Inherited','Inherited',46),(276,'Inherited','Inherited',46),(277,'Inherited','Inherited',46),(278,'Inherited','Inherited',46),(279,'Inherited','Inherited',46),(280,'Inherited','Inherited',46),(281,'Inherited','Inherited',46),(282,'Inherited','Inherited',46),(283,'Inherited','Inherited',46),(284,'Inherited','Inherited',46),(285,'Inherited','Inherited',46),(286,'Inherited','Inherited',46),(287,'Inherited','Inherited',46),(288,'VI_HIDDEN','VI_HIDDEN',49),(289,'Inherited','Inherited',49),(290,'Inherited','Inherited',49),(291,'Inherited','Inherited',49),(292,'Inherited','Inherited',49),(293,'Inherited','Inherited',49),(294,'Inherited','Inherited',49),(295,'Inherited','Inherited',49),(296,'Inherited','Inherited',49),(297,'Inherited','Inherited',49),(298,'Inherited','Inherited',49),(299,'Inherited','Inherited',49),(300,'Inherited','Inherited',49),(301,'Inherited','Inherited',49),(302,'Inherited','Inherited',49),(303,'Inherited','Inherited',49),(304,'Inherited','Inherited',49),(305,'Inherited','Inherited',49),(306,'Inherited','Inherited',49),(307,'Inherited','Inherited',49),(308,'Inherited','Inherited',49),(309,'Inherited','Inherited',49),(310,'Inherited','Inherited',49),(311,'Inherited','Inherited',49),(312,'Inherited','Inherited',49),(313,'Inherited','Inherited',49);
insert into  dyextn_tagged_value  ( IDENTIFIER , T_KEY , T_VALUE , ABSTRACT_METADATA_ID ) values (314,'Inherited','Inherited',49),(315,'Inherited','Inherited',49),(316,'Inherited','Inherited',49),(317,'Inherited','Inherited',49),(318,'Inherited','Inherited',49),(319,'Inherited','Inherited',49),(320,'Inherited','Inherited',49),(321,'Inherited','Inherited',49),(322,'Inherited','Inherited',49),(323,'Inherited','Inherited',49),(324,'Inherited','Inherited',49),(325,'Inherited','Inherited',49),(326,'Inherited','Inherited',49),(327,'Inherited','Inherited',49),(328,'Inherited','Inherited',50),(329,'Inherited','Inherited',50),(330,'Inherited','Inherited',50),(331,'Inherited','Inherited',50),(332,'Inherited','Inherited',50),(333,'Inherited','Inherited',50),(334,'Inherited','Inherited',50),(335,'Inherited','Inherited',50),(336,'Inherited','Inherited',50),(337,'Inherited','Inherited',50),(338,'Inherited','Inherited',50),(339,'Inherited','Inherited',50),(340,'Inherited','Inherited',50),(341,'Inherited','Inherited',50),(342,'Inherited','Inherited',50),(343,'Inherited','Inherited',50),(344,'Inherited','Inherited',50),(345,'Inherited','Inherited',50),(346,'Inherited','Inherited',50),(347,'Inherited','Inherited',50),(348,'Inherited','Inherited',50),(349,'Inherited','Inherited',50),(350,'Inherited','Inherited',50),(351,'Inherited','Inherited',50),(352,'Inherited','Inherited',50);
insert into  dyextn_tagged_value  ( IDENTIFIER , T_KEY , T_VALUE , ABSTRACT_METADATA_ID ) values (353,'Inherited','Inherited',50),(354,'Inherited','Inherited',50),(355,'Inherited','Inherited',50),(356,'Inherited','Inherited',50),(357,'Inherited','Inherited',50),(358,'Inherited','Inherited',50),(359,'Inherited','Inherited',50),(360,'Inherited','Inherited',50),(361,'Inherited','Inherited',50),(362,'Inherited','Inherited',50),(363,'Inherited','Inherited',50),(364,'Inherited','Inherited',50),(365,'Inherited','Inherited',50),(366,'Inherited','Inherited',50),(367,'Inherited','Inherited',51),(368,'Inherited','Inherited',51),(369,'Inherited','Inherited',51),(370,'Inherited','Inherited',51),(371,'Inherited','Inherited',51),(372,'Inherited','Inherited',51),(373,'Inherited','Inherited',51),(374,'Inherited','Inherited',51),(375,'Inherited','Inherited',51),(376,'Inherited','Inherited',51),(377,'Inherited','Inherited',51),(378,'Inherited','Inherited',51),(379,'Inherited','Inherited',51),(380,'Inherited','Inherited',51),(381,'Inherited','Inherited',51),(382,'Inherited','Inherited',51),(383,'Inherited','Inherited',51),(384,'Inherited','Inherited',51),(385,'Inherited','Inherited',51),(386,'Inherited','Inherited',51),(387,'Inherited','Inherited',51),(388,'Inherited','Inherited',51),(389,'Inherited','Inherited',51),(390,'Inherited','Inherited',51),(391,'Inherited','Inherited',51);
insert into  dyextn_tagged_value  ( IDENTIFIER , T_KEY , T_VALUE , ABSTRACT_METADATA_ID ) values (392,'Inherited','Inherited',51),(393,'Inherited','Inherited',51),(394,'Inherited','Inherited',51),(395,'Inherited','Inherited',51),(396,'Inherited','Inherited',51),(397,'Inherited','Inherited',51),(398,'Inherited','Inherited',51),(399,'Inherited','Inherited',51),(400,'Inherited','Inherited',51),(401,'Inherited','Inherited',51),(402,'Inherited','Inherited',51),(403,'Inherited','Inherited',51),(404,'Inherited','Inherited',51),(405,'Inherited','Inherited',51),(406,'PV_FILTER','T_HL7_S_0166^%',53),(407,'PV_VIEW','MED_LOOKUP_VIEW',53),(408,'VI_HIDDEN','VI_HIDDEN',54),(409,'Inherited','Inherited',54),(410,'Inherited','Inherited',54),(411,'Inherited','Inherited',54),(412,'Inherited','Inherited',54),(413,'Inherited','Inherited',54),(414,'Inherited','Inherited',54),(415,'Inherited','Inherited',54),(416,'Inherited','Inherited',54),(417,'Inherited','Inherited',54),(418,'Inherited','Inherited',54),(419,'Inherited','Inherited',54),(420,'Inherited','Inherited',54),(421,'Inherited','Inherited',54),(422,'Inherited','Inherited',54),(423,'Inherited','Inherited',54),(424,'Inherited','Inherited',54),(425,'Inherited','Inherited',54),(426,'Inherited','Inherited',54),(427,'Inherited','Inherited',54),(428,'Inherited','Inherited',54),(429,'Inherited','Inherited',54),(430,'Inherited','Inherited',54);
insert into  dyextn_tagged_value  ( IDENTIFIER , T_KEY , T_VALUE , ABSTRACT_METADATA_ID ) values (431,'Inherited','Inherited',54),(432,'Inherited','Inherited',54),(433,'Inherited','Inherited',54),(434,'Inherited','Inherited',54),(435,'Inherited','Inherited',54),(436,'Inherited','Inherited',54),(437,'Inherited','Inherited',55),(438,'Inherited','Inherited',55),(439,'Inherited','Inherited',55),(440,'Inherited','Inherited',55),(441,'Inherited','Inherited',55),(442,'Inherited','Inherited',55),(443,'Inherited','Inherited',55),(444,'Inherited','Inherited',55),(445,'Inherited','Inherited',55),(446,'Inherited','Inherited',55),(447,'Inherited','Inherited',55),(448,'Inherited','Inherited',55),(449,'Inherited','Inherited',55),(450,'Inherited','Inherited',55),(451,'Inherited','Inherited',55),(452,'Inherited','Inherited',55),(453,'Inherited','Inherited',55),(454,'Inherited','Inherited',55),(455,'Inherited','Inherited',55),(456,'Inherited','Inherited',55),(457,'Inherited','Inherited',55),(458,'Inherited','Inherited',55),(459,'Inherited','Inherited',55),(460,'Inherited','Inherited',55),(461,'Inherited','Inherited',55),(462,'Inherited','Inherited',55),(463,'Inherited','Inherited',55),(464,'Inherited','Inherited',55),(465,'Inherited','Inherited',56),(466,'Inherited','Inherited',56),(467,'Inherited','Inherited',56),(468,'Inherited','Inherited',56),(469,'Inherited','Inherited',56);
insert into  dyextn_tagged_value  ( IDENTIFIER , T_KEY , T_VALUE , ABSTRACT_METADATA_ID ) values (470,'Inherited','Inherited',56),(471,'Inherited','Inherited',56),(472,'Inherited','Inherited',56),(473,'Inherited','Inherited',56),(474,'Inherited','Inherited',56),(475,'Inherited','Inherited',56),(476,'Inherited','Inherited',56),(477,'Inherited','Inherited',56),(478,'Inherited','Inherited',56),(479,'Inherited','Inherited',56),(480,'Inherited','Inherited',56),(481,'Inherited','Inherited',56),(482,'Inherited','Inherited',56),(483,'Inherited','Inherited',56),(484,'Inherited','Inherited',56),(485,'Inherited','Inherited',56),(486,'Inherited','Inherited',56),(487,'Inherited','Inherited',56),(488,'Inherited','Inherited',56),(489,'Inherited','Inherited',56),(490,'Inherited','Inherited',56),(491,'Inherited','Inherited',56),(492,'Inherited','Inherited',56),(493,'VI_HIDDEN','VI_HIDDEN',59),(494,'Inherited','Inherited',59),(495,'Inherited','Inherited',59),(496,'Inherited','Inherited',59),(497,'Inherited','Inherited',59),(498,'Inherited','Inherited',59),(499,'Inherited','Inherited',59),(500,'Inherited','Inherited',59),(501,'Inherited','Inherited',59),(502,'Inherited','Inherited',59),(503,'Inherited','Inherited',59),(504,'Inherited','Inherited',59),(505,'Inherited','Inherited',59),(506,'Inherited','Inherited',59),(507,'Inherited','Inherited',59),(508,'Inherited','Inherited',59);
insert into  dyextn_tagged_value  ( IDENTIFIER , T_KEY , T_VALUE , ABSTRACT_METADATA_ID ) values (509,'Inherited','Inherited',59),(510,'Inherited','Inherited',59),(511,'Inherited','Inherited',60),(512,'Inherited','Inherited',60),(513,'Inherited','Inherited',60),(514,'Inherited','Inherited',60),(515,'Inherited','Inherited',60),(516,'Inherited','Inherited',60),(517,'Inherited','Inherited',60),(518,'Inherited','Inherited',60),(519,'Inherited','Inherited',60),(520,'Inherited','Inherited',60),(521,'Inherited','Inherited',60),(522,'Inherited','Inherited',60),(523,'Inherited','Inherited',60),(524,'Inherited','Inherited',60),(525,'Inherited','Inherited',60),(526,'Inherited','Inherited',60),(527,'Inherited','Inherited',60),(528,'Inherited','Inherited',61),(529,'Inherited','Inherited',61),(530,'Inherited','Inherited',61),(531,'Inherited','Inherited',61),(532,'Inherited','Inherited',61),(533,'Inherited','Inherited',61),(534,'Inherited','Inherited',61),(535,'Inherited','Inherited',61),(536,'Inherited','Inherited',61),(537,'Inherited','Inherited',61),(538,'Inherited','Inherited',61),(539,'Inherited','Inherited',61),(540,'Inherited','Inherited',61),(541,'Inherited','Inherited',61),(542,'Inherited','Inherited',61),(543,'Inherited','Inherited',61),(544,'Inherited','Inherited',61),(545,'PV_FILTER','T_HL7_S_0123^%',67),(546,'PV_VIEW','MED_LOOKUP_VIEW',67),(547,'VI_HIDDEN','VI_HIDDEN',68);
insert into  dyextn_tagged_value  ( IDENTIFIER , T_KEY , T_VALUE , ABSTRACT_METADATA_ID ) values (548,'Inherited','Inherited',68),(549,'Inherited','Inherited',68),(550,'Inherited','Inherited',68),(551,'Inherited','Inherited',68),(552,'Inherited','Inherited',68),(553,'Inherited','Inherited',68),(554,'Inherited','Inherited',68),(555,'Inherited','Inherited',68),(556,'Inherited','Inherited',68),(557,'Inherited','Inherited',68),(558,'Inherited','Inherited',68),(559,'Inherited','Inherited',68),(560,'Inherited','Inherited',68),(561,'Inherited','Inherited',68),(562,'Inherited','Inherited',68),(563,'Inherited','Inherited',68),(564,'Inherited','Inherited',68),(565,'Inherited','Inherited',68),(566,'Inherited','Inherited',68),(567,'Inherited','Inherited',68),(568,'Inherited','Inherited',68),(569,'Inherited','Inherited',68),(570,'Inherited','Inherited',68),(571,'Inherited','Inherited',68),(572,'Inherited','Inherited',68),(573,'Inherited','Inherited',68),(574,'Inherited','Inherited',68),(575,'Inherited','Inherited',68),(576,'Inherited','Inherited',68),(577,'Inherited','Inherited',68),(578,'Inherited','Inherited',68),(579,'Inherited','Inherited',68),(580,'Inherited','Inherited',68),(581,'Inherited','Inherited',68),(582,'Inherited','Inherited',68),(583,'Inherited','Inherited',68),(584,'Inherited','Inherited',68),(585,'Inherited','Inherited',68),(586,'Inherited','Inherited',69);
insert into  dyextn_tagged_value  ( IDENTIFIER , T_KEY , T_VALUE , ABSTRACT_METADATA_ID ) values (587,'Inherited','Inherited',69),(588,'Inherited','Inherited',69),(589,'Inherited','Inherited',69),(590,'Inherited','Inherited',69),(591,'Inherited','Inherited',69),(592,'Inherited','Inherited',69),(593,'Inherited','Inherited',69),(594,'Inherited','Inherited',69),(595,'Inherited','Inherited',69),(596,'Inherited','Inherited',69),(597,'Inherited','Inherited',69),(598,'Inherited','Inherited',69),(599,'Inherited','Inherited',69),(600,'Inherited','Inherited',69),(601,'Inherited','Inherited',69),(602,'Inherited','Inherited',69),(603,'Inherited','Inherited',69),(604,'Inherited','Inherited',69),(605,'Inherited','Inherited',69),(606,'Inherited','Inherited',69),(607,'Inherited','Inherited',69),(608,'Inherited','Inherited',69),(609,'Inherited','Inherited',69),(610,'Inherited','Inherited',69),(611,'Inherited','Inherited',69),(612,'Inherited','Inherited',69),(613,'Inherited','Inherited',69),(614,'Inherited','Inherited',69),(615,'Inherited','Inherited',69),(616,'Inherited','Inherited',69),(617,'Inherited','Inherited',69),(618,'Inherited','Inherited',69),(619,'Inherited','Inherited',69),(620,'Inherited','Inherited',69),(621,'Inherited','Inherited',69),(622,'Inherited','Inherited',69),(623,'Inherited','Inherited',69),(624,'Inherited','Inherited',70),(625,'Inherited','Inherited',70);
insert into  dyextn_tagged_value  ( IDENTIFIER , T_KEY , T_VALUE , ABSTRACT_METADATA_ID ) values (626,'Inherited','Inherited',70),(627,'Inherited','Inherited',70),(628,'Inherited','Inherited',70),(629,'Inherited','Inherited',70),(630,'Inherited','Inherited',70),(631,'Inherited','Inherited',70),(632,'Inherited','Inherited',70),(633,'Inherited','Inherited',70),(634,'Inherited','Inherited',70),(635,'Inherited','Inherited',70),(636,'Inherited','Inherited',70),(637,'Inherited','Inherited',70),(638,'Inherited','Inherited',70),(639,'Inherited','Inherited',70),(640,'Inherited','Inherited',70),(641,'Inherited','Inherited',70),(642,'Inherited','Inherited',70),(643,'Inherited','Inherited',70),(644,'Inherited','Inherited',70),(645,'Inherited','Inherited',70),(646,'Inherited','Inherited',70),(647,'Inherited','Inherited',70),(648,'Inherited','Inherited',70),(649,'Inherited','Inherited',70),(650,'Inherited','Inherited',70),(651,'Inherited','Inherited',70),(652,'Inherited','Inherited',70),(653,'Inherited','Inherited',70),(654,'Inherited','Inherited',70),(655,'Inherited','Inherited',70),(656,'Inherited','Inherited',70),(657,'Inherited','Inherited',70),(658,'Inherited','Inherited',70),(659,'Inherited','Inherited',70),(660,'Inherited','Inherited',70),(661,'Inherited','Inherited',70),(662,'PV_FILTER','T_HL7_U_0167^%',93),(663,'PV_VIEW','MED_LOOKUP_VIEW',93),(664,'VI_HIDDEN','VI_HIDDEN',94);
insert into  dyextn_tagged_value  ( IDENTIFIER , T_KEY , T_VALUE , ABSTRACT_METADATA_ID ) values (665,'Inherited','Inherited',94),(666,'Inherited','Inherited',94),(667,'Inherited','Inherited',94),(668,'Inherited','Inherited',94),(669,'Inherited','Inherited',94),(670,'Inherited','Inherited',94),(671,'Inherited','Inherited',94),(672,'Inherited','Inherited',94),(673,'Inherited','Inherited',94),(674,'Inherited','Inherited',94),(675,'Inherited','Inherited',94),(676,'Inherited','Inherited',94),(677,'Inherited','Inherited',94),(678,'Inherited','Inherited',94),(679,'Inherited','Inherited',95),(680,'Inherited','Inherited',95),(681,'Inherited','Inherited',95),(682,'Inherited','Inherited',95),(683,'Inherited','Inherited',95),(684,'Inherited','Inherited',95),(685,'Inherited','Inherited',95),(686,'Inherited','Inherited',95),(687,'Inherited','Inherited',95),(688,'Inherited','Inherited',95),(689,'Inherited','Inherited',95),(690,'Inherited','Inherited',95),(691,'Inherited','Inherited',95),(692,'Inherited','Inherited',95),(693,'Inherited','Inherited',96),(694,'Inherited','Inherited',96),(695,'Inherited','Inherited',96),(696,'Inherited','Inherited',96),(697,'Inherited','Inherited',96),(698,'Inherited','Inherited',96),(699,'Inherited','Inherited',96),(700,'Inherited','Inherited',96),(701,'Inherited','Inherited',96),(702,'Inherited','Inherited',96),(703,'Inherited','Inherited',96);
insert into  dyextn_tagged_value  ( IDENTIFIER , T_KEY , T_VALUE , ABSTRACT_METADATA_ID ) values (704,'Inherited','Inherited',96),(705,'Inherited','Inherited',96),(706,'Inherited','Inherited',96),(707,'Inherited','Inherited',99),(708,'Inherited','Inherited',99),(709,'Inherited','Inherited',99),(710,'Inherited','Inherited',99),(711,'Inherited','Inherited',99),(712,'Inherited','Inherited',99),(713,'Inherited','Inherited',99),(714,'Inherited','Inherited',99),(715,'Inherited','Inherited',99),(716,'Inherited','Inherited',99),(717,'Inherited','Inherited',99),(718,'Inherited','Inherited',99),(719,'VI_HIDDEN','VI_HIDDEN',99),(720,'Inherited','Inherited',100),(721,'Inherited','Inherited',100),(722,'Inherited','Inherited',100),(723,'Inherited','Inherited',100),(724,'Inherited','Inherited',100),(725,'Inherited','Inherited',100),(726,'Inherited','Inherited',100),(727,'Inherited','Inherited',100),(728,'Inherited','Inherited',100),(729,'Inherited','Inherited',100),(730,'Inherited','Inherited',100),(731,'Inherited','Inherited',100),(732,'Inherited','Inherited',101),(733,'Inherited','Inherited',101),(734,'Inherited','Inherited',101),(735,'Inherited','Inherited',101),(736,'Inherited','Inherited',101),(737,'Inherited','Inherited',101),(738,'Inherited','Inherited',101),(739,'Inherited','Inherited',101),(740,'Inherited','Inherited',101),(741,'Inherited','Inherited',101);
insert into  dyextn_tagged_value  ( IDENTIFIER , T_KEY , T_VALUE , ABSTRACT_METADATA_ID ) values (742,'Inherited','Inherited',101),(743,'Inherited','Inherited',101),(744,'VI_HIDDEN','VI_HIDDEN',104),(745,'Inherited','Inherited',104),(746,'Inherited','Inherited',104),(747,'Inherited','Inherited',104),(748,'Inherited','Inherited',104),(749,'Inherited','Inherited',105),(750,'Inherited','Inherited',105),(751,'Inherited','Inherited',105),(752,'Inherited','Inherited',105),(753,'Inherited','Inherited',106),(754,'Inherited','Inherited',106),(755,'Inherited','Inherited',106),(756,'Inherited','Inherited',106),(757,'PV_FILTER','T_HL7_I_0003^%',108),(758,'PV_VIEW','MED_LOOKUP_VIEW',108),(759,'VI_HIDDEN','VI_HIDDEN',109),(760,'Inherited','Inherited',109),(761,'Inherited','Inherited',109),(762,'Inherited','Inherited',109),(763,'Inherited','Inherited',109),(764,'Inherited','Inherited',109),(765,'Inherited','Inherited',109),(766,'Inherited','Inherited',109),(767,'Inherited','Inherited',109),(768,'Inherited','Inherited',109),(769,'Inherited','Inherited',109),(770,'Inherited','Inherited',109),(771,'Inherited','Inherited',109),(772,'Inherited','Inherited',109),(773,'Inherited','Inherited',109),(774,'Inherited','Inherited',109),(775,'Inherited','Inherited',109),(776,'Inherited','Inherited',109),(777,'Inherited','Inherited',109),(778,'Inherited','Inherited',109),(779,'Inherited','Inherited',110);
insert into  dyextn_tagged_value  ( IDENTIFIER , T_KEY , T_VALUE , ABSTRACT_METADATA_ID ) values (780,'Inherited','Inherited',110),(781,'Inherited','Inherited',110),(782,'Inherited','Inherited',110),(783,'Inherited','Inherited',110),(784,'Inherited','Inherited',110),(785,'Inherited','Inherited',110),(786,'Inherited','Inherited',110),(787,'Inherited','Inherited',110),(788,'Inherited','Inherited',110),(789,'Inherited','Inherited',110),(790,'Inherited','Inherited',110),(791,'Inherited','Inherited',110),(792,'Inherited','Inherited',110),(793,'Inherited','Inherited',110),(794,'Inherited','Inherited',110),(795,'Inherited','Inherited',110),(796,'Inherited','Inherited',110),(797,'Inherited','Inherited',110),(798,'Inherited','Inherited',111),(799,'Inherited','Inherited',111),(800,'Inherited','Inherited',111),(801,'Inherited','Inherited',111),(802,'Inherited','Inherited',111),(803,'Inherited','Inherited',111),(804,'Inherited','Inherited',111),(805,'Inherited','Inherited',111),(806,'Inherited','Inherited',111),(807,'Inherited','Inherited',111),(808,'Inherited','Inherited',111),(809,'Inherited','Inherited',111),(810,'Inherited','Inherited',111),(811,'Inherited','Inherited',111),(812,'Inherited','Inherited',111),(813,'Inherited','Inherited',111),(814,'Inherited','Inherited',111),(815,'Inherited','Inherited',111),(816,'Inherited','Inherited',111),(817,'PV_FILTER','T_HL7_I_0002^%',115);
insert into  dyextn_tagged_value  ( IDENTIFIER , T_KEY , T_VALUE , ABSTRACT_METADATA_ID ) values (818,'PV_VIEW','MED_LOOKUP_VIEW',115),(819,'VI_HIDDEN','VI_HIDDEN',116),(820,'Inherited','Inherited',116),(821,'Inherited','Inherited',116),(822,'Inherited','Inherited',116),(823,'Inherited','Inherited',116),(824,'Inherited','Inherited',116),(825,'Inherited','Inherited',116),(826,'Inherited','Inherited',116),(827,'Inherited','Inherited',116),(828,'Inherited','Inherited',116),(829,'Inherited','Inherited',116),(830,'Inherited','Inherited',116),(831,'Inherited','Inherited',116),(832,'Inherited','Inherited',116),(833,'Inherited','Inherited',116),(834,'Inherited','Inherited',116),(835,'Inherited','Inherited',116),(836,'Inherited','Inherited',116),(837,'Inherited','Inherited',116),(838,'Inherited','Inherited',116),(839,'Inherited','Inherited',116),(840,'Inherited','Inherited',116),(841,'Inherited','Inherited',116),(842,'Inherited','Inherited',116),(843,'Inherited','Inherited',116),(844,'Inherited','Inherited',116),(845,'Inherited','Inherited',116),(846,'Inherited','Inherited',116),(847,'Inherited','Inherited',116),(848,'Inherited','Inherited',116),(849,'Inherited','Inherited',116),(850,'Inherited','Inherited',116),(851,'Inherited','Inherited',116),(852,'Inherited','Inherited',116),(853,'Inherited','Inherited',117),(854,'Inherited','Inherited',117),(855,'Inherited','Inherited',117);
insert into  dyextn_tagged_value  ( IDENTIFIER , T_KEY , T_VALUE , ABSTRACT_METADATA_ID ) values (856,'Inherited','Inherited',117),(857,'Inherited','Inherited',117),(858,'Inherited','Inherited',117),(859,'Inherited','Inherited',117),(860,'Inherited','Inherited',117),(861,'Inherited','Inherited',117),(862,'Inherited','Inherited',117),(863,'Inherited','Inherited',117),(864,'Inherited','Inherited',117),(865,'Inherited','Inherited',117),(866,'Inherited','Inherited',117),(867,'Inherited','Inherited',117),(868,'Inherited','Inherited',117),(869,'Inherited','Inherited',117),(870,'Inherited','Inherited',117),(871,'Inherited','Inherited',117),(872,'Inherited','Inherited',117),(873,'Inherited','Inherited',117),(874,'Inherited','Inherited',117),(875,'Inherited','Inherited',117),(876,'Inherited','Inherited',117),(877,'Inherited','Inherited',117),(878,'Inherited','Inherited',117),(879,'Inherited','Inherited',117),(880,'Inherited','Inherited',117),(881,'Inherited','Inherited',117),(882,'Inherited','Inherited',117),(883,'Inherited','Inherited',117),(884,'Inherited','Inherited',117),(885,'Inherited','Inherited',117),(886,'Inherited','Inherited',118),(887,'Inherited','Inherited',118),(888,'Inherited','Inherited',118),(889,'Inherited','Inherited',118),(890,'Inherited','Inherited',118),(891,'Inherited','Inherited',118),(892,'Inherited','Inherited',118),(893,'Inherited','Inherited',118);
insert into  dyextn_tagged_value  ( IDENTIFIER , T_KEY , T_VALUE , ABSTRACT_METADATA_ID ) values (894,'Inherited','Inherited',118),(895,'Inherited','Inherited',118),(896,'Inherited','Inherited',118),(897,'Inherited','Inherited',118),(898,'Inherited','Inherited',118),(899,'Inherited','Inherited',118),(900,'Inherited','Inherited',118),(901,'Inherited','Inherited',118),(902,'Inherited','Inherited',118),(903,'Inherited','Inherited',118),(904,'Inherited','Inherited',118),(905,'Inherited','Inherited',118),(906,'Inherited','Inherited',118),(907,'Inherited','Inherited',118),(908,'Inherited','Inherited',118),(909,'Inherited','Inherited',118),(910,'Inherited','Inherited',118),(911,'Inherited','Inherited',118),(912,'Inherited','Inherited',118),(913,'Inherited','Inherited',118),(914,'Inherited','Inherited',118),(915,'Inherited','Inherited',118),(916,'Inherited','Inherited',118),(917,'Inherited','Inherited',118),(918,'Inherited','Inherited',118),(919,'VI_HIDDEN','VI_HIDDEN',122),(920,'Inherited','Inherited',122),(921,'Inherited','Inherited',122),(922,'Inherited','Inherited',122),(923,'Inherited','Inherited',122),(924,'Inherited','Inherited',122),(925,'Inherited','Inherited',122),(926,'Inherited','Inherited',122),(927,'Inherited','Inherited',122),(928,'Inherited','Inherited',122),(929,'Inherited','Inherited',122),(930,'Inherited','Inherited',122),(931,'Inherited','Inherited',122);
insert into  dyextn_tagged_value  ( IDENTIFIER , T_KEY , T_VALUE , ABSTRACT_METADATA_ID ) values (932,'Inherited','Inherited',122),(933,'Inherited','Inherited',122),(934,'Inherited','Inherited',122),(935,'Inherited','Inherited',122),(936,'Inherited','Inherited',122),(937,'Inherited','Inherited',122),(938,'Inherited','Inherited',122),(939,'Inherited','Inherited',122),(940,'Inherited','Inherited',123),(941,'Inherited','Inherited',123),(942,'Inherited','Inherited',123),(943,'Inherited','Inherited',123),(944,'Inherited','Inherited',123),(945,'Inherited','Inherited',123),(946,'Inherited','Inherited',123),(947,'Inherited','Inherited',123),(948,'Inherited','Inherited',123),(949,'Inherited','Inherited',123),(950,'Inherited','Inherited',123),(951,'Inherited','Inherited',123),(952,'Inherited','Inherited',123),(953,'Inherited','Inherited',123),(954,'Inherited','Inherited',123),(955,'Inherited','Inherited',123),(956,'Inherited','Inherited',123),(957,'Inherited','Inherited',123),(958,'Inherited','Inherited',123),(959,'Inherited','Inherited',123),(960,'Inherited','Inherited',124),(961,'Inherited','Inherited',124),(962,'Inherited','Inherited',124),(963,'Inherited','Inherited',124),(964,'Inherited','Inherited',124),(965,'Inherited','Inherited',124),(966,'Inherited','Inherited',124),(967,'Inherited','Inherited',124),(968,'Inherited','Inherited',124),(969,'Inherited','Inherited',124);
insert into  dyextn_tagged_value  ( IDENTIFIER , T_KEY , T_VALUE , ABSTRACT_METADATA_ID ) values (970,'Inherited','Inherited',124),(971,'Inherited','Inherited',124),(972,'Inherited','Inherited',124),(973,'Inherited','Inherited',124),(974,'Inherited','Inherited',124),(975,'Inherited','Inherited',124),(976,'Inherited','Inherited',124),(977,'Inherited','Inherited',124),(978,'Inherited','Inherited',124),(979,'Inherited','Inherited',124),(980,'MAIN_ENTITY','MAIN_ENTITY',130),(981,'PrimaryKey','Encounter.patientAccountNumber',130),(982,'VERSION','VERSION',132),(983,'PV_FILTER','T_HL7_U_0099^%',135),(984,'PV_VIEW','MED_LOOKUP_VIEW',135),(985,'VI_HIDDEN','VI_HIDDEN',136),(986,'Inherited','Inherited',136),(987,'Inherited','Inherited',136),(988,'Inherited','Inherited',136),(989,'Inherited','Inherited',136),(990,'Inherited','Inherited',136),(991,'Inherited','Inherited',136),(992,'Inherited','Inherited',136),(993,'Inherited','Inherited',136),(994,'Inherited','Inherited',136),(995,'Inherited','Inherited',136),(996,'Inherited','Inherited',136),(997,'Inherited','Inherited',136),(998,'Inherited','Inherited',136),(999,'Inherited','Inherited',136),(1000,'Inherited','Inherited',136),(1001,'Inherited','Inherited',136),(1002,'Inherited','Inherited',136),(1003,'Inherited','Inherited',136),(1004,'Inherited','Inherited',136),(1005,'Inherited','Inherited',136),(1006,'Inherited','Inherited',136);
insert into  dyextn_tagged_value  ( IDENTIFIER , T_KEY , T_VALUE , ABSTRACT_METADATA_ID ) values (1007,'Inherited','Inherited',136),(1008,'Inherited','Inherited',136),(1009,'Inherited','Inherited',136),(1010,'Inherited','Inherited',136),(1011,'Inherited','Inherited',136),(1012,'Inherited','Inherited',136),(1013,'Inherited','Inherited',136),(1014,'Inherited','Inherited',136),(1015,'Inherited','Inherited',136),(1016,'Inherited','Inherited',136),(1017,'Inherited','Inherited',136),(1018,'Inherited','Inherited',136),(1019,'Inherited','Inherited',136),(1020,'Inherited','Inherited',136),(1021,'Inherited','Inherited',136),(1022,'Inherited','Inherited',136),(1023,'Inherited','Inherited',136),(1024,'Inherited','Inherited',136),(1025,'Inherited','Inherited',136),(1026,'Inherited','Inherited',136),(1027,'Inherited','Inherited',136),(1028,'Inherited','Inherited',136),(1029,'Inherited','Inherited',136),(1030,'Inherited','Inherited',137),(1031,'Inherited','Inherited',137),(1032,'Inherited','Inherited',137),(1033,'Inherited','Inherited',137),(1034,'Inherited','Inherited',137),(1035,'Inherited','Inherited',137),(1036,'Inherited','Inherited',137),(1037,'Inherited','Inherited',137),(1038,'Inherited','Inherited',137),(1039,'Inherited','Inherited',137),(1040,'Inherited','Inherited',137),(1041,'Inherited','Inherited',137),(1042,'Inherited','Inherited',137),(1043,'Inherited','Inherited',137);
insert into  dyextn_tagged_value  ( IDENTIFIER , T_KEY , T_VALUE , ABSTRACT_METADATA_ID ) values (1044,'Inherited','Inherited',137),(1045,'Inherited','Inherited',137),(1046,'Inherited','Inherited',137),(1047,'Inherited','Inherited',137),(1048,'Inherited','Inherited',137),(1049,'Inherited','Inherited',137),(1050,'Inherited','Inherited',137),(1051,'Inherited','Inherited',137),(1052,'Inherited','Inherited',137),(1053,'Inherited','Inherited',137),(1054,'Inherited','Inherited',137),(1055,'Inherited','Inherited',137),(1056,'Inherited','Inherited',137),(1057,'Inherited','Inherited',137),(1058,'Inherited','Inherited',137),(1059,'Inherited','Inherited',137),(1060,'Inherited','Inherited',137),(1061,'Inherited','Inherited',137),(1062,'Inherited','Inherited',137),(1063,'Inherited','Inherited',137),(1064,'Inherited','Inherited',137),(1065,'Inherited','Inherited',137),(1066,'Inherited','Inherited',137),(1067,'Inherited','Inherited',137),(1068,'Inherited','Inherited',137),(1069,'Inherited','Inherited',137),(1070,'Inherited','Inherited',137),(1071,'Inherited','Inherited',137),(1072,'Inherited','Inherited',137),(1073,'Inherited','Inherited',137),(1074,'Inherited','Inherited',138),(1075,'Inherited','Inherited',138),(1076,'Inherited','Inherited',138),(1077,'Inherited','Inherited',138),(1078,'Inherited','Inherited',138),(1079,'Inherited','Inherited',138),(1080,'Inherited','Inherited',138);
insert into  dyextn_tagged_value  ( IDENTIFIER , T_KEY , T_VALUE , ABSTRACT_METADATA_ID ) values (1081,'Inherited','Inherited',138),(1082,'Inherited','Inherited',138),(1083,'Inherited','Inherited',138),(1084,'Inherited','Inherited',138),(1085,'Inherited','Inherited',138),(1086,'Inherited','Inherited',138),(1087,'Inherited','Inherited',138),(1088,'Inherited','Inherited',138),(1089,'Inherited','Inherited',138),(1090,'Inherited','Inherited',138),(1091,'Inherited','Inherited',138),(1092,'Inherited','Inherited',138),(1093,'Inherited','Inherited',138),(1094,'Inherited','Inherited',138),(1095,'Inherited','Inherited',138),(1096,'Inherited','Inherited',138),(1097,'Inherited','Inherited',138),(1098,'Inherited','Inherited',138),(1099,'Inherited','Inherited',138),(1100,'Inherited','Inherited',138),(1101,'Inherited','Inherited',138),(1102,'Inherited','Inherited',138),(1103,'Inherited','Inherited',138),(1104,'Inherited','Inherited',138),(1105,'Inherited','Inherited',138),(1106,'Inherited','Inherited',138),(1107,'Inherited','Inherited',138),(1108,'Inherited','Inherited',138),(1109,'Inherited','Inherited',138),(1110,'Inherited','Inherited',138),(1111,'Inherited','Inherited',138),(1112,'Inherited','Inherited',138),(1113,'Inherited','Inherited',138),(1114,'Inherited','Inherited',138),(1115,'Inherited','Inherited',138),(1116,'Inherited','Inherited',138),(1117,'Inherited','Inherited',138);
insert into  dyextn_tagged_value  ( IDENTIFIER , T_KEY , T_VALUE , ABSTRACT_METADATA_ID ) values (1118,'PV_FILTER','99603^%',140),(1119,'PV_VIEW','MED_LOOKUP_VIEW',140),(1120,'VI_HIDDEN','VI_HIDDEN',141),(1121,'Inherited','Inherited',141),(1122,'Inherited','Inherited',141),(1123,'Inherited','Inherited',141),(1124,'Inherited','Inherited',141),(1125,'Inherited','Inherited',141),(1126,'Inherited','Inherited',141),(1127,'Inherited','Inherited',141),(1128,'Inherited','Inherited',141),(1129,'Inherited','Inherited',141),(1130,'Inherited','Inherited',141),(1131,'Inherited','Inherited',141),(1132,'Inherited','Inherited',141),(1133,'Inherited','Inherited',141),(1134,'Inherited','Inherited',141),(1135,'Inherited','Inherited',141),(1136,'Inherited','Inherited',141),(1137,'Inherited','Inherited',141),(1138,'Inherited','Inherited',141),(1139,'Inherited','Inherited',141),(1140,'Inherited','Inherited',141),(1141,'Inherited','Inherited',141),(1142,'Inherited','Inherited',141),(1143,'Inherited','Inherited',141),(1144,'Inherited','Inherited',141),(1145,'Inherited','Inherited',141),(1146,'Inherited','Inherited',141),(1147,'Inherited','Inherited',141),(1148,'Inherited','Inherited',141),(1149,'Inherited','Inherited',141),(1150,'Inherited','Inherited',141),(1151,'Inherited','Inherited',141),(1152,'Inherited','Inherited',141),(1153,'Inherited','Inherited',141);
insert into  dyextn_tagged_value  ( IDENTIFIER , T_KEY , T_VALUE , ABSTRACT_METADATA_ID ) values (1154,'Inherited','Inherited',141),(1155,'Inherited','Inherited',141),(1156,'Inherited','Inherited',141),(1157,'Inherited','Inherited',141),(1158,'Inherited','Inherited',141),(1159,'Inherited','Inherited',141),(1160,'Inherited','Inherited',141),(1161,'Inherited','Inherited',142),(1162,'Inherited','Inherited',142),(1163,'Inherited','Inherited',142),(1164,'Inherited','Inherited',142),(1165,'Inherited','Inherited',142),(1166,'Inherited','Inherited',142),(1167,'Inherited','Inherited',142),(1168,'Inherited','Inherited',142),(1169,'Inherited','Inherited',142),(1170,'Inherited','Inherited',142),(1171,'Inherited','Inherited',142),(1172,'Inherited','Inherited',142),(1173,'Inherited','Inherited',142),(1174,'Inherited','Inherited',142),(1175,'Inherited','Inherited',142),(1176,'Inherited','Inherited',142),(1177,'Inherited','Inherited',142),(1178,'Inherited','Inherited',142),(1179,'Inherited','Inherited',142),(1180,'Inherited','Inherited',142),(1181,'Inherited','Inherited',142),(1182,'Inherited','Inherited',142),(1183,'Inherited','Inherited',142),(1184,'Inherited','Inherited',142),(1185,'Inherited','Inherited',142),(1186,'Inherited','Inherited',142),(1187,'Inherited','Inherited',142),(1188,'Inherited','Inherited',142),(1189,'Inherited','Inherited',142),(1190,'Inherited','Inherited',142);
insert into  dyextn_tagged_value  ( IDENTIFIER , T_KEY , T_VALUE , ABSTRACT_METADATA_ID ) values (1191,'Inherited','Inherited',142),(1192,'Inherited','Inherited',142),(1193,'Inherited','Inherited',142),(1194,'Inherited','Inherited',142),(1195,'Inherited','Inherited',142),(1196,'Inherited','Inherited',142),(1197,'Inherited','Inherited',142),(1198,'Inherited','Inherited',142),(1199,'Inherited','Inherited',142),(1200,'Inherited','Inherited',142),(1201,'Inherited','Inherited',143),(1202,'Inherited','Inherited',143),(1203,'Inherited','Inherited',143),(1204,'Inherited','Inherited',143),(1205,'Inherited','Inherited',143),(1206,'Inherited','Inherited',143),(1207,'Inherited','Inherited',143),(1208,'Inherited','Inherited',143),(1209,'Inherited','Inherited',143),(1210,'Inherited','Inherited',143),(1211,'Inherited','Inherited',143),(1212,'Inherited','Inherited',143),(1213,'Inherited','Inherited',143),(1214,'Inherited','Inherited',143),(1215,'Inherited','Inherited',143),(1216,'Inherited','Inherited',143),(1217,'Inherited','Inherited',143),(1218,'Inherited','Inherited',143),(1219,'Inherited','Inherited',143),(1220,'Inherited','Inherited',143),(1221,'Inherited','Inherited',143),(1222,'Inherited','Inherited',143),(1223,'Inherited','Inherited',143),(1224,'Inherited','Inherited',143),(1225,'Inherited','Inherited',143),(1226,'Inherited','Inherited',143),(1227,'Inherited','Inherited',143);
insert into  dyextn_tagged_value  ( IDENTIFIER , T_KEY , T_VALUE , ABSTRACT_METADATA_ID ) values (1228,'Inherited','Inherited',143),(1229,'Inherited','Inherited',143),(1230,'Inherited','Inherited',143),(1231,'Inherited','Inherited',143),(1232,'Inherited','Inherited',143),(1233,'Inherited','Inherited',143),(1234,'Inherited','Inherited',143),(1235,'Inherited','Inherited',143),(1236,'Inherited','Inherited',143),(1237,'Inherited','Inherited',143),(1238,'Inherited','Inherited',143),(1239,'Inherited','Inherited',143),(1240,'Inherited','Inherited',143),(1241,'PV_FILTER','99702^%',145),(1242,'PV_VIEW','MED_LOOKUP_VIEW',145),(1243,'VI_HIDDEN','VI_HIDDEN',146),(1244,'Inherited','Inherited',146),(1245,'Inherited','Inherited',146),(1246,'Inherited','Inherited',146),(1247,'Inherited','Inherited',146),(1248,'Inherited','Inherited',146),(1249,'Inherited','Inherited',146),(1250,'Inherited','Inherited',146),(1251,'Inherited','Inherited',146),(1252,'Inherited','Inherited',146),(1253,'Inherited','Inherited',146),(1254,'Inherited','Inherited',146),(1255,'Inherited','Inherited',146),(1256,'Inherited','Inherited',146),(1257,'Inherited','Inherited',146),(1258,'Inherited','Inherited',146),(1259,'Inherited','Inherited',146),(1260,'Inherited','Inherited',146),(1261,'Inherited','Inherited',146),(1262,'Inherited','Inherited',146),(1263,'Inherited','Inherited',146),(1264,'Inherited','Inherited',146);
insert into  dyextn_tagged_value  ( IDENTIFIER , T_KEY , T_VALUE , ABSTRACT_METADATA_ID ) values (1265,'Inherited','Inherited',146),(1266,'Inherited','Inherited',146),(1267,'Inherited','Inherited',146),(1268,'Inherited','Inherited',146),(1269,'Inherited','Inherited',146),(1270,'Inherited','Inherited',146),(1271,'Inherited','Inherited',146),(1272,'Inherited','Inherited',146),(1273,'Inherited','Inherited',146),(1274,'Inherited','Inherited',146),(1275,'Inherited','Inherited',146),(1276,'Inherited','Inherited',146),(1277,'Inherited','Inherited',146),(1278,'Inherited','Inherited',146),(1279,'Inherited','Inherited',146),(1280,'Inherited','Inherited',146),(1281,'Inherited','Inherited',147),(1282,'Inherited','Inherited',147),(1283,'Inherited','Inherited',147),(1284,'Inherited','Inherited',147),(1285,'Inherited','Inherited',147),(1286,'Inherited','Inherited',147),(1287,'Inherited','Inherited',147),(1288,'Inherited','Inherited',147),(1289,'Inherited','Inherited',147),(1290,'Inherited','Inherited',147),(1291,'Inherited','Inherited',147),(1292,'Inherited','Inherited',147),(1293,'Inherited','Inherited',147),(1294,'Inherited','Inherited',147),(1295,'Inherited','Inherited',147),(1296,'Inherited','Inherited',147),(1297,'Inherited','Inherited',147),(1298,'Inherited','Inherited',147),(1299,'Inherited','Inherited',147),(1300,'Inherited','Inherited',147),(1301,'Inherited','Inherited',147);
insert into  dyextn_tagged_value  ( IDENTIFIER , T_KEY , T_VALUE , ABSTRACT_METADATA_ID ) values (1302,'Inherited','Inherited',147),(1303,'Inherited','Inherited',147),(1304,'Inherited','Inherited',147),(1305,'Inherited','Inherited',147),(1306,'Inherited','Inherited',147),(1307,'Inherited','Inherited',147),(1308,'Inherited','Inherited',147),(1309,'Inherited','Inherited',147),(1310,'Inherited','Inherited',147),(1311,'Inherited','Inherited',147),(1312,'Inherited','Inherited',147),(1313,'Inherited','Inherited',147),(1314,'Inherited','Inherited',147),(1315,'Inherited','Inherited',147),(1316,'Inherited','Inherited',147),(1317,'Inherited','Inherited',147),(1318,'Inherited','Inherited',148),(1319,'Inherited','Inherited',148),(1320,'Inherited','Inherited',148),(1321,'Inherited','Inherited',148),(1322,'Inherited','Inherited',148),(1323,'Inherited','Inherited',148),(1324,'Inherited','Inherited',148),(1325,'Inherited','Inherited',148),(1326,'Inherited','Inherited',148),(1327,'Inherited','Inherited',148),(1328,'Inherited','Inherited',148),(1329,'Inherited','Inherited',148),(1330,'Inherited','Inherited',148),(1331,'Inherited','Inherited',148),(1332,'Inherited','Inherited',148),(1333,'Inherited','Inherited',148),(1334,'Inherited','Inherited',148),(1335,'Inherited','Inherited',148),(1336,'Inherited','Inherited',148),(1337,'Inherited','Inherited',148),(1338,'Inherited','Inherited',148);
insert into  dyextn_tagged_value  ( IDENTIFIER , T_KEY , T_VALUE , ABSTRACT_METADATA_ID ) values (1339,'Inherited','Inherited',148),(1340,'Inherited','Inherited',148),(1341,'Inherited','Inherited',148),(1342,'Inherited','Inherited',148),(1343,'Inherited','Inherited',148),(1344,'Inherited','Inherited',148),(1345,'Inherited','Inherited',148),(1346,'Inherited','Inherited',148),(1347,'Inherited','Inherited',148),(1348,'Inherited','Inherited',148),(1349,'Inherited','Inherited',148),(1350,'Inherited','Inherited',148),(1351,'Inherited','Inherited',148),(1352,'Inherited','Inherited',148),(1353,'Inherited','Inherited',148),(1354,'Inherited','Inherited',148),(1355,'PV_FILTER','99700^%',150),(1356,'PV_VIEW','MED_LOOKUP_VIEW',150),(1357,'VI_HIDDEN','VI_HIDDEN',151),(1358,'Inherited','Inherited',151),(1359,'Inherited','Inherited',151),(1360,'Inherited','Inherited',151),(1361,'Inherited','Inherited',151),(1362,'Inherited','Inherited',151),(1363,'Inherited','Inherited',151),(1364,'Inherited','Inherited',151),(1365,'Inherited','Inherited',151),(1366,'Inherited','Inherited',151),(1367,'Inherited','Inherited',151),(1368,'Inherited','Inherited',151),(1369,'Inherited','Inherited',151),(1370,'Inherited','Inherited',151),(1371,'Inherited','Inherited',151),(1372,'Inherited','Inherited',151),(1373,'Inherited','Inherited',151),(1374,'Inherited','Inherited',151),(1375,'Inherited','Inherited',151);
insert into  dyextn_tagged_value  ( IDENTIFIER , T_KEY , T_VALUE , ABSTRACT_METADATA_ID ) values (1376,'Inherited','Inherited',151),(1377,'Inherited','Inherited',151),(1378,'Inherited','Inherited',151),(1379,'Inherited','Inherited',151),(1380,'Inherited','Inherited',151),(1381,'Inherited','Inherited',151),(1382,'Inherited','Inherited',151),(1383,'Inherited','Inherited',151),(1384,'Inherited','Inherited',151),(1385,'Inherited','Inherited',151),(1386,'Inherited','Inherited',151),(1387,'Inherited','Inherited',151),(1388,'Inherited','Inherited',151),(1389,'Inherited','Inherited',151),(1390,'Inherited','Inherited',151),(1391,'Inherited','Inherited',151),(1392,'Inherited','Inherited',151),(1393,'Inherited','Inherited',152),(1394,'Inherited','Inherited',152),(1395,'Inherited','Inherited',152),(1396,'Inherited','Inherited',152),(1397,'Inherited','Inherited',152),(1398,'Inherited','Inherited',152),(1399,'Inherited','Inherited',152),(1400,'Inherited','Inherited',152),(1401,'Inherited','Inherited',152),(1402,'Inherited','Inherited',152),(1403,'Inherited','Inherited',152),(1404,'Inherited','Inherited',152),(1405,'Inherited','Inherited',152),(1406,'Inherited','Inherited',152),(1407,'Inherited','Inherited',152),(1408,'Inherited','Inherited',152),(1409,'Inherited','Inherited',152),(1410,'Inherited','Inherited',152),(1411,'Inherited','Inherited',152),(1412,'Inherited','Inherited',152);
insert into  dyextn_tagged_value  ( IDENTIFIER , T_KEY , T_VALUE , ABSTRACT_METADATA_ID ) values (1413,'Inherited','Inherited',152),(1414,'Inherited','Inherited',152),(1415,'Inherited','Inherited',152),(1416,'Inherited','Inherited',152),(1417,'Inherited','Inherited',152),(1418,'Inherited','Inherited',152),(1419,'Inherited','Inherited',152),(1420,'Inherited','Inherited',152),(1421,'Inherited','Inherited',152),(1422,'Inherited','Inherited',152),(1423,'Inherited','Inherited',152),(1424,'Inherited','Inherited',152),(1425,'Inherited','Inherited',152),(1426,'Inherited','Inherited',152),(1427,'Inherited','Inherited',152),(1428,'Inherited','Inherited',153),(1429,'Inherited','Inherited',153),(1430,'Inherited','Inherited',153),(1431,'Inherited','Inherited',153),(1432,'Inherited','Inherited',153),(1433,'Inherited','Inherited',153),(1434,'Inherited','Inherited',153),(1435,'Inherited','Inherited',153),(1436,'Inherited','Inherited',153),(1437,'Inherited','Inherited',153),(1438,'Inherited','Inherited',153),(1439,'Inherited','Inherited',153),(1440,'Inherited','Inherited',153),(1441,'Inherited','Inherited',153),(1442,'Inherited','Inherited',153),(1443,'Inherited','Inherited',153),(1444,'Inherited','Inherited',153),(1445,'Inherited','Inherited',153),(1446,'Inherited','Inherited',153),(1447,'Inherited','Inherited',153),(1448,'Inherited','Inherited',153),(1449,'Inherited','Inherited',153);
insert into  dyextn_tagged_value  ( IDENTIFIER , T_KEY , T_VALUE , ABSTRACT_METADATA_ID ) values (1450,'Inherited','Inherited',153),(1451,'Inherited','Inherited',153),(1452,'Inherited','Inherited',153),(1453,'Inherited','Inherited',153),(1454,'Inherited','Inherited',153),(1455,'Inherited','Inherited',153),(1456,'Inherited','Inherited',153),(1457,'Inherited','Inherited',153),(1458,'Inherited','Inherited',153),(1459,'Inherited','Inherited',153),(1460,'Inherited','Inherited',153),(1461,'Inherited','Inherited',153),(1462,'Inherited','Inherited',153),(1463,'PV_FILTER','T_HL7_U_0063^%',156),(1464,'PV_VIEW','MED_LOOKUP_VIEW',156),(1465,'VI_HIDDEN','VI_HIDDEN',157),(1466,'Inherited','Inherited',157),(1467,'Inherited','Inherited',157),(1468,'Inherited','Inherited',157),(1469,'Inherited','Inherited',157),(1470,'Inherited','Inherited',157),(1471,'Inherited','Inherited',157),(1472,'Inherited','Inherited',157),(1473,'Inherited','Inherited',157),(1474,'Inherited','Inherited',157),(1475,'Inherited','Inherited',157),(1476,'Inherited','Inherited',157),(1477,'Inherited','Inherited',157),(1478,'Inherited','Inherited',157),(1479,'Inherited','Inherited',157),(1480,'Inherited','Inherited',157),(1481,'Inherited','Inherited',157),(1482,'Inherited','Inherited',157),(1483,'Inherited','Inherited',157),(1484,'Inherited','Inherited',157),(1485,'Inherited','Inherited',157);
insert into  dyextn_tagged_value  ( IDENTIFIER , T_KEY , T_VALUE , ABSTRACT_METADATA_ID ) values (1486,'Inherited','Inherited',157),(1487,'Inherited','Inherited',157),(1488,'Inherited','Inherited',157),(1489,'Inherited','Inherited',157),(1490,'Inherited','Inherited',157),(1491,'Inherited','Inherited',157),(1492,'Inherited','Inherited',157),(1493,'Inherited','Inherited',157),(1494,'Inherited','Inherited',157),(1495,'Inherited','Inherited',157),(1496,'Inherited','Inherited',157),(1497,'Inherited','Inherited',157),(1498,'Inherited','Inherited',157),(1499,'Inherited','Inherited',157),(1500,'Inherited','Inherited',157),(1501,'Inherited','Inherited',157),(1502,'Inherited','Inherited',157),(1503,'Inherited','Inherited',157),(1504,'Inherited','Inherited',157),(1505,'Inherited','Inherited',157),(1506,'Inherited','Inherited',157),(1507,'Inherited','Inherited',157),(1508,'Inherited','Inherited',157),(1509,'Inherited','Inherited',158),(1510,'Inherited','Inherited',158),(1511,'Inherited','Inherited',158),(1512,'Inherited','Inherited',158),(1513,'Inherited','Inherited',158),(1514,'Inherited','Inherited',158),(1515,'Inherited','Inherited',158),(1516,'Inherited','Inherited',158),(1517,'Inherited','Inherited',158),(1518,'Inherited','Inherited',158),(1519,'Inherited','Inherited',158),(1520,'Inherited','Inherited',158),(1521,'Inherited','Inherited',158),(1522,'Inherited','Inherited',158);
insert into  dyextn_tagged_value  ( IDENTIFIER , T_KEY , T_VALUE , ABSTRACT_METADATA_ID ) values (1523,'Inherited','Inherited',158),(1524,'Inherited','Inherited',158),(1525,'Inherited','Inherited',158),(1526,'Inherited','Inherited',158),(1527,'Inherited','Inherited',158),(1528,'Inherited','Inherited',158),(1529,'Inherited','Inherited',158),(1530,'Inherited','Inherited',158),(1531,'Inherited','Inherited',158),(1532,'Inherited','Inherited',158),(1533,'Inherited','Inherited',158),(1534,'Inherited','Inherited',158),(1535,'Inherited','Inherited',158),(1536,'Inherited','Inherited',158),(1537,'Inherited','Inherited',158),(1538,'Inherited','Inherited',158),(1539,'Inherited','Inherited',158),(1540,'Inherited','Inherited',158),(1541,'Inherited','Inherited',158),(1542,'Inherited','Inherited',158),(1543,'Inherited','Inherited',158),(1544,'Inherited','Inherited',158),(1545,'Inherited','Inherited',158),(1546,'Inherited','Inherited',158),(1547,'Inherited','Inherited',158),(1548,'Inherited','Inherited',158),(1549,'Inherited','Inherited',158),(1550,'Inherited','Inherited',158),(1551,'Inherited','Inherited',158),(1552,'Inherited','Inherited',159),(1553,'Inherited','Inherited',159),(1554,'Inherited','Inherited',159),(1555,'Inherited','Inherited',159),(1556,'Inherited','Inherited',159),(1557,'Inherited','Inherited',159),(1558,'Inherited','Inherited',159),(1559,'Inherited','Inherited',159);
insert into  dyextn_tagged_value  ( IDENTIFIER , T_KEY , T_VALUE , ABSTRACT_METADATA_ID ) values (1560,'Inherited','Inherited',159),(1561,'Inherited','Inherited',159),(1562,'Inherited','Inherited',159),(1563,'Inherited','Inherited',159),(1564,'Inherited','Inherited',159),(1565,'Inherited','Inherited',159),(1566,'Inherited','Inherited',159),(1567,'Inherited','Inherited',159),(1568,'Inherited','Inherited',159),(1569,'Inherited','Inherited',159),(1570,'Inherited','Inherited',159),(1571,'Inherited','Inherited',159),(1572,'Inherited','Inherited',159),(1573,'Inherited','Inherited',159),(1574,'Inherited','Inherited',159),(1575,'Inherited','Inherited',159),(1576,'Inherited','Inherited',159),(1577,'Inherited','Inherited',159),(1578,'Inherited','Inherited',159),(1579,'Inherited','Inherited',159),(1580,'Inherited','Inherited',159),(1581,'Inherited','Inherited',159),(1582,'Inherited','Inherited',159),(1583,'Inherited','Inherited',159),(1584,'Inherited','Inherited',159),(1585,'Inherited','Inherited',159),(1586,'Inherited','Inherited',159),(1587,'Inherited','Inherited',159),(1588,'Inherited','Inherited',159),(1589,'Inherited','Inherited',159),(1590,'Inherited','Inherited',159),(1591,'Inherited','Inherited',159),(1592,'Inherited','Inherited',159),(1593,'Inherited','Inherited',159),(1594,'Inherited','Inherited',159),(1595,'PV_FILTER','T_HL7_U_0086^%',174);
insert into  dyextn_tagged_value  ( IDENTIFIER , T_KEY , T_VALUE , ABSTRACT_METADATA_ID ) values (1596,'PV_VIEW','MED_LOOKUP_VIEW',174),(1597,'VI_HIDDEN','VI_HIDDEN',175),(1598,'Inherited','Inherited',175),(1599,'Inherited','Inherited',175),(1600,'Inherited','Inherited',175),(1601,'Inherited','Inherited',175),(1602,'Inherited','Inherited',175),(1603,'Inherited','Inherited',175),(1604,'Inherited','Inherited',175),(1605,'Inherited','Inherited',175),(1606,'Inherited','Inherited',175),(1607,'Inherited','Inherited',175),(1608,'Inherited','Inherited',175),(1609,'Inherited','Inherited',175),(1610,'Inherited','Inherited',175),(1611,'Inherited','Inherited',175),(1612,'Inherited','Inherited',175),(1613,'Inherited','Inherited',175),(1614,'Inherited','Inherited',175),(1615,'Inherited','Inherited',175),(1616,'Inherited','Inherited',175),(1617,'Inherited','Inherited',175),(1618,'Inherited','Inherited',175),(1619,'Inherited','Inherited',175),(1620,'Inherited','Inherited',175),(1621,'Inherited','Inherited',175),(1622,'Inherited','Inherited',175),(1623,'Inherited','Inherited',175),(1624,'Inherited','Inherited',175),(1625,'Inherited','Inherited',175),(1626,'Inherited','Inherited',175),(1627,'Inherited','Inherited',175),(1628,'Inherited','Inherited',175),(1629,'Inherited','Inherited',175),(1630,'Inherited','Inherited',176),(1631,'Inherited','Inherited',176),(1632,'Inherited','Inherited',176);
insert into  dyextn_tagged_value  ( IDENTIFIER , T_KEY , T_VALUE , ABSTRACT_METADATA_ID ) values (1633,'Inherited','Inherited',176),(1634,'Inherited','Inherited',176),(1635,'Inherited','Inherited',176),(1636,'Inherited','Inherited',176),(1637,'Inherited','Inherited',176),(1638,'Inherited','Inherited',176),(1639,'Inherited','Inherited',176),(1640,'Inherited','Inherited',176),(1641,'Inherited','Inherited',176),(1642,'Inherited','Inherited',176),(1643,'Inherited','Inherited',176),(1644,'Inherited','Inherited',176),(1645,'Inherited','Inherited',176),(1646,'Inherited','Inherited',176),(1647,'Inherited','Inherited',176),(1648,'Inherited','Inherited',176),(1649,'Inherited','Inherited',176),(1650,'Inherited','Inherited',176),(1651,'Inherited','Inherited',176),(1652,'Inherited','Inherited',176),(1653,'Inherited','Inherited',176),(1654,'Inherited','Inherited',176),(1655,'Inherited','Inherited',176),(1656,'Inherited','Inherited',176),(1657,'Inherited','Inherited',176),(1658,'Inherited','Inherited',176),(1659,'Inherited','Inherited',176),(1660,'Inherited','Inherited',176),(1661,'Inherited','Inherited',176),(1662,'Inherited','Inherited',177),(1663,'Inherited','Inherited',177),(1664,'Inherited','Inherited',177),(1665,'Inherited','Inherited',177),(1666,'Inherited','Inherited',177),(1667,'Inherited','Inherited',177),(1668,'Inherited','Inherited',177),(1669,'Inherited','Inherited',177);
insert into  dyextn_tagged_value  ( IDENTIFIER , T_KEY , T_VALUE , ABSTRACT_METADATA_ID ) values (1670,'Inherited','Inherited',177),(1671,'Inherited','Inherited',177),(1672,'Inherited','Inherited',177),(1673,'Inherited','Inherited',177),(1674,'Inherited','Inherited',177),(1675,'Inherited','Inherited',177),(1676,'Inherited','Inherited',177),(1677,'Inherited','Inherited',177),(1678,'Inherited','Inherited',177),(1679,'Inherited','Inherited',177),(1680,'Inherited','Inherited',177),(1681,'Inherited','Inherited',177),(1682,'Inherited','Inherited',177),(1683,'Inherited','Inherited',177),(1684,'Inherited','Inherited',177),(1685,'Inherited','Inherited',177),(1686,'Inherited','Inherited',177),(1687,'Inherited','Inherited',177),(1688,'Inherited','Inherited',177),(1689,'Inherited','Inherited',177),(1690,'Inherited','Inherited',177),(1691,'Inherited','Inherited',177),(1692,'Inherited','Inherited',177),(1693,'Inherited','Inherited',177),(1694,'PV_FILTER','T_HL7_U_0069^%',188),(1695,'PV_VIEW','MED_LOOKUP_VIEW',188),(1696,'VI_HIDDEN','VI_HIDDEN',189),(1697,'Inherited','Inherited',189),(1698,'Inherited','Inherited',189),(1699,'Inherited','Inherited',189),(1700,'Inherited','Inherited',189),(1701,'Inherited','Inherited',189),(1702,'Inherited','Inherited',189),(1703,'Inherited','Inherited',189),(1704,'Inherited','Inherited',189),(1705,'Inherited','Inherited',189);
insert into  dyextn_tagged_value  ( IDENTIFIER , T_KEY , T_VALUE , ABSTRACT_METADATA_ID ) values (1706,'Inherited','Inherited',189),(1707,'Inherited','Inherited',189),(1708,'Inherited','Inherited',189),(1709,'Inherited','Inherited',189),(1710,'Inherited','Inherited',189),(1711,'Inherited','Inherited',189),(1712,'Inherited','Inherited',189),(1713,'Inherited','Inherited',189),(1714,'Inherited','Inherited',189),(1715,'Inherited','Inherited',189),(1716,'Inherited','Inherited',189),(1717,'Inherited','Inherited',189),(1718,'Inherited','Inherited',189),(1719,'Inherited','Inherited',189),(1720,'Inherited','Inherited',189),(1721,'Inherited','Inherited',189),(1722,'Inherited','Inherited',190),(1723,'Inherited','Inherited',190),(1724,'Inherited','Inherited',190),(1725,'Inherited','Inherited',190),(1726,'Inherited','Inherited',190),(1727,'Inherited','Inherited',190),(1728,'Inherited','Inherited',190),(1729,'Inherited','Inherited',190),(1730,'Inherited','Inherited',190),(1731,'Inherited','Inherited',190),(1732,'Inherited','Inherited',190),(1733,'Inherited','Inherited',190),(1734,'Inherited','Inherited',190),(1735,'Inherited','Inherited',190),(1736,'Inherited','Inherited',190),(1737,'Inherited','Inherited',190),(1738,'Inherited','Inherited',190),(1739,'Inherited','Inherited',190),(1740,'Inherited','Inherited',190),(1741,'Inherited','Inherited',190),(1742,'Inherited','Inherited',190);
insert into  dyextn_tagged_value  ( IDENTIFIER , T_KEY , T_VALUE , ABSTRACT_METADATA_ID ) values (1743,'Inherited','Inherited',190),(1744,'Inherited','Inherited',190),(1745,'Inherited','Inherited',190),(1746,'Inherited','Inherited',190),(1747,'Inherited','Inherited',191),(1748,'Inherited','Inherited',191),(1749,'Inherited','Inherited',191),(1750,'Inherited','Inherited',191),(1751,'Inherited','Inherited',191),(1752,'Inherited','Inherited',191),(1753,'Inherited','Inherited',191),(1754,'Inherited','Inherited',191),(1755,'Inherited','Inherited',191),(1756,'Inherited','Inherited',191),(1757,'Inherited','Inherited',191),(1758,'Inherited','Inherited',191),(1759,'Inherited','Inherited',191),(1760,'Inherited','Inherited',191),(1761,'Inherited','Inherited',191),(1762,'Inherited','Inherited',191),(1763,'Inherited','Inherited',191),(1764,'Inherited','Inherited',191),(1765,'Inherited','Inherited',191),(1766,'Inherited','Inherited',191),(1767,'Inherited','Inherited',191),(1768,'Inherited','Inherited',191),(1769,'Inherited','Inherited',191),(1770,'Inherited','Inherited',191),(1771,'Inherited','Inherited',191),(1772,'VI_HIDDEN','VI_HIDDEN',197),(1773,'Inherited','Inherited',197),(1774,'Inherited','Inherited',197),(1775,'Inherited','Inherited',197),(1776,'Inherited','Inherited',197),(1777,'Inherited','Inherited',197),(1778,'Inherited','Inherited',197),(1779,'Inherited','Inherited',197);
insert into  dyextn_tagged_value  ( IDENTIFIER , T_KEY , T_VALUE , ABSTRACT_METADATA_ID ) values (1780,'Inherited','Inherited',197),(1781,'Inherited','Inherited',197),(1782,'Inherited','Inherited',197),(1783,'Inherited','Inherited',197),(1784,'Inherited','Inherited',197),(1785,'Inherited','Inherited',197),(1786,'Inherited','Inherited',197),(1787,'Inherited','Inherited',197),(1788,'Inherited','Inherited',197),(1789,'Inherited','Inherited',197),(1790,'Inherited','Inherited',197),(1791,'Inherited','Inherited',197),(1792,'Inherited','Inherited',197),(1793,'Inherited','Inherited',197),(1794,'Inherited','Inherited',197),(1795,'Inherited','Inherited',197),(1796,'Inherited','Inherited',197),(1797,'Inherited','Inherited',197),(1798,'Inherited','Inherited',197),(1799,'Inherited','Inherited',197),(1800,'Inherited','Inherited',197),(1801,'Inherited','Inherited',197),(1802,'Inherited','Inherited',197),(1803,'Inherited','Inherited',197),(1804,'Inherited','Inherited',197),(1805,'Inherited','Inherited',197),(1806,'Inherited','Inherited',197),(1807,'Inherited','Inherited',197),(1808,'Inherited','Inherited',197),(1809,'Inherited','Inherited',198),(1810,'Inherited','Inherited',198),(1811,'Inherited','Inherited',198),(1812,'Inherited','Inherited',198),(1813,'Inherited','Inherited',198),(1814,'Inherited','Inherited',198),(1815,'Inherited','Inherited',198),(1816,'Inherited','Inherited',198);
insert into  dyextn_tagged_value  ( IDENTIFIER , T_KEY , T_VALUE , ABSTRACT_METADATA_ID ) values (1817,'Inherited','Inherited',198),(1818,'Inherited','Inherited',198),(1819,'Inherited','Inherited',198),(1820,'Inherited','Inherited',198),(1821,'Inherited','Inherited',198),(1822,'Inherited','Inherited',198),(1823,'Inherited','Inherited',198),(1824,'Inherited','Inherited',198),(1825,'Inherited','Inherited',198),(1826,'Inherited','Inherited',198),(1827,'Inherited','Inherited',198),(1828,'Inherited','Inherited',198),(1829,'Inherited','Inherited',198),(1830,'Inherited','Inherited',198),(1831,'Inherited','Inherited',198),(1832,'Inherited','Inherited',198),(1833,'Inherited','Inherited',198),(1834,'Inherited','Inherited',198),(1835,'Inherited','Inherited',198),(1836,'Inherited','Inherited',198),(1837,'Inherited','Inherited',198),(1838,'Inherited','Inherited',198),(1839,'Inherited','Inherited',198),(1840,'Inherited','Inherited',198),(1841,'Inherited','Inherited',198),(1842,'Inherited','Inherited',198),(1843,'Inherited','Inherited',198),(1844,'Inherited','Inherited',198),(1845,'Inherited','Inherited',199),(1846,'Inherited','Inherited',199),(1847,'Inherited','Inherited',199),(1848,'Inherited','Inherited',199),(1849,'Inherited','Inherited',199),(1850,'Inherited','Inherited',199),(1851,'Inherited','Inherited',199),(1852,'Inherited','Inherited',199),(1853,'Inherited','Inherited',199);
insert into  dyextn_tagged_value  ( IDENTIFIER , T_KEY , T_VALUE , ABSTRACT_METADATA_ID ) values (1854,'Inherited','Inherited',199),(1855,'Inherited','Inherited',199),(1856,'Inherited','Inherited',199),(1857,'Inherited','Inherited',199),(1858,'Inherited','Inherited',199),(1859,'Inherited','Inherited',199),(1860,'Inherited','Inherited',199),(1861,'Inherited','Inherited',199),(1862,'Inherited','Inherited',199),(1863,'Inherited','Inherited',199),(1864,'Inherited','Inherited',199),(1865,'Inherited','Inherited',199),(1866,'Inherited','Inherited',199),(1867,'Inherited','Inherited',199),(1868,'Inherited','Inherited',199),(1869,'Inherited','Inherited',199),(1870,'Inherited','Inherited',199),(1871,'Inherited','Inherited',199),(1872,'Inherited','Inherited',199),(1873,'Inherited','Inherited',199),(1874,'Inherited','Inherited',199),(1875,'Inherited','Inherited',199),(1876,'Inherited','Inherited',199),(1877,'Inherited','Inherited',199),(1878,'Inherited','Inherited',199),(1879,'Inherited','Inherited',199),(1880,'Inherited','Inherited',199),(1881,'PV_FILTER','T_HL7_U_0089^%',201),(1882,'PV_VIEW','MED_LOOKUP_VIEW',201),(1883,'Inherited','Inherited',202),(1884,'Inherited','Inherited',202),(1885,'Inherited','Inherited',202),(1886,'Inherited','Inherited',202),(1887,'Inherited','Inherited',202),(1888,'Inherited','Inherited',202),(1889,'Inherited','Inherited',202);
insert into  dyextn_tagged_value  ( IDENTIFIER , T_KEY , T_VALUE , ABSTRACT_METADATA_ID ) values (1890,'Inherited','Inherited',202),(1891,'Inherited','Inherited',202),(1892,'Inherited','Inherited',202),(1893,'Inherited','Inherited',202),(1894,'Inherited','Inherited',202),(1895,'Inherited','Inherited',202),(1896,'Inherited','Inherited',202),(1897,'Inherited','Inherited',202),(1898,'Inherited','Inherited',202),(1899,'Inherited','Inherited',202),(1900,'Inherited','Inherited',202),(1901,'Inherited','Inherited',202),(1902,'Inherited','Inherited',202),(1903,'Inherited','Inherited',202),(1904,'Inherited','Inherited',202),(1905,'Inherited','Inherited',202),(1906,'Inherited','Inherited',202),(1907,'VI_HIDDEN','VI_HIDDEN',202),(1908,'Inherited','Inherited',203),(1909,'Inherited','Inherited',203),(1910,'Inherited','Inherited',203),(1911,'Inherited','Inherited',203),(1912,'Inherited','Inherited',203),(1913,'Inherited','Inherited',203),(1914,'Inherited','Inherited',203),(1915,'Inherited','Inherited',203),(1916,'Inherited','Inherited',203),(1917,'Inherited','Inherited',203),(1918,'Inherited','Inherited',203),(1919,'Inherited','Inherited',203),(1920,'Inherited','Inherited',203),(1921,'Inherited','Inherited',203),(1922,'Inherited','Inherited',203),(1923,'Inherited','Inherited',203),(1924,'Inherited','Inherited',203),(1925,'Inherited','Inherited',203),(1926,'Inherited','Inherited',203);
insert into  dyextn_tagged_value  ( IDENTIFIER , T_KEY , T_VALUE , ABSTRACT_METADATA_ID ) values (1927,'Inherited','Inherited',203),(1928,'Inherited','Inherited',203),(1929,'Inherited','Inherited',203),(1930,'Inherited','Inherited',203),(1931,'Inherited','Inherited',203),(1932,'Inherited','Inherited',204),(1933,'Inherited','Inherited',204),(1934,'Inherited','Inherited',204),(1935,'Inherited','Inherited',204),(1936,'Inherited','Inherited',204),(1937,'Inherited','Inherited',204),(1938,'Inherited','Inherited',204),(1939,'Inherited','Inherited',204),(1940,'Inherited','Inherited',204),(1941,'Inherited','Inherited',204),(1942,'Inherited','Inherited',204),(1943,'Inherited','Inherited',204),(1944,'Inherited','Inherited',204),(1945,'Inherited','Inherited',204),(1946,'Inherited','Inherited',204),(1947,'Inherited','Inherited',204),(1948,'Inherited','Inherited',204),(1949,'Inherited','Inherited',204),(1950,'Inherited','Inherited',204),(1951,'Inherited','Inherited',204),(1952,'Inherited','Inherited',204),(1953,'Inherited','Inherited',204),(1954,'Inherited','Inherited',204),(1955,'Inherited','Inherited',204),(1956,'PV_FILTER','T_HL7_U_0004^%',229),(1957,'PV_VIEW','MED_LOOKUP_VIEW',229),(1958,'VI_HIDDEN','VI_HIDDEN',230),(1959,'Inherited','Inherited',230),(1960,'Inherited','Inherited',230),(1961,'Inherited','Inherited',231),(1962,'Inherited','Inherited',231);
insert into  dyextn_tagged_value  ( IDENTIFIER , T_KEY , T_VALUE , ABSTRACT_METADATA_ID ) values (1963,'Inherited','Inherited',232),(1964,'Inherited','Inherited',232),(1965,'PV_FILTER','99703^%',234),(1966,'PV_VIEW','MED_LOOKUP_VIEW',234),(1967,'VI_HIDDEN','VI_HIDDEN',235),(1968,'Inherited','Inherited',235),(1969,'Inherited','Inherited',235),(1970,'Inherited','Inherited',235),(1971,'Inherited','Inherited',236),(1972,'Inherited','Inherited',236),(1973,'Inherited','Inherited',236),(1974,'Inherited','Inherited',237),(1975,'Inherited','Inherited',237),(1976,'Inherited','Inherited',237),(1977,'PV_FILTER','T_HL7_U_0052^%',240),(1978,'PV_VIEW','MED_LOOKUP_VIEW',240),(1979,'VI_HIDDEN','VI_HIDDEN',241),(1980,'Inherited','Inherited',241),(1981,'Inherited','Inherited',241),(1982,'Inherited','Inherited',241),(1983,'Inherited','Inherited',241),(1984,'Inherited','Inherited',241),(1985,'Inherited','Inherited',241),(1986,'Inherited','Inherited',241),(1987,'Inherited','Inherited',241),(1988,'Inherited','Inherited',241),(1989,'Inherited','Inherited',241),(1990,'Inherited','Inherited',241),(1991,'Inherited','Inherited',241),(1992,'Inherited','Inherited',241),(1993,'Inherited','Inherited',242),(1994,'Inherited','Inherited',242),(1995,'Inherited','Inherited',242),(1996,'Inherited','Inherited',242),(1997,'Inherited','Inherited',242),(1998,'Inherited','Inherited',242);
insert into  dyextn_tagged_value  ( IDENTIFIER , T_KEY , T_VALUE , ABSTRACT_METADATA_ID ) values (1999,'Inherited','Inherited',242),(2000,'Inherited','Inherited',242),(2001,'Inherited','Inherited',242),(2002,'Inherited','Inherited',242),(2003,'Inherited','Inherited',242),(2004,'Inherited','Inherited',242),(2005,'Inherited','Inherited',242),(2006,'Inherited','Inherited',243),(2007,'Inherited','Inherited',243),(2008,'Inherited','Inherited',243),(2009,'Inherited','Inherited',243),(2010,'Inherited','Inherited',243),(2011,'Inherited','Inherited',243),(2012,'Inherited','Inherited',243),(2013,'Inherited','Inherited',243),(2014,'Inherited','Inherited',243),(2015,'Inherited','Inherited',243),(2016,'Inherited','Inherited',243),(2017,'Inherited','Inherited',243),(2018,'Inherited','Inherited',243),(2019,'PV_FILTER','99600^%',245),(2020,'PV_VIEW','MED_LOOKUP_VIEW',245),(2021,'VI_HIDDEN','VI_HIDDEN',246),(2022,'Inherited','Inherited',246),(2023,'Inherited','Inherited',246),(2024,'Inherited','Inherited',246),(2025,'Inherited','Inherited',246),(2026,'Inherited','Inherited',246),(2027,'Inherited','Inherited',246),(2028,'Inherited','Inherited',246),(2029,'Inherited','Inherited',246),(2030,'Inherited','Inherited',246),(2031,'Inherited','Inherited',246),(2032,'Inherited','Inherited',247),(2033,'Inherited','Inherited',247),(2034,'Inherited','Inherited',247),(2035,'Inherited','Inherited',247);
insert into  dyextn_tagged_value  ( IDENTIFIER , T_KEY , T_VALUE , ABSTRACT_METADATA_ID ) values (2036,'Inherited','Inherited',247),(2037,'Inherited','Inherited',247),(2038,'Inherited','Inherited',247),(2039,'Inherited','Inherited',247),(2040,'Inherited','Inherited',247),(2041,'Inherited','Inherited',247),(2042,'Inherited','Inherited',248),(2043,'Inherited','Inherited',248),(2044,'Inherited','Inherited',248),(2045,'Inherited','Inherited',248),(2046,'Inherited','Inherited',248),(2047,'Inherited','Inherited',248),(2048,'Inherited','Inherited',248),(2049,'Inherited','Inherited',248),(2050,'Inherited','Inherited',248),(2051,'Inherited','Inherited',248),(2052,'PV_FILTER','T_HL7_Z_0003^%',255),(2053,'PV_VIEW','MED_LOOKUP_VIEW',255),(2054,'VI_HIDDEN','VI_HIDDEN',256),(2055,'Inherited','Inherited',256),(2056,'Inherited','Inherited',256),(2057,'Inherited','Inherited',256),(2058,'Inherited','Inherited',256),(2059,'Inherited','Inherited',256),(2060,'Inherited','Inherited',256),(2061,'Inherited','Inherited',256),(2062,'Inherited','Inherited',257),(2063,'Inherited','Inherited',257),(2064,'Inherited','Inherited',257),(2065,'Inherited','Inherited',257),(2066,'Inherited','Inherited',257),(2067,'Inherited','Inherited',257),(2068,'Inherited','Inherited',257),(2069,'Inherited','Inherited',258),(2070,'Inherited','Inherited',258),(2071,'Inherited','Inherited',258);
insert into  dyextn_tagged_value  ( IDENTIFIER , T_KEY , T_VALUE , ABSTRACT_METADATA_ID ) values (2072,'Inherited','Inherited',258),(2073,'Inherited','Inherited',258),(2074,'Inherited','Inherited',258),(2075,'Inherited','Inherited',258),(2076,'PV_FILTER','T_HL7_U_0112^%',260),(2077,'PV_VIEW','MED_LOOKUP_VIEW',260),(2078,'VI_HIDDEN','VI_HIDDEN',261),(2079,'Inherited','Inherited',261),(2080,'Inherited','Inherited',261),(2081,'Inherited','Inherited',261),(2082,'Inherited','Inherited',261),(2083,'Inherited','Inherited',261),(2084,'Inherited','Inherited',261),(2085,'Inherited','Inherited',261),(2086,'Inherited','Inherited',261),(2087,'Inherited','Inherited',261),(2088,'Inherited','Inherited',261),(2089,'Inherited','Inherited',261),(2090,'Inherited','Inherited',262),(2091,'Inherited','Inherited',262),(2092,'Inherited','Inherited',262),(2093,'Inherited','Inherited',262),(2094,'Inherited','Inherited',262),(2095,'Inherited','Inherited',262),(2096,'Inherited','Inherited',262),(2097,'Inherited','Inherited',262),(2098,'Inherited','Inherited',262),(2099,'Inherited','Inherited',262),(2100,'Inherited','Inherited',262),(2101,'Inherited','Inherited',263),(2102,'Inherited','Inherited',263),(2103,'Inherited','Inherited',263),(2104,'Inherited','Inherited',263),(2105,'Inherited','Inherited',263),(2106,'Inherited','Inherited',263),(2107,'Inherited','Inherited',263);
insert into  dyextn_tagged_value  ( IDENTIFIER , T_KEY , T_VALUE , ABSTRACT_METADATA_ID ) values (2108,'Inherited','Inherited',263),(2109,'Inherited','Inherited',263),(2110,'Inherited','Inherited',263),(2111,'Inherited','Inherited',263),(2112,'PV_FILTER','T_HL7_L_0007^%',265),(2113,'PV_VIEW','MED_LOOKUP_VIEW',265),(2114,'VI_HIDDEN','VI_HIDDEN',266),(2115,'Inherited','Inherited',266),(2116,'Inherited','Inherited',266),(2117,'Inherited','Inherited',266),(2118,'Inherited','Inherited',266),(2119,'Inherited','Inherited',266),(2120,'Inherited','Inherited',266),(2121,'Inherited','Inherited',266),(2122,'Inherited','Inherited',266),(2123,'Inherited','Inherited',266),(2124,'Inherited','Inherited',266),(2125,'Inherited','Inherited',266),(2126,'Inherited','Inherited',266),(2127,'Inherited','Inherited',266),(2128,'Inherited','Inherited',266),(2129,'Inherited','Inherited',266),(2130,'Inherited','Inherited',266),(2131,'Inherited','Inherited',266),(2132,'Inherited','Inherited',266),(2133,'Inherited','Inherited',266),(2134,'Inherited','Inherited',266),(2135,'Inherited','Inherited',266),(2136,'Inherited','Inherited',267),(2137,'Inherited','Inherited',267),(2138,'Inherited','Inherited',267),(2139,'Inherited','Inherited',267),(2140,'Inherited','Inherited',267),(2141,'Inherited','Inherited',267),(2142,'Inherited','Inherited',267),(2143,'Inherited','Inherited',267);
insert into  dyextn_tagged_value  ( IDENTIFIER , T_KEY , T_VALUE , ABSTRACT_METADATA_ID ) values (2144,'Inherited','Inherited',267),(2145,'Inherited','Inherited',267),(2146,'Inherited','Inherited',267),(2147,'Inherited','Inherited',267),(2148,'Inherited','Inherited',267),(2149,'Inherited','Inherited',267),(2150,'Inherited','Inherited',267),(2151,'Inherited','Inherited',267),(2152,'Inherited','Inherited',267),(2153,'Inherited','Inherited',267),(2154,'Inherited','Inherited',267),(2155,'Inherited','Inherited',267),(2156,'Inherited','Inherited',267),(2157,'Inherited','Inherited',268),(2158,'Inherited','Inherited',268),(2159,'Inherited','Inherited',268),(2160,'Inherited','Inherited',268),(2161,'Inherited','Inherited',268),(2162,'Inherited','Inherited',268),(2163,'Inherited','Inherited',268),(2164,'Inherited','Inherited',268),(2165,'Inherited','Inherited',268),(2166,'Inherited','Inherited',268),(2167,'Inherited','Inherited',268),(2168,'Inherited','Inherited',268),(2169,'Inherited','Inherited',268),(2170,'Inherited','Inherited',268),(2171,'Inherited','Inherited',268),(2172,'Inherited','Inherited',268),(2173,'Inherited','Inherited',268),(2174,'Inherited','Inherited',268),(2175,'Inherited','Inherited',268),(2176,'Inherited','Inherited',268),(2177,'Inherited','Inherited',268),(2178,'PV_FILTER','T_HL7_Z_0003^%',270),(2179,'PV_VIEW','MED_LOOKUP_VIEW',270);
insert into  dyextn_tagged_value  ( IDENTIFIER , T_KEY , T_VALUE , ABSTRACT_METADATA_ID ) values (2180,'VI_HIDDEN','VI_HIDDEN',271),(2181,'Inherited','Inherited',271),(2182,'Inherited','Inherited',271),(2183,'Inherited','Inherited',271),(2184,'Inherited','Inherited',271),(2185,'Inherited','Inherited',271),(2186,'Inherited','Inherited',271),(2187,'Inherited','Inherited',271),(2188,'Inherited','Inherited',271),(2189,'Inherited','Inherited',271),(2190,'Inherited','Inherited',271),(2191,'Inherited','Inherited',271),(2192,'Inherited','Inherited',271),(2193,'Inherited','Inherited',271),(2194,'Inherited','Inherited',271),(2195,'Inherited','Inherited',271),(2196,'Inherited','Inherited',271),(2197,'Inherited','Inherited',271),(2198,'Inherited','Inherited',271),(2199,'Inherited','Inherited',271),(2200,'Inherited','Inherited',271),(2201,'Inherited','Inherited',271),(2202,'Inherited','Inherited',271),(2203,'Inherited','Inherited',272),(2204,'Inherited','Inherited',272),(2205,'Inherited','Inherited',272),(2206,'Inherited','Inherited',272),(2207,'Inherited','Inherited',272),(2208,'Inherited','Inherited',272),(2209,'Inherited','Inherited',272),(2210,'Inherited','Inherited',272),(2211,'Inherited','Inherited',272),(2212,'Inherited','Inherited',272),(2213,'Inherited','Inherited',272),(2214,'Inherited','Inherited',272),(2215,'Inherited','Inherited',272),(2216,'Inherited','Inherited',272);
insert into  dyextn_tagged_value  ( IDENTIFIER , T_KEY , T_VALUE , ABSTRACT_METADATA_ID ) values (2217,'Inherited','Inherited',272),(2218,'Inherited','Inherited',272),(2219,'Inherited','Inherited',272),(2220,'Inherited','Inherited',272),(2221,'Inherited','Inherited',272),(2222,'Inherited','Inherited',272),(2223,'Inherited','Inherited',272),(2224,'Inherited','Inherited',272),(2225,'Inherited','Inherited',273),(2226,'Inherited','Inherited',273),(2227,'Inherited','Inherited',273),(2228,'Inherited','Inherited',273),(2229,'Inherited','Inherited',273),(2230,'Inherited','Inherited',273),(2231,'Inherited','Inherited',273),(2232,'Inherited','Inherited',273),(2233,'Inherited','Inherited',273),(2234,'Inherited','Inherited',273),(2235,'Inherited','Inherited',273),(2236,'Inherited','Inherited',273),(2237,'Inherited','Inherited',273),(2238,'Inherited','Inherited',273),(2239,'Inherited','Inherited',273),(2240,'Inherited','Inherited',273),(2241,'Inherited','Inherited',273),(2242,'Inherited','Inherited',273),(2243,'Inherited','Inherited',273),(2244,'Inherited','Inherited',273),(2245,'Inherited','Inherited',273),(2246,'Inherited','Inherited',273),(2247,'DEFAULT_CONDITION','DEFAULT_CONDITION',283),(2248,'VERSION','VERSION',283),(2249,'PV_FILTER','T_HL7_U_0189^%',284),(2250,'PV_VIEW','MED_LOOKUP_VIEW',284),(2251,'VI_HIDDEN','VI_HIDDEN',285),(2252,'Inherited','Inherited',285);
insert into  dyextn_tagged_value  ( IDENTIFIER , T_KEY , T_VALUE , ABSTRACT_METADATA_ID ) values (2253,'Inherited','Inherited',285),(2254,'Inherited','Inherited',285),(2255,'Inherited','Inherited',285),(2256,'Inherited','Inherited',285),(2257,'Inherited','Inherited',285),(2258,'Inherited','Inherited',285),(2259,'Inherited','Inherited',285),(2260,'Inherited','Inherited',285),(2261,'Inherited','Inherited',285),(2262,'Inherited','Inherited',285),(2263,'Inherited','Inherited',285),(2264,'Inherited','Inherited',285),(2265,'Inherited','Inherited',285),(2266,'Inherited','Inherited',285),(2267,'Inherited','Inherited',285),(2268,'Inherited','Inherited',285),(2269,'Inherited','Inherited',285),(2270,'Inherited','Inherited',285),(2271,'Inherited','Inherited',285),(2272,'Inherited','Inherited',285),(2273,'Inherited','Inherited',285),(2274,'Inherited','Inherited',285),(2275,'Inherited','Inherited',285),(2276,'Inherited','Inherited',285),(2277,'Inherited','Inherited',285),(2278,'Inherited','Inherited',285),(2279,'Inherited','Inherited',285),(2280,'Inherited','Inherited',285),(2281,'Inherited','Inherited',285),(2282,'Inherited','Inherited',285),(2283,'Inherited','Inherited',285),(2284,'Inherited','Inherited',285),(2285,'Inherited','Inherited',285),(2286,'Inherited','Inherited',285),(2287,'Inherited','Inherited',285),(2288,'Inherited','Inherited',285),(2289,'Inherited','Inherited',285);
insert into  dyextn_tagged_value  ( IDENTIFIER , T_KEY , T_VALUE , ABSTRACT_METADATA_ID ) values (2290,'Inherited','Inherited',285),(2291,'Inherited','Inherited',285),(2292,'Inherited','Inherited',285),(2293,'Inherited','Inherited',286),(2294,'Inherited','Inherited',286),(2295,'Inherited','Inherited',286),(2296,'Inherited','Inherited',286),(2297,'Inherited','Inherited',286),(2298,'Inherited','Inherited',286),(2299,'Inherited','Inherited',286),(2300,'Inherited','Inherited',286),(2301,'Inherited','Inherited',286),(2302,'Inherited','Inherited',286),(2303,'Inherited','Inherited',286),(2304,'Inherited','Inherited',286),(2305,'Inherited','Inherited',286),(2306,'Inherited','Inherited',286),(2307,'Inherited','Inherited',286),(2308,'Inherited','Inherited',286),(2309,'Inherited','Inherited',286),(2310,'Inherited','Inherited',286),(2311,'Inherited','Inherited',286),(2312,'Inherited','Inherited',286),(2313,'Inherited','Inherited',286),(2314,'Inherited','Inherited',286),(2315,'Inherited','Inherited',286),(2316,'Inherited','Inherited',286),(2317,'Inherited','Inherited',286),(2318,'Inherited','Inherited',286),(2319,'Inherited','Inherited',286),(2320,'Inherited','Inherited',286),(2321,'Inherited','Inherited',286),(2322,'Inherited','Inherited',286),(2323,'Inherited','Inherited',286),(2324,'Inherited','Inherited',286),(2325,'Inherited','Inherited',286),(2326,'Inherited','Inherited',286);
insert into  dyextn_tagged_value  ( IDENTIFIER , T_KEY , T_VALUE , ABSTRACT_METADATA_ID ) values (2327,'Inherited','Inherited',286),(2328,'Inherited','Inherited',286),(2329,'Inherited','Inherited',286),(2330,'Inherited','Inherited',286),(2331,'Inherited','Inherited',286),(2332,'Inherited','Inherited',286),(2333,'Inherited','Inherited',286),(2334,'Inherited','Inherited',287),(2335,'Inherited','Inherited',287),(2336,'Inherited','Inherited',287),(2337,'Inherited','Inherited',287),(2338,'Inherited','Inherited',287),(2339,'Inherited','Inherited',287),(2340,'Inherited','Inherited',287),(2341,'Inherited','Inherited',287),(2342,'Inherited','Inherited',287),(2343,'Inherited','Inherited',287),(2344,'Inherited','Inherited',287),(2345,'Inherited','Inherited',287),(2346,'Inherited','Inherited',287),(2347,'Inherited','Inherited',287),(2348,'Inherited','Inherited',287),(2349,'Inherited','Inherited',287),(2350,'Inherited','Inherited',287),(2351,'Inherited','Inherited',287),(2352,'Inherited','Inherited',287),(2353,'Inherited','Inherited',287),(2354,'Inherited','Inherited',287),(2355,'Inherited','Inherited',287),(2356,'Inherited','Inherited',287),(2357,'Inherited','Inherited',287),(2358,'Inherited','Inherited',287),(2359,'Inherited','Inherited',287),(2360,'Inherited','Inherited',287),(2361,'Inherited','Inherited',287),(2362,'Inherited','Inherited',287),(2363,'Inherited','Inherited',287);
insert into  dyextn_tagged_value  ( IDENTIFIER , T_KEY , T_VALUE , ABSTRACT_METADATA_ID ) values (2364,'Inherited','Inherited',287),(2365,'Inherited','Inherited',287),(2366,'Inherited','Inherited',287),(2367,'Inherited','Inherited',287),(2368,'Inherited','Inherited',287),(2369,'Inherited','Inherited',287),(2370,'Inherited','Inherited',287),(2371,'Inherited','Inherited',287),(2372,'Inherited','Inherited',287),(2373,'Inherited','Inherited',287),(2374,'Inherited','Inherited',287),(2375,'PV_FILTER','T_HL7_S_0001^%',289),(2376,'PV_VIEW','MED_LOOKUP_VIEW',289),(2377,'VI_HIDDEN','VI_HIDDEN',290),(2378,'Inherited','Inherited',290),(2379,'Inherited','Inherited',290),(2380,'Inherited','Inherited',290),(2381,'Inherited','Inherited',290),(2382,'Inherited','Inherited',290),(2383,'Inherited','Inherited',290),(2384,'Inherited','Inherited',290),(2385,'Inherited','Inherited',290),(2386,'Inherited','Inherited',290),(2387,'Inherited','Inherited',290),(2388,'Inherited','Inherited',290),(2389,'Inherited','Inherited',290),(2390,'Inherited','Inherited',290),(2391,'Inherited','Inherited',290),(2392,'Inherited','Inherited',290),(2393,'Inherited','Inherited',290),(2394,'Inherited','Inherited',290),(2395,'Inherited','Inherited',290),(2396,'Inherited','Inherited',290),(2397,'Inherited','Inherited',290),(2398,'Inherited','Inherited',290),(2399,'Inherited','Inherited',290);
insert into  dyextn_tagged_value  ( IDENTIFIER , T_KEY , T_VALUE , ABSTRACT_METADATA_ID ) values (2400,'Inherited','Inherited',290),(2401,'Inherited','Inherited',290),(2402,'Inherited','Inherited',290),(2403,'Inherited','Inherited',290),(2404,'Inherited','Inherited',290),(2405,'Inherited','Inherited',290),(2406,'Inherited','Inherited',290),(2407,'Inherited','Inherited',290),(2408,'Inherited','Inherited',290),(2409,'Inherited','Inherited',291),(2410,'Inherited','Inherited',291),(2411,'Inherited','Inherited',291),(2412,'Inherited','Inherited',291),(2413,'Inherited','Inherited',291),(2414,'Inherited','Inherited',291),(2415,'Inherited','Inherited',291),(2416,'Inherited','Inherited',291),(2417,'Inherited','Inherited',291),(2418,'Inherited','Inherited',291),(2419,'Inherited','Inherited',291),(2420,'Inherited','Inherited',291),(2421,'Inherited','Inherited',291),(2422,'Inherited','Inherited',291),(2423,'Inherited','Inherited',291),(2424,'Inherited','Inherited',291),(2425,'Inherited','Inherited',291),(2426,'Inherited','Inherited',291),(2427,'Inherited','Inherited',291),(2428,'Inherited','Inherited',291),(2429,'Inherited','Inherited',291),(2430,'Inherited','Inherited',291),(2431,'Inherited','Inherited',291),(2432,'Inherited','Inherited',291),(2433,'Inherited','Inherited',291),(2434,'Inherited','Inherited',291),(2435,'Inherited','Inherited',291),(2436,'Inherited','Inherited',291);
insert into  dyextn_tagged_value  ( IDENTIFIER , T_KEY , T_VALUE , ABSTRACT_METADATA_ID ) values (2437,'Inherited','Inherited',291),(2438,'Inherited','Inherited',291),(2439,'Inherited','Inherited',291),(2440,'Inherited','Inherited',292),(2441,'Inherited','Inherited',292),(2442,'Inherited','Inherited',292),(2443,'Inherited','Inherited',292),(2444,'Inherited','Inherited',292),(2445,'Inherited','Inherited',292),(2446,'Inherited','Inherited',292),(2447,'Inherited','Inherited',292),(2448,'Inherited','Inherited',292),(2449,'Inherited','Inherited',292),(2450,'Inherited','Inherited',292),(2451,'Inherited','Inherited',292),(2452,'Inherited','Inherited',292),(2453,'Inherited','Inherited',292),(2454,'Inherited','Inherited',292),(2455,'Inherited','Inherited',292),(2456,'Inherited','Inherited',292),(2457,'Inherited','Inherited',292),(2458,'Inherited','Inherited',292),(2459,'Inherited','Inherited',292),(2460,'Inherited','Inherited',292),(2461,'Inherited','Inherited',292),(2462,'Inherited','Inherited',292),(2463,'Inherited','Inherited',292),(2464,'Inherited','Inherited',292),(2465,'Inherited','Inherited',292),(2466,'Inherited','Inherited',292),(2467,'Inherited','Inherited',292),(2468,'Inherited','Inherited',292),(2469,'Inherited','Inherited',292),(2470,'Inherited','Inherited',292),(2471,'PV_FILTER','T_HL7_Z_0002^%',294),(2472,'PV_VIEW','MED_LOOKUP_VIEW',294);
insert into  dyextn_tagged_value  ( IDENTIFIER , T_KEY , T_VALUE , ABSTRACT_METADATA_ID ) values (2473,'VI_HIDDEN','VI_HIDDEN',295),(2474,'Inherited','Inherited',295),(2475,'Inherited','Inherited',295),(2476,'Inherited','Inherited',295),(2477,'Inherited','Inherited',295),(2478,'Inherited','Inherited',295),(2479,'Inherited','Inherited',295),(2480,'Inherited','Inherited',295),(2481,'Inherited','Inherited',295),(2482,'Inherited','Inherited',295),(2483,'Inherited','Inherited',295),(2484,'Inherited','Inherited',295),(2485,'Inherited','Inherited',295),(2486,'Inherited','Inherited',295),(2487,'Inherited','Inherited',295),(2488,'Inherited','Inherited',295),(2489,'Inherited','Inherited',295),(2490,'Inherited','Inherited',295),(2491,'Inherited','Inherited',295),(2492,'Inherited','Inherited',295),(2493,'Inherited','Inherited',295),(2494,'Inherited','Inherited',295),(2495,'Inherited','Inherited',295),(2496,'Inherited','Inherited',295),(2497,'Inherited','Inherited',295),(2498,'Inherited','Inherited',295),(2499,'Inherited','Inherited',295),(2500,'Inherited','Inherited',295),(2501,'Inherited','Inherited',295),(2502,'Inherited','Inherited',295),(2503,'Inherited','Inherited',296),(2504,'Inherited','Inherited',296),(2505,'Inherited','Inherited',296),(2506,'Inherited','Inherited',296),(2507,'Inherited','Inherited',296),(2508,'Inherited','Inherited',296),(2509,'Inherited','Inherited',296);
insert into  dyextn_tagged_value  ( IDENTIFIER , T_KEY , T_VALUE , ABSTRACT_METADATA_ID ) values (2510,'Inherited','Inherited',296),(2511,'Inherited','Inherited',296),(2512,'Inherited','Inherited',296),(2513,'Inherited','Inherited',296),(2514,'Inherited','Inherited',296),(2515,'Inherited','Inherited',296),(2516,'Inherited','Inherited',296),(2517,'Inherited','Inherited',296),(2518,'Inherited','Inherited',296),(2519,'Inherited','Inherited',296),(2520,'Inherited','Inherited',296),(2521,'Inherited','Inherited',296),(2522,'Inherited','Inherited',296),(2523,'Inherited','Inherited',296),(2524,'Inherited','Inherited',296),(2525,'Inherited','Inherited',296),(2526,'Inherited','Inherited',296),(2527,'Inherited','Inherited',296),(2528,'Inherited','Inherited',296),(2529,'Inherited','Inherited',296),(2530,'Inherited','Inherited',296),(2531,'Inherited','Inherited',296),(2532,'Inherited','Inherited',297),(2533,'Inherited','Inherited',297),(2534,'Inherited','Inherited',297),(2535,'Inherited','Inherited',297),(2536,'Inherited','Inherited',297),(2537,'Inherited','Inherited',297),(2538,'Inherited','Inherited',297),(2539,'Inherited','Inherited',297),(2540,'Inherited','Inherited',297),(2541,'Inherited','Inherited',297),(2542,'Inherited','Inherited',297),(2543,'Inherited','Inherited',297),(2544,'Inherited','Inherited',297),(2545,'Inherited','Inherited',297),(2546,'Inherited','Inherited',297);
insert into  dyextn_tagged_value  ( IDENTIFIER , T_KEY , T_VALUE , ABSTRACT_METADATA_ID ) values (2547,'Inherited','Inherited',297),(2548,'Inherited','Inherited',297),(2549,'Inherited','Inherited',297),(2550,'Inherited','Inherited',297),(2551,'Inherited','Inherited',297),(2552,'Inherited','Inherited',297),(2553,'Inherited','Inherited',297),(2554,'Inherited','Inherited',297),(2555,'Inherited','Inherited',297),(2556,'Inherited','Inherited',297),(2557,'Inherited','Inherited',297),(2558,'Inherited','Inherited',297),(2559,'Inherited','Inherited',297),(2560,'Inherited','Inherited',297),(2561,'PV_FILTER','T_HL7_U_0006^%',299),(2562,'PV_VIEW','MED_LOOKUP_VIEW',299),(2563,'VI_HIDDEN','VI_HIDDEN',300),(2564,'Inherited','Inherited',300),(2565,'Inherited','Inherited',300),(2566,'Inherited','Inherited',300),(2567,'Inherited','Inherited',300),(2568,'Inherited','Inherited',300),(2569,'Inherited','Inherited',300),(2570,'Inherited','Inherited',300),(2571,'Inherited','Inherited',300),(2572,'Inherited','Inherited',300),(2573,'Inherited','Inherited',300),(2574,'Inherited','Inherited',300),(2575,'Inherited','Inherited',300),(2576,'Inherited','Inherited',300),(2577,'Inherited','Inherited',300),(2578,'Inherited','Inherited',300),(2579,'Inherited','Inherited',300),(2580,'Inherited','Inherited',300),(2581,'Inherited','Inherited',300),(2582,'Inherited','Inherited',300);
insert into  dyextn_tagged_value  ( IDENTIFIER , T_KEY , T_VALUE , ABSTRACT_METADATA_ID ) values (2583,'Inherited','Inherited',300),(2584,'Inherited','Inherited',300),(2585,'Inherited','Inherited',300),(2586,'Inherited','Inherited',300),(2587,'Inherited','Inherited',300),(2588,'Inherited','Inherited',300),(2589,'Inherited','Inherited',300),(2590,'Inherited','Inherited',301),(2591,'Inherited','Inherited',301),(2592,'Inherited','Inherited',301),(2593,'Inherited','Inherited',301),(2594,'Inherited','Inherited',301),(2595,'Inherited','Inherited',301),(2596,'Inherited','Inherited',301),(2597,'Inherited','Inherited',301),(2598,'Inherited','Inherited',301),(2599,'Inherited','Inherited',301),(2600,'Inherited','Inherited',301),(2601,'Inherited','Inherited',301),(2602,'Inherited','Inherited',301),(2603,'Inherited','Inherited',301),(2604,'Inherited','Inherited',301),(2605,'Inherited','Inherited',301),(2606,'Inherited','Inherited',301),(2607,'Inherited','Inherited',301),(2608,'Inherited','Inherited',301),(2609,'Inherited','Inherited',301),(2610,'Inherited','Inherited',301),(2611,'Inherited','Inherited',301),(2612,'Inherited','Inherited',301),(2613,'Inherited','Inherited',301),(2614,'Inherited','Inherited',301),(2615,'Inherited','Inherited',301),(2616,'Inherited','Inherited',302),(2617,'Inherited','Inherited',302),(2618,'Inherited','Inherited',302),(2619,'Inherited','Inherited',302);
insert into  dyextn_tagged_value  ( IDENTIFIER , T_KEY , T_VALUE , ABSTRACT_METADATA_ID ) values (2620,'Inherited','Inherited',302),(2621,'Inherited','Inherited',302),(2622,'Inherited','Inherited',302),(2623,'Inherited','Inherited',302),(2624,'Inherited','Inherited',302),(2625,'Inherited','Inherited',302),(2626,'Inherited','Inherited',302),(2627,'Inherited','Inherited',302),(2628,'Inherited','Inherited',302),(2629,'Inherited','Inherited',302),(2630,'Inherited','Inherited',302),(2631,'Inherited','Inherited',302),(2632,'Inherited','Inherited',302),(2633,'Inherited','Inherited',302),(2634,'Inherited','Inherited',302),(2635,'Inherited','Inherited',302),(2636,'Inherited','Inherited',302),(2637,'Inherited','Inherited',302),(2638,'Inherited','Inherited',302),(2639,'Inherited','Inherited',302),(2640,'Inherited','Inherited',302),(2641,'Inherited','Inherited',302),(2642,'PV_FILTER','T_HL7_U_0005^%',304),(2643,'PV_VIEW','MED_LOOKUP_VIEW',304),(2644,'VI_HIDDEN','VI_HIDDEN',305),(2645,'Inherited','Inherited',305),(2646,'Inherited','Inherited',305),(2647,'Inherited','Inherited',305),(2648,'Inherited','Inherited',305),(2649,'Inherited','Inherited',305),(2650,'Inherited','Inherited',305),(2651,'Inherited','Inherited',305),(2652,'Inherited','Inherited',305),(2653,'Inherited','Inherited',305),(2654,'Inherited','Inherited',305),(2655,'Inherited','Inherited',305);
insert into  dyextn_tagged_value  ( IDENTIFIER , T_KEY , T_VALUE , ABSTRACT_METADATA_ID ) values (2656,'Inherited','Inherited',305),(2657,'Inherited','Inherited',305),(2658,'Inherited','Inherited',305),(2659,'Inherited','Inherited',305),(2660,'Inherited','Inherited',305),(2661,'Inherited','Inherited',305),(2662,'Inherited','Inherited',305),(2663,'Inherited','Inherited',305),(2664,'Inherited','Inherited',305),(2665,'Inherited','Inherited',305),(2666,'Inherited','Inherited',305),(2667,'Inherited','Inherited',305),(2668,'Inherited','Inherited',306),(2669,'Inherited','Inherited',306),(2670,'Inherited','Inherited',306),(2671,'Inherited','Inherited',306),(2672,'Inherited','Inherited',306),(2673,'Inherited','Inherited',306),(2674,'Inherited','Inherited',306),(2675,'Inherited','Inherited',306),(2676,'Inherited','Inherited',306),(2677,'Inherited','Inherited',306),(2678,'Inherited','Inherited',306),(2679,'Inherited','Inherited',306),(2680,'Inherited','Inherited',306),(2681,'Inherited','Inherited',306),(2682,'Inherited','Inherited',306),(2683,'Inherited','Inherited',306),(2684,'Inherited','Inherited',306),(2685,'Inherited','Inherited',306),(2686,'Inherited','Inherited',306),(2687,'Inherited','Inherited',306),(2688,'Inherited','Inherited',306),(2689,'Inherited','Inherited',306),(2690,'Inherited','Inherited',306),(2691,'Inherited','Inherited',307),(2692,'Inherited','Inherited',307);
insert into  dyextn_tagged_value  ( IDENTIFIER , T_KEY , T_VALUE , ABSTRACT_METADATA_ID ) values (2693,'Inherited','Inherited',307),(2694,'Inherited','Inherited',307),(2695,'Inherited','Inherited',307),(2696,'Inherited','Inherited',307),(2697,'Inherited','Inherited',307),(2698,'Inherited','Inherited',307),(2699,'Inherited','Inherited',307),(2700,'Inherited','Inherited',307),(2701,'Inherited','Inherited',307),(2702,'Inherited','Inherited',307),(2703,'Inherited','Inherited',307),(2704,'Inherited','Inherited',307),(2705,'Inherited','Inherited',307),(2706,'Inherited','Inherited',307),(2707,'Inherited','Inherited',307),(2708,'Inherited','Inherited',307),(2709,'Inherited','Inherited',307),(2710,'Inherited','Inherited',307),(2711,'Inherited','Inherited',307),(2712,'Inherited','Inherited',307),(2713,'Inherited','Inherited',307),(2714,'DEFAULT_CONDITION','Less than or Equal to!=!RULES_MINOR',309),(2715,'DEFAULT_CONDITION','Greater than or Equal to!=!CURRENT_DATE',311),(2716,'DEFAULT_CONDITION','Less than or Equal to!=!CURRENT_DATE',312),(2717,'PV_FILTER','T_HL7_I_0014^%',327),(2718,'PV_VIEW','MED_LOOKUP_VIEW',327),(2719,'VI_HIDDEN','VI_HIDDEN',328),(2720,'Inherited','Inherited',328),(2721,'Inherited','Inherited',328),(2722,'Inherited','Inherited',328),(2723,'Inherited','Inherited',328),(2724,'Inherited','Inherited',328),(2725,'Inherited','Inherited',328);
insert into  dyextn_tagged_value  ( IDENTIFIER , T_KEY , T_VALUE , ABSTRACT_METADATA_ID ) values (2726,'Inherited','Inherited',328),(2727,'Inherited','Inherited',328),(2728,'Inherited','Inherited',328),(2729,'Inherited','Inherited',328),(2730,'Inherited','Inherited',328),(2731,'Inherited','Inherited',328),(2732,'Inherited','Inherited',328),(2733,'Inherited','Inherited',328),(2734,'Inherited','Inherited',328),(2735,'Inherited','Inherited',328),(2736,'Inherited','Inherited',328),(2737,'Inherited','Inherited',328),(2738,'Inherited','Inherited',328),(2739,'Inherited','Inherited',328),(2740,'Inherited','Inherited',328),(2741,'Inherited','Inherited',328),(2742,'Inherited','Inherited',328),(2743,'Inherited','Inherited',328),(2744,'Inherited','Inherited',328),(2745,'Inherited','Inherited',328),(2746,'Inherited','Inherited',328),(2747,'Inherited','Inherited',328),(2748,'Inherited','Inherited',328),(2749,'Inherited','Inherited',328),(2750,'Inherited','Inherited',328),(2751,'Inherited','Inherited',328),(2752,'Inherited','Inherited',328),(2753,'Inherited','Inherited',328),(2754,'Inherited','Inherited',328),(2755,'Inherited','Inherited',328),(2756,'Inherited','Inherited',328),(2757,'Inherited','Inherited',328),(2758,'Inherited','Inherited',328),(2759,'Inherited','Inherited',328),(2760,'Inherited','Inherited',328),(2761,'Inherited','Inherited',328),(2762,'Inherited','Inherited',328);
insert into  dyextn_tagged_value  ( IDENTIFIER , T_KEY , T_VALUE , ABSTRACT_METADATA_ID ) values (2763,'Inherited','Inherited',328),(2764,'Inherited','Inherited',328),(2765,'Inherited','Inherited',329),(2766,'Inherited','Inherited',329),(2767,'Inherited','Inherited',329),(2768,'Inherited','Inherited',329),(2769,'Inherited','Inherited',329),(2770,'Inherited','Inherited',329),(2771,'Inherited','Inherited',329),(2772,'Inherited','Inherited',329),(2773,'Inherited','Inherited',329),(2774,'Inherited','Inherited',329),(2775,'Inherited','Inherited',329),(2776,'Inherited','Inherited',329),(2777,'Inherited','Inherited',329),(2778,'Inherited','Inherited',329),(2779,'Inherited','Inherited',329),(2780,'Inherited','Inherited',329),(2781,'Inherited','Inherited',329),(2782,'Inherited','Inherited',329),(2783,'Inherited','Inherited',329),(2784,'Inherited','Inherited',329),(2785,'Inherited','Inherited',329),(2786,'Inherited','Inherited',329),(2787,'Inherited','Inherited',329),(2788,'Inherited','Inherited',329),(2789,'Inherited','Inherited',329),(2790,'Inherited','Inherited',329),(2791,'Inherited','Inherited',329),(2792,'Inherited','Inherited',329),(2793,'Inherited','Inherited',329),(2794,'Inherited','Inherited',329),(2795,'Inherited','Inherited',329),(2796,'Inherited','Inherited',329),(2797,'Inherited','Inherited',329),(2798,'Inherited','Inherited',329),(2799,'Inherited','Inherited',329);
insert into  dyextn_tagged_value  ( IDENTIFIER , T_KEY , T_VALUE , ABSTRACT_METADATA_ID ) values (2800,'Inherited','Inherited',329),(2801,'Inherited','Inherited',329),(2802,'Inherited','Inherited',329),(2803,'Inherited','Inherited',329),(2804,'Inherited','Inherited',329),(2805,'Inherited','Inherited',329),(2806,'Inherited','Inherited',329),(2807,'Inherited','Inherited',329),(2808,'Inherited','Inherited',329),(2809,'Inherited','Inherited',329),(2810,'Inherited','Inherited',330),(2811,'Inherited','Inherited',330),(2812,'Inherited','Inherited',330),(2813,'Inherited','Inherited',330),(2814,'Inherited','Inherited',330),(2815,'Inherited','Inherited',330),(2816,'Inherited','Inherited',330),(2817,'Inherited','Inherited',330),(2818,'Inherited','Inherited',330),(2819,'Inherited','Inherited',330),(2820,'Inherited','Inherited',330),(2821,'Inherited','Inherited',330),(2822,'Inherited','Inherited',330),(2823,'Inherited','Inherited',330),(2824,'Inherited','Inherited',330),(2825,'Inherited','Inherited',330),(2826,'Inherited','Inherited',330),(2827,'Inherited','Inherited',330),(2828,'Inherited','Inherited',330),(2829,'Inherited','Inherited',330),(2830,'Inherited','Inherited',330),(2831,'Inherited','Inherited',330),(2832,'Inherited','Inherited',330),(2833,'Inherited','Inherited',330),(2834,'Inherited','Inherited',330),(2835,'Inherited','Inherited',330),(2836,'Inherited','Inherited',330);
insert into  dyextn_tagged_value  ( IDENTIFIER , T_KEY , T_VALUE , ABSTRACT_METADATA_ID ) values (2837,'Inherited','Inherited',330),(2838,'Inherited','Inherited',330),(2839,'Inherited','Inherited',330),(2840,'Inherited','Inherited',330),(2841,'Inherited','Inherited',330),(2842,'Inherited','Inherited',330),(2843,'Inherited','Inherited',330),(2844,'Inherited','Inherited',330),(2845,'Inherited','Inherited',330),(2846,'Inherited','Inherited',330),(2847,'Inherited','Inherited',330),(2848,'Inherited','Inherited',330),(2849,'Inherited','Inherited',330),(2850,'Inherited','Inherited',330),(2851,'Inherited','Inherited',330),(2852,'Inherited','Inherited',330),(2853,'Inherited','Inherited',330),(2854,'Inherited','Inherited',330),(2855,'PV_FILTER','T_HL7_S_0190^%',332),(2856,'PV_VIEW','MED_LOOKUP_VIEW',332),(2857,'VI_HIDDEN','VI_HIDDEN',333),(2858,'Inherited','Inherited',333),(2859,'Inherited','Inherited',333),(2860,'Inherited','Inherited',333),(2861,'Inherited','Inherited',333),(2862,'Inherited','Inherited',333),(2863,'Inherited','Inherited',333),(2864,'Inherited','Inherited',333),(2865,'Inherited','Inherited',333),(2866,'Inherited','Inherited',333),(2867,'Inherited','Inherited',333),(2868,'Inherited','Inherited',333),(2869,'Inherited','Inherited',333),(2870,'Inherited','Inherited',333),(2871,'Inherited','Inherited',333),(2872,'Inherited','Inherited',333);
insert into  dyextn_tagged_value  ( IDENTIFIER , T_KEY , T_VALUE , ABSTRACT_METADATA_ID ) values (2873,'Inherited','Inherited',333),(2874,'Inherited','Inherited',333),(2875,'Inherited','Inherited',333),(2876,'Inherited','Inherited',333),(2877,'Inherited','Inherited',333),(2878,'Inherited','Inherited',333),(2879,'Inherited','Inherited',333),(2880,'Inherited','Inherited',333),(2881,'Inherited','Inherited',333),(2882,'Inherited','Inherited',333),(2883,'Inherited','Inherited',333),(2884,'Inherited','Inherited',333),(2885,'Inherited','Inherited',333),(2886,'Inherited','Inherited',333),(2887,'Inherited','Inherited',333),(2888,'Inherited','Inherited',333),(2889,'Inherited','Inherited',333),(2890,'Inherited','Inherited',333),(2891,'Inherited','Inherited',333),(2892,'Inherited','Inherited',334),(2893,'Inherited','Inherited',334),(2894,'Inherited','Inherited',334),(2895,'Inherited','Inherited',334),(2896,'Inherited','Inherited',334),(2897,'Inherited','Inherited',334),(2898,'Inherited','Inherited',334),(2899,'Inherited','Inherited',334),(2900,'Inherited','Inherited',334),(2901,'Inherited','Inherited',334),(2902,'Inherited','Inherited',334),(2903,'Inherited','Inherited',334),(2904,'Inherited','Inherited',334),(2905,'Inherited','Inherited',334),(2906,'Inherited','Inherited',334),(2907,'Inherited','Inherited',334),(2908,'Inherited','Inherited',334),(2909,'Inherited','Inherited',334);
insert into  dyextn_tagged_value  ( IDENTIFIER , T_KEY , T_VALUE , ABSTRACT_METADATA_ID ) values (2910,'Inherited','Inherited',334),(2911,'Inherited','Inherited',334),(2912,'Inherited','Inherited',334),(2913,'Inherited','Inherited',334),(2914,'Inherited','Inherited',334),(2915,'Inherited','Inherited',334),(2916,'Inherited','Inherited',334),(2917,'Inherited','Inherited',334),(2918,'Inherited','Inherited',334),(2919,'Inherited','Inherited',334),(2920,'Inherited','Inherited',334),(2921,'Inherited','Inherited',334),(2922,'Inherited','Inherited',334),(2923,'Inherited','Inherited',334),(2924,'Inherited','Inherited',334),(2925,'Inherited','Inherited',334),(2926,'Inherited','Inherited',335),(2927,'Inherited','Inherited',335),(2928,'Inherited','Inherited',335),(2929,'Inherited','Inherited',335),(2930,'Inherited','Inherited',335),(2931,'Inherited','Inherited',335),(2932,'Inherited','Inherited',335),(2933,'Inherited','Inherited',335),(2934,'Inherited','Inherited',335),(2935,'Inherited','Inherited',335),(2936,'Inherited','Inherited',335),(2937,'Inherited','Inherited',335),(2938,'Inherited','Inherited',335),(2939,'Inherited','Inherited',335),(2940,'Inherited','Inherited',335),(2941,'Inherited','Inherited',335),(2942,'Inherited','Inherited',335),(2943,'Inherited','Inherited',335),(2944,'Inherited','Inherited',335),(2945,'Inherited','Inherited',335),(2946,'Inherited','Inherited',335);
insert into  dyextn_tagged_value  ( IDENTIFIER , T_KEY , T_VALUE , ABSTRACT_METADATA_ID ) values (2947,'Inherited','Inherited',335),(2948,'Inherited','Inherited',335),(2949,'Inherited','Inherited',335),(2950,'Inherited','Inherited',335),(2951,'Inherited','Inherited',335),(2952,'Inherited','Inherited',335),(2953,'Inherited','Inherited',335),(2954,'Inherited','Inherited',335),(2955,'Inherited','Inherited',335),(2956,'Inherited','Inherited',335),(2957,'Inherited','Inherited',335),(2958,'Inherited','Inherited',335),(2959,'Inherited','Inherited',335),(2960,'PV_FILTER','T_HL7_U_0171^%',337),(2961,'PV_VIEW','MED_LOOKUP_VIEW',337),(2962,'VI_HIDDEN','VI_HIDDEN',338),(2963,'Inherited','Inherited',338),(2964,'Inherited','Inherited',338),(2965,'Inherited','Inherited',338),(2966,'Inherited','Inherited',338),(2967,'Inherited','Inherited',338),(2968,'Inherited','Inherited',338),(2969,'Inherited','Inherited',338),(2970,'Inherited','Inherited',338),(2971,'Inherited','Inherited',338),(2972,'Inherited','Inherited',338),(2973,'Inherited','Inherited',338),(2974,'Inherited','Inherited',338),(2975,'Inherited','Inherited',338),(2976,'Inherited','Inherited',338),(2977,'Inherited','Inherited',338),(2978,'Inherited','Inherited',338),(2979,'Inherited','Inherited',338),(2980,'Inherited','Inherited',338),(2981,'Inherited','Inherited',338),(2982,'Inherited','Inherited',338);
insert into  dyextn_tagged_value  ( IDENTIFIER , T_KEY , T_VALUE , ABSTRACT_METADATA_ID ) values (2983,'Inherited','Inherited',338),(2984,'Inherited','Inherited',338),(2985,'Inherited','Inherited',338),(2986,'Inherited','Inherited',338),(2987,'Inherited','Inherited',338),(2988,'Inherited','Inherited',338),(2989,'Inherited','Inherited',338),(2990,'Inherited','Inherited',339),(2991,'Inherited','Inherited',339),(2992,'Inherited','Inherited',339),(2993,'Inherited','Inherited',339),(2994,'Inherited','Inherited',339),(2995,'Inherited','Inherited',339),(2996,'Inherited','Inherited',339),(2997,'Inherited','Inherited',339),(2998,'Inherited','Inherited',339),(2999,'Inherited','Inherited',339),(3000,'Inherited','Inherited',339),(3001,'Inherited','Inherited',339),(3002,'Inherited','Inherited',339),(3003,'Inherited','Inherited',339),(3004,'Inherited','Inherited',339),(3005,'Inherited','Inherited',339),(3006,'Inherited','Inherited',339),(3007,'Inherited','Inherited',339),(3008,'Inherited','Inherited',339),(3009,'Inherited','Inherited',339),(3010,'Inherited','Inherited',339),(3011,'Inherited','Inherited',339),(3012,'Inherited','Inherited',339),(3013,'Inherited','Inherited',339),(3014,'Inherited','Inherited',339),(3015,'Inherited','Inherited',339),(3016,'Inherited','Inherited',339),(3017,'Inherited','Inherited',340),(3018,'Inherited','Inherited',340),(3019,'Inherited','Inherited',340);
insert into  dyextn_tagged_value  ( IDENTIFIER , T_KEY , T_VALUE , ABSTRACT_METADATA_ID ) values (3020,'Inherited','Inherited',340),(3021,'Inherited','Inherited',340),(3022,'Inherited','Inherited',340),(3023,'Inherited','Inherited',340),(3024,'Inherited','Inherited',340),(3025,'Inherited','Inherited',340),(3026,'Inherited','Inherited',340),(3027,'Inherited','Inherited',340),(3028,'Inherited','Inherited',340),(3029,'Inherited','Inherited',340),(3030,'Inherited','Inherited',340),(3031,'Inherited','Inherited',340),(3032,'Inherited','Inherited',340),(3033,'Inherited','Inherited',340),(3034,'Inherited','Inherited',340),(3035,'Inherited','Inherited',340),(3036,'Inherited','Inherited',340),(3037,'Inherited','Inherited',340),(3038,'Inherited','Inherited',340),(3039,'Inherited','Inherited',340),(3040,'Inherited','Inherited',340),(3041,'Inherited','Inherited',340),(3042,'Inherited','Inherited',340),(3043,'Inherited','Inherited',340),(3044,'PV_FILTER','T_HL7_U_0002^%',347),(3045,'PV_VIEW','MED_LOOKUP_VIEW',347),(3046,'VI_HIDDEN','VI_HIDDEN',348),(3047,'Inherited','Inherited',348),(3048,'Inherited','Inherited',348),(3049,'Inherited','Inherited',348),(3050,'Inherited','Inherited',348),(3051,'Inherited','Inherited',348),(3052,'Inherited','Inherited',348),(3053,'Inherited','Inherited',348),(3054,'Inherited','Inherited',348),(3055,'Inherited','Inherited',348);
insert into  dyextn_tagged_value  ( IDENTIFIER , T_KEY , T_VALUE , ABSTRACT_METADATA_ID ) values (3056,'Inherited','Inherited',348),(3057,'Inherited','Inherited',348),(3058,'Inherited','Inherited',348),(3059,'Inherited','Inherited',348),(3060,'Inherited','Inherited',348),(3061,'Inherited','Inherited',348),(3062,'Inherited','Inherited',348),(3063,'Inherited','Inherited',349),(3064,'Inherited','Inherited',349),(3065,'Inherited','Inherited',349),(3066,'Inherited','Inherited',349),(3067,'Inherited','Inherited',349),(3068,'Inherited','Inherited',349),(3069,'Inherited','Inherited',349),(3070,'Inherited','Inherited',349),(3071,'Inherited','Inherited',349),(3072,'Inherited','Inherited',349),(3073,'Inherited','Inherited',349),(3074,'Inherited','Inherited',349),(3075,'Inherited','Inherited',349),(3076,'Inherited','Inherited',349),(3077,'Inherited','Inherited',349),(3078,'Inherited','Inherited',349),(3079,'Inherited','Inherited',350),(3080,'Inherited','Inherited',350),(3081,'Inherited','Inherited',350),(3082,'Inherited','Inherited',350),(3083,'Inherited','Inherited',350),(3084,'Inherited','Inherited',350),(3085,'Inherited','Inherited',350),(3086,'Inherited','Inherited',350),(3087,'Inherited','Inherited',350),(3088,'Inherited','Inherited',350),(3089,'Inherited','Inherited',350),(3090,'Inherited','Inherited',350),(3091,'Inherited','Inherited',350),(3092,'Inherited','Inherited',350);
insert into  dyextn_tagged_value  ( IDENTIFIER , T_KEY , T_VALUE , ABSTRACT_METADATA_ID ) values (3093,'Inherited','Inherited',350),(3094,'Inherited','Inherited',350),(3095,'MAIN_ENTITY','MAIN_ENTITY',353),(3096,'PrimaryKey','LaboratoryProcedure.accessionNumber',353),(3097,'PV_VIEW','LAB_TESTS_VIEW',355),(3098,'VI_HIDDEN','VI_HIDDEN',356),(3099,'Inherited','Inherited',356),(3100,'Inherited','Inherited',356),(3101,'Inherited','Inherited',356),(3102,'Inherited','Inherited',356),(3103,'Inherited','Inherited',356),(3104,'Inherited','Inherited',356),(3105,'Inherited','Inherited',356),(3106,'Inherited','Inherited',356),(3107,'Inherited','Inherited',356),(3108,'Inherited','Inherited',356),(3109,'Inherited','Inherited',356),(3110,'Inherited','Inherited',356),(3111,'Inherited','Inherited',356),(3112,'Inherited','Inherited',356),(3113,'Inherited','Inherited',356),(3114,'Inherited','Inherited',356),(3115,'Inherited','Inherited',356),(3116,'Inherited','Inherited',356),(3117,'Inherited','Inherited',356),(3118,'Inherited','Inherited',356),(3119,'Inherited','Inherited',356),(3120,'Inherited','Inherited',356),(3121,'Inherited','Inherited',356),(3122,'Inherited','Inherited',356),(3123,'Inherited','Inherited',356),(3124,'Inherited','Inherited',356),(3125,'Inherited','Inherited',356),(3126,'Inherited','Inherited',356),(3127,'Inherited','Inherited',356);
insert into  dyextn_tagged_value  ( IDENTIFIER , T_KEY , T_VALUE , ABSTRACT_METADATA_ID ) values (3128,'Inherited','Inherited',356),(3129,'Inherited','Inherited',356),(3130,'Inherited','Inherited',356),(3131,'Inherited','Inherited',356),(3132,'Inherited','Inherited',356),(3133,'Inherited','Inherited',356),(3134,'Inherited','Inherited',356),(3135,'Inherited','Inherited',356),(3136,'Inherited','Inherited',356),(3137,'Inherited','Inherited',356),(3138,'Inherited','Inherited',356),(3139,'Inherited','Inherited',356),(3140,'Inherited','Inherited',356),(3141,'Inherited','Inherited',357),(3142,'Inherited','Inherited',357),(3143,'Inherited','Inherited',357),(3144,'Inherited','Inherited',357),(3145,'Inherited','Inherited',357),(3146,'Inherited','Inherited',357),(3147,'Inherited','Inherited',357),(3148,'Inherited','Inherited',357),(3149,'Inherited','Inherited',357),(3150,'Inherited','Inherited',357),(3151,'Inherited','Inherited',357),(3152,'Inherited','Inherited',357),(3153,'Inherited','Inherited',357),(3154,'Inherited','Inherited',357),(3155,'Inherited','Inherited',357),(3156,'Inherited','Inherited',357),(3157,'Inherited','Inherited',357),(3158,'Inherited','Inherited',357),(3159,'Inherited','Inherited',357),(3160,'Inherited','Inherited',357),(3161,'Inherited','Inherited',357),(3162,'Inherited','Inherited',357),(3163,'Inherited','Inherited',357),(3164,'Inherited','Inherited',357);
insert into  dyextn_tagged_value  ( IDENTIFIER , T_KEY , T_VALUE , ABSTRACT_METADATA_ID ) values (3165,'Inherited','Inherited',357),(3166,'Inherited','Inherited',357),(3167,'Inherited','Inherited',357),(3168,'Inherited','Inherited',357),(3169,'Inherited','Inherited',357),(3170,'Inherited','Inherited',357),(3171,'Inherited','Inherited',357),(3172,'Inherited','Inherited',357),(3173,'Inherited','Inherited',357),(3174,'Inherited','Inherited',357),(3175,'Inherited','Inherited',357),(3176,'Inherited','Inherited',357),(3177,'Inherited','Inherited',357),(3178,'Inherited','Inherited',357),(3179,'Inherited','Inherited',357),(3180,'Inherited','Inherited',357),(3181,'Inherited','Inherited',357),(3182,'Inherited','Inherited',357),(3183,'Inherited','Inherited',358),(3184,'Inherited','Inherited',358),(3185,'Inherited','Inherited',358),(3186,'Inherited','Inherited',358),(3187,'Inherited','Inherited',358),(3188,'Inherited','Inherited',358),(3189,'Inherited','Inherited',358),(3190,'Inherited','Inherited',358),(3191,'Inherited','Inherited',358),(3192,'Inherited','Inherited',358),(3193,'Inherited','Inherited',358),(3194,'Inherited','Inherited',358),(3195,'Inherited','Inherited',358),(3196,'Inherited','Inherited',358),(3197,'Inherited','Inherited',358),(3198,'Inherited','Inherited',358),(3199,'Inherited','Inherited',358),(3200,'Inherited','Inherited',358),(3201,'Inherited','Inherited',358);
insert into  dyextn_tagged_value  ( IDENTIFIER , T_KEY , T_VALUE , ABSTRACT_METADATA_ID ) values (3202,'Inherited','Inherited',358),(3203,'Inherited','Inherited',358),(3204,'Inherited','Inherited',358),(3205,'Inherited','Inherited',358),(3206,'Inherited','Inherited',358),(3207,'Inherited','Inherited',358),(3208,'Inherited','Inherited',358),(3209,'Inherited','Inherited',358),(3210,'Inherited','Inherited',358),(3211,'Inherited','Inherited',358),(3212,'Inherited','Inherited',358),(3213,'Inherited','Inherited',358),(3214,'Inherited','Inherited',358),(3215,'Inherited','Inherited',358),(3216,'Inherited','Inherited',358),(3217,'Inherited','Inherited',358),(3218,'Inherited','Inherited',358),(3219,'Inherited','Inherited',358),(3220,'Inherited','Inherited',358),(3221,'Inherited','Inherited',358),(3222,'Inherited','Inherited',358),(3223,'Inherited','Inherited',358),(3224,'Inherited','Inherited',358),(3225,'VERSION','VERSION',362),(3226,'PV_FILTER','T_HL7_S_0078^%',390),(3227,'PV_VIEW','MED_LOOKUP_VIEW',390),(3228,'VI_HIDDEN','VI_HIDDEN',391),(3229,'Inherited','Inherited',391),(3230,'Inherited','Inherited',391),(3231,'Inherited','Inherited',391),(3232,'Inherited','Inherited',391),(3233,'Inherited','Inherited',391),(3234,'Inherited','Inherited',392),(3235,'Inherited','Inherited',392),(3236,'Inherited','Inherited',392),(3237,'Inherited','Inherited',392);
insert into  dyextn_tagged_value  ( IDENTIFIER , T_KEY , T_VALUE , ABSTRACT_METADATA_ID ) values (3238,'Inherited','Inherited',392),(3239,'Inherited','Inherited',393),(3240,'Inherited','Inherited',393),(3241,'Inherited','Inherited',393),(3242,'Inherited','Inherited',393),(3243,'Inherited','Inherited',393),(3244,'PV_VIEW','LAB_TESTS_VIEW',395),(3245,'VI_HIDDEN','VI_HIDDEN',396),(3246,'Inherited','Inherited',396),(3247,'Inherited','Inherited',396),(3248,'Inherited','Inherited',396),(3249,'Inherited','Inherited',396),(3250,'Inherited','Inherited',396),(3251,'Inherited','Inherited',396),(3252,'Inherited','Inherited',396),(3253,'Inherited','Inherited',396),(3254,'Inherited','Inherited',396),(3255,'Inherited','Inherited',397),(3256,'Inherited','Inherited',397),(3257,'Inherited','Inherited',397),(3258,'Inherited','Inherited',397),(3259,'Inherited','Inherited',397),(3260,'Inherited','Inherited',397),(3261,'Inherited','Inherited',397),(3262,'Inherited','Inherited',397),(3263,'Inherited','Inherited',397),(3264,'Inherited','Inherited',398),(3265,'Inherited','Inherited',398),(3266,'Inherited','Inherited',398),(3267,'Inherited','Inherited',398),(3268,'Inherited','Inherited',398),(3269,'Inherited','Inherited',398),(3270,'Inherited','Inherited',398),(3271,'Inherited','Inherited',398),(3272,'Inherited','Inherited',398),(3273,'VI_HIDDEN','VI_HIDDEN',406);
insert into  dyextn_tagged_value  ( IDENTIFIER , T_KEY , T_VALUE , ABSTRACT_METADATA_ID ) values (3274,'Inherited','Inherited',406),(3275,'Inherited','Inherited',406),(3276,'Inherited','Inherited',406),(3277,'Inherited','Inherited',406),(3278,'Inherited','Inherited',406),(3279,'Inherited','Inherited',406),(3280,'Inherited','Inherited',406),(3281,'Inherited','Inherited',406),(3282,'Inherited','Inherited',406),(3283,'Inherited','Inherited',406),(3284,'Inherited','Inherited',406),(3285,'Inherited','Inherited',406),(3286,'Inherited','Inherited',406),(3287,'Inherited','Inherited',406),(3288,'Inherited','Inherited',406),(3289,'Inherited','Inherited',406),(3290,'Inherited','Inherited',406),(3291,'Inherited','Inherited',406),(3292,'Inherited','Inherited',407),(3293,'Inherited','Inherited',407),(3294,'Inherited','Inherited',407),(3295,'Inherited','Inherited',407),(3296,'Inherited','Inherited',407),(3297,'Inherited','Inherited',407),(3298,'Inherited','Inherited',407),(3299,'Inherited','Inherited',407),(3300,'Inherited','Inherited',407),(3301,'Inherited','Inherited',407),(3302,'Inherited','Inherited',407),(3303,'Inherited','Inherited',407),(3304,'Inherited','Inherited',407),(3305,'Inherited','Inherited',407),(3306,'Inherited','Inherited',407),(3307,'Inherited','Inherited',407),(3308,'Inherited','Inherited',407),(3309,'Inherited','Inherited',407),(3310,'Inherited','Inherited',408);
insert into  dyextn_tagged_value  ( IDENTIFIER , T_KEY , T_VALUE , ABSTRACT_METADATA_ID ) values (3311,'Inherited','Inherited',408),(3312,'Inherited','Inherited',408),(3313,'Inherited','Inherited',408),(3314,'Inherited','Inherited',408),(3315,'Inherited','Inherited',408),(3316,'Inherited','Inherited',408),(3317,'Inherited','Inherited',408),(3318,'Inherited','Inherited',408),(3319,'Inherited','Inherited',408),(3320,'Inherited','Inherited',408),(3321,'Inherited','Inherited',408),(3322,'Inherited','Inherited',408),(3323,'Inherited','Inherited',408),(3324,'Inherited','Inherited',408),(3325,'Inherited','Inherited',408),(3326,'Inherited','Inherited',408),(3327,'Inherited','Inherited',408),(3328,'DEFAULT_CONDITION','In!=!RULES_OPT_OUT',415),(3329,'DEFAULT_CONDITION','In!=!A',416),(3332,'VI_HIDDEN','VI_HIDDEN',426),(3333,'Inherited','Inherited',426),(3334,'Inherited','Inherited',426),(3335,'Inherited','Inherited',426),(3336,'Inherited','Inherited',426),(3337,'Inherited','Inherited',426),(3338,'Inherited','Inherited',426),(3339,'Inherited','Inherited',426),(3340,'Inherited','Inherited',426),(3341,'Inherited','Inherited',426),(3342,'Inherited','Inherited',426),(3343,'Inherited','Inherited',426),(3344,'Inherited','Inherited',426),(3345,'Inherited','Inherited',426),(3346,'Inherited','Inherited',426);
insert into  dyextn_tagged_value  ( IDENTIFIER , T_KEY , T_VALUE , ABSTRACT_METADATA_ID ) values (3347,'Inherited','Inherited',426),(3348,'Inherited','Inherited',427),(3349,'Inherited','Inherited',427),(3350,'Inherited','Inherited',427),(3351,'Inherited','Inherited',427),(3352,'Inherited','Inherited',427),(3353,'Inherited','Inherited',427),(3354,'Inherited','Inherited',427),(3355,'Inherited','Inherited',427),(3356,'Inherited','Inherited',427),(3357,'Inherited','Inherited',427),(3358,'Inherited','Inherited',427),(3359,'Inherited','Inherited',427),(3360,'Inherited','Inherited',427),(3361,'Inherited','Inherited',427),(3362,'Inherited','Inherited',427),(3363,'Inherited','Inherited',428),(3364,'Inherited','Inherited',428),(3365,'Inherited','Inherited',428),(3366,'Inherited','Inherited',428),(3367,'Inherited','Inherited',428),(3368,'Inherited','Inherited',428),(3369,'Inherited','Inherited',428),(3370,'Inherited','Inherited',428),(3371,'Inherited','Inherited',428),(3372,'Inherited','Inherited',428),(3373,'Inherited','Inherited',428),(3374,'Inherited','Inherited',428),(3375,'Inherited','Inherited',428),(3376,'Inherited','Inherited',428),(3377,'Inherited','Inherited',428),(3380,'VI_HIDDEN','VI_HIDDEN',430),(3381,'Inherited','Inherited',430),(3382,'Inherited','Inherited',431),(3383,'Inherited','Inherited',432);
insert into  dyextn_tagged_value  ( IDENTIFIER , T_KEY , T_VALUE , ABSTRACT_METADATA_ID ) values (3384,'NOT_SEARCHABLE','NOT_SEARCHABLE',433);
insert into  dyextn_tagged_value  ( IDENTIFIER , T_KEY , T_VALUE , ABSTRACT_METADATA_ID ) values (3385,'VI_IGNORE_PREDICATE','VI_IGNORE_PREDICATE',9);
insert into  dyextn_tagged_value  ( IDENTIFIER , T_KEY , T_VALUE , ABSTRACT_METADATA_ID ) values (3386,'NOT_VIEWABLE','NOT_VIEWABLE',8);
insert into  dyextn_tagged_value  ( IDENTIFIER , T_KEY , T_VALUE , ABSTRACT_METADATA_ID ) values (3387,'NOT_SEARCHABLE','NOT_SEARCHABLE',8);
insert into  dyextn_tagged_value  ( IDENTIFIER , T_KEY , T_VALUE , ABSTRACT_METADATA_ID ) values (3388,'NOT_SEARCHABLE','NOT_SEARCHABLE',419);
insert into  dyextn_tagged_value  ( IDENTIFIER , T_KEY , T_VALUE , ABSTRACT_METADATA_ID ) values (3389,'NOT_VIEWABLE','NOT_VIEWABLE',401);
insert into  dyextn_tagged_value  ( IDENTIFIER , T_KEY , T_VALUE , ABSTRACT_METADATA_ID ) values (3390,'NOT_SEARCHABLE','NOT_SEARCHABLE',401);
insert into  dyextn_tagged_value  ( IDENTIFIER , T_KEY , T_VALUE , ABSTRACT_METADATA_ID ) values (3391,'NOT_VIEWABLE','NOT_VIEWABLE',366);
insert into  dyextn_tagged_value  ( IDENTIFIER , T_KEY , T_VALUE , ABSTRACT_METADATA_ID ) values (3392,'NOT_SEARCHABLE','NOT_SEARCHABLE',366);
insert into  dyextn_tagged_value  ( IDENTIFIER , T_KEY , T_VALUE , ABSTRACT_METADATA_ID ) values (3393,'NOT_VIEWABLE','NOT_VIEWABLE',367);
insert into  dyextn_tagged_value  ( IDENTIFIER , T_KEY , T_VALUE , ABSTRACT_METADATA_ID ) values (3394,'NOT_SEARCHABLE','NOT_SEARCHABLE',367);
insert into  dyextn_tagged_value  ( IDENTIFIER , T_KEY , T_VALUE , ABSTRACT_METADATA_ID ) values (3395,'NOT_VIEWABLE','NOT_VIEWABLE',279);
insert into  dyextn_tagged_value  ( IDENTIFIER , T_KEY , T_VALUE , ABSTRACT_METADATA_ID ) values (3396,'NOT_SEARCHABLE','NOT_SEARCHABLE',279);
insert into  dyextn_tagged_value  ( IDENTIFIER , T_KEY , T_VALUE , ABSTRACT_METADATA_ID ) values (3397,'NOT_VIEWABLE','NOT_VIEWABLE',412);
insert into  dyextn_tagged_value  ( IDENTIFIER , T_KEY , T_VALUE , ABSTRACT_METADATA_ID ) values (3398,'NOT_SEARCHABLE','NOT_SEARCHABLE',412);
insert into  dyextn_tagged_value  ( IDENTIFIER , T_KEY , T_VALUE , ABSTRACT_METADATA_ID ) values (3399,'NOT_SEARCHABLE','NOT_SEARCHABLE',108);
insert into  dyextn_tagged_value  ( IDENTIFIER , T_KEY , T_VALUE , ABSTRACT_METADATA_ID ) values (3400,'NOT_VIEWABLE','NOT_VIEWABLE',311);
insert into  dyextn_tagged_value  ( IDENTIFIER , T_KEY , T_VALUE , ABSTRACT_METADATA_ID ) values (3401,'NOT_SEARCHABLE','NOT_SEARCHABLE',311);
insert into  dyextn_tagged_value  ( IDENTIFIER , T_KEY , T_VALUE , ABSTRACT_METADATA_ID ) values (3402,'NOT_VIEWABLE','NOT_VIEWABLE',312);
insert into  dyextn_tagged_value  ( IDENTIFIER , T_KEY , T_VALUE , ABSTRACT_METADATA_ID ) values (3403,'NOT_SEARCHABLE','NOT_SEARCHABLE',312);
insert into  dyextn_tagged_value  ( IDENTIFIER , T_KEY , T_VALUE , ABSTRACT_METADATA_ID ) values (3404,'NOT_SEARCHABLE','NOT_SEARCHABLE',239);
insert into  dyextn_tagged_value  ( IDENTIFIER , T_KEY , T_VALUE , ABSTRACT_METADATA_ID ) values (3405,'NOT_VIEWABLE','NOT_VIEWABLE',220);
insert into  dyextn_tagged_value  ( IDENTIFIER , T_KEY , T_VALUE , ABSTRACT_METADATA_ID ) values (3406,'NOT_SEARCHABLE','NOT_SEARCHABLE',220);
insert into  dyextn_tagged_value  ( IDENTIFIER , T_KEY , T_VALUE , ABSTRACT_METADATA_ID ) values (3407,'NOT_VIEWABLE','NOT_VIEWABLE',221);
insert into  dyextn_tagged_value  ( IDENTIFIER , T_KEY , T_VALUE , ABSTRACT_METADATA_ID ) values (3408,'NOT_SEARCHABLE','NOT_SEARCHABLE',221);
insert into  dyextn_tagged_value  ( IDENTIFIER , T_KEY , T_VALUE , ABSTRACT_METADATA_ID ) values (3409,'NOT_VIEWABLE','NOT_VIEWABLE',416);
insert into  dyextn_tagged_value  ( IDENTIFIER , T_KEY , T_VALUE , ABSTRACT_METADATA_ID ) values (3410,'NOT_SEARCHABLE','NOT_SEARCHABLE',416);
insert into  dyextn_tagged_value  ( IDENTIFIER , T_KEY , T_VALUE , ABSTRACT_METADATA_ID ) values (3411,'NOT_VIEWABLE','NOT_VIEWABLE',415);
insert into  dyextn_tagged_value  ( IDENTIFIER , T_KEY , T_VALUE , ABSTRACT_METADATA_ID ) values (3412,'NOT_SEARCHABLE','NOT_SEARCHABLE',415);
insert into  dyextn_tagged_value  ( IDENTIFIER , T_KEY , T_VALUE , ABSTRACT_METADATA_ID ) values (3413,'PV_FILTER','99601^%,99602^%',196);
insert into  dyextn_tagged_value  ( IDENTIFIER , T_KEY , T_VALUE , ABSTRACT_METADATA_ID ) values (3414,'PV_VIEW','MED_LOOKUP_VIEW',196);
insert into  dyextn_tagged_value  ( IDENTIFIER , T_KEY , T_VALUE , ABSTRACT_METADATA_ID ) values (3415,'DEFAULT_CONDITION','DEFAULT_CONDITION',362);
insert into  dyextn_tagged_value  ( IDENTIFIER , T_KEY , T_VALUE , ABSTRACT_METADATA_ID ) values (3416,'DEFAULT_CONDITION','DEFAULT_CONDITION',132);
insert into  dyextn_tagged_value  ( IDENTIFIER , T_KEY , T_VALUE , ABSTRACT_METADATA_ID ) values (3417,'DEFAULT_CONDITION','DEFAULT_CONDITION',33);
insert into  dyextn_tagged_value  ( IDENTIFIER , T_KEY , T_VALUE , ABSTRACT_METADATA_ID ) values (3418,'DEFAULT_CONDITION','Greater than or Equal to!=!CURRENT_DATE',366);
insert into  dyextn_tagged_value  ( IDENTIFIER , T_KEY , T_VALUE , ABSTRACT_METADATA_ID ) values (3419,'DEFAULT_CONDITION','Less than or Equal to!=!CURRENT_DATE',367);
insert into  dyextn_tagged_value  ( IDENTIFIER , T_KEY , T_VALUE , ABSTRACT_METADATA_ID ) values (3420,'DEFAULT_CONDITION','Less than or Equal to!=!CURRENT_DATE',220);
insert into  dyextn_tagged_value  ( IDENTIFIER , T_KEY , T_VALUE , ABSTRACT_METADATA_ID ) values (3421,'DEFAULT_CONDITION','Greater than or Equal to!=!CURRENT_DATE',221);
insert into  dyextn_tagged_value  ( IDENTIFIER , T_KEY , T_VALUE , ABSTRACT_METADATA_ID ) values (3422,'DEFAULT_CONDITION','Less than or Equal to!=!CURRENT_DATE',82);
insert into  dyextn_tagged_value  ( IDENTIFIER , T_KEY , T_VALUE , ABSTRACT_METADATA_ID ) values (3423,'DEFAULT_CONDITION','Greater than or Equal to!=!CURRENT_DATE',83);
insert into  dyextn_tagged_value  ( IDENTIFIER , T_KEY , T_VALUE , ABSTRACT_METADATA_ID ) values (3424,'DEFAULT_CONDITION','DEFAULT_CONDITION',115);
insert into  dyextn_tagged_value  ( IDENTIFIER , T_KEY , T_VALUE , ABSTRACT_METADATA_ID ) values (3425,'DEFAULT_CONDITION','In!=!FACILITY_ID',116);
/*Data for the table  dyextn_textarea  */

/*Data for the table  dyextn_textfield  */

insert into  dyextn_textfield  ( IDENTIFIER , NO_OF_COLUMNS , IS_PASSWORD , IS_URL ) values (1,10,NULL,NULL),(2,20,0,0),(3,20,0,0),(4,20,0,0),(5,20,0,0),(6,10,NULL,NULL),(7,20,0,0),(8,20,0,0),(9,10,NULL,NULL),(10,20,0,0),(11,20,0,0),(12,20,0,0),(13,20,0,0),(14,10,NULL,NULL),(15,20,0,0),(16,20,0,0),(17,10,NULL,NULL),(18,20,0,0),(19,20,0,0),(20,10,NULL,NULL),(21,20,0,0),(22,20,0,0),(23,10,NULL,NULL),(24,20,0,0),(25,20,0,0),(26,10,NULL,NULL),(29,10,NULL,NULL),(30,10,NULL,NULL),(31,20,0,0),(34,20,0,0),(35,20,0,0),(36,10,NULL,NULL),(37,20,0,0),(38,20,0,0),(39,10,NULL,NULL),(40,20,0,0),(41,20,0,0),(42,10,NULL,NULL),(43,20,0,0),(44,20,0,0),(45,10,NULL,NULL),(46,20,0,0),(51,20,0,0),(52,20,0,0),(53,10,NULL,NULL),(55,10,NULL,NULL),(61,20,0,0),(62,20,0,0),(63,20,0,0),(64,20,0,0),(65,20,0,0),(66,20,0,0),(67,20,0,0),(68,20,0,0),(69,20,0,0),(70,20,0,0),(71,20,0,0),(72,20,0,0),(74,20,0,0),(75,20,0,0),(76,10,NULL,NULL),(78,20,0,0),(79,20,0,0),(80,20,0,0),(81,20,0,0),(82,20,0,0),(83,20,0,0),(84,10,NULL,NULL),(86,20,0,0),(87,20,0,0),(88,10,NULL,NULL),(95,20,0,0),(96,20,0,0),(97,10,NULL,NULL),(99,20,0,0),(100,20,0,0),(101,10,NULL,NULL),(110,20,0,0),(111,20,0,0),(112,20,0,0),(117,20,0,0),(118,20,0,0),(119,10,NULL,NULL),(120,20,0,0),(121,20,0,0),(122,20,0,0),(123,20,0,0),(124,20,0,0),(125,10,NULL,NULL),(126,20,0,0),(127,20,0,0),(128,10,NULL,NULL),(129,20,0,0),(130,20,0,0),(131,10,NULL,NULL),(132,20,0,0),(133,20,0,0),(134,10,NULL,NULL),(135,20,0,0),(136,20,0,0),(137,10,NULL,NULL),(138,20,0,0),(139,20,0,0),(140,20,0,0),(141,10,NULL,NULL),(171,20,0,0),(176,10,NULL,NULL),(178,20,0,0),(182,20,0,0),(183,20,0,0),(184,10,NULL,NULL),(185,20,0,0),(186,20,0,0),(187,10,NULL,NULL),(188,20,0,0);
insert into  dyextn_textfield  ( IDENTIFIER , NO_OF_COLUMNS , IS_PASSWORD , IS_URL ) values (189,20,0,0),(190,10,NULL,NULL),(191,20,0,0),(192,20,0,0),(193,10,NULL,NULL),(194,20,0,0),(195,20,0,0),(196,10,NULL,NULL),(200,20,0,0),(202,20,0,0),(203,20,0,0),(205,20,0,0),(206,20,0,0),(207,10,NULL,NULL),(208,20,0,0),(209,10,NULL,NULL),(214,20,0,0),(215,20,0,0),(216,10,NULL,NULL),(217,20,0,0),(218,20,0,0),(219,10,NULL,NULL),(220,20,0,0),(221,20,0,0),(222,10,NULL,NULL),(223,20,0,0),(224,20,0,0),(225,10,NULL,NULL),(226,20,0,0),(227,20,0,0),(228,10,NULL,NULL),(233,20,0,0),(234,20,0,0),(235,20,0,0),(236,20,0,0),(237,20,0,0),(240,20,0,0),(241,20,0,0),(242,20,0,0),(243,10,NULL,NULL),(244,20,0,0),(245,20,0,0),(246,10,NULL,NULL),(247,20,0,0),(248,20,0,0),(249,20,0,0),(256,10,NULL,NULL),(261,20,0,0),(268,20,0,0),(269,20,0,0),(270,10,NULL,NULL),(271,20,0,0),(273,20,0,0),(278,20,0,0),(279,20,0,0),(280,20,0,0),(281,10,NULL,NULL),(282,20,0,0),(283,20,0,0),(285,20,0,0),(286,20,0,0),(287,10,NULL,NULL),(288,20,0,0),(289,10,NULL,NULL),(290,10,NULL,NULL),(297,20,0,0),(298,20,0,0),(299,10,NULL,NULL),(300,20,0,0),(301,20,0,0),(302,10,NULL,NULL),(303,20,0,0),(304,20,0,0),(305,10,NULL,NULL),(306,20,0,0),(307,20,0,0),(308,20,0,0),(317,10,NULL,NULL),(318,10,NULL,NULL),(319,20,0,0),(320,20,0,0),(322,10,NULL,NULL),(325,10,NULL,NULL),(330,20,0,0),(333,20,0,0),(334,10,NULL,NULL),(335,10,NULL,NULL),(336,20,0,0),(337,10,NULL,NULL),(342,20,0,0),(343,20,0,0),(344,10,NULL,NULL),(345,10,NULL,NULL),(346,10,NULL,NULL),(347,20,0,0),(348,20,0,0),(349,20,0,0),(350,10,NULL,NULL),(351,20,0,0),(352,20,0,0),(353,10,NULL,NULL);

/*Data for the table  dyextn_userdef_de_value_rel  */

/*Data for the table  dyextn_userdefined_de  */

/*Data for the table  dyextn_view  */

/*Data for the table  id_table  */

insert into  id_table  ( NEXT_ASSOCIATION_ID ) values (1);

/*Data for the table  inter_model_association  */

/*Data for the table  intra_model_association  */

insert into  intra_model_association  ( ASSOCIATION_ID , DE_ASSOCIATION_ID ) values (1,341),(2,336),(3,331),(4,319),(5,414),(6,411),(7,410),(8,409),(9,404),(10,400),(11,394),(12,389),(13,388),(14,383),(15,382),(16,375),(17,373),(18,371),(19,277),(20,363),(21,361),(22,360),(23,359),(24,352),(25,351),(26,346),(27,325),(28,321),(29,318),(30,316),(31,308),(32,303),(33,298),(34,293),(35,288),(36,282),(37,281),(38,280),(39,275),(40,274),(41,269),(42,264),(43,259),(44,254),(45,251),(46,249),(47,244),(48,212),(49,210),(50,207),(51,205),(52,200),(53,195),(54,417),(55,129),(56,125),(57,120),(58,114),(59,113),(60,112),(61,107),(62,102),(63,97),(64,92),(65,90),(66,71),(67,66),(68,62),(69,57),(70,52),(71,47),(72,42),(73,35),(74,29),(75,24),(76,15),(77,34),(78,193),(79,187),(80,181),(81,179),(82,178),(83,173),(84,161),(85,160),(86,154),(87,149),(88,144),(89,139),(90,134),(91,133),(92,233),(93,238);

/*Data for the table  path  */

insert into  path  ( PATH_ID , FIRST_ENTITY_ID , INTERMEDIATE_PATH , LAST_ENTITY_ID ) values (1,326,'1',337),(2,326,'2',332),(3,326,'3',327),(4,317,'4',30),(5,30,'5',353),(6,353,'6',362),(7,362,'7',115),(8,362,'8',405),(9,362,'9',374),(10,374,'10',395),(11,374,'11',390),(12,374,'12',376),(13,376,'13',377),(14,377,'14',37),(15,377,'15',378),(16,374,'16',67),(17,362,'17',6),(18,362,'18',276),(19,276,'19',115),(20,362,'20',67),(21,353,'21',108),(22,353,'22',115),(23,353,'23',355),(24,30,'24',283),(25,283,'25',347),(26,283,'26',326),(27,283,'27',322),(28,283,'28',317),(29,317,'29',156),(30,283,'30',16),(31,283,'31',304),(32,283,'32',299),(33,283,'33',294),(34,283,'34',289),(35,283,'35',284),(36,30,'36',130),(37,130,'37',115),(38,130,'38',276),(39,130,'39',132),(40,132,'40',270),(41,132,'41',265),(42,132,'42',260),(43,132,'43',255),(44,132,'44',239),(45,239,'45',6),(46,239,'46',245),(47,239,'47',240),(48,132,'48',6),(49,132,'49',194),(50,194,'50',6),(51,194,'51',201),(52,194,'52',196),(53,194,'53',14),(54,14,'54',30),(55,30,'55',32),(56,32,'56',121),(57,32,'57',115),(58,32,'58',108),(59,32,'59',33),(60,33,'60',108),(61,33,'61',103),(62,33,'62',98),(63,33,'63',93),(64,33,'64',37),(65,33,'65',16),(66,33,'66',67),(67,33,'67',36),(68,36,'68',58),(69,36,'69',53),(70,36,'70',48),(71,36,'71',43),(72,36,'72',37),(73,33,'73',14),(74,14,'74',25),(75,14,'75',16),(76,14,'76',6),(77,33,'77',10),(78,132,'78',188),(79,132,'79',180),(80,180,'80',16),(81,132,'81',155),(82,155,'82',174),(83,155,'83',16),(84,155,'84',6);
insert into  path  ( PATH_ID , FIRST_ENTITY_ID , INTERMEDIATE_PATH , LAST_ENTITY_ID ) values (85,155,'85',156),(86,132,'86',150),(87,132,'87',145),(88,132,'88',140),(89,132,'89',135),(90,132,'90',14),(91,132,'91',2),(92,132,'92',229),(93,132,'93',234);


/*ends*/
alter table DE_COLL_ATTR_RECORD_VALUES add constraint FK847DA57775255CA5 foreign key (COLLECTION_ATTR_RECORD_ID) references DYEXTN_ATTRIBUTE_RECORD;
alter table DE_FILE_ATTR_RECORD_VALUES add constraint FKE68334E74EB991B2 foreign key (RECORD_ID) references DYEXTN_ATTRIBUTE_RECORD;
alter table DE_OBJECT_ATTR_RECORD_VALUES add constraint FK504EADC44EB991B2 foreign key (RECORD_ID) references DYEXTN_ATTRIBUTE_RECORD;
alter table DYEXTN_ABSTRACT_ENTITY add constraint FKA4A164E3D3027A30 foreign key (id) references DYEXTN_ABSTRACT_METADATA;
alter table DYEXTN_ABSTR_CONTAIN_CTR add constraint FK9EB9020A40F198C2 foreign key (IDENTIFIER) references DYEXTN_CONTROL;
alter table DYEXTN_ABSTR_CONTAIN_CTR add constraint FK9EB9020A69935DD6 foreign key (CONTAINER_ID) references DYEXTN_CONTAINER;
alter table DYEXTN_ASSOCIATION add constraint FK1046842439780F7A foreign key (SOURCE_ROLE_ID) references DYEXTN_ROLE;
alter table DYEXTN_ASSOCIATION add constraint FK104684242BD842F0 foreign key (TARGET_ROLE_ID) references DYEXTN_ROLE;
alter table DYEXTN_ASSOCIATION add constraint FK1046842440738A50 foreign key (TARGET_ENTITY_ID) references DYEXTN_ENTITY;
alter table DYEXTN_ASSOCIATION add constraint FK104684246D19A21F foreign key (IDENTIFIER) references DYEXTN_ATTRIBUTE;
alter table DYEXTN_ASSO_DISPLAY_ATTR add constraint FKD12FD3827FD29CDD foreign key (SELECT_CONTROL_ID) references DYEXTN_SELECT_CONTROL;
alter table DYEXTN_ASSO_DISPLAY_ATTR add constraint FKD12FD38235D6E973 foreign key (DISPLAY_ATTRIBUTE_ID) references DYEXTN_PRIMITIVE_ATTRIBUTE;
alter table DYEXTN_ATTRIBUTE add constraint FK37F1E2FFF99EA906 foreign key (ENTIY_ID) references DYEXTN_ENTITY;
alter table DYEXTN_ATTRIBUTE add constraint FK37F1E2FF5CC8694E foreign key (IDENTIFIER) references DYEXTN_BASE_ABSTRACT_ATTRIBUTE;
alter table DYEXTN_ATTRIBUTE_RECORD add constraint FK9B20ED914AC41F7E foreign key (ENTITY_ID) references DYEXTN_ENTITY;
alter table DYEXTN_ATTRIBUTE_RECORD add constraint FK9B20ED914DC2CD16 foreign key (ATTRIBUTE_ID) references DYEXTN_PRIMITIVE_ATTRIBUTE;
alter table DYEXTN_ATTRIBUTE_TYPE_INFO add constraint FK62596D531333996E foreign key (PRIMITIVE_ATTRIBUTE_ID) references DYEXTN_PRIMITIVE_ATTRIBUTE;
alter table DYEXTN_BARR_CONCEPT_VALUE add constraint FK89D27DF74641D513 foreign key (IDENTIFIER) references DYEXTN_PERMISSIBLE_VALUE;
alter table DYEXTN_BASE_ABSTRACT_ATTRIBUTE add constraint FK14BA6610728B19BE foreign key (IDENTIFIER) references DYEXTN_ABSTRACT_METADATA;
alter table DYEXTN_BOOLEAN_CONCEPT_VALUE add constraint FK57B6C4A64641D513 foreign key (IDENTIFIER) references DYEXTN_PERMISSIBLE_VALUE;
alter table DYEXTN_BOOLEAN_TYPE_INFO add constraint FK28F1809FE5294FA3 foreign key (IDENTIFIER) references DYEXTN_ATTRIBUTE_TYPE_INFO;
alter table DYEXTN_BYTE_ARRAY_TYPE_INFO add constraint FK18BDA73E5294FA3 foreign key (IDENTIFIER) references DYEXTN_ATTRIBUTE_TYPE_INFO;
alter table DYEXTN_CADSRDE add constraint FK588A250953CC4A77 foreign key (IDENTIFIER) references DYEXTN_DATA_ELEMENT;
alter table DYEXTN_CADSR_VALUE_DOMAIN_INFO add constraint FK1C9AA3641333996E foreign key (PRIMITIVE_ATTRIBUTE_ID) references DYEXTN_PRIMITIVE_ATTRIBUTE;
alter table DYEXTN_CATEGORY add constraint FKD33DE81B54A9F59D foreign key (ROOT_CATEGORY_ELEMENT) references DYEXTN_CATEGORY_ENTITY;
alter table DYEXTN_CATEGORY add constraint FKD33DE81B728B19BE foreign key (IDENTIFIER) references DYEXTN_ABSTRACT_METADATA;
alter table DYEXTN_CATEGORY add constraint FKD33DE81B854AC01B foreign key (CATEGORY_ENTITY_ID) references DYEXTN_CATEGORY_ENTITY;
alter table DYEXTN_CATEGORY_ASSOCIATION add constraint FK1B7C663DCAC769C5 foreign key (CATEGORY_ENTIY_ID) references DYEXTN_CATEGORY_ENTITY;
alter table DYEXTN_CATEGORY_ASSOCIATION add constraint FK1B7C663D5CC8694E foreign key (IDENTIFIER) references DYEXTN_BASE_ABSTRACT_ATTRIBUTE;
alter table DYEXTN_CATEGORY_ASSOCIATION add constraint FK1B7C663D854AC01B foreign key (CATEGORY_ENTITY_ID) references DYEXTN_CATEGORY_ENTITY;
alter table DYEXTN_CATEGORY_ATTRIBUTE add constraint FKEF3B7758CAC769C5 foreign key (CATEGORY_ENTIY_ID) references DYEXTN_CATEGORY_ENTITY;
alter table DYEXTN_CATEGORY_ATTRIBUTE add constraint FKEF3B77587769A811 foreign key (ABSTRACT_ATTRIBUTE_ID) references DYEXTN_ATTRIBUTE;
alter table DYEXTN_CATEGORY_ATTRIBUTE add constraint FKEF3B77585CC8694E foreign key (IDENTIFIER) references DYEXTN_BASE_ABSTRACT_ATTRIBUTE;
alter table DYEXTN_CATEGORY_ATTRIBUTE add constraint FKEF3B7758854AC01B foreign key (CATEGORY_ENTITY_ID) references DYEXTN_CATEGORY_ENTITY;
alter table DYEXTN_CATEGORY_ENTITY add constraint FK9F2DA887FB6EB979 foreign key (CATEGORY_ASSOCIATION_ID) references DYEXTN_CATEGORY_ASSOCIATION;
alter table DYEXTN_CATEGORY_ENTITY add constraint FK9F2DA887D06EE657 foreign key (OWN_PARENT_CATEGORY_ENTITY_ID) references DYEXTN_CATEGORY_ENTITY;
alter table DYEXTN_CATEGORY_ENTITY add constraint FK9F2DA887A52559D0 foreign key (PARENT_CATEGORY_ENTITY_ID) references DYEXTN_CATEGORY_ENTITY;
alter table DYEXTN_CATEGORY_ENTITY add constraint FK9F2DA887743AC3F2 foreign key (IDENTIFIER) references DYEXTN_ABSTRACT_ENTITY;
alter table DYEXTN_CATEGORY_ENTITY add constraint FK9F2DA8874AC41F7E foreign key (ENTITY_ID) references DYEXTN_ENTITY;
alter table DYEXTN_CATEGORY_ENTITY add constraint FK9F2DA887F5A32608 foreign key (REL_ATTR_CAT_ENTITY_ID) references DYEXTN_CATEGORY;
alter table DYEXTN_CATEGORY_ENTITY add constraint FK9F2DA887A8103C6F foreign key (TREE_PARENT_CATEGORY_ENTITY_ID) references DYEXTN_CATEGORY_ENTITY;
alter table DYEXTN_CAT_ASSO_CTL add constraint FK281FAB50C45A8CFA foreign key (IDENTIFIER) references DYEXTN_ABSTR_CONTAIN_CTR;
alter table DYEXTN_CHECK_BOX add constraint FK4EFF925740F198C2 foreign key (IDENTIFIER) references DYEXTN_CONTROL;
alter table DYEXTN_COLUMN_PROPERTIES add constraint FK8FCE2B3F67F8B59 foreign key (CATEGORY_ATTRIBUTE_ID) references DYEXTN_CATEGORY_ATTRIBUTE;
alter table DYEXTN_COLUMN_PROPERTIES add constraint FK8FCE2B3F4953F037 foreign key (CNSTR_KEY_PROP_ID) references DYEXTN_CONSTRAINTKEY_PROP;
alter table DYEXTN_COLUMN_PROPERTIES add constraint FK8FCE2B3F3AB6A1D3 foreign key (IDENTIFIER) references DYEXTN_DATABASE_PROPERTIES;
alter table DYEXTN_COLUMN_PROPERTIES add constraint FK8FCE2B3F1333996E foreign key (PRIMITIVE_ATTRIBUTE_ID) references DYEXTN_PRIMITIVE_ATTRIBUTE;
alter table DYEXTN_COMBOBOX add constraint FKABBC649ABF67AB26 foreign key (IDENTIFIER) references DYEXTN_SELECT_CONTROL;
alter table DYEXTN_CONSTRAINTKEY_PROP add constraint FK80C9511D6B558E0E foreign key (SRC_CONSTRAINT_KEY_ID) references DYEXTN_CONSTRAINT_PROPERTIES;
alter table DYEXTN_CONSTRAINTKEY_PROP add constraint FK80C9511D2C4ACB4B foreign key (TGT_CONSTRAINT_KEY_ID) references DYEXTN_CONSTRAINT_PROPERTIES;
alter table DYEXTN_CONSTRAINTKEY_PROP add constraint FK80C9511DF3077C33 foreign key (PRIMARY_ATTRIBUTE_ID) references DYEXTN_PRIMITIVE_ATTRIBUTE;
alter table DYEXTN_CONSTRAINT_PROPERTIES add constraint FK82886CD8FB6EB979 foreign key (CATEGORY_ASSOCIATION_ID) references DYEXTN_CATEGORY_ASSOCIATION;
alter table DYEXTN_CONSTRAINT_PROPERTIES add constraint FK82886CD87EE87FF6 foreign key (ASSOCIATION_ID) references DYEXTN_ASSOCIATION;
alter table DYEXTN_CONSTRAINT_PROPERTIES add constraint FK82886CD83AB6A1D3 foreign key (IDENTIFIER) references DYEXTN_DATABASE_PROPERTIES;
alter table DYEXTN_CONSTRAINT_PROPERTIES add constraint FK82886CD81DCC9E63 foreign key (ABSTRACT_ENTITY_ID) references DYEXTN_ABSTRACT_ENTITY;
alter table DYEXTN_CONTAINER add constraint FK1EAB84E488C075EF foreign key (ENTITY_GROUP_ID) references DYEXTN_ENTITY_GROUP;
alter table DYEXTN_CONTAINER add constraint FK1EAB84E4BF901C84 foreign key (BASE_CONTAINER_ID) references DYEXTN_CONTAINER;
alter table DYEXTN_CONTAINER add constraint FK1EAB84E41DCC9E63 foreign key (ABSTRACT_ENTITY_ID) references DYEXTN_ABSTRACT_ENTITY;
alter table DYEXTN_CONTAINER add constraint FK1EAB84E4178865E foreign key (VIEW_ID) references DYEXTN_VIEW;
alter table DYEXTN_CONTAINMENT_CONTROL add constraint FK3F9D4AD3C45A8CFA foreign key (IDENTIFIER) references DYEXTN_ABSTR_CONTAIN_CTR;
alter table DYEXTN_CONTROL add constraint FK70FB5E807792A78F foreign key (BASE_ABST_ATR_ID) references DYEXTN_BASE_ABSTRACT_ATTRIBUTE;
alter table DYEXTN_CONTROL add constraint FK70FB5E8069935DD6 foreign key (CONTAINER_ID) references DYEXTN_CONTAINER;
alter table DYEXTN_DATA_ELEMENT add constraint FKB1153E4AA208204 foreign key (ATTRIBUTE_TYPE_INFO_ID) references DYEXTN_ATTRIBUTE_TYPE_INFO;
alter table DYEXTN_DATA_ELEMENT add constraint FKB1153E467F8B59 foreign key (CATEGORY_ATTRIBUTE_ID) references DYEXTN_CATEGORY_ATTRIBUTE;
alter table DYEXTN_DATA_GRID add constraint FK233EB73E40F198C2 foreign key (IDENTIFIER) references DYEXTN_CONTROL;
alter table DYEXTN_DATEPICKER add constraint FKFEADD19940F198C2 foreign key (IDENTIFIER) references DYEXTN_CONTROL;
alter table DYEXTN_DATE_CONCEPT_VALUE add constraint FK45F598A64641D513 foreign key (IDENTIFIER) references DYEXTN_PERMISSIBLE_VALUE;
alter table DYEXTN_DATE_TYPE_INFO add constraint FKFBA549FE5294FA3 foreign key (IDENTIFIER) references DYEXTN_ATTRIBUTE_TYPE_INFO;
alter table DYEXTN_DOUBLE_CONCEPT_VALUE add constraint FKB94E64494641D513 foreign key (IDENTIFIER) references DYEXTN_PERMISSIBLE_VALUE;
alter table DYEXTN_DOUBLE_TYPE_INFO add constraint FKC83869C2BA4AE008 foreign key (IDENTIFIER) references DYEXTN_NUMERIC_TYPE_INFO;
alter table DYEXTN_ENTITY add constraint FK8B24364088C075EF foreign key (ENTITY_GROUP_ID) references DYEXTN_ENTITY_GROUP;
alter table DYEXTN_ENTITY add constraint FK8B2436402264D629 foreign key (PARENT_ENTITY_ID) references DYEXTN_ENTITY;
alter table DYEXTN_ENTITY add constraint FK8B243640743AC3F2 foreign key (IDENTIFIER) references DYEXTN_ABSTRACT_ENTITY;
alter table DYEXTN_ENTITY_GROUP add constraint FK105DE7A0728B19BE foreign key (IDENTIFIER) references DYEXTN_ABSTRACT_METADATA;
alter table DYEXTN_ENTITY_MAP_CONDNS add constraint FK2A9D6029CFA08B13 foreign key (FORM_CONTEXT_ID) references DYEXTN_FORM_CONTEXT;
alter table DYEXTN_ENTITY_MAP_RECORD add constraint FK43A45013CFA08B13 foreign key (FORM_CONTEXT_ID) references DYEXTN_FORM_CONTEXT;
alter table DYEXTN_FILE_EXTENSIONS add constraint FKD49834FA56AF0834 foreign key (ATTRIBUTE_ID) references DYEXTN_FILE_TYPE_INFO;
alter table DYEXTN_FILE_TYPE_INFO add constraint FKA00F0EDE5294FA3 foreign key (IDENTIFIER) references DYEXTN_ATTRIBUTE_TYPE_INFO;
alter table DYEXTN_FILE_UPLOAD add constraint FK2FAD41E740F198C2 foreign key (IDENTIFIER) references DYEXTN_CONTROL;
alter table DYEXTN_FLOAT_CONCEPT_VALUE add constraint FK6785309A4641D513 foreign key (IDENTIFIER) references DYEXTN_PERMISSIBLE_VALUE;
alter table DYEXTN_FLOAT_TYPE_INFO add constraint FK7E1C0693BA4AE008 foreign key (IDENTIFIER) references DYEXTN_NUMERIC_TYPE_INFO;
alter table DYEXTN_FORM_CONTEXT add constraint FKE56CCDB12B784475 foreign key (ENTITY_MAP_ID) references DYEXTN_ENTITY_MAP;
alter table DYEXTN_INTEGER_CONCEPT_VALUE add constraint FKFBA33B3C4641D513 foreign key (IDENTIFIER) references DYEXTN_PERMISSIBLE_VALUE;
alter table DYEXTN_INTEGER_TYPE_INFO add constraint FK5F9CB235BA4AE008 foreign key (IDENTIFIER) references DYEXTN_NUMERIC_TYPE_INFO;
alter table DYEXTN_LIST_BOX add constraint FK208395A7BF67AB26 foreign key (IDENTIFIER) references DYEXTN_SELECT_CONTROL;
alter table DYEXTN_LONG_CONCEPT_VALUE add constraint FK3E1A6EF44641D513 foreign key (IDENTIFIER) references DYEXTN_PERMISSIBLE_VALUE;
alter table DYEXTN_LONG_TYPE_INFO add constraint FK257281EDBA4AE008 foreign key (IDENTIFIER) references DYEXTN_NUMERIC_TYPE_INFO;
alter table DYEXTN_NUMERIC_TYPE_INFO add constraint FK4DEC9544E5294FA3 foreign key (IDENTIFIER) references DYEXTN_ATTRIBUTE_TYPE_INFO;
alter table DYEXTN_OBJECT_TYPE_INFO add constraint FK74819FB0E5294FA3 foreign key (IDENTIFIER) references DYEXTN_ATTRIBUTE_TYPE_INFO;
alter table DYEXTN_PATH add constraint FKC26ADC2854AC01B foreign key (CATEGORY_ENTITY_ID) references DYEXTN_CATEGORY_ENTITY;
alter table DYEXTN_PATH_ASSO_REL add constraint FK1E1260A580C8F93E foreign key (PATH_ID) references DYEXTN_PATH;
alter table DYEXTN_PATH_ASSO_REL add constraint FK1E1260A57EE87FF6 foreign key (ASSOCIATION_ID) references DYEXTN_ASSOCIATION;
alter table DYEXTN_PERMISSIBLE_VALUE add constraint FK136264E0AA208204 foreign key (ATTRIBUTE_TYPE_INFO_ID) references DYEXTN_ATTRIBUTE_TYPE_INFO;
alter table DYEXTN_PERMISSIBLE_VALUE add constraint FK136264E067F8B59 foreign key (CATEGORY_ATTRIBUTE_ID) references DYEXTN_CATEGORY_ATTRIBUTE;
alter table DYEXTN_PRIMITIVE_ATTRIBUTE add constraint FKA9F765C76D19A21F foreign key (IDENTIFIER) references DYEXTN_ATTRIBUTE;
alter table DYEXTN_RADIOBUTTON add constraint FK16F5BA9040F198C2 foreign key (IDENTIFIER) references DYEXTN_CONTROL;
alter table DYEXTN_RULE add constraint FKC27E099F8DDEC02 foreign key (CATEGORY_ATTR_ID) references DYEXTN_CATEGORY_ATTRIBUTE;
alter table DYEXTN_RULE add constraint FKC27E09990F96714 foreign key (ATTRIBUTE_ID) references DYEXTN_ATTRIBUTE;
alter table DYEXTN_RULE_PARAMETER add constraint FK2256736395D4A5AE foreign key (RULE_ID) references DYEXTN_RULE;
alter table DYEXTN_SELECT_CONTROL add constraint FKDFEBB65740F198C2 foreign key (IDENTIFIER) references DYEXTN_CONTROL;
alter table DYEXTN_SEMANTIC_PROPERTY add constraint FKD2A0B5B15EB60E90 foreign key (ABSTRACT_VALUE_ID) references DYEXTN_PERMISSIBLE_VALUE;
alter table DYEXTN_SEMANTIC_PROPERTY add constraint FKD2A0B5B19AEB0CA3 foreign key (ABSTRACT_METADATA_ID) references DYEXTN_ABSTRACT_METADATA;
alter table DYEXTN_SHORT_CONCEPT_VALUE add constraint FKC1945ABA4641D513 foreign key (IDENTIFIER) references DYEXTN_PERMISSIBLE_VALUE;
alter table DYEXTN_SHORT_TYPE_INFO add constraint FK99540B3BA4AE008 foreign key (IDENTIFIER) references DYEXTN_NUMERIC_TYPE_INFO;
alter table DYEXTN_STRING_CONCEPT_VALUE add constraint FKADE7D8894641D513 foreign key (IDENTIFIER) references DYEXTN_PERMISSIBLE_VALUE;
alter table DYEXTN_STRING_TYPE_INFO add constraint FKDA35FE02E5294FA3 foreign key (IDENTIFIER) references DYEXTN_ATTRIBUTE_TYPE_INFO;
alter table DYEXTN_TABLE_PROPERTIES add constraint FKE608E0813AB6A1D3 foreign key (IDENTIFIER) references DYEXTN_DATABASE_PROPERTIES;
alter table DYEXTN_TABLE_PROPERTIES add constraint FKE608E0811DCC9E63 foreign key (ABSTRACT_ENTITY_ID) references DYEXTN_ABSTRACT_ENTITY;
alter table DYEXTN_TAGGED_VALUE add constraint FKF79D055B9AEB0CA3 foreign key (ABSTRACT_METADATA_ID) references DYEXTN_ABSTRACT_METADATA;
alter table DYEXTN_TEXTAREA add constraint FK946EE25740F198C2 foreign key (IDENTIFIER) references DYEXTN_CONTROL;
alter table DYEXTN_TEXTFIELD add constraint FKF9AFC85040F198C2 foreign key (IDENTIFIER) references DYEXTN_CONTROL;
alter table DYEXTN_USERDEFINED_DE add constraint FK630761FF53CC4A77 foreign key (IDENTIFIER) references DYEXTN_DATA_ELEMENT;
alter table DYEXTN_USERDEF_DE_VALUE_REL add constraint FK3EE58DCF49BDD67 foreign key (PERMISSIBLE_VALUE_ID) references DYEXTN_PERMISSIBLE_VALUE;
alter table DYEXTN_USERDEF_DE_VALUE_REL add constraint FK3EE58DCF5521B106 foreign key (USER_DEF_DE_ID) references DYEXTN_USERDEFINED_DE;
alter table DYEXT_ENTIY_COMPOSITE_KEY_REL add constraint FKD2168AAA4AC41F7E foreign key (ENTITY_ID) references DYEXTN_ENTITY;
alter table DYEXT_ENTIY_COMPOSITE_KEY_REL add constraint FKD2168AAA4DC2CD16 foreign key (ATTRIBUTE_ID) references DYEXTN_PRIMITIVE_ATTRIBUTE;
