create table DE_COLL_ATTR_RECORD_VALUES (IDENTIFIER bigint generated by default as identity, RECORD_VALUE varchar(4000), COLLECTION_ATTR_RECORD_ID bigint, primary key (IDENTIFIER));
create table DE_FILE_ATTR_RECORD_VALUES (IDENTIFIER bigint generated by default as identity, CONTENT_TYPE varchar(255), FILE_CONTENT blob(255), FILE_NAME varchar(255), RECORD_ID bigint, primary key (IDENTIFIER));
create table DE_OBJECT_ATTR_RECORD_VALUES (IDENTIFIER bigint generated by default as identity, CLASS_NAME varchar(255), OBJECT_CONTENT blob(255), RECORD_ID bigint, primary key (IDENTIFIER));
create table DYEXTN_ABSTRACT_ENTITY (id bigint not null, primary key (id));
create table DYEXTN_ABSTRACT_METADATA (IDENTIFIER bigint generated by default as identity, CREATED_DATE date, DESCRIPTION varchar(1000), LAST_UPDATED date, NAME varchar(1000), PUBLIC_ID varchar(255), primary key (IDENTIFIER));
create table DYEXTN_ABSTR_CONTAIN_CTR (IDENTIFIER bigint not null, CONTAINER_ID bigint, primary key (IDENTIFIER));
create table DYEXTN_ASSOCIATION (IDENTIFIER bigint not null, IS_COLLECTION smallint, DIRECTION varchar(255), TARGET_ENTITY_ID bigint, SOURCE_ROLE_ID bigint, TARGET_ROLE_ID bigint, IS_SYSTEM_GENERATED smallint, primary key (IDENTIFIER));
create table DYEXTN_ASSO_DISPLAY_ATTR (IDENTIFIER bigint generated by default as identity, SEQUENCE_NUMBER integer, DISPLAY_ATTRIBUTE_ID bigint, SELECT_CONTROL_ID bigint, primary key (IDENTIFIER));
create table DYEXTN_ATTRIBUTE (IDENTIFIER bigint not null, ENTIY_ID bigint, primary key (IDENTIFIER));
create table DYEXTN_ATTRIBUTE_RECORD (IDENTIFIER bigint generated by default as identity, ENTITY_ID bigint, ATTRIBUTE_ID bigint, RECORD_ID bigint, primary key (IDENTIFIER));
create table DYEXTN_ATTRIBUTE_TYPE_INFO (IDENTIFIER bigint generated by default as identity, PRIMITIVE_ATTRIBUTE_ID bigint, primary key (IDENTIFIER));
create table DYEXTN_BARR_CONCEPT_VALUE (IDENTIFIER bigint not null, primary key (IDENTIFIER));
create table DYEXTN_BASE_ABSTRACT_ATTRIBUTE (IDENTIFIER bigint not null, primary key (IDENTIFIER));
create table DYEXTN_BOOLEAN_CONCEPT_VALUE (IDENTIFIER bigint not null, VALUE smallint, primary key (IDENTIFIER));
create table DYEXTN_BOOLEAN_TYPE_INFO (IDENTIFIER bigint not null, primary key (IDENTIFIER));
create table DYEXTN_BYTE_ARRAY_TYPE_INFO (IDENTIFIER bigint not null, CONTENT_TYPE varchar(255), primary key (IDENTIFIER));
create table DYEXTN_CADSRDE (IDENTIFIER bigint not null, PUBLIC_ID varchar(255), primary key (IDENTIFIER));
create table DYEXTN_CADSR_VALUE_DOMAIN_INFO (IDENTIFIER bigint generated by default as identity, DATATYPE varchar(255), NAME varchar(255), TYPE varchar(255), PRIMITIVE_ATTRIBUTE_ID bigint, primary key (IDENTIFIER));
create table DYEXTN_CATEGORY (IDENTIFIER bigint not null, ROOT_CATEGORY_ELEMENT bigint, CATEGORY_ENTITY_ID bigint, primary key (IDENTIFIER));
create table DYEXTN_CATEGORY_ASSOCIATION (IDENTIFIER bigint not null, CATEGORY_ENTIY_ID bigint, CATEGORY_ENTITY_ID bigint, primary key (IDENTIFIER));
create table DYEXTN_CATEGORY_ATTRIBUTE (IDENTIFIER bigint not null, ABSTRACT_ATTRIBUTE_ID bigint, CATEGORY_ENTIY_ID bigint, IS_VISIBLE smallint, IS_RELATTRIBUTE smallint, CATEGORY_ENTITY_ID bigint, primary key (IDENTIFIER));
create table DYEXTN_CATEGORY_ENTITY (IDENTIFIER bigint not null, NUMBER_OF_ENTRIES integer, ENTITY_ID bigint, OWN_PARENT_CATEGORY_ENTITY_ID bigint, TREE_PARENT_CATEGORY_ENTITY_ID bigint, IS_CREATETABLE smallint, CATEGORY_ASSOCIATION_ID bigint, PARENT_CATEGORY_ENTITY_ID bigint, REL_ATTR_CAT_ENTITY_ID bigint, primary key (IDENTIFIER));
create table DYEXTN_CAT_ASSO_CTL (IDENTIFIER bigint not null, primary key (IDENTIFIER));
create table DYEXTN_CHECK_BOX (IDENTIFIER bigint not null, primary key (IDENTIFIER));
create table DYEXTN_COLUMN_PROPERTIES (IDENTIFIER bigint not null, CONSTRAINT_NAME varchar(255), CATEGORY_ATTRIBUTE_ID bigint, PRIMITIVE_ATTRIBUTE_ID bigint, primary key (IDENTIFIER));
create table DYEXTN_COMBOBOX (IDENTIFIER bigint not null, primary key (IDENTIFIER));
create table DYEXTN_CONSTRAINT_PROPERTIES (IDENTIFIER bigint not null, SOURCE_ENTITY_KEY varchar(255), TARGET_ENTITY_KEY varchar(255), SRC_CONSTRAINT_NAME varchar(255), TARGET_CONSTRAINT_NAME varchar(255), CATEGORY_ASSOCIATION_ID bigint, ASSOCIATION_ID bigint, primary key (IDENTIFIER));
create table DYEXTN_CONTAINER (IDENTIFIER bigint generated by default as identity, BUTTON_CSS varchar(255), CAPTION varchar(255), ABSTRACT_ENTITY_ID bigint, MAIN_TABLE_CSS varchar(255), REQUIRED_FIELD_INDICATOR varchar(255), REQUIRED_FIELD_WARNING_MESSAGE varchar(255), TITLE_CSS varchar(255), BASE_CONTAINER_ID bigint, ADD_CAPTION smallint, ENTITY_GROUP_ID bigint, VIEW_ID bigint, primary key (IDENTIFIER));
create table DYEXTN_CONTAINMENT_CONTROL (IDENTIFIER bigint not null, primary key (IDENTIFIER));
create table DYEXTN_CONTROL (IDENTIFIER bigint generated by default as identity, CAPTION varchar(255), CSS_CLASS varchar(255), HIDDEN smallint, NAME varchar(255), SEQUENCE_NUMBER integer, TOOLTIP varchar(255), CONTAINER_ID bigint, BASE_ABST_ATR_ID bigint, READ_ONLY smallint, primary key (IDENTIFIER));
create table DYEXTN_DATABASE_PROPERTIES (IDENTIFIER bigint generated by default as identity, NAME varchar(255), primary key (IDENTIFIER));
create table DYEXTN_DATA_ELEMENT (IDENTIFIER bigint generated by default as identity, CATEGORY_ATTRIBUTE_ID bigint, ATTRIBUTE_TYPE_INFO_ID bigint, primary key (IDENTIFIER));
create table DYEXTN_DATA_GRID (IDENTIFIER bigint not null, primary key (IDENTIFIER));
create table DYEXTN_DATEPICKER (IDENTIFIER bigint not null, DATE_VALUE_TYPE varchar(255), primary key (IDENTIFIER));
create table DYEXTN_DATE_CONCEPT_VALUE (IDENTIFIER bigint not null, VALUE timestamp, primary key (IDENTIFIER));
create table DYEXTN_DATE_TYPE_INFO (IDENTIFIER bigint not null, FORMAT varchar(255), primary key (IDENTIFIER));
create table DYEXTN_DOUBLE_CONCEPT_VALUE (IDENTIFIER bigint not null, VALUE double, primary key (IDENTIFIER));
create table DYEXTN_DOUBLE_TYPE_INFO (IDENTIFIER bigint not null, primary key (IDENTIFIER));
create table DYEXTN_ENTITY (IDENTIFIER bigint not null, DATA_TABLE_STATE integer, ENTITY_GROUP_ID bigint, IS_ABSTRACT smallint, PARENT_ENTITY_ID bigint, INHERITANCE_STRATEGY integer, DISCRIMINATOR_COLUMN_NAME varchar(255), DISCRIMINATOR_VALUE varchar(255), primary key (IDENTIFIER));
create table DYEXTN_ENTITY_GROUP (IDENTIFIER bigint not null, LONG_NAME varchar(255), SHORT_NAME varchar(255), VERSION varchar(255), IS_SYSTEM_GENERATED smallint, primary key (IDENTIFIER));
create table DYEXTN_ENTITY_MAP (IDENTIFIER bigint generated by default as identity, CONTAINER_ID bigint, STATUS varchar(10), STATIC_ENTITY_ID bigint, CREATED_DATE date, CREATED_BY varchar(255), primary key (IDENTIFIER));
create table DYEXTN_ENTITY_MAP_CONDNS (IDENTIFIER bigint generated by default as identity, STATIC_RECORD_ID bigint, TYPE_ID bigint, FORM_CONTEXT_ID bigint, primary key (IDENTIFIER));
create table DYEXTN_ENTITY_MAP_RECORD (IDENTIFIER bigint generated by default as identity, FORM_CONTEXT_ID bigint, STATIC_ENTITY_RECORD_ID bigint, STATUS varchar(10), DYNAMIC_ENTITY_RECORD_ID bigint, MODIFIED_DATE date, CREATED_DATE date, CREATED_BY varchar(255), primary key (IDENTIFIER));
create table DYEXTN_FILE_EXTENSIONS (IDENTIFIER bigint generated by default as identity, FILE_EXTENSION varchar(255), ATTRIBUTE_ID bigint, primary key (IDENTIFIER));
create table DYEXTN_FILE_TYPE_INFO (IDENTIFIER bigint not null, MAX_FILE_SIZE float, primary key (IDENTIFIER));
create table DYEXTN_FILE_UPLOAD (IDENTIFIER bigint not null, NO_OF_COLUMNS integer, primary key (IDENTIFIER));
create table DYEXTN_FLOAT_CONCEPT_VALUE (IDENTIFIER bigint not null, VALUE float, primary key (IDENTIFIER));
create table DYEXTN_FLOAT_TYPE_INFO (IDENTIFIER bigint not null, primary key (IDENTIFIER));
create table DYEXTN_FORM_CONTEXT (IDENTIFIER bigint generated by default as identity, IS_INFINITE_ENTRY smallint, ENTITY_MAP_ID bigint, STUDY_FORM_LABEL varchar(255), NO_OF_ENTRIES integer, primary key (IDENTIFIER));
create table DYEXTN_INTEGER_CONCEPT_VALUE (IDENTIFIER bigint not null, VALUE integer, primary key (IDENTIFIER));
create table DYEXTN_INTEGER_TYPE_INFO (IDENTIFIER bigint not null, primary key (IDENTIFIER));
create table DYEXTN_LIST_BOX (IDENTIFIER bigint not null, NO_OF_ROWS integer, MULTISELECT smallint, primary key (IDENTIFIER));
create table DYEXTN_LONG_CONCEPT_VALUE (IDENTIFIER bigint not null, VALUE bigint, primary key (IDENTIFIER));
create table DYEXTN_LONG_TYPE_INFO (IDENTIFIER bigint not null, primary key (IDENTIFIER));
create table DYEXTN_NUMERIC_TYPE_INFO (IDENTIFIER bigint not null, MEASUREMENT_UNITS varchar(255), DECIMAL_PLACES integer, NO_DIGITS integer, primary key (IDENTIFIER));
create table DYEXTN_OBJECT_TYPE_INFO (IDENTIFIER bigint not null, primary key (IDENTIFIER));
create table DYEXTN_PATH (IDENTIFIER bigint generated by default as identity, CATEGORY_ENTITY_ID bigint, primary key (IDENTIFIER));
create table DYEXTN_PATH_ASSO_REL (IDENTIFIER bigint generated by default as identity, PATH_ID bigint, ASSOCIATION_ID bigint, PATH_SEQUENCE_NUMBER integer, SRC_INSTANCE_ID bigint, TGT_INSTANCE_ID bigint, primary key (IDENTIFIER));
create table DYEXTN_PERMISSIBLE_VALUE (IDENTIFIER bigint generated by default as identity, DESCRIPTION varchar(255), CATEGORY_ATTRIBUTE_ID bigint, ATTRIBUTE_TYPE_INFO_ID bigint, primary key (IDENTIFIER));
create table DYEXTN_PRIMITIVE_ATTRIBUTE (IDENTIFIER bigint not null, IS_IDENTIFIED smallint, IS_PRIMARY_KEY smallint, IS_NULLABLE smallint, primary key (IDENTIFIER));
create table DYEXTN_RADIOBUTTON (IDENTIFIER bigint not null, primary key (IDENTIFIER));
create table DYEXTN_ROLE (IDENTIFIER bigint generated by default as identity, ASSOCIATION_TYPE varchar(255), MAX_CARDINALITY integer, MIN_CARDINALITY integer, NAME varchar(255), primary key (IDENTIFIER));
create table DYEXTN_RULE (IDENTIFIER bigint generated by default as identity, NAME varchar(255), IS_IMPLICIT smallint, CATEGORY_ATTR_ID bigint, ATTRIBUTE_ID bigint, primary key (IDENTIFIER));
create table DYEXTN_RULE_PARAMETER (IDENTIFIER bigint generated by default as identity, NAME varchar(255), VALUE varchar(255), RULE_ID bigint, primary key (IDENTIFIER));
create table DYEXTN_SELECT_CONTROL (IDENTIFIER bigint not null, SEPARATOR_STRING varchar(255), primary key (IDENTIFIER));
create table DYEXTN_SEMANTIC_PROPERTY (IDENTIFIER bigint generated by default as identity, CONCEPT_CODE varchar(255), TERM varchar(255), THESAURAS_NAME varchar(255), SEQUENCE_NUMBER integer, CONCEPT_DEFINITION varchar(255), ABSTRACT_METADATA_ID bigint, ABSTRACT_VALUE_ID bigint, primary key (IDENTIFIER));
create table DYEXTN_SHORT_CONCEPT_VALUE (IDENTIFIER bigint not null, VALUE smallint, primary key (IDENTIFIER));
create table DYEXTN_SHORT_TYPE_INFO (IDENTIFIER bigint not null, primary key (IDENTIFIER));
create table DYEXTN_SQL_AUDIT (IDENTIFIER bigint generated by default as identity, AUDIT_DATE date, QUERY_EXECUTED varchar(4000), USER_ID bigint, primary key (IDENTIFIER));
create table DYEXTN_STRING_CONCEPT_VALUE (IDENTIFIER bigint not null, VALUE varchar(255), primary key (IDENTIFIER));
create table DYEXTN_STRING_TYPE_INFO (IDENTIFIER bigint not null, MAX_SIZE integer, primary key (IDENTIFIER));
create table DYEXTN_TABLE_PROPERTIES (IDENTIFIER bigint not null, CONSTRAINT_NAME varchar(255), ABSTRACT_ENTITY_ID bigint, primary key (IDENTIFIER));
create table DYEXTN_TAGGED_VALUE (IDENTIFIER bigint generated by default as identity, T_KEY varchar(255), T_VALUE varchar(255), ABSTRACT_METADATA_ID bigint, primary key (IDENTIFIER));
create table DYEXTN_TEXTAREA (IDENTIFIER bigint not null, TEXTAREA_COLUMNS integer, TEXTAREA_ROWS integer, primary key (IDENTIFIER));
create table DYEXTN_TEXTFIELD (IDENTIFIER bigint not null, NO_OF_COLUMNS integer, IS_PASSWORD smallint, IS_URL smallint, primary key (IDENTIFIER));
create table DYEXTN_USERDEFINED_DE (IDENTIFIER bigint not null, primary key (IDENTIFIER));
create table DYEXTN_USERDEF_DE_VALUE_REL (USER_DEF_DE_ID bigint not null, PERMISSIBLE_VALUE_ID bigint not null, primary key (USER_DEF_DE_ID, PERMISSIBLE_VALUE_ID));
create table DYEXTN_VIEW (IDENTIFIER bigint generated by default as identity, NAME varchar(255), primary key (IDENTIFIER));
create table dyextn_id_generator (id bigint not null, next_available_id bigint, primary key (id));

/*Meta data loading begins */
insert into association (ASSOCIATION_ID,ASSOCIATION_TYPE) values (1,2);
insert into association (ASSOCIATION_ID,ASSOCIATION_TYPE) values (2,2);
insert into association (ASSOCIATION_ID,ASSOCIATION_TYPE) values (3,2);
insert into association (ASSOCIATION_ID,ASSOCIATION_TYPE) values (4,2);
insert into association (ASSOCIATION_ID,ASSOCIATION_TYPE) values (5,2);
insert into association (ASSOCIATION_ID,ASSOCIATION_TYPE) values (6,2);
insert into association (ASSOCIATION_ID,ASSOCIATION_TYPE) values (7,2);
insert into association (ASSOCIATION_ID,ASSOCIATION_TYPE) values (8,2);
insert into association (ASSOCIATION_ID,ASSOCIATION_TYPE) values (9,2);
insert into association (ASSOCIATION_ID,ASSOCIATION_TYPE) values (10,2);
insert into association (ASSOCIATION_ID,ASSOCIATION_TYPE) values (11,2);
insert into association (ASSOCIATION_ID,ASSOCIATION_TYPE) values (12,2);
insert into association (ASSOCIATION_ID,ASSOCIATION_TYPE) values (13,2);
insert into association (ASSOCIATION_ID,ASSOCIATION_TYPE) values (14,2);
insert into association (ASSOCIATION_ID,ASSOCIATION_TYPE) values (15,2);
insert into association (ASSOCIATION_ID,ASSOCIATION_TYPE) values (16,2);
insert into association (ASSOCIATION_ID,ASSOCIATION_TYPE) values (17,2);
insert into association (ASSOCIATION_ID,ASSOCIATION_TYPE) values (18,2);
insert into association (ASSOCIATION_ID,ASSOCIATION_TYPE) values (19,2);
insert into association (ASSOCIATION_ID,ASSOCIATION_TYPE) values (20,2);
insert into association (ASSOCIATION_ID,ASSOCIATION_TYPE) values (21,2);
insert into association (ASSOCIATION_ID,ASSOCIATION_TYPE) values (22,2);
insert into association (ASSOCIATION_ID,ASSOCIATION_TYPE) values (23,2);
insert into association (ASSOCIATION_ID,ASSOCIATION_TYPE) values (24,2);
insert into association (ASSOCIATION_ID,ASSOCIATION_TYPE) values (25,2);
insert into association (ASSOCIATION_ID,ASSOCIATION_TYPE) values (26,2);
insert into association (ASSOCIATION_ID,ASSOCIATION_TYPE) values (27,2);
insert into association (ASSOCIATION_ID,ASSOCIATION_TYPE) values (28,2);
insert into association (ASSOCIATION_ID,ASSOCIATION_TYPE) values (29,2);
insert into association (ASSOCIATION_ID,ASSOCIATION_TYPE) values (30,2);
insert into association (ASSOCIATION_ID,ASSOCIATION_TYPE) values (31,2);
insert into association (ASSOCIATION_ID,ASSOCIATION_TYPE) values (32,2);
insert into association (ASSOCIATION_ID,ASSOCIATION_TYPE) values (33,2);
insert into association (ASSOCIATION_ID,ASSOCIATION_TYPE) values (34,2);
insert into association (ASSOCIATION_ID,ASSOCIATION_TYPE) values (35,2);
insert into association (ASSOCIATION_ID,ASSOCIATION_TYPE) values (36,2);
insert into association (ASSOCIATION_ID,ASSOCIATION_TYPE) values (37,2);
insert into association (ASSOCIATION_ID,ASSOCIATION_TYPE) values (38,2);
insert into association (ASSOCIATION_ID,ASSOCIATION_TYPE) values (39,2);
insert into association (ASSOCIATION_ID,ASSOCIATION_TYPE) values (40,2);
insert into association (ASSOCIATION_ID,ASSOCIATION_TYPE) values (41,2);
insert into association (ASSOCIATION_ID,ASSOCIATION_TYPE) values (42,2);
insert into association (ASSOCIATION_ID,ASSOCIATION_TYPE) values (43,2);
insert into association (ASSOCIATION_ID,ASSOCIATION_TYPE) values (44,2);
insert into association (ASSOCIATION_ID,ASSOCIATION_TYPE) values (45,2);
insert into association (ASSOCIATION_ID,ASSOCIATION_TYPE) values (46,2);
insert into association (ASSOCIATION_ID,ASSOCIATION_TYPE) values (47,2);
insert into association (ASSOCIATION_ID,ASSOCIATION_TYPE) values (48,2);
insert into association (ASSOCIATION_ID,ASSOCIATION_TYPE) values (49,2);
insert into association (ASSOCIATION_ID,ASSOCIATION_TYPE) values (50,2);
insert into association (ASSOCIATION_ID,ASSOCIATION_TYPE) values (51,2);
insert into association (ASSOCIATION_ID,ASSOCIATION_TYPE) values (52,2);
insert into association (ASSOCIATION_ID,ASSOCIATION_TYPE) values (53,2);
insert into association (ASSOCIATION_ID,ASSOCIATION_TYPE) values (54,2);
insert into association (ASSOCIATION_ID,ASSOCIATION_TYPE) values (55,2);
insert into association (ASSOCIATION_ID,ASSOCIATION_TYPE) values (56,2);
insert into association (ASSOCIATION_ID,ASSOCIATION_TYPE) values (57,2);
insert into association (ASSOCIATION_ID,ASSOCIATION_TYPE) values (58,2);
insert into association (ASSOCIATION_ID,ASSOCIATION_TYPE) values (59,2);
insert into association (ASSOCIATION_ID,ASSOCIATION_TYPE) values (60,2);
insert into association (ASSOCIATION_ID,ASSOCIATION_TYPE) values (61,2);
insert into association (ASSOCIATION_ID,ASSOCIATION_TYPE) values (62,2);
insert into association (ASSOCIATION_ID,ASSOCIATION_TYPE) values (63,2);
insert into association (ASSOCIATION_ID,ASSOCIATION_TYPE) values (64,2);
insert into association (ASSOCIATION_ID,ASSOCIATION_TYPE) values (65,2);
insert into association (ASSOCIATION_ID,ASSOCIATION_TYPE) values (66,2);
insert into association (ASSOCIATION_ID,ASSOCIATION_TYPE) values (67,2);
insert into association (ASSOCIATION_ID,ASSOCIATION_TYPE) values (68,2);
insert into association (ASSOCIATION_ID,ASSOCIATION_TYPE) values (69,2);
insert into association (ASSOCIATION_ID,ASSOCIATION_TYPE) values (70,2);
insert into association (ASSOCIATION_ID,ASSOCIATION_TYPE) values (71,2);
insert into association (ASSOCIATION_ID,ASSOCIATION_TYPE) values (72,2);
insert into association (ASSOCIATION_ID,ASSOCIATION_TYPE) values (73,2);
insert into association (ASSOCIATION_ID,ASSOCIATION_TYPE) values (74,2);
insert into association (ASSOCIATION_ID,ASSOCIATION_TYPE) values (75,2);
insert into association (ASSOCIATION_ID,ASSOCIATION_TYPE) values (76,2);
insert into association (ASSOCIATION_ID,ASSOCIATION_TYPE) values (77,2);
insert into association (ASSOCIATION_ID,ASSOCIATION_TYPE) values (78,2);
insert into association (ASSOCIATION_ID,ASSOCIATION_TYPE) values (79,2);
insert into association (ASSOCIATION_ID,ASSOCIATION_TYPE) values (80,2);
insert into association (ASSOCIATION_ID,ASSOCIATION_TYPE) values (81,2);
insert into association (ASSOCIATION_ID,ASSOCIATION_TYPE) values (82,2);
insert into association (ASSOCIATION_ID,ASSOCIATION_TYPE) values (83,2);
insert into association (ASSOCIATION_ID,ASSOCIATION_TYPE) values (84,2);
insert into association (ASSOCIATION_ID,ASSOCIATION_TYPE) values (85,2);
insert into association (ASSOCIATION_ID,ASSOCIATION_TYPE) values (86,2);
insert into association (ASSOCIATION_ID,ASSOCIATION_TYPE) values (87,2);
insert into association (ASSOCIATION_ID,ASSOCIATION_TYPE) values (88,2);
insert into association (ASSOCIATION_ID,ASSOCIATION_TYPE) values (89,2);



/*Data for the table dyextn_abstract_entity */

insert into dyextn_abstract_entity (id) values (2);
insert into dyextn_abstract_entity (id) values (4);
insert into dyextn_abstract_entity (id) values (6);
insert into dyextn_abstract_entity (id) values (8);
insert into dyextn_abstract_entity (id) values (10);
insert into dyextn_abstract_entity (id) values (12);
insert into dyextn_abstract_entity (id) values (14);
insert into dyextn_abstract_entity (id) values (17);
insert into dyextn_abstract_entity (id) values (25);
insert into dyextn_abstract_entity (id) values (27);
insert into dyextn_abstract_entity (id) values (36);
insert into dyextn_abstract_entity (id) values (37);
insert into dyextn_abstract_entity (id) values (39);
insert into dyextn_abstract_entity (id) values (42);
insert into dyextn_abstract_entity (id) values (45);
insert into dyextn_abstract_entity (id) values (48);
insert into dyextn_abstract_entity (id) values (61);
insert into dyextn_abstract_entity (id) values (67);
insert into dyextn_abstract_entity (id) values (76);
insert into dyextn_abstract_entity (id) values (78);
insert into dyextn_abstract_entity (id) values (83);
insert into dyextn_abstract_entity (id) values (84);
insert into dyextn_abstract_entity (id) values (93);
insert into dyextn_abstract_entity (id) values (95);
insert into dyextn_abstract_entity (id) values (100);
insert into dyextn_abstract_entity (id) values (102);
insert into dyextn_abstract_entity (id) values (104);
insert into dyextn_abstract_entity (id) values (106);
insert into dyextn_abstract_entity (id) values (108);
insert into dyextn_abstract_entity (id) values (110);
insert into dyextn_abstract_entity (id) values (112);
insert into dyextn_abstract_entity (id) values (125);
insert into dyextn_abstract_entity (id) values (126);
insert into dyextn_abstract_entity (id) values (134);
insert into dyextn_abstract_entity (id) values (138);
insert into dyextn_abstract_entity (id) values (148);
insert into dyextn_abstract_entity (id) values (152);
insert into dyextn_abstract_entity (id) values (157);
insert into dyextn_abstract_entity (id) values (160);
insert into dyextn_abstract_entity (id) values (169);
insert into dyextn_abstract_entity (id) values (172);
insert into dyextn_abstract_entity (id) values (175);
insert into dyextn_abstract_entity (id) values (199);
insert into dyextn_abstract_entity (id) values (202);
insert into dyextn_abstract_entity (id) values (205);
insert into dyextn_abstract_entity (id) values (206);
insert into dyextn_abstract_entity (id) values (209);
insert into dyextn_abstract_entity (id) values (218);
insert into dyextn_abstract_entity (id) values (223);
insert into dyextn_abstract_entity (id) values (232);
insert into dyextn_abstract_entity (id) values (234);
insert into dyextn_abstract_entity (id) values (236);
insert into dyextn_abstract_entity (id) values (239);
insert into dyextn_abstract_entity (id) values (241);
insert into dyextn_abstract_entity (id) values (242);
insert into dyextn_abstract_entity (id) values (259);
insert into dyextn_abstract_entity (id) values (261);
insert into dyextn_abstract_entity (id) values (265);
insert into dyextn_abstract_entity (id) values (277);
insert into dyextn_abstract_entity (id) values (282);
insert into dyextn_abstract_entity (id) values (284);
insert into dyextn_abstract_entity (id) values (294);

/*Data for the table dyextn_abstract_metadata */

insert into dyextn_abstract_metadata (IDENTIFIER,CREATED_DATE,DESCRIPTION,LAST_UPDATED,NAME,PUBLIC_ID) values (1,NULL,'cider',NULL,'cider',NULL);
insert into dyextn_abstract_metadata (IDENTIFIER,CREATED_DATE,DESCRIPTION,LAST_UPDATED,NAME,PUBLIC_ID) values (2,'2008-11-07','cider-ActiveUpiFlag','2008-11-07','ActiveUpiFlag',NULL);
insert into dyextn_abstract_metadata (IDENTIFIER,CREATED_DATE,DESCRIPTION,LAST_UPDATED,NAME,PUBLIC_ID) values (3,NULL,NULL,NULL,'id',NULL);
insert into dyextn_abstract_metadata (IDENTIFIER,CREATED_DATE,DESCRIPTION,LAST_UPDATED,NAME,PUBLIC_ID) values (4,'2008-11-07','cider-State','2008-11-07','State',NULL);
insert into dyextn_abstract_metadata (IDENTIFIER,CREATED_DATE,DESCRIPTION,LAST_UPDATED,NAME,PUBLIC_ID) values (5,NULL,NULL,NULL,'id',NULL);
insert into dyextn_abstract_metadata (IDENTIFIER,CREATED_DATE,DESCRIPTION,LAST_UPDATED,NAME,PUBLIC_ID) values (6,'2008-11-07','cider-PhoneType','2008-11-07','PhoneType',NULL);
insert into dyextn_abstract_metadata (IDENTIFIER,CREATED_DATE,DESCRIPTION,LAST_UPDATED,NAME,PUBLIC_ID) values (7,NULL,NULL,NULL,'id',NULL);
insert into dyextn_abstract_metadata (IDENTIFIER,CREATED_DATE,DESCRIPTION,LAST_UPDATED,NAME,PUBLIC_ID) values (8,'2008-11-07','cider-RelationToPerson','2008-11-07','RelationToPerson',NULL);
insert into dyextn_abstract_metadata (IDENTIFIER,CREATED_DATE,DESCRIPTION,LAST_UPDATED,NAME,PUBLIC_ID) values (9,NULL,NULL,NULL,'id',NULL);
insert into dyextn_abstract_metadata (IDENTIFIER,CREATED_DATE,DESCRIPTION,LAST_UPDATED,NAME,PUBLIC_ID) values (10,'2008-11-07','cider-EthnicOrigin','2008-11-07','EthnicOrigin',NULL);
insert into dyextn_abstract_metadata (IDENTIFIER,CREATED_DATE,DESCRIPTION,LAST_UPDATED,NAME,PUBLIC_ID) values (11,NULL,NULL,NULL,'id',NULL);
insert into dyextn_abstract_metadata (IDENTIFIER,CREATED_DATE,DESCRIPTION,LAST_UPDATED,NAME,PUBLIC_ID) values (12,'2008-11-07','cider-AddressType','2008-11-07','AddressType',NULL);
insert into dyextn_abstract_metadata (IDENTIFIER,CREATED_DATE,DESCRIPTION,LAST_UPDATED,NAME,PUBLIC_ID) values (13,NULL,NULL,NULL,'id',NULL);
insert into dyextn_abstract_metadata (IDENTIFIER,CREATED_DATE,DESCRIPTION,LAST_UPDATED,NAME,PUBLIC_ID) values (14,'2008-11-07','cider-Address','2008-11-07','Address',NULL);
insert into dyextn_abstract_metadata (IDENTIFIER,CREATED_DATE,DESCRIPTION,LAST_UPDATED,NAME,PUBLIC_ID) values (15,NULL,NULL,NULL,'AssociationName_3',NULL);
insert into dyextn_abstract_metadata (IDENTIFIER,CREATED_DATE,DESCRIPTION,LAST_UPDATED,NAME,PUBLIC_ID) values (16,NULL,NULL,NULL,'AssociationName_2',NULL);
insert into dyextn_abstract_metadata (IDENTIFIER,CREATED_DATE,DESCRIPTION,LAST_UPDATED,NAME,PUBLIC_ID) values (17,'2008-11-07','cider-Country','2008-11-07','Country',NULL);
insert into dyextn_abstract_metadata (IDENTIFIER,CREATED_DATE,DESCRIPTION,LAST_UPDATED,NAME,PUBLIC_ID) values (18,NULL,NULL,NULL,'id',NULL);
insert into dyextn_abstract_metadata (IDENTIFIER,CREATED_DATE,DESCRIPTION,LAST_UPDATED,NAME,PUBLIC_ID) values (19,NULL,NULL,NULL,'AssociationName_1',NULL);
insert into dyextn_abstract_metadata (IDENTIFIER,CREATED_DATE,DESCRIPTION,LAST_UPDATED,NAME,PUBLIC_ID) values (20,NULL,NULL,NULL,'postalCode',NULL);
insert into dyextn_abstract_metadata (IDENTIFIER,CREATED_DATE,DESCRIPTION,LAST_UPDATED,NAME,PUBLIC_ID) values (21,NULL,NULL,NULL,'city',NULL);
insert into dyextn_abstract_metadata (IDENTIFIER,CREATED_DATE,DESCRIPTION,LAST_UPDATED,NAME,PUBLIC_ID) values (22,NULL,NULL,NULL,'line2',NULL);
insert into dyextn_abstract_metadata (IDENTIFIER,CREATED_DATE,DESCRIPTION,LAST_UPDATED,NAME,PUBLIC_ID) values (23,NULL,NULL,NULL,'line1',NULL);
insert into dyextn_abstract_metadata (IDENTIFIER,CREATED_DATE,DESCRIPTION,LAST_UPDATED,NAME,PUBLIC_ID) values (24,NULL,NULL,NULL,'id',NULL);
insert into dyextn_abstract_metadata (IDENTIFIER,CREATED_DATE,DESCRIPTION,LAST_UPDATED,NAME,PUBLIC_ID) values (25,'2008-11-07','cider-MaritalStatus','2008-11-07','MaritalStatus',NULL);
insert into dyextn_abstract_metadata (IDENTIFIER,CREATED_DATE,DESCRIPTION,LAST_UPDATED,NAME,PUBLIC_ID) values (26,NULL,NULL,NULL,'id',NULL);
insert into dyextn_abstract_metadata (IDENTIFIER,CREATED_DATE,DESCRIPTION,LAST_UPDATED,NAME,PUBLIC_ID) values (27,'2008-11-07','cider-PersonName','2008-11-07','PersonName',NULL);
insert into dyextn_abstract_metadata (IDENTIFIER,CREATED_DATE,DESCRIPTION,LAST_UPDATED,NAME,PUBLIC_ID) values (28,NULL,NULL,NULL,'suffix',NULL);
insert into dyextn_abstract_metadata (IDENTIFIER,CREATED_DATE,DESCRIPTION,LAST_UPDATED,NAME,PUBLIC_ID) values (29,NULL,NULL,NULL,'prefix',NULL);
insert into dyextn_abstract_metadata (IDENTIFIER,CREATED_DATE,DESCRIPTION,LAST_UPDATED,NAME,PUBLIC_ID) values (30,NULL,NULL,NULL,'degree',NULL);
insert into dyextn_abstract_metadata (IDENTIFIER,CREATED_DATE,DESCRIPTION,LAST_UPDATED,NAME,PUBLIC_ID) values (31,NULL,NULL,NULL,'lastNameCompressed',NULL);
insert into dyextn_abstract_metadata (IDENTIFIER,CREATED_DATE,DESCRIPTION,LAST_UPDATED,NAME,PUBLIC_ID) values (32,NULL,NULL,NULL,'lastName',NULL);
insert into dyextn_abstract_metadata (IDENTIFIER,CREATED_DATE,DESCRIPTION,LAST_UPDATED,NAME,PUBLIC_ID) values (33,NULL,NULL,NULL,'middleName',NULL);
insert into dyextn_abstract_metadata (IDENTIFIER,CREATED_DATE,DESCRIPTION,LAST_UPDATED,NAME,PUBLIC_ID) values (34,NULL,NULL,NULL,'firstName',NULL);
insert into dyextn_abstract_metadata (IDENTIFIER,CREATED_DATE,DESCRIPTION,LAST_UPDATED,NAME,PUBLIC_ID) values (35,NULL,NULL,NULL,'id',NULL);
insert into dyextn_abstract_metadata (IDENTIFIER,CREATED_DATE,DESCRIPTION,LAST_UPDATED,NAME,PUBLIC_ID) values (36,'2008-11-07','cider-Person','2008-11-07','Person',NULL);
insert into dyextn_abstract_metadata (IDENTIFIER,CREATED_DATE,DESCRIPTION,LAST_UPDATED,NAME,PUBLIC_ID) values (37,'2008-11-07','cider-Demographics','2008-11-07','Demographics',NULL);
insert into dyextn_abstract_metadata (IDENTIFIER,CREATED_DATE,DESCRIPTION,LAST_UPDATED,NAME,PUBLIC_ID) values (38,NULL,NULL,NULL,'AssociationName_11',NULL);
insert into dyextn_abstract_metadata (IDENTIFIER,CREATED_DATE,DESCRIPTION,LAST_UPDATED,NAME,PUBLIC_ID) values (39,'2008-11-07','cider-Gender','2008-11-07','Gender',NULL);
insert into dyextn_abstract_metadata (IDENTIFIER,CREATED_DATE,DESCRIPTION,LAST_UPDATED,NAME,PUBLIC_ID) values (40,NULL,NULL,NULL,'id',NULL);
insert into dyextn_abstract_metadata (IDENTIFIER,CREATED_DATE,DESCRIPTION,LAST_UPDATED,NAME,PUBLIC_ID) values (41,NULL,NULL,NULL,'AssociationName_10',NULL);
insert into dyextn_abstract_metadata (IDENTIFIER,CREATED_DATE,DESCRIPTION,LAST_UPDATED,NAME,PUBLIC_ID) values (42,'2008-11-07','cider-AdvancedDirectiveExists','2008-11-07','AdvancedDirectiveExists',NULL);
insert into dyextn_abstract_metadata (IDENTIFIER,CREATED_DATE,DESCRIPTION,LAST_UPDATED,NAME,PUBLIC_ID) values (43,NULL,NULL,NULL,'id',NULL);
insert into dyextn_abstract_metadata (IDENTIFIER,CREATED_DATE,DESCRIPTION,LAST_UPDATED,NAME,PUBLIC_ID) values (44,NULL,NULL,NULL,'AssociationName_9',NULL);
insert into dyextn_abstract_metadata (IDENTIFIER,CREATED_DATE,DESCRIPTION,LAST_UPDATED,NAME,PUBLIC_ID) values (45,'2008-11-07','cider-Religion','2008-11-07','Religion',NULL);
insert into dyextn_abstract_metadata (IDENTIFIER,CREATED_DATE,DESCRIPTION,LAST_UPDATED,NAME,PUBLIC_ID) values (46,NULL,NULL,NULL,'id',NULL);
insert into dyextn_abstract_metadata (IDENTIFIER,CREATED_DATE,DESCRIPTION,LAST_UPDATED,NAME,PUBLIC_ID) values (47,NULL,NULL,NULL,'AssociationName_8',NULL);
insert into dyextn_abstract_metadata (IDENTIFIER,CREATED_DATE,DESCRIPTION,LAST_UPDATED,NAME,PUBLIC_ID) values (48,'2008-11-07','cider-Race','2008-11-07','Race',NULL);
insert into dyextn_abstract_metadata (IDENTIFIER,CREATED_DATE,DESCRIPTION,LAST_UPDATED,NAME,PUBLIC_ID) values (49,NULL,NULL,NULL,'id',NULL);
insert into dyextn_abstract_metadata (IDENTIFIER,CREATED_DATE,DESCRIPTION,LAST_UPDATED,NAME,PUBLIC_ID) values (50,NULL,NULL,NULL,'AssociationName_7',NULL);
insert into dyextn_abstract_metadata (IDENTIFIER,CREATED_DATE,DESCRIPTION,LAST_UPDATED,NAME,PUBLIC_ID) values (51,NULL,NULL,NULL,'AssociationName_6',NULL);
insert into dyextn_abstract_metadata (IDENTIFIER,CREATED_DATE,DESCRIPTION,LAST_UPDATED,NAME,PUBLIC_ID) values (52,NULL,NULL,NULL,'id',NULL);
insert into dyextn_abstract_metadata (IDENTIFIER,CREATED_DATE,DESCRIPTION,LAST_UPDATED,NAME,PUBLIC_ID) values (53,NULL,NULL,NULL,'dateOfBirth',NULL);
insert into dyextn_abstract_metadata (IDENTIFIER,CREATED_DATE,DESCRIPTION,LAST_UPDATED,NAME,PUBLIC_ID) values (54,NULL,NULL,NULL,'dateOfDeath',NULL);
insert into dyextn_abstract_metadata (IDENTIFIER,CREATED_DATE,DESCRIPTION,LAST_UPDATED,NAME,PUBLIC_ID) values (55,NULL,NULL,NULL,'mothersMaidenName',NULL);
insert into dyextn_abstract_metadata (IDENTIFIER,CREATED_DATE,DESCRIPTION,LAST_UPDATED,NAME,PUBLIC_ID) values (56,NULL,NULL,NULL,'placeOfBirth',NULL);
insert into dyextn_abstract_metadata (IDENTIFIER,CREATED_DATE,DESCRIPTION,LAST_UPDATED,NAME,PUBLIC_ID) values (57,NULL,NULL,NULL,'socialSecurityNumber',NULL);
insert into dyextn_abstract_metadata (IDENTIFIER,CREATED_DATE,DESCRIPTION,LAST_UPDATED,NAME,PUBLIC_ID) values (58,NULL,NULL,NULL,'effectiveStartTimeStamp',NULL);
insert into dyextn_abstract_metadata (IDENTIFIER,CREATED_DATE,DESCRIPTION,LAST_UPDATED,NAME,PUBLIC_ID) values (59,NULL,NULL,NULL,'effectiveEndTimeStamp',NULL);
insert into dyextn_abstract_metadata (IDENTIFIER,CREATED_DATE,DESCRIPTION,LAST_UPDATED,NAME,PUBLIC_ID) values (60,NULL,NULL,NULL,'AssociationName_1',NULL);
insert into dyextn_abstract_metadata (IDENTIFIER,CREATED_DATE,DESCRIPTION,LAST_UPDATED,NAME,PUBLIC_ID) values (61,'2008-11-07','cider-AssociatedPerson','2008-11-07','AssociatedPerson',NULL);
insert into dyextn_abstract_metadata (IDENTIFIER,CREATED_DATE,DESCRIPTION,LAST_UPDATED,NAME,PUBLIC_ID) values (62,NULL,NULL,NULL,'AssociationName_2',NULL);
insert into dyextn_abstract_metadata (IDENTIFIER,CREATED_DATE,DESCRIPTION,LAST_UPDATED,NAME,PUBLIC_ID) values (63,NULL,NULL,NULL,'AssociationName_1',NULL);
insert into dyextn_abstract_metadata (IDENTIFIER,CREATED_DATE,DESCRIPTION,LAST_UPDATED,NAME,PUBLIC_ID) values (64,NULL,NULL,NULL,'id',NULL);
insert into dyextn_abstract_metadata (IDENTIFIER,CREATED_DATE,DESCRIPTION,LAST_UPDATED,NAME,PUBLIC_ID) values (65,NULL,NULL,NULL,'AssociationName_2',NULL);
insert into dyextn_abstract_metadata (IDENTIFIER,CREATED_DATE,DESCRIPTION,LAST_UPDATED,NAME,PUBLIC_ID) values (66,NULL,NULL,NULL,'AssociationName_3',NULL);
insert into dyextn_abstract_metadata (IDENTIFIER,CREATED_DATE,DESCRIPTION,LAST_UPDATED,NAME,PUBLIC_ID) values (67,'2008-11-07','cider-Phone','2008-11-07','Phone',NULL);
insert into dyextn_abstract_metadata (IDENTIFIER,CREATED_DATE,DESCRIPTION,LAST_UPDATED,NAME,PUBLIC_ID) values (68,NULL,NULL,NULL,'type',NULL);
insert into dyextn_abstract_metadata (IDENTIFIER,CREATED_DATE,DESCRIPTION,LAST_UPDATED,NAME,PUBLIC_ID) values (69,NULL,NULL,NULL,'number',NULL);
insert into dyextn_abstract_metadata (IDENTIFIER,CREATED_DATE,DESCRIPTION,LAST_UPDATED,NAME,PUBLIC_ID) values (70,NULL,NULL,NULL,'id',NULL);
insert into dyextn_abstract_metadata (IDENTIFIER,CREATED_DATE,DESCRIPTION,LAST_UPDATED,NAME,PUBLIC_ID) values (71,NULL,NULL,NULL,'AssociationName_4',NULL);
insert into dyextn_abstract_metadata (IDENTIFIER,CREATED_DATE,DESCRIPTION,LAST_UPDATED,NAME,PUBLIC_ID) values (72,NULL,NULL,NULL,'AssociationName_5',NULL);
insert into dyextn_abstract_metadata (IDENTIFIER,CREATED_DATE,DESCRIPTION,LAST_UPDATED,NAME,PUBLIC_ID) values (73,NULL,NULL,NULL,'AssociationName_1',NULL);
insert into dyextn_abstract_metadata (IDENTIFIER,CREATED_DATE,DESCRIPTION,LAST_UPDATED,NAME,PUBLIC_ID) values (74,NULL,NULL,NULL,'personUpi',NULL);
insert into dyextn_abstract_metadata (IDENTIFIER,CREATED_DATE,DESCRIPTION,LAST_UPDATED,NAME,PUBLIC_ID) values (75,NULL,NULL,NULL,'id',NULL);
insert into dyextn_abstract_metadata (IDENTIFIER,CREATED_DATE,DESCRIPTION,LAST_UPDATED,NAME,PUBLIC_ID) values (76,'2008-11-07','cider-ResearchOptOut','2008-11-07','ResearchOptOut',NULL);
insert into dyextn_abstract_metadata (IDENTIFIER,CREATED_DATE,DESCRIPTION,LAST_UPDATED,NAME,PUBLIC_ID) values (77,NULL,NULL,NULL,'id',NULL);
insert into dyextn_abstract_metadata (IDENTIFIER,CREATED_DATE,DESCRIPTION,LAST_UPDATED,NAME,PUBLIC_ID) values (78,'2008-11-19','cider-PatientLocation','2008-11-19','PatientLocation',NULL);
insert into dyextn_abstract_metadata (IDENTIFIER,CREATED_DATE,DESCRIPTION,LAST_UPDATED,NAME,PUBLIC_ID) values (79,NULL,NULL,NULL,'bed',NULL);
insert into dyextn_abstract_metadata (IDENTIFIER,CREATED_DATE,DESCRIPTION,LAST_UPDATED,NAME,PUBLIC_ID) values (80,NULL,NULL,NULL,'room',NULL);
insert into dyextn_abstract_metadata (IDENTIFIER,CREATED_DATE,DESCRIPTION,LAST_UPDATED,NAME,PUBLIC_ID) values (81,NULL,NULL,NULL,'location',NULL);
insert into dyextn_abstract_metadata (IDENTIFIER,CREATED_DATE,DESCRIPTION,LAST_UPDATED,NAME,PUBLIC_ID) values (82,NULL,NULL,NULL,'id',NULL);
insert into dyextn_abstract_metadata (IDENTIFIER,CREATED_DATE,DESCRIPTION,LAST_UPDATED,NAME,PUBLIC_ID) values (83,'2008-11-19','cider-Provider','2008-11-19','Provider',NULL);
insert into dyextn_abstract_metadata (IDENTIFIER,CREATED_DATE,DESCRIPTION,LAST_UPDATED,NAME,PUBLIC_ID) values (84,'2008-11-19','cider-MedicalEntitiesDictionary','2008-11-19','MedicalEntitiesDictionary',NULL);
insert into dyextn_abstract_metadata (IDENTIFIER,CREATED_DATE,DESCRIPTION,LAST_UPDATED,NAME,PUBLIC_ID) values (85,NULL,NULL,NULL,'shortName',NULL);
insert into dyextn_abstract_metadata (IDENTIFIER,CREATED_DATE,DESCRIPTION,LAST_UPDATED,NAME,PUBLIC_ID) values (86,NULL,NULL,NULL,'name',NULL);
insert into dyextn_abstract_metadata (IDENTIFIER,CREATED_DATE,DESCRIPTION,LAST_UPDATED,NAME,PUBLIC_ID) values (87,NULL,NULL,NULL,'id',NULL);
insert into dyextn_abstract_metadata (IDENTIFIER,CREATED_DATE,DESCRIPTION,LAST_UPDATED,NAME,PUBLIC_ID) values (88,NULL,NULL,NULL,'AssociationName_3',NULL);
insert into dyextn_abstract_metadata (IDENTIFIER,CREATED_DATE,DESCRIPTION,LAST_UPDATED,NAME,PUBLIC_ID) values (89,NULL,NULL,NULL,'AssociationName_2',NULL);
insert into dyextn_abstract_metadata (IDENTIFIER,CREATED_DATE,DESCRIPTION,LAST_UPDATED,NAME,PUBLIC_ID) values (90,NULL,NULL,NULL,'AssociationName_1',NULL);
insert into dyextn_abstract_metadata (IDENTIFIER,CREATED_DATE,DESCRIPTION,LAST_UPDATED,NAME,PUBLIC_ID) values (91,NULL,NULL,NULL,'facilityProviderId',NULL);
insert into dyextn_abstract_metadata (IDENTIFIER,CREATED_DATE,DESCRIPTION,LAST_UPDATED,NAME,PUBLIC_ID) values (92,NULL,NULL,NULL,'id',NULL);
insert into dyextn_abstract_metadata (IDENTIFIER,CREATED_DATE,DESCRIPTION,LAST_UPDATED,NAME,PUBLIC_ID) values (93,'2008-11-19','cider-VipIndicator','2008-11-19','VipIndicator',NULL);
insert into dyextn_abstract_metadata (IDENTIFIER,CREATED_DATE,DESCRIPTION,LAST_UPDATED,NAME,PUBLIC_ID) values (94,NULL,NULL,NULL,'id',NULL);
insert into dyextn_abstract_metadata (IDENTIFIER,CREATED_DATE,DESCRIPTION,LAST_UPDATED,NAME,PUBLIC_ID) values (95,'2008-11-19','cider-NormalRange','2008-11-19','NormalRange',NULL);
insert into dyextn_abstract_metadata (IDENTIFIER,CREATED_DATE,DESCRIPTION,LAST_UPDATED,NAME,PUBLIC_ID) values (96,NULL,NULL,NULL,'rangeHigh',NULL);
insert into dyextn_abstract_metadata (IDENTIFIER,CREATED_DATE,DESCRIPTION,LAST_UPDATED,NAME,PUBLIC_ID) values (97,NULL,NULL,NULL,'rangeLow',NULL);
insert into dyextn_abstract_metadata (IDENTIFIER,CREATED_DATE,DESCRIPTION,LAST_UPDATED,NAME,PUBLIC_ID) values (98,NULL,NULL,NULL,'range',NULL);
insert into dyextn_abstract_metadata (IDENTIFIER,CREATED_DATE,DESCRIPTION,LAST_UPDATED,NAME,PUBLIC_ID) values (99,NULL,NULL,NULL,'id',NULL);
insert into dyextn_abstract_metadata (IDENTIFIER,CREATED_DATE,DESCRIPTION,LAST_UPDATED,NAME,PUBLIC_ID) values (100,'2008-11-19','cider-LaboratoryProcedureType','2008-11-19','LaboratoryProcedureType',NULL);
insert into dyextn_abstract_metadata (IDENTIFIER,CREATED_DATE,DESCRIPTION,LAST_UPDATED,NAME,PUBLIC_ID) values (101,NULL,NULL,NULL,'id',NULL);
insert into dyextn_abstract_metadata (IDENTIFIER,CREATED_DATE,DESCRIPTION,LAST_UPDATED,NAME,PUBLIC_ID) values (102,'2008-11-19','cider-DiagnosticRelatedGroup','2008-11-19','DiagnosticRelatedGroup',NULL);
insert into dyextn_abstract_metadata (IDENTIFIER,CREATED_DATE,DESCRIPTION,LAST_UPDATED,NAME,PUBLIC_ID) values (103,NULL,NULL,NULL,'id',NULL);
insert into dyextn_abstract_metadata (IDENTIFIER,CREATED_DATE,DESCRIPTION,LAST_UPDATED,NAME,PUBLIC_ID) values (104,'2008-11-19','cider-Status','2008-11-19','Status',NULL);
insert into dyextn_abstract_metadata (IDENTIFIER,CREATED_DATE,DESCRIPTION,LAST_UPDATED,NAME,PUBLIC_ID) values (105,NULL,NULL,NULL,'id',NULL);
insert into dyextn_abstract_metadata (IDENTIFIER,CREATED_DATE,DESCRIPTION,LAST_UPDATED,NAME,PUBLIC_ID) values (106,'2008-11-19','cider-FacilityDischargeDisposition','2008-11-19','FacilityDischargeDisposition',NULL);
insert into dyextn_abstract_metadata (IDENTIFIER,CREATED_DATE,DESCRIPTION,LAST_UPDATED,NAME,PUBLIC_ID) values (107,NULL,NULL,NULL,'id',NULL);
insert into dyextn_abstract_metadata (IDENTIFIER,CREATED_DATE,DESCRIPTION,LAST_UPDATED,NAME,PUBLIC_ID) values (108,'2008-11-19','cider-ProcedureCode','2008-11-19','ProcedureCode',NULL);
insert into dyextn_abstract_metadata (IDENTIFIER,CREATED_DATE,DESCRIPTION,LAST_UPDATED,NAME,PUBLIC_ID) values (109,NULL,NULL,NULL,'id',NULL);
insert into dyextn_abstract_metadata (IDENTIFIER,CREATED_DATE,DESCRIPTION,LAST_UPDATED,NAME,PUBLIC_ID) values (110,'2008-11-19','cider-FinancialClass','2008-11-19','FinancialClass',NULL);
insert into dyextn_abstract_metadata (IDENTIFIER,CREATED_DATE,DESCRIPTION,LAST_UPDATED,NAME,PUBLIC_ID) values (111,NULL,NULL,NULL,'id',NULL);
insert into dyextn_abstract_metadata (IDENTIFIER,CREATED_DATE,DESCRIPTION,LAST_UPDATED,NAME,PUBLIC_ID) values (112,'2008-11-19','cider-Insurance','2008-11-19','Insurance',NULL);
insert into dyextn_abstract_metadata (IDENTIFIER,CREATED_DATE,DESCRIPTION,LAST_UPDATED,NAME,PUBLIC_ID) values (113,NULL,NULL,NULL,'AssociationName_2',NULL);
insert into dyextn_abstract_metadata (IDENTIFIER,CREATED_DATE,DESCRIPTION,LAST_UPDATED,NAME,PUBLIC_ID) values (114,NULL,NULL,NULL,'AssociationName_1',NULL);
insert into dyextn_abstract_metadata (IDENTIFIER,CREATED_DATE,DESCRIPTION,LAST_UPDATED,NAME,PUBLIC_ID) values (115,NULL,NULL,NULL,'preAdmitCert',NULL);
insert into dyextn_abstract_metadata (IDENTIFIER,CREATED_DATE,DESCRIPTION,LAST_UPDATED,NAME,PUBLIC_ID) values (116,NULL,NULL,NULL,'policyName',NULL);
insert into dyextn_abstract_metadata (IDENTIFIER,CREATED_DATE,DESCRIPTION,LAST_UPDATED,NAME,PUBLIC_ID) values (117,NULL,NULL,NULL,'insuredGroupEmpName',NULL);
insert into dyextn_abstract_metadata (IDENTIFIER,CREATED_DATE,DESCRIPTION,LAST_UPDATED,NAME,PUBLIC_ID) values (118,NULL,NULL,NULL,'insuredGroupEmpId',NULL);
insert into dyextn_abstract_metadata (IDENTIFIER,CREATED_DATE,DESCRIPTION,LAST_UPDATED,NAME,PUBLIC_ID) values (119,NULL,NULL,NULL,'groupName',NULL);
insert into dyextn_abstract_metadata (IDENTIFIER,CREATED_DATE,DESCRIPTION,LAST_UPDATED,NAME,PUBLIC_ID) values (120,NULL,NULL,NULL,'groupNumber',NULL);
insert into dyextn_abstract_metadata (IDENTIFIER,CREATED_DATE,DESCRIPTION,LAST_UPDATED,NAME,PUBLIC_ID) values (121,NULL,NULL,NULL,'companyId',NULL);
insert into dyextn_abstract_metadata (IDENTIFIER,CREATED_DATE,DESCRIPTION,LAST_UPDATED,NAME,PUBLIC_ID) values (122,NULL,NULL,NULL,'planId',NULL);
insert into dyextn_abstract_metadata (IDENTIFIER,CREATED_DATE,DESCRIPTION,LAST_UPDATED,NAME,PUBLIC_ID) values (123,NULL,NULL,NULL,'sequence',NULL);
insert into dyextn_abstract_metadata (IDENTIFIER,CREATED_DATE,DESCRIPTION,LAST_UPDATED,NAME,PUBLIC_ID) values (124,NULL,NULL,NULL,'id',NULL);
insert into dyextn_abstract_metadata (IDENTIFIER,CREATED_DATE,DESCRIPTION,LAST_UPDATED,NAME,PUBLIC_ID) values (125,'2008-11-19','cider-Encounter','2008-11-19','Encounter',NULL);
insert into dyextn_abstract_metadata (IDENTIFIER,CREATED_DATE,DESCRIPTION,LAST_UPDATED,NAME,PUBLIC_ID) values (126,'2008-11-19','cider-EncounterDetails','2008-11-19','EncounterDetails',NULL);
insert into dyextn_abstract_metadata (IDENTIFIER,CREATED_DATE,DESCRIPTION,LAST_UPDATED,NAME,PUBLIC_ID) values (127,NULL,NULL,NULL,'AssociationName_32',NULL);
insert into dyextn_abstract_metadata (IDENTIFIER,CREATED_DATE,DESCRIPTION,LAST_UPDATED,NAME,PUBLIC_ID) values (128,NULL,NULL,NULL,'AssociationName_31',NULL);
insert into dyextn_abstract_metadata (IDENTIFIER,CREATED_DATE,DESCRIPTION,LAST_UPDATED,NAME,PUBLIC_ID) values (129,NULL,NULL,NULL,'AssociationName_30',NULL);
insert into dyextn_abstract_metadata (IDENTIFIER,CREATED_DATE,DESCRIPTION,LAST_UPDATED,NAME,PUBLIC_ID) values (130,NULL,NULL,NULL,'AssociationName_29',NULL);
insert into dyextn_abstract_metadata (IDENTIFIER,CREATED_DATE,DESCRIPTION,LAST_UPDATED,NAME,PUBLIC_ID) values (131,NULL,NULL,NULL,'AssociationName_28',NULL);
insert into dyextn_abstract_metadata (IDENTIFIER,CREATED_DATE,DESCRIPTION,LAST_UPDATED,NAME,PUBLIC_ID) values (132,NULL,NULL,NULL,'AssociationName_27',NULL);
insert into dyextn_abstract_metadata (IDENTIFIER,CREATED_DATE,DESCRIPTION,LAST_UPDATED,NAME,PUBLIC_ID) values (133,NULL,NULL,NULL,'AssociationName_26',NULL);
insert into dyextn_abstract_metadata (IDENTIFIER,CREATED_DATE,DESCRIPTION,LAST_UPDATED,NAME,PUBLIC_ID) values (134,'2008-11-19','cider-Facility','2008-11-19','Facility',NULL);
insert into dyextn_abstract_metadata (IDENTIFIER,CREATED_DATE,DESCRIPTION,LAST_UPDATED,NAME,PUBLIC_ID) values (135,NULL,NULL,NULL,'initials',NULL);
insert into dyextn_abstract_metadata (IDENTIFIER,CREATED_DATE,DESCRIPTION,LAST_UPDATED,NAME,PUBLIC_ID) values (136,NULL,NULL,NULL,'id',NULL);
insert into dyextn_abstract_metadata (IDENTIFIER,CREATED_DATE,DESCRIPTION,LAST_UPDATED,NAME,PUBLIC_ID) values (137,NULL,NULL,NULL,'AssociationName_25',NULL);
insert into dyextn_abstract_metadata (IDENTIFIER,CREATED_DATE,DESCRIPTION,LAST_UPDATED,NAME,PUBLIC_ID) values (138,'2008-11-19','cider-ClinicalTrial','2008-11-19','ClinicalTrial',NULL);
insert into dyextn_abstract_metadata (IDENTIFIER,CREATED_DATE,DESCRIPTION,LAST_UPDATED,NAME,PUBLIC_ID) values (139,NULL,NULL,NULL,'AssociationName_1',NULL);
insert into dyextn_abstract_metadata (IDENTIFIER,CREATED_DATE,DESCRIPTION,LAST_UPDATED,NAME,PUBLIC_ID) values (140,NULL,NULL,NULL,'protocolId',NULL);
insert into dyextn_abstract_metadata (IDENTIFIER,CREATED_DATE,DESCRIPTION,LAST_UPDATED,NAME,PUBLIC_ID) values (141,NULL,NULL,NULL,'status',NULL);
insert into dyextn_abstract_metadata (IDENTIFIER,CREATED_DATE,DESCRIPTION,LAST_UPDATED,NAME,PUBLIC_ID) values (142,NULL,NULL,NULL,'endTimeStamp',NULL);
insert into dyextn_abstract_metadata (IDENTIFIER,CREATED_DATE,DESCRIPTION,LAST_UPDATED,NAME,PUBLIC_ID) values (143,NULL,NULL,NULL,'startTimeStamp',NULL);
insert into dyextn_abstract_metadata (IDENTIFIER,CREATED_DATE,DESCRIPTION,LAST_UPDATED,NAME,PUBLIC_ID) values (144,NULL,NULL,NULL,'trailName',NULL);
insert into dyextn_abstract_metadata (IDENTIFIER,CREATED_DATE,DESCRIPTION,LAST_UPDATED,NAME,PUBLIC_ID) values (145,NULL,NULL,NULL,'trialId',NULL);
insert into dyextn_abstract_metadata (IDENTIFIER,CREATED_DATE,DESCRIPTION,LAST_UPDATED,NAME,PUBLIC_ID) values (146,NULL,NULL,NULL,'id',NULL);
insert into dyextn_abstract_metadata (IDENTIFIER,CREATED_DATE,DESCRIPTION,LAST_UPDATED,NAME,PUBLIC_ID) values (147,NULL,NULL,NULL,'AssociationName_24',NULL);
insert into dyextn_abstract_metadata (IDENTIFIER,CREATED_DATE,DESCRIPTION,LAST_UPDATED,NAME,PUBLIC_ID) values (148,'2008-11-19','cider-Service','2008-11-19','Service',NULL);
insert into dyextn_abstract_metadata (IDENTIFIER,CREATED_DATE,DESCRIPTION,LAST_UPDATED,NAME,PUBLIC_ID) values (149,NULL,NULL,NULL,'id',NULL);
insert into dyextn_abstract_metadata (IDENTIFIER,CREATED_DATE,DESCRIPTION,LAST_UPDATED,NAME,PUBLIC_ID) values (150,NULL,NULL,NULL,'AssociationName_23',NULL);
insert into dyextn_abstract_metadata (IDENTIFIER,CREATED_DATE,DESCRIPTION,LAST_UPDATED,NAME,PUBLIC_ID) values (151,NULL,NULL,NULL,'AssociationName_22',NULL);
insert into dyextn_abstract_metadata (IDENTIFIER,CREATED_DATE,DESCRIPTION,LAST_UPDATED,NAME,PUBLIC_ID) values (152,'2008-11-19','cider-PatientAccountNumber','2008-11-19','PatientAccountNumber',NULL);
insert into dyextn_abstract_metadata (IDENTIFIER,CREATED_DATE,DESCRIPTION,LAST_UPDATED,NAME,PUBLIC_ID) values (153,NULL,NULL,NULL,'AssociationName_1',NULL);
insert into dyextn_abstract_metadata (IDENTIFIER,CREATED_DATE,DESCRIPTION,LAST_UPDATED,NAME,PUBLIC_ID) values (154,NULL,NULL,NULL,'patientAccountNumber',NULL);
insert into dyextn_abstract_metadata (IDENTIFIER,CREATED_DATE,DESCRIPTION,LAST_UPDATED,NAME,PUBLIC_ID) values (155,NULL,NULL,NULL,'id',NULL);
insert into dyextn_abstract_metadata (IDENTIFIER,CREATED_DATE,DESCRIPTION,LAST_UPDATED,NAME,PUBLIC_ID) values (156,NULL,NULL,NULL,'AssociationName_21',NULL);
insert into dyextn_abstract_metadata (IDENTIFIER,CREATED_DATE,DESCRIPTION,LAST_UPDATED,NAME,PUBLIC_ID) values (157,'2008-11-19','cider-Procedure','2008-11-19','Procedure',NULL);
insert into dyextn_abstract_metadata (IDENTIFIER,CREATED_DATE,DESCRIPTION,LAST_UPDATED,NAME,PUBLIC_ID) values (158,NULL,NULL,NULL,'AssociationName_5',NULL);
insert into dyextn_abstract_metadata (IDENTIFIER,CREATED_DATE,DESCRIPTION,LAST_UPDATED,NAME,PUBLIC_ID) values (159,NULL,NULL,NULL,'AssociationName_4',NULL);
insert into dyextn_abstract_metadata (IDENTIFIER,CREATED_DATE,DESCRIPTION,LAST_UPDATED,NAME,PUBLIC_ID) values (160,'2008-11-19','cider-ProcedureType','2008-11-19','ProcedureType',NULL);
insert into dyextn_abstract_metadata (IDENTIFIER,CREATED_DATE,DESCRIPTION,LAST_UPDATED,NAME,PUBLIC_ID) values (161,NULL,NULL,NULL,'id',NULL);
insert into dyextn_abstract_metadata (IDENTIFIER,CREATED_DATE,DESCRIPTION,LAST_UPDATED,NAME,PUBLIC_ID) values (162,NULL,NULL,NULL,'AssociationName_3',NULL);
insert into dyextn_abstract_metadata (IDENTIFIER,CREATED_DATE,DESCRIPTION,LAST_UPDATED,NAME,PUBLIC_ID) values (163,NULL,NULL,NULL,'AssociationName_2',NULL);
insert into dyextn_abstract_metadata (IDENTIFIER,CREATED_DATE,DESCRIPTION,LAST_UPDATED,NAME,PUBLIC_ID) values (164,NULL,NULL,NULL,'AssociationName_1',NULL);
insert into dyextn_abstract_metadata (IDENTIFIER,CREATED_DATE,DESCRIPTION,LAST_UPDATED,NAME,PUBLIC_ID) values (165,NULL,NULL,NULL,'sequence',NULL);
insert into dyextn_abstract_metadata (IDENTIFIER,CREATED_DATE,DESCRIPTION,LAST_UPDATED,NAME,PUBLIC_ID) values (166,NULL,NULL,NULL,'date',NULL);
insert into dyextn_abstract_metadata (IDENTIFIER,CREATED_DATE,DESCRIPTION,LAST_UPDATED,NAME,PUBLIC_ID) values (167,NULL,NULL,NULL,'id',NULL);
insert into dyextn_abstract_metadata (IDENTIFIER,CREATED_DATE,DESCRIPTION,LAST_UPDATED,NAME,PUBLIC_ID) values (168,NULL,NULL,NULL,'AssociationName_20',NULL);
insert into dyextn_abstract_metadata (IDENTIFIER,CREATED_DATE,DESCRIPTION,LAST_UPDATED,NAME,PUBLIC_ID) values (169,'2008-11-19','cider-HipaaNotified','2008-11-19','HipaaNotified',NULL);
insert into dyextn_abstract_metadata (IDENTIFIER,CREATED_DATE,DESCRIPTION,LAST_UPDATED,NAME,PUBLIC_ID) values (170,NULL,NULL,NULL,'id',NULL);
insert into dyextn_abstract_metadata (IDENTIFIER,CREATED_DATE,DESCRIPTION,LAST_UPDATED,NAME,PUBLIC_ID) values (171,NULL,NULL,NULL,'AssociationName_19',NULL);
insert into dyextn_abstract_metadata (IDENTIFIER,CREATED_DATE,DESCRIPTION,LAST_UPDATED,NAME,PUBLIC_ID) values (172,'2008-11-19','cider-InfectionControlCode','2008-11-19','InfectionControlCode',NULL);
insert into dyextn_abstract_metadata (IDENTIFIER,CREATED_DATE,DESCRIPTION,LAST_UPDATED,NAME,PUBLIC_ID) values (173,NULL,NULL,NULL,'id',NULL);
insert into dyextn_abstract_metadata (IDENTIFIER,CREATED_DATE,DESCRIPTION,LAST_UPDATED,NAME,PUBLIC_ID) values (174,NULL,NULL,NULL,'AssociationName_18',NULL);
insert into dyextn_abstract_metadata (IDENTIFIER,CREATED_DATE,DESCRIPTION,LAST_UPDATED,NAME,PUBLIC_ID) values (175,'2008-11-19','cider-DischargeDisposition','2008-11-19','DischargeDisposition',NULL);
insert into dyextn_abstract_metadata (IDENTIFIER,CREATED_DATE,DESCRIPTION,LAST_UPDATED,NAME,PUBLIC_ID) values (176,NULL,NULL,NULL,'id',NULL);
insert into dyextn_abstract_metadata (IDENTIFIER,CREATED_DATE,DESCRIPTION,LAST_UPDATED,NAME,PUBLIC_ID) values (177,NULL,NULL,NULL,'AssociationName_17',NULL);
insert into dyextn_abstract_metadata (IDENTIFIER,CREATED_DATE,DESCRIPTION,LAST_UPDATED,NAME,PUBLIC_ID) values (178,NULL,NULL,NULL,'AssociationName_4',NULL);
insert into dyextn_abstract_metadata (IDENTIFIER,CREATED_DATE,DESCRIPTION,LAST_UPDATED,NAME,PUBLIC_ID) values (179,NULL,NULL,NULL,'AssociationName_3',NULL);
insert into dyextn_abstract_metadata (IDENTIFIER,CREATED_DATE,DESCRIPTION,LAST_UPDATED,NAME,PUBLIC_ID) values (180,NULL,NULL,NULL,'AssociationName_2',NULL);
insert into dyextn_abstract_metadata (IDENTIFIER,CREATED_DATE,DESCRIPTION,LAST_UPDATED,NAME,PUBLIC_ID) values (181,NULL,NULL,NULL,'AssociationName_1',NULL);
insert into dyextn_abstract_metadata (IDENTIFIER,CREATED_DATE,DESCRIPTION,LAST_UPDATED,NAME,PUBLIC_ID) values (182,NULL,NULL,NULL,'admittingService',NULL);
insert into dyextn_abstract_metadata (IDENTIFIER,CREATED_DATE,DESCRIPTION,LAST_UPDATED,NAME,PUBLIC_ID) values (183,NULL,NULL,NULL,'dischargeService',NULL);
insert into dyextn_abstract_metadata (IDENTIFIER,CREATED_DATE,DESCRIPTION,LAST_UPDATED,NAME,PUBLIC_ID) values (184,NULL,NULL,NULL,'teachingTeam',NULL);
insert into dyextn_abstract_metadata (IDENTIFIER,CREATED_DATE,DESCRIPTION,LAST_UPDATED,NAME,PUBLIC_ID) values (185,NULL,NULL,NULL,'dischargeTimeStamp',NULL);
insert into dyextn_abstract_metadata (IDENTIFIER,CREATED_DATE,DESCRIPTION,LAST_UPDATED,NAME,PUBLIC_ID) values (186,NULL,NULL,NULL,'registrationTimeStamp',NULL);
insert into dyextn_abstract_metadata (IDENTIFIER,CREATED_DATE,DESCRIPTION,LAST_UPDATED,NAME,PUBLIC_ID) values (187,NULL,NULL,NULL,'ageAtEncounter',NULL);
insert into dyextn_abstract_metadata (IDENTIFIER,CREATED_DATE,DESCRIPTION,LAST_UPDATED,NAME,PUBLIC_ID) values (188,NULL,NULL,NULL,'effectingEndTimeStamp',NULL);
insert into dyextn_abstract_metadata (IDENTIFIER,CREATED_DATE,DESCRIPTION,LAST_UPDATED,NAME,PUBLIC_ID) values (189,NULL,NULL,NULL,'effectingStartTimeStamp',NULL);
insert into dyextn_abstract_metadata (IDENTIFIER,CREATED_DATE,DESCRIPTION,LAST_UPDATED,NAME,PUBLIC_ID) values (190,NULL,NULL,NULL,'id',NULL);
insert into dyextn_abstract_metadata (IDENTIFIER,CREATED_DATE,DESCRIPTION,LAST_UPDATED,NAME,PUBLIC_ID) values (191,NULL,NULL,NULL,'AssociationName_5',NULL);
insert into dyextn_abstract_metadata (IDENTIFIER,CREATED_DATE,DESCRIPTION,LAST_UPDATED,NAME,PUBLIC_ID) values (192,NULL,NULL,NULL,'AssociationName_6',NULL);
insert into dyextn_abstract_metadata (IDENTIFIER,CREATED_DATE,DESCRIPTION,LAST_UPDATED,NAME,PUBLIC_ID) values (193,NULL,NULL,NULL,'AssociationName_7',NULL);
insert into dyextn_abstract_metadata (IDENTIFIER,CREATED_DATE,DESCRIPTION,LAST_UPDATED,NAME,PUBLIC_ID) values (194,NULL,NULL,NULL,'AssociationName_8',NULL);
insert into dyextn_abstract_metadata (IDENTIFIER,CREATED_DATE,DESCRIPTION,LAST_UPDATED,NAME,PUBLIC_ID) values (195,NULL,NULL,NULL,'AssociationName_9',NULL);
insert into dyextn_abstract_metadata (IDENTIFIER,CREATED_DATE,DESCRIPTION,LAST_UPDATED,NAME,PUBLIC_ID) values (196,NULL,NULL,NULL,'AssociationName_10',NULL);
insert into dyextn_abstract_metadata (IDENTIFIER,CREATED_DATE,DESCRIPTION,LAST_UPDATED,NAME,PUBLIC_ID) values (197,NULL,NULL,NULL,'AssociationName_11',NULL);
insert into dyextn_abstract_metadata (IDENTIFIER,CREATED_DATE,DESCRIPTION,LAST_UPDATED,NAME,PUBLIC_ID) values (198,NULL,NULL,NULL,'AssociationName_12',NULL);
insert into dyextn_abstract_metadata (IDENTIFIER,CREATED_DATE,DESCRIPTION,LAST_UPDATED,NAME,PUBLIC_ID) values (199,'2008-11-19','cider-PatientClass','2008-11-19','PatientClass',NULL);
insert into dyextn_abstract_metadata (IDENTIFIER,CREATED_DATE,DESCRIPTION,LAST_UPDATED,NAME,PUBLIC_ID) values (200,NULL,NULL,NULL,'id',NULL);
insert into dyextn_abstract_metadata (IDENTIFIER,CREATED_DATE,DESCRIPTION,LAST_UPDATED,NAME,PUBLIC_ID) values (201,NULL,NULL,NULL,'AssociationName_13',NULL);
insert into dyextn_abstract_metadata (IDENTIFIER,CREATED_DATE,DESCRIPTION,LAST_UPDATED,NAME,PUBLIC_ID) values (202,'2008-11-19','cider-PatientType','2008-11-19','PatientType',NULL);
insert into dyextn_abstract_metadata (IDENTIFIER,CREATED_DATE,DESCRIPTION,LAST_UPDATED,NAME,PUBLIC_ID) values (203,NULL,NULL,NULL,'id',NULL);
insert into dyextn_abstract_metadata (IDENTIFIER,CREATED_DATE,DESCRIPTION,LAST_UPDATED,NAME,PUBLIC_ID) values (204,NULL,NULL,NULL,'AssociationName_14',NULL);
insert into dyextn_abstract_metadata (IDENTIFIER,CREATED_DATE,DESCRIPTION,LAST_UPDATED,NAME,PUBLIC_ID) values (205,'2008-11-19','cider-Diagnosis','2008-11-19','Diagnosis',NULL);
insert into dyextn_abstract_metadata (IDENTIFIER,CREATED_DATE,DESCRIPTION,LAST_UPDATED,NAME,PUBLIC_ID) values (206,'2008-11-19','cider-DiagnosisType','2008-11-19','DiagnosisType',NULL);
insert into dyextn_abstract_metadata (IDENTIFIER,CREATED_DATE,DESCRIPTION,LAST_UPDATED,NAME,PUBLIC_ID) values (207,NULL,NULL,NULL,'id',NULL);
insert into dyextn_abstract_metadata (IDENTIFIER,CREATED_DATE,DESCRIPTION,LAST_UPDATED,NAME,PUBLIC_ID) values (208,NULL,NULL,NULL,'AssociationName_4',NULL);
insert into dyextn_abstract_metadata (IDENTIFIER,CREATED_DATE,DESCRIPTION,LAST_UPDATED,NAME,PUBLIC_ID) values (209,'2008-11-19','cider-DiagnosisCode','2008-11-19','DiagnosisCode',NULL);
insert into dyextn_abstract_metadata (IDENTIFIER,CREATED_DATE,DESCRIPTION,LAST_UPDATED,NAME,PUBLIC_ID) values (210,NULL,NULL,NULL,'id',NULL);
insert into dyextn_abstract_metadata (IDENTIFIER,CREATED_DATE,DESCRIPTION,LAST_UPDATED,NAME,PUBLIC_ID) values (211,NULL,NULL,NULL,'AssociationName_3',NULL);
insert into dyextn_abstract_metadata (IDENTIFIER,CREATED_DATE,DESCRIPTION,LAST_UPDATED,NAME,PUBLIC_ID) values (212,NULL,NULL,NULL,'AssociationName_2',NULL);
insert into dyextn_abstract_metadata (IDENTIFIER,CREATED_DATE,DESCRIPTION,LAST_UPDATED,NAME,PUBLIC_ID) values (213,NULL,NULL,NULL,'AssociationName_1',NULL);
insert into dyextn_abstract_metadata (IDENTIFIER,CREATED_DATE,DESCRIPTION,LAST_UPDATED,NAME,PUBLIC_ID) values (214,NULL,NULL,NULL,'sequence',NULL);
insert into dyextn_abstract_metadata (IDENTIFIER,CREATED_DATE,DESCRIPTION,LAST_UPDATED,NAME,PUBLIC_ID) values (215,NULL,NULL,NULL,'description',NULL);
insert into dyextn_abstract_metadata (IDENTIFIER,CREATED_DATE,DESCRIPTION,LAST_UPDATED,NAME,PUBLIC_ID) values (216,NULL,NULL,NULL,'id',NULL);
insert into dyextn_abstract_metadata (IDENTIFIER,CREATED_DATE,DESCRIPTION,LAST_UPDATED,NAME,PUBLIC_ID) values (217,NULL,NULL,NULL,'AssociationName_15',NULL);
insert into dyextn_abstract_metadata (IDENTIFIER,CREATED_DATE,DESCRIPTION,LAST_UPDATED,NAME,PUBLIC_ID) values (218,'2008-11-19','cider-OptOutIndicator','2008-11-19','OptOutIndicator',NULL);
insert into dyextn_abstract_metadata (IDENTIFIER,CREATED_DATE,DESCRIPTION,LAST_UPDATED,NAME,PUBLIC_ID) values (219,NULL,NULL,NULL,'id',NULL);
insert into dyextn_abstract_metadata (IDENTIFIER,CREATED_DATE,DESCRIPTION,LAST_UPDATED,NAME,PUBLIC_ID) values (220,NULL,NULL,NULL,'AssociationName_16',NULL);
insert into dyextn_abstract_metadata (IDENTIFIER,CREATED_DATE,DESCRIPTION,LAST_UPDATED,NAME,PUBLIC_ID) values (221,NULL,NULL,NULL,'AssociationName_4',NULL);
insert into dyextn_abstract_metadata (IDENTIFIER,CREATED_DATE,DESCRIPTION,LAST_UPDATED,NAME,PUBLIC_ID) values (222,NULL,NULL,NULL,'AssociationName_3',NULL);
insert into dyextn_abstract_metadata (IDENTIFIER,CREATED_DATE,DESCRIPTION,LAST_UPDATED,NAME,PUBLIC_ID) values (223,'2008-11-19','cider-MedicalRecordNumber','2008-11-19','MedicalRecordNumber',NULL);
insert into dyextn_abstract_metadata (IDENTIFIER,CREATED_DATE,DESCRIPTION,LAST_UPDATED,NAME,PUBLIC_ID) values (224,NULL,NULL,NULL,'AssociationName_1',NULL);
insert into dyextn_abstract_metadata (IDENTIFIER,CREATED_DATE,DESCRIPTION,LAST_UPDATED,NAME,PUBLIC_ID) values (225,NULL,NULL,NULL,'Type',NULL);
insert into dyextn_abstract_metadata (IDENTIFIER,CREATED_DATE,DESCRIPTION,LAST_UPDATED,NAME,PUBLIC_ID) values (226,NULL,NULL,NULL,'Number',NULL);
insert into dyextn_abstract_metadata (IDENTIFIER,CREATED_DATE,DESCRIPTION,LAST_UPDATED,NAME,PUBLIC_ID) values (227,NULL,NULL,NULL,'id',NULL);
insert into dyextn_abstract_metadata (IDENTIFIER,CREATED_DATE,DESCRIPTION,LAST_UPDATED,NAME,PUBLIC_ID) values (228,NULL,NULL,NULL,'AssociationName_2',NULL);
insert into dyextn_abstract_metadata (IDENTIFIER,CREATED_DATE,DESCRIPTION,LAST_UPDATED,NAME,PUBLIC_ID) values (229,NULL,NULL,NULL,'AssociationName_1',NULL);
insert into dyextn_abstract_metadata (IDENTIFIER,CREATED_DATE,DESCRIPTION,LAST_UPDATED,NAME,PUBLIC_ID) values (230,NULL,NULL,NULL,'patientAccountNumber',NULL);
insert into dyextn_abstract_metadata (IDENTIFIER,CREATED_DATE,DESCRIPTION,LAST_UPDATED,NAME,PUBLIC_ID) values (231,NULL,NULL,NULL,'id',NULL);
insert into dyextn_abstract_metadata (IDENTIFIER,CREATED_DATE,DESCRIPTION,LAST_UPDATED,NAME,PUBLIC_ID) values (232,'2008-11-19','cider-CptProcedureCode','2008-11-19','CptProcedureCode',NULL);
insert into dyextn_abstract_metadata (IDENTIFIER,CREATED_DATE,DESCRIPTION,LAST_UPDATED,NAME,PUBLIC_ID) values (233,NULL,NULL,NULL,'id',NULL);
insert into dyextn_abstract_metadata (IDENTIFIER,CREATED_DATE,DESCRIPTION,LAST_UPDATED,NAME,PUBLIC_ID) values (234,'2008-11-19','cider-AbnormalFlag','2008-11-19','AbnormalFlag',NULL);
insert into dyextn_abstract_metadata (IDENTIFIER,CREATED_DATE,DESCRIPTION,LAST_UPDATED,NAME,PUBLIC_ID) values (235,NULL,NULL,NULL,'id',NULL);
insert into dyextn_abstract_metadata (IDENTIFIER,CREATED_DATE,DESCRIPTION,LAST_UPDATED,NAME,PUBLIC_ID) values (236,'2008-11-19','cider-LaboratoryTestType','2008-11-19','LaboratoryTestType',NULL);
insert into dyextn_abstract_metadata (IDENTIFIER,CREATED_DATE,DESCRIPTION,LAST_UPDATED,NAME,PUBLIC_ID) values (237,NULL,NULL,NULL,'standardUnitOfMeasure',NULL);
insert into dyextn_abstract_metadata (IDENTIFIER,CREATED_DATE,DESCRIPTION,LAST_UPDATED,NAME,PUBLIC_ID) values (238,NULL,NULL,NULL,'id',NULL);
insert into dyextn_abstract_metadata (IDENTIFIER,CREATED_DATE,DESCRIPTION,LAST_UPDATED,NAME,PUBLIC_ID) values (239,'2008-11-19','cider-LaboratoryResult','2008-11-19','LaboratoryResult',NULL);
insert into dyextn_abstract_metadata (IDENTIFIER,CREATED_DATE,DESCRIPTION,LAST_UPDATED,NAME,PUBLIC_ID) values (240,NULL,NULL,NULL,'AssociationName_4',NULL);
insert into dyextn_abstract_metadata (IDENTIFIER,CREATED_DATE,DESCRIPTION,LAST_UPDATED,NAME,PUBLIC_ID) values (241,'2008-11-19','cider-ResultValue','2008-11-19','ResultValue',NULL);
insert into dyextn_abstract_metadata (IDENTIFIER,CREATED_DATE,DESCRIPTION,LAST_UPDATED,NAME,PUBLIC_ID) values (242,'2008-11-19','cider-Result','2008-11-19','Result',NULL);
insert into dyextn_abstract_metadata (IDENTIFIER,CREATED_DATE,DESCRIPTION,LAST_UPDATED,NAME,PUBLIC_ID) values (243,NULL,NULL,NULL,'AssociationName_1',NULL);
insert into dyextn_abstract_metadata (IDENTIFIER,CREATED_DATE,DESCRIPTION,LAST_UPDATED,NAME,PUBLIC_ID) values (244,NULL,NULL,NULL,'units',NULL);
insert into dyextn_abstract_metadata (IDENTIFIER,CREATED_DATE,DESCRIPTION,LAST_UPDATED,NAME,PUBLIC_ID) values (245,NULL,NULL,NULL,'resultHigh',NULL);
insert into dyextn_abstract_metadata (IDENTIFIER,CREATED_DATE,DESCRIPTION,LAST_UPDATED,NAME,PUBLIC_ID) values (246,NULL,NULL,NULL,'resultLow',NULL);
insert into dyextn_abstract_metadata (IDENTIFIER,CREATED_DATE,DESCRIPTION,LAST_UPDATED,NAME,PUBLIC_ID) values (247,NULL,NULL,NULL,'resultString',NULL);
insert into dyextn_abstract_metadata (IDENTIFIER,CREATED_DATE,DESCRIPTION,LAST_UPDATED,NAME,PUBLIC_ID) values (248,NULL,NULL,NULL,'id',NULL);
insert into dyextn_abstract_metadata (IDENTIFIER,CREATED_DATE,DESCRIPTION,LAST_UPDATED,NAME,PUBLIC_ID) values (249,NULL,NULL,NULL,'AssociationName_2',NULL);
insert into dyextn_abstract_metadata (IDENTIFIER,CREATED_DATE,DESCRIPTION,LAST_UPDATED,NAME,PUBLIC_ID) values (250,NULL,NULL,NULL,'AssociationName_1',NULL);
insert into dyextn_abstract_metadata (IDENTIFIER,CREATED_DATE,DESCRIPTION,LAST_UPDATED,NAME,PUBLIC_ID) values (251,NULL,NULL,NULL,'id',NULL);
insert into dyextn_abstract_metadata (IDENTIFIER,CREATED_DATE,DESCRIPTION,LAST_UPDATED,NAME,PUBLIC_ID) values (252,NULL,NULL,NULL,'AssociationName_3',NULL);
insert into dyextn_abstract_metadata (IDENTIFIER,CREATED_DATE,DESCRIPTION,LAST_UPDATED,NAME,PUBLIC_ID) values (253,NULL,NULL,NULL,'AssociationName_2',NULL);
insert into dyextn_abstract_metadata (IDENTIFIER,CREATED_DATE,DESCRIPTION,LAST_UPDATED,NAME,PUBLIC_ID) values (254,NULL,NULL,NULL,'AssociationName_1',NULL);
insert into dyextn_abstract_metadata (IDENTIFIER,CREATED_DATE,DESCRIPTION,LAST_UPDATED,NAME,PUBLIC_ID) values (255,NULL,NULL,NULL,'resultTimeStamp',NULL);
insert into dyextn_abstract_metadata (IDENTIFIER,CREATED_DATE,DESCRIPTION,LAST_UPDATED,NAME,PUBLIC_ID) values (256,NULL,NULL,NULL,'testSynonym',NULL);
insert into dyextn_abstract_metadata (IDENTIFIER,CREATED_DATE,DESCRIPTION,LAST_UPDATED,NAME,PUBLIC_ID) values (257,NULL,NULL,NULL,'resultComments',NULL);
insert into dyextn_abstract_metadata (IDENTIFIER,CREATED_DATE,DESCRIPTION,LAST_UPDATED,NAME,PUBLIC_ID) values (258,NULL,NULL,NULL,'id',NULL);
insert into dyextn_abstract_metadata (IDENTIFIER,CREATED_DATE,DESCRIPTION,LAST_UPDATED,NAME,PUBLIC_ID) values (259,'2008-11-19','cider-Icd9ProcedureCode','2008-11-19','Icd9ProcedureCode',NULL);
insert into dyextn_abstract_metadata (IDENTIFIER,CREATED_DATE,DESCRIPTION,LAST_UPDATED,NAME,PUBLIC_ID) values (260,NULL,NULL,NULL,'id',NULL);
insert into dyextn_abstract_metadata (IDENTIFIER,CREATED_DATE,DESCRIPTION,LAST_UPDATED,NAME,PUBLIC_ID) values (261,'2008-11-19','cider-Units','2008-11-19','Units',NULL);
insert into dyextn_abstract_metadata (IDENTIFIER,CREATED_DATE,DESCRIPTION,LAST_UPDATED,NAME,PUBLIC_ID) values (262,NULL,NULL,NULL,'normalizedUnits',NULL);
insert into dyextn_abstract_metadata (IDENTIFIER,CREATED_DATE,DESCRIPTION,LAST_UPDATED,NAME,PUBLIC_ID) values (263,NULL,NULL,NULL,'sourceUnits',NULL);
insert into dyextn_abstract_metadata (IDENTIFIER,CREATED_DATE,DESCRIPTION,LAST_UPDATED,NAME,PUBLIC_ID) values (264,NULL,NULL,NULL,'id',NULL);
insert into dyextn_abstract_metadata (IDENTIFIER,CREATED_DATE,DESCRIPTION,LAST_UPDATED,NAME,PUBLIC_ID) values (265,'2008-11-19','cider-LaboratoryProcedureDetails','2008-11-19','LaboratoryProcedureDetails',NULL);
insert into dyextn_abstract_metadata (IDENTIFIER,CREATED_DATE,DESCRIPTION,LAST_UPDATED,NAME,PUBLIC_ID) values (266,NULL,NULL,NULL,'AssociationName_8',NULL);
insert into dyextn_abstract_metadata (IDENTIFIER,CREATED_DATE,DESCRIPTION,LAST_UPDATED,NAME,PUBLIC_ID) values (267,NULL,NULL,NULL,'id',NULL);
insert into dyextn_abstract_metadata (IDENTIFIER,CREATED_DATE,DESCRIPTION,LAST_UPDATED,NAME,PUBLIC_ID) values (268,NULL,NULL,NULL,'effectiveStartTimeStamp',NULL);
insert into dyextn_abstract_metadata (IDENTIFIER,CREATED_DATE,DESCRIPTION,LAST_UPDATED,NAME,PUBLIC_ID) values (269,NULL,NULL,NULL,'effectiveEndTimeStamp',NULL);
insert into dyextn_abstract_metadata (IDENTIFIER,CREATED_DATE,DESCRIPTION,LAST_UPDATED,NAME,PUBLIC_ID) values (270,NULL,NULL,NULL,'ageAtProcedure',NULL);
insert into dyextn_abstract_metadata (IDENTIFIER,CREATED_DATE,DESCRIPTION,LAST_UPDATED,NAME,PUBLIC_ID) values (271,NULL,NULL,NULL,'procedureComment',NULL);
insert into dyextn_abstract_metadata (IDENTIFIER,CREATED_DATE,DESCRIPTION,LAST_UPDATED,NAME,PUBLIC_ID) values (272,NULL,NULL,NULL,'procedureId',NULL);
insert into dyextn_abstract_metadata (IDENTIFIER,CREATED_DATE,DESCRIPTION,LAST_UPDATED,NAME,PUBLIC_ID) values (273,NULL,NULL,NULL,'AssociationName_1',NULL);
insert into dyextn_abstract_metadata (IDENTIFIER,CREATED_DATE,DESCRIPTION,LAST_UPDATED,NAME,PUBLIC_ID) values (274,NULL,NULL,NULL,'AssociationName_2',NULL);
insert into dyextn_abstract_metadata (IDENTIFIER,CREATED_DATE,DESCRIPTION,LAST_UPDATED,NAME,PUBLIC_ID) values (275,NULL,NULL,NULL,'AssociationName_3',NULL);
insert into dyextn_abstract_metadata (IDENTIFIER,CREATED_DATE,DESCRIPTION,LAST_UPDATED,NAME,PUBLIC_ID) values (276,NULL,NULL,NULL,'AssociationName_4',NULL);
insert into dyextn_abstract_metadata (IDENTIFIER,CREATED_DATE,DESCRIPTION,LAST_UPDATED,NAME,PUBLIC_ID) values (277,'2008-11-19','cider-SpecimanType','2008-11-19','SpecimanType',NULL);
insert into dyextn_abstract_metadata (IDENTIFIER,CREATED_DATE,DESCRIPTION,LAST_UPDATED,NAME,PUBLIC_ID) values (278,NULL,NULL,NULL,'id',NULL);
insert into dyextn_abstract_metadata (IDENTIFIER,CREATED_DATE,DESCRIPTION,LAST_UPDATED,NAME,PUBLIC_ID) values (279,NULL,NULL,NULL,'AssociationName_5',NULL);
insert into dyextn_abstract_metadata (IDENTIFIER,CREATED_DATE,DESCRIPTION,LAST_UPDATED,NAME,PUBLIC_ID) values (280,NULL,NULL,NULL,'AssociationName_6',NULL);
insert into dyextn_abstract_metadata (IDENTIFIER,CREATED_DATE,DESCRIPTION,LAST_UPDATED,NAME,PUBLIC_ID) values (281,NULL,NULL,NULL,'AssociationName_7',NULL);
insert into dyextn_abstract_metadata (IDENTIFIER,CREATED_DATE,DESCRIPTION,LAST_UPDATED,NAME,PUBLIC_ID) values (282,'2008-11-19','cider-Application','2008-11-19','Application',NULL);
insert into dyextn_abstract_metadata (IDENTIFIER,CREATED_DATE,DESCRIPTION,LAST_UPDATED,NAME,PUBLIC_ID) values (283,NULL,NULL,NULL,'id',NULL);
insert into dyextn_abstract_metadata (IDENTIFIER,CREATED_DATE,DESCRIPTION,LAST_UPDATED,NAME,PUBLIC_ID) values (284,'2008-11-19','cider-LaboratoryProcedure','2008-11-19','LaboratoryProcedure',NULL);
insert into dyextn_abstract_metadata (IDENTIFIER,CREATED_DATE,DESCRIPTION,LAST_UPDATED,NAME,PUBLIC_ID) values (285,NULL,NULL,NULL,'AssociationName_5',NULL);
insert into dyextn_abstract_metadata (IDENTIFIER,CREATED_DATE,DESCRIPTION,LAST_UPDATED,NAME,PUBLIC_ID) values (286,NULL,NULL,NULL,'AssociationName_4',NULL);
insert into dyextn_abstract_metadata (IDENTIFIER,CREATED_DATE,DESCRIPTION,LAST_UPDATED,NAME,PUBLIC_ID) values (287,NULL,NULL,NULL,'AssociationName_3',NULL);
insert into dyextn_abstract_metadata (IDENTIFIER,CREATED_DATE,DESCRIPTION,LAST_UPDATED,NAME,PUBLIC_ID) values (288,NULL,NULL,NULL,'AssociationName_2',NULL);
insert into dyextn_abstract_metadata (IDENTIFIER,CREATED_DATE,DESCRIPTION,LAST_UPDATED,NAME,PUBLIC_ID) values (289,NULL,NULL,NULL,'AssociationName_1',NULL);
insert into dyextn_abstract_metadata (IDENTIFIER,CREATED_DATE,DESCRIPTION,LAST_UPDATED,NAME,PUBLIC_ID) values (290,NULL,NULL,NULL,'procedureSynonym',NULL);
insert into dyextn_abstract_metadata (IDENTIFIER,CREATED_DATE,DESCRIPTION,LAST_UPDATED,NAME,PUBLIC_ID) values (291,NULL,NULL,NULL,'patientAccountNumber',NULL);
insert into dyextn_abstract_metadata (IDENTIFIER,CREATED_DATE,DESCRIPTION,LAST_UPDATED,NAME,PUBLIC_ID) values (292,NULL,NULL,NULL,'accessionNumber',NULL);
insert into dyextn_abstract_metadata (IDENTIFIER,CREATED_DATE,DESCRIPTION,LAST_UPDATED,NAME,PUBLIC_ID) values (293,NULL,NULL,NULL,'id',NULL);
insert into dyextn_abstract_metadata (IDENTIFIER,CREATED_DATE,DESCRIPTION,LAST_UPDATED,NAME,PUBLIC_ID) values (294,'2008-11-19','cider-MrnType','2008-11-19','MrnType',NULL);
insert into dyextn_abstract_metadata (IDENTIFIER,CREATED_DATE,DESCRIPTION,LAST_UPDATED,NAME,PUBLIC_ID) values (295,NULL,NULL,NULL,'id',NULL);

/*Data for the table dyextn_asso_display_attr */

/*Data for the table dyextn_association */

insert into dyextn_association (IDENTIFIER,IS_COLLECTION,DIRECTION,TARGET_ENTITY_ID,SOURCE_ROLE_ID,TARGET_ROLE_ID,IS_SYSTEM_GENERATED) values (15,0,'SRC_DESTINATION',4,39,40,0);
insert into dyextn_association (IDENTIFIER,IS_COLLECTION,DIRECTION,TARGET_ENTITY_ID,SOURCE_ROLE_ID,TARGET_ROLE_ID,IS_SYSTEM_GENERATED) values (16,0,'SRC_DESTINATION',12,41,42,0);
insert into dyextn_association (IDENTIFIER,IS_COLLECTION,DIRECTION,TARGET_ENTITY_ID,SOURCE_ROLE_ID,TARGET_ROLE_ID,IS_SYSTEM_GENERATED) values (19,0,'SRC_DESTINATION',17,43,44,0);
insert into dyextn_association (IDENTIFIER,IS_COLLECTION,DIRECTION,TARGET_ENTITY_ID,SOURCE_ROLE_ID,TARGET_ROLE_ID,IS_SYSTEM_GENERATED) values (38,0,'SRC_DESTINATION',10,59,60,0);
insert into dyextn_association (IDENTIFIER,IS_COLLECTION,DIRECTION,TARGET_ENTITY_ID,SOURCE_ROLE_ID,TARGET_ROLE_ID,IS_SYSTEM_GENERATED) values (41,0,'SRC_DESTINATION',39,61,62,0);
insert into dyextn_association (IDENTIFIER,IS_COLLECTION,DIRECTION,TARGET_ENTITY_ID,SOURCE_ROLE_ID,TARGET_ROLE_ID,IS_SYSTEM_GENERATED) values (44,0,'SRC_DESTINATION',42,63,64,0);
insert into dyextn_association (IDENTIFIER,IS_COLLECTION,DIRECTION,TARGET_ENTITY_ID,SOURCE_ROLE_ID,TARGET_ROLE_ID,IS_SYSTEM_GENERATED) values (47,0,'SRC_DESTINATION',45,65,66,0);
insert into dyextn_association (IDENTIFIER,IS_COLLECTION,DIRECTION,TARGET_ENTITY_ID,SOURCE_ROLE_ID,TARGET_ROLE_ID,IS_SYSTEM_GENERATED) values (50,0,'SRC_DESTINATION',48,67,68,0);
insert into dyextn_association (IDENTIFIER,IS_COLLECTION,DIRECTION,TARGET_ENTITY_ID,SOURCE_ROLE_ID,TARGET_ROLE_ID,IS_SYSTEM_GENERATED) values (51,0,'SRC_DESTINATION',25,69,70,0);
insert into dyextn_association (IDENTIFIER,IS_COLLECTION,DIRECTION,TARGET_ENTITY_ID,SOURCE_ROLE_ID,TARGET_ROLE_ID,IS_SYSTEM_GENERATED) values (60,0,'SRC_DESTINATION',27,57,58,0);
insert into dyextn_association (IDENTIFIER,IS_COLLECTION,DIRECTION,TARGET_ENTITY_ID,SOURCE_ROLE_ID,TARGET_ROLE_ID,IS_SYSTEM_GENERATED) values (62,0,'SRC_DESTINATION',8,49,50,0);
insert into dyextn_association (IDENTIFIER,IS_COLLECTION,DIRECTION,TARGET_ENTITY_ID,SOURCE_ROLE_ID,TARGET_ROLE_ID,IS_SYSTEM_GENERATED) values (63,0,'SRC_DESTINATION',36,51,52,0);
insert into dyextn_association (IDENTIFIER,IS_COLLECTION,DIRECTION,TARGET_ENTITY_ID,SOURCE_ROLE_ID,TARGET_ROLE_ID,IS_SYSTEM_GENERATED) values (65,0,'SRC_DESTINATION',61,55,56,0);
insert into dyextn_association (IDENTIFIER,IS_COLLECTION,DIRECTION,TARGET_ENTITY_ID,SOURCE_ROLE_ID,TARGET_ROLE_ID,IS_SYSTEM_GENERATED) values (66,0,'SRC_DESTINATION',61,53,54,0);
insert into dyextn_association (IDENTIFIER,IS_COLLECTION,DIRECTION,TARGET_ENTITY_ID,SOURCE_ROLE_ID,TARGET_ROLE_ID,IS_SYSTEM_GENERATED) values (71,0,'SRC_DESTINATION',67,47,48,0);
insert into dyextn_association (IDENTIFIER,IS_COLLECTION,DIRECTION,TARGET_ENTITY_ID,SOURCE_ROLE_ID,TARGET_ROLE_ID,IS_SYSTEM_GENERATED) values (72,0,'SRC_DESTINATION',14,45,46,0);
insert into dyextn_association (IDENTIFIER,IS_COLLECTION,DIRECTION,TARGET_ENTITY_ID,SOURCE_ROLE_ID,TARGET_ROLE_ID,IS_SYSTEM_GENERATED) values (73,0,'SRC_DESTINATION',37,71,72,0);
insert into dyextn_association (IDENTIFIER,IS_COLLECTION,DIRECTION,TARGET_ENTITY_ID,SOURCE_ROLE_ID,TARGET_ROLE_ID,IS_SYSTEM_GENERATED) values (88,0,'SRC_DESTINATION',84,35,36,0);
insert into dyextn_association (IDENTIFIER,IS_COLLECTION,DIRECTION,TARGET_ENTITY_ID,SOURCE_ROLE_ID,TARGET_ROLE_ID,IS_SYSTEM_GENERATED) values (89,0,'SRC_DESTINATION',27,37,38,0);
insert into dyextn_association (IDENTIFIER,IS_COLLECTION,DIRECTION,TARGET_ENTITY_ID,SOURCE_ROLE_ID,TARGET_ROLE_ID,IS_SYSTEM_GENERATED) values (90,0,'SRC_DESTINATION',36,73,74,0);
insert into dyextn_association (IDENTIFIER,IS_COLLECTION,DIRECTION,TARGET_ENTITY_ID,SOURCE_ROLE_ID,TARGET_ROLE_ID,IS_SYSTEM_GENERATED) values (113,0,'SRC_DESTINATION',84,75,76,0);
insert into dyextn_association (IDENTIFIER,IS_COLLECTION,DIRECTION,TARGET_ENTITY_ID,SOURCE_ROLE_ID,TARGET_ROLE_ID,IS_SYSTEM_GENERATED) values (114,0,'SRC_DESTINATION',27,77,78,0);
insert into dyextn_association (IDENTIFIER,IS_COLLECTION,DIRECTION,TARGET_ENTITY_ID,SOURCE_ROLE_ID,TARGET_ROLE_ID,IS_SYSTEM_GENERATED) values (127,0,'SRC_DESTINATION',78,79,80,0);
insert into dyextn_association (IDENTIFIER,IS_COLLECTION,DIRECTION,TARGET_ENTITY_ID,SOURCE_ROLE_ID,TARGET_ROLE_ID,IS_SYSTEM_GENERATED) values (128,0,'SRC_DESTINATION',83,81,82,0);
insert into dyextn_association (IDENTIFIER,IS_COLLECTION,DIRECTION,TARGET_ENTITY_ID,SOURCE_ROLE_ID,TARGET_ROLE_ID,IS_SYSTEM_GENERATED) values (129,0,'SRC_DESTINATION',93,83,84,0);
insert into dyextn_association (IDENTIFIER,IS_COLLECTION,DIRECTION,TARGET_ENTITY_ID,SOURCE_ROLE_ID,TARGET_ROLE_ID,IS_SYSTEM_GENERATED) values (130,0,'SRC_DESTINATION',102,85,86,0);
insert into dyextn_association (IDENTIFIER,IS_COLLECTION,DIRECTION,TARGET_ENTITY_ID,SOURCE_ROLE_ID,TARGET_ROLE_ID,IS_SYSTEM_GENERATED) values (131,0,'SRC_DESTINATION',106,87,88,0);
insert into dyextn_association (IDENTIFIER,IS_COLLECTION,DIRECTION,TARGET_ENTITY_ID,SOURCE_ROLE_ID,TARGET_ROLE_ID,IS_SYSTEM_GENERATED) values (132,0,'SRC_DESTINATION',110,89,90,0);
insert into dyextn_association (IDENTIFIER,IS_COLLECTION,DIRECTION,TARGET_ENTITY_ID,SOURCE_ROLE_ID,TARGET_ROLE_ID,IS_SYSTEM_GENERATED) values (133,0,'SRC_DESTINATION',112,91,92,0);
insert into dyextn_association (IDENTIFIER,IS_COLLECTION,DIRECTION,TARGET_ENTITY_ID,SOURCE_ROLE_ID,TARGET_ROLE_ID,IS_SYSTEM_GENERATED) values (137,0,'SRC_DESTINATION',134,93,94,0);
insert into dyextn_association (IDENTIFIER,IS_COLLECTION,DIRECTION,TARGET_ENTITY_ID,SOURCE_ROLE_ID,TARGET_ROLE_ID,IS_SYSTEM_GENERATED) values (139,0,'SRC_DESTINATION',27,95,96,0);
insert into dyextn_association (IDENTIFIER,IS_COLLECTION,DIRECTION,TARGET_ENTITY_ID,SOURCE_ROLE_ID,TARGET_ROLE_ID,IS_SYSTEM_GENERATED) values (147,0,'SRC_DESTINATION',138,97,98,0);
insert into dyextn_association (IDENTIFIER,IS_COLLECTION,DIRECTION,TARGET_ENTITY_ID,SOURCE_ROLE_ID,TARGET_ROLE_ID,IS_SYSTEM_GENERATED) values (150,0,'SRC_DESTINATION',148,99,100,0);
insert into dyextn_association (IDENTIFIER,IS_COLLECTION,DIRECTION,TARGET_ENTITY_ID,SOURCE_ROLE_ID,TARGET_ROLE_ID,IS_SYSTEM_GENERATED) values (151,0,'SRC_DESTINATION',148,101,102,0);
insert into dyextn_association (IDENTIFIER,IS_COLLECTION,DIRECTION,TARGET_ENTITY_ID,SOURCE_ROLE_ID,TARGET_ROLE_ID,IS_SYSTEM_GENERATED) values (153,0,'SRC_DESTINATION',134,103,104,0);
insert into dyextn_association (IDENTIFIER,IS_COLLECTION,DIRECTION,TARGET_ENTITY_ID,SOURCE_ROLE_ID,TARGET_ROLE_ID,IS_SYSTEM_GENERATED) values (156,0,'SRC_DESTINATION',152,105,106,0);
insert into dyextn_association (IDENTIFIER,IS_COLLECTION,DIRECTION,TARGET_ENTITY_ID,SOURCE_ROLE_ID,TARGET_ROLE_ID,IS_SYSTEM_GENERATED) values (158,0,'SRC_DESTINATION',83,107,108,0);
insert into dyextn_association (IDENTIFIER,IS_COLLECTION,DIRECTION,TARGET_ENTITY_ID,SOURCE_ROLE_ID,TARGET_ROLE_ID,IS_SYSTEM_GENERATED) values (159,0,'SRC_DESTINATION',108,109,110,0);
insert into dyextn_association (IDENTIFIER,IS_COLLECTION,DIRECTION,TARGET_ENTITY_ID,SOURCE_ROLE_ID,TARGET_ROLE_ID,IS_SYSTEM_GENERATED) values (162,0,'SRC_DESTINATION',160,111,112,0);
insert into dyextn_association (IDENTIFIER,IS_COLLECTION,DIRECTION,TARGET_ENTITY_ID,SOURCE_ROLE_ID,TARGET_ROLE_ID,IS_SYSTEM_GENERATED) values (163,0,'SRC_DESTINATION',84,113,114,0);
insert into dyextn_association (IDENTIFIER,IS_COLLECTION,DIRECTION,TARGET_ENTITY_ID,SOURCE_ROLE_ID,TARGET_ROLE_ID,IS_SYSTEM_GENERATED) values (164,0,'SRC_DESTINATION',84,115,116,0);
insert into dyextn_association (IDENTIFIER,IS_COLLECTION,DIRECTION,TARGET_ENTITY_ID,SOURCE_ROLE_ID,TARGET_ROLE_ID,IS_SYSTEM_GENERATED) values (168,0,'SRC_DESTINATION',157,117,118,0);
insert into dyextn_association (IDENTIFIER,IS_COLLECTION,DIRECTION,TARGET_ENTITY_ID,SOURCE_ROLE_ID,TARGET_ROLE_ID,IS_SYSTEM_GENERATED) values (171,0,'SRC_DESTINATION',169,119,120,0);
insert into dyextn_association (IDENTIFIER,IS_COLLECTION,DIRECTION,TARGET_ENTITY_ID,SOURCE_ROLE_ID,TARGET_ROLE_ID,IS_SYSTEM_GENERATED) values (174,0,'SRC_DESTINATION',172,121,122,0);
insert into dyextn_association (IDENTIFIER,IS_COLLECTION,DIRECTION,TARGET_ENTITY_ID,SOURCE_ROLE_ID,TARGET_ROLE_ID,IS_SYSTEM_GENERATED) values (177,0,'SRC_DESTINATION',175,123,124,0);
insert into dyextn_association (IDENTIFIER,IS_COLLECTION,DIRECTION,TARGET_ENTITY_ID,SOURCE_ROLE_ID,TARGET_ROLE_ID,IS_SYSTEM_GENERATED) values (178,0,'SRC_DESTINATION',84,125,126,0);
insert into dyextn_association (IDENTIFIER,IS_COLLECTION,DIRECTION,TARGET_ENTITY_ID,SOURCE_ROLE_ID,TARGET_ROLE_ID,IS_SYSTEM_GENERATED) values (179,0,'SRC_DESTINATION',84,127,128,0);
insert into dyextn_association (IDENTIFIER,IS_COLLECTION,DIRECTION,TARGET_ENTITY_ID,SOURCE_ROLE_ID,TARGET_ROLE_ID,IS_SYSTEM_GENERATED) values (180,0,'SRC_DESTINATION',84,129,130,0);
insert into dyextn_association (IDENTIFIER,IS_COLLECTION,DIRECTION,TARGET_ENTITY_ID,SOURCE_ROLE_ID,TARGET_ROLE_ID,IS_SYSTEM_GENERATED) values (181,0,'SRC_DESTINATION',84,131,132,0);
insert into dyextn_association (IDENTIFIER,IS_COLLECTION,DIRECTION,TARGET_ENTITY_ID,SOURCE_ROLE_ID,TARGET_ROLE_ID,IS_SYSTEM_GENERATED) values (191,0,'SRC_DESTINATION',84,133,134,0);
insert into dyextn_association (IDENTIFIER,IS_COLLECTION,DIRECTION,TARGET_ENTITY_ID,SOURCE_ROLE_ID,TARGET_ROLE_ID,IS_SYSTEM_GENERATED) values (192,0,'SRC_DESTINATION',84,135,136,0);
insert into dyextn_association (IDENTIFIER,IS_COLLECTION,DIRECTION,TARGET_ENTITY_ID,SOURCE_ROLE_ID,TARGET_ROLE_ID,IS_SYSTEM_GENERATED) values (193,0,'SRC_DESTINATION',84,137,138,0);
insert into dyextn_association (IDENTIFIER,IS_COLLECTION,DIRECTION,TARGET_ENTITY_ID,SOURCE_ROLE_ID,TARGET_ROLE_ID,IS_SYSTEM_GENERATED) values (194,0,'SRC_DESTINATION',84,139,140,0);
insert into dyextn_association (IDENTIFIER,IS_COLLECTION,DIRECTION,TARGET_ENTITY_ID,SOURCE_ROLE_ID,TARGET_ROLE_ID,IS_SYSTEM_GENERATED) values (195,0,'SRC_DESTINATION',84,141,142,0);
insert into dyextn_association (IDENTIFIER,IS_COLLECTION,DIRECTION,TARGET_ENTITY_ID,SOURCE_ROLE_ID,TARGET_ROLE_ID,IS_SYSTEM_GENERATED) values (196,0,'SRC_DESTINATION',84,143,144,0);
insert into dyextn_association (IDENTIFIER,IS_COLLECTION,DIRECTION,TARGET_ENTITY_ID,SOURCE_ROLE_ID,TARGET_ROLE_ID,IS_SYSTEM_GENERATED) values (197,0,'SRC_DESTINATION',84,145,146,0);
insert into dyextn_association (IDENTIFIER,IS_COLLECTION,DIRECTION,TARGET_ENTITY_ID,SOURCE_ROLE_ID,TARGET_ROLE_ID,IS_SYSTEM_GENERATED) values (198,0,'SRC_DESTINATION',84,147,148,0);
insert into dyextn_association (IDENTIFIER,IS_COLLECTION,DIRECTION,TARGET_ENTITY_ID,SOURCE_ROLE_ID,TARGET_ROLE_ID,IS_SYSTEM_GENERATED) values (201,0,'SRC_DESTINATION',199,149,150,0);
insert into dyextn_association (IDENTIFIER,IS_COLLECTION,DIRECTION,TARGET_ENTITY_ID,SOURCE_ROLE_ID,TARGET_ROLE_ID,IS_SYSTEM_GENERATED) values (204,0,'SRC_DESTINATION',202,151,152,0);
insert into dyextn_association (IDENTIFIER,IS_COLLECTION,DIRECTION,TARGET_ENTITY_ID,SOURCE_ROLE_ID,TARGET_ROLE_ID,IS_SYSTEM_GENERATED) values (208,0,'SRC_DESTINATION',206,153,154,0);
insert into dyextn_association (IDENTIFIER,IS_COLLECTION,DIRECTION,TARGET_ENTITY_ID,SOURCE_ROLE_ID,TARGET_ROLE_ID,IS_SYSTEM_GENERATED) values (211,0,'SRC_DESTINATION',209,155,156,0);
insert into dyextn_association (IDENTIFIER,IS_COLLECTION,DIRECTION,TARGET_ENTITY_ID,SOURCE_ROLE_ID,TARGET_ROLE_ID,IS_SYSTEM_GENERATED) values (212,0,'SRC_DESTINATION',84,157,158,0);
insert into dyextn_association (IDENTIFIER,IS_COLLECTION,DIRECTION,TARGET_ENTITY_ID,SOURCE_ROLE_ID,TARGET_ROLE_ID,IS_SYSTEM_GENERATED) values (213,0,'SRC_DESTINATION',84,159,160,0);
insert into dyextn_association (IDENTIFIER,IS_COLLECTION,DIRECTION,TARGET_ENTITY_ID,SOURCE_ROLE_ID,TARGET_ROLE_ID,IS_SYSTEM_GENERATED) values (217,0,'SRC_DESTINATION',205,161,162,0);
insert into dyextn_association (IDENTIFIER,IS_COLLECTION,DIRECTION,TARGET_ENTITY_ID,SOURCE_ROLE_ID,TARGET_ROLE_ID,IS_SYSTEM_GENERATED) values (220,0,'SRC_DESTINATION',218,163,164,0);
insert into dyextn_association (IDENTIFIER,IS_COLLECTION,DIRECTION,TARGET_ENTITY_ID,SOURCE_ROLE_ID,TARGET_ROLE_ID,IS_SYSTEM_GENERATED) values (221,0,'SRC_DESTINATION',126,165,166,0);
insert into dyextn_association (IDENTIFIER,IS_COLLECTION,DIRECTION,TARGET_ENTITY_ID,SOURCE_ROLE_ID,TARGET_ROLE_ID,IS_SYSTEM_GENERATED) values (222,0,'SRC_DESTINATION',36,167,168,0);
insert into dyextn_association (IDENTIFIER,IS_COLLECTION,DIRECTION,TARGET_ENTITY_ID,SOURCE_ROLE_ID,TARGET_ROLE_ID,IS_SYSTEM_GENERATED) values (224,0,'SRC_DESTINATION',134,169,170,0);
insert into dyextn_association (IDENTIFIER,IS_COLLECTION,DIRECTION,TARGET_ENTITY_ID,SOURCE_ROLE_ID,TARGET_ROLE_ID,IS_SYSTEM_GENERATED) values (228,0,'SRC_DESTINATION',223,171,172,0);
insert into dyextn_association (IDENTIFIER,IS_COLLECTION,DIRECTION,TARGET_ENTITY_ID,SOURCE_ROLE_ID,TARGET_ROLE_ID,IS_SYSTEM_GENERATED) values (229,0,'SRC_DESTINATION',134,173,174,0);
insert into dyextn_association (IDENTIFIER,IS_COLLECTION,DIRECTION,TARGET_ENTITY_ID,SOURCE_ROLE_ID,TARGET_ROLE_ID,IS_SYSTEM_GENERATED) values (240,0,'SRC_DESTINATION',104,175,176,0);
insert into dyextn_association (IDENTIFIER,IS_COLLECTION,DIRECTION,TARGET_ENTITY_ID,SOURCE_ROLE_ID,TARGET_ROLE_ID,IS_SYSTEM_GENERATED) values (243,0,'SRC_DESTINATION',95,177,178,0);
insert into dyextn_association (IDENTIFIER,IS_COLLECTION,DIRECTION,TARGET_ENTITY_ID,SOURCE_ROLE_ID,TARGET_ROLE_ID,IS_SYSTEM_GENERATED) values (249,0,'SRC_DESTINATION',242,179,180,0);
insert into dyextn_association (IDENTIFIER,IS_COLLECTION,DIRECTION,TARGET_ENTITY_ID,SOURCE_ROLE_ID,TARGET_ROLE_ID,IS_SYSTEM_GENERATED) values (250,0,'SRC_DESTINATION',242,181,182,0);
insert into dyextn_association (IDENTIFIER,IS_COLLECTION,DIRECTION,TARGET_ENTITY_ID,SOURCE_ROLE_ID,TARGET_ROLE_ID,IS_SYSTEM_GENERATED) values (252,0,'SRC_DESTINATION',241,183,184,0);
insert into dyextn_association (IDENTIFIER,IS_COLLECTION,DIRECTION,TARGET_ENTITY_ID,SOURCE_ROLE_ID,TARGET_ROLE_ID,IS_SYSTEM_GENERATED) values (253,0,'SRC_DESTINATION',234,185,186,0);
insert into dyextn_association (IDENTIFIER,IS_COLLECTION,DIRECTION,TARGET_ENTITY_ID,SOURCE_ROLE_ID,TARGET_ROLE_ID,IS_SYSTEM_GENERATED) values (254,0,'SRC_DESTINATION',236,187,188,0);
insert into dyextn_association (IDENTIFIER,IS_COLLECTION,DIRECTION,TARGET_ENTITY_ID,SOURCE_ROLE_ID,TARGET_ROLE_ID,IS_SYSTEM_GENERATED) values (266,0,'SRC_DESTINATION',104,189,190,0);
insert into dyextn_association (IDENTIFIER,IS_COLLECTION,DIRECTION,TARGET_ENTITY_ID,SOURCE_ROLE_ID,TARGET_ROLE_ID,IS_SYSTEM_GENERATED) values (273,0,'SRC_DESTINATION',223,191,192,0);
insert into dyextn_association (IDENTIFIER,IS_COLLECTION,DIRECTION,TARGET_ENTITY_ID,SOURCE_ROLE_ID,TARGET_ROLE_ID,IS_SYSTEM_GENERATED) values (274,0,'SRC_DESTINATION',84,193,194,0);
insert into dyextn_association (IDENTIFIER,IS_COLLECTION,DIRECTION,TARGET_ENTITY_ID,SOURCE_ROLE_ID,TARGET_ROLE_ID,IS_SYSTEM_GENERATED) values (275,0,'SRC_DESTINATION',84,195,196,0);
insert into dyextn_association (IDENTIFIER,IS_COLLECTION,DIRECTION,TARGET_ENTITY_ID,SOURCE_ROLE_ID,TARGET_ROLE_ID,IS_SYSTEM_GENERATED) values (276,0,'SRC_DESTINATION',239,197,198,0);
insert into dyextn_association (IDENTIFIER,IS_COLLECTION,DIRECTION,TARGET_ENTITY_ID,SOURCE_ROLE_ID,TARGET_ROLE_ID,IS_SYSTEM_GENERATED) values (279,0,'SRC_DESTINATION',277,199,200,0);
insert into dyextn_association (IDENTIFIER,IS_COLLECTION,DIRECTION,TARGET_ENTITY_ID,SOURCE_ROLE_ID,TARGET_ROLE_ID,IS_SYSTEM_GENERATED) values (280,0,'SRC_DESTINATION',152,201,202,0);
insert into dyextn_association (IDENTIFIER,IS_COLLECTION,DIRECTION,TARGET_ENTITY_ID,SOURCE_ROLE_ID,TARGET_ROLE_ID,IS_SYSTEM_GENERATED) values (281,0,'SRC_DESTINATION',134,203,204,0);
insert into dyextn_association (IDENTIFIER,IS_COLLECTION,DIRECTION,TARGET_ENTITY_ID,SOURCE_ROLE_ID,TARGET_ROLE_ID,IS_SYSTEM_GENERATED) values (285,0,'SRC_DESTINATION',100,205,206,0);
insert into dyextn_association (IDENTIFIER,IS_COLLECTION,DIRECTION,TARGET_ENTITY_ID,SOURCE_ROLE_ID,TARGET_ROLE_ID,IS_SYSTEM_GENERATED) values (286,0,'SRC_DESTINATION',134,207,208,0);
insert into dyextn_association (IDENTIFIER,IS_COLLECTION,DIRECTION,TARGET_ENTITY_ID,SOURCE_ROLE_ID,TARGET_ROLE_ID,IS_SYSTEM_GENERATED) values (287,0,'SRC_DESTINATION',36,209,210,0);
insert into dyextn_association (IDENTIFIER,IS_COLLECTION,DIRECTION,TARGET_ENTITY_ID,SOURCE_ROLE_ID,TARGET_ROLE_ID,IS_SYSTEM_GENERATED) values (288,0,'SRC_DESTINATION',282,211,212,0);
insert into dyextn_association (IDENTIFIER,IS_COLLECTION,DIRECTION,TARGET_ENTITY_ID,SOURCE_ROLE_ID,TARGET_ROLE_ID,IS_SYSTEM_GENERATED) values (289,0,'SRC_DESTINATION',265,213,214,0);

/*Data for the table dyextn_attribute */

insert into dyextn_attribute (IDENTIFIER,ENTIY_ID) values (3,2);
insert into dyextn_attribute (IDENTIFIER,ENTIY_ID) values (5,4);
insert into dyextn_attribute (IDENTIFIER,ENTIY_ID) values (7,6);
insert into dyextn_attribute (IDENTIFIER,ENTIY_ID) values (9,8);
insert into dyextn_attribute (IDENTIFIER,ENTIY_ID) values (11,10);
insert into dyextn_attribute (IDENTIFIER,ENTIY_ID) values (13,12);
insert into dyextn_attribute (IDENTIFIER,ENTIY_ID) values (15,14);
insert into dyextn_attribute (IDENTIFIER,ENTIY_ID) values (16,14);
insert into dyextn_attribute (IDENTIFIER,ENTIY_ID) values (18,17);
insert into dyextn_attribute (IDENTIFIER,ENTIY_ID) values (19,14);
insert into dyextn_attribute (IDENTIFIER,ENTIY_ID) values (20,14);
insert into dyextn_attribute (IDENTIFIER,ENTIY_ID) values (21,14);
insert into dyextn_attribute (IDENTIFIER,ENTIY_ID) values (22,14);
insert into dyextn_attribute (IDENTIFIER,ENTIY_ID) values (23,14);
insert into dyextn_attribute (IDENTIFIER,ENTIY_ID) values (24,14);
insert into dyextn_attribute (IDENTIFIER,ENTIY_ID) values (26,25);
insert into dyextn_attribute (IDENTIFIER,ENTIY_ID) values (28,27);
insert into dyextn_attribute (IDENTIFIER,ENTIY_ID) values (29,27);
insert into dyextn_attribute (IDENTIFIER,ENTIY_ID) values (30,27);
insert into dyextn_attribute (IDENTIFIER,ENTIY_ID) values (31,27);
insert into dyextn_attribute (IDENTIFIER,ENTIY_ID) values (32,27);
insert into dyextn_attribute (IDENTIFIER,ENTIY_ID) values (33,27);
insert into dyextn_attribute (IDENTIFIER,ENTIY_ID) values (34,27);
insert into dyextn_attribute (IDENTIFIER,ENTIY_ID) values (35,27);
insert into dyextn_attribute (IDENTIFIER,ENTIY_ID) values (38,37);
insert into dyextn_attribute (IDENTIFIER,ENTIY_ID) values (40,39);
insert into dyextn_attribute (IDENTIFIER,ENTIY_ID) values (41,37);
insert into dyextn_attribute (IDENTIFIER,ENTIY_ID) values (43,42);
insert into dyextn_attribute (IDENTIFIER,ENTIY_ID) values (44,37);
insert into dyextn_attribute (IDENTIFIER,ENTIY_ID) values (46,45);
insert into dyextn_attribute (IDENTIFIER,ENTIY_ID) values (47,37);
insert into dyextn_attribute (IDENTIFIER,ENTIY_ID) values (49,48);
insert into dyextn_attribute (IDENTIFIER,ENTIY_ID) values (50,37);
insert into dyextn_attribute (IDENTIFIER,ENTIY_ID) values (51,37);
insert into dyextn_attribute (IDENTIFIER,ENTIY_ID) values (52,37);
insert into dyextn_attribute (IDENTIFIER,ENTIY_ID) values (53,37);
insert into dyextn_attribute (IDENTIFIER,ENTIY_ID) values (54,37);
insert into dyextn_attribute (IDENTIFIER,ENTIY_ID) values (55,37);
insert into dyextn_attribute (IDENTIFIER,ENTIY_ID) values (56,37);
insert into dyextn_attribute (IDENTIFIER,ENTIY_ID) values (57,37);
insert into dyextn_attribute (IDENTIFIER,ENTIY_ID) values (58,37);
insert into dyextn_attribute (IDENTIFIER,ENTIY_ID) values (59,37);
insert into dyextn_attribute (IDENTIFIER,ENTIY_ID) values (60,37);
insert into dyextn_attribute (IDENTIFIER,ENTIY_ID) values (62,61);
insert into dyextn_attribute (IDENTIFIER,ENTIY_ID) values (63,61);
insert into dyextn_attribute (IDENTIFIER,ENTIY_ID) values (64,61);
insert into dyextn_attribute (IDENTIFIER,ENTIY_ID) values (65,37);
insert into dyextn_attribute (IDENTIFIER,ENTIY_ID) values (66,37);
insert into dyextn_attribute (IDENTIFIER,ENTIY_ID) values (68,67);
insert into dyextn_attribute (IDENTIFIER,ENTIY_ID) values (69,67);
insert into dyextn_attribute (IDENTIFIER,ENTIY_ID) values (70,67);
insert into dyextn_attribute (IDENTIFIER,ENTIY_ID) values (71,37);
insert into dyextn_attribute (IDENTIFIER,ENTIY_ID) values (72,37);
insert into dyextn_attribute (IDENTIFIER,ENTIY_ID) values (73,36);
insert into dyextn_attribute (IDENTIFIER,ENTIY_ID) values (74,36);
insert into dyextn_attribute (IDENTIFIER,ENTIY_ID) values (75,36);
insert into dyextn_attribute (IDENTIFIER,ENTIY_ID) values (77,76);
insert into dyextn_attribute (IDENTIFIER,ENTIY_ID) values (79,78);
insert into dyextn_attribute (IDENTIFIER,ENTIY_ID) values (80,78);
insert into dyextn_attribute (IDENTIFIER,ENTIY_ID) values (81,78);
insert into dyextn_attribute (IDENTIFIER,ENTIY_ID) values (82,78);
insert into dyextn_attribute (IDENTIFIER,ENTIY_ID) values (85,84);
insert into dyextn_attribute (IDENTIFIER,ENTIY_ID) values (86,84);
insert into dyextn_attribute (IDENTIFIER,ENTIY_ID) values (87,84);
insert into dyextn_attribute (IDENTIFIER,ENTIY_ID) values (88,83);
insert into dyextn_attribute (IDENTIFIER,ENTIY_ID) values (89,83);
insert into dyextn_attribute (IDENTIFIER,ENTIY_ID) values (90,83);
insert into dyextn_attribute (IDENTIFIER,ENTIY_ID) values (91,83);
insert into dyextn_attribute (IDENTIFIER,ENTIY_ID) values (92,83);
insert into dyextn_attribute (IDENTIFIER,ENTIY_ID) values (94,93);
insert into dyextn_attribute (IDENTIFIER,ENTIY_ID) values (96,95);
insert into dyextn_attribute (IDENTIFIER,ENTIY_ID) values (97,95);
insert into dyextn_attribute (IDENTIFIER,ENTIY_ID) values (98,95);
insert into dyextn_attribute (IDENTIFIER,ENTIY_ID) values (99,95);
insert into dyextn_attribute (IDENTIFIER,ENTIY_ID) values (101,100);
insert into dyextn_attribute (IDENTIFIER,ENTIY_ID) values (103,102);
insert into dyextn_attribute (IDENTIFIER,ENTIY_ID) values (105,104);
insert into dyextn_attribute (IDENTIFIER,ENTIY_ID) values (107,106);
insert into dyextn_attribute (IDENTIFIER,ENTIY_ID) values (109,108);
insert into dyextn_attribute (IDENTIFIER,ENTIY_ID) values (111,110);
insert into dyextn_attribute (IDENTIFIER,ENTIY_ID) values (113,112);
insert into dyextn_attribute (IDENTIFIER,ENTIY_ID) values (114,112);
insert into dyextn_attribute (IDENTIFIER,ENTIY_ID) values (115,112);
insert into dyextn_attribute (IDENTIFIER,ENTIY_ID) values (116,112);
insert into dyextn_attribute (IDENTIFIER,ENTIY_ID) values (117,112);
insert into dyextn_attribute (IDENTIFIER,ENTIY_ID) values (118,112);
insert into dyextn_attribute (IDENTIFIER,ENTIY_ID) values (119,112);
insert into dyextn_attribute (IDENTIFIER,ENTIY_ID) values (120,112);
insert into dyextn_attribute (IDENTIFIER,ENTIY_ID) values (121,112);
insert into dyextn_attribute (IDENTIFIER,ENTIY_ID) values (122,112);
insert into dyextn_attribute (IDENTIFIER,ENTIY_ID) values (123,112);
insert into dyextn_attribute (IDENTIFIER,ENTIY_ID) values (124,112);
insert into dyextn_attribute (IDENTIFIER,ENTIY_ID) values (127,126);
insert into dyextn_attribute (IDENTIFIER,ENTIY_ID) values (128,126);
insert into dyextn_attribute (IDENTIFIER,ENTIY_ID) values (129,126);
insert into dyextn_attribute (IDENTIFIER,ENTIY_ID) values (130,126);
insert into dyextn_attribute (IDENTIFIER,ENTIY_ID) values (131,126);
insert into dyextn_attribute (IDENTIFIER,ENTIY_ID) values (132,126);
insert into dyextn_attribute (IDENTIFIER,ENTIY_ID) values (133,126);
insert into dyextn_attribute (IDENTIFIER,ENTIY_ID) values (135,134);
insert into dyextn_attribute (IDENTIFIER,ENTIY_ID) values (136,134);
insert into dyextn_attribute (IDENTIFIER,ENTIY_ID) values (137,126);
insert into dyextn_attribute (IDENTIFIER,ENTIY_ID) values (139,138);
insert into dyextn_attribute (IDENTIFIER,ENTIY_ID) values (140,138);
insert into dyextn_attribute (IDENTIFIER,ENTIY_ID) values (141,138);
insert into dyextn_attribute (IDENTIFIER,ENTIY_ID) values (142,138);
insert into dyextn_attribute (IDENTIFIER,ENTIY_ID) values (143,138);
insert into dyextn_attribute (IDENTIFIER,ENTIY_ID) values (144,138);
insert into dyextn_attribute (IDENTIFIER,ENTIY_ID) values (145,138);
insert into dyextn_attribute (IDENTIFIER,ENTIY_ID) values (146,138);
insert into dyextn_attribute (IDENTIFIER,ENTIY_ID) values (147,126);
insert into dyextn_attribute (IDENTIFIER,ENTIY_ID) values (149,148);
insert into dyextn_attribute (IDENTIFIER,ENTIY_ID) values (150,126);
insert into dyextn_attribute (IDENTIFIER,ENTIY_ID) values (151,126);
insert into dyextn_attribute (IDENTIFIER,ENTIY_ID) values (153,152);
insert into dyextn_attribute (IDENTIFIER,ENTIY_ID) values (154,152);
insert into dyextn_attribute (IDENTIFIER,ENTIY_ID) values (155,152);
insert into dyextn_attribute (IDENTIFIER,ENTIY_ID) values (156,126);
insert into dyextn_attribute (IDENTIFIER,ENTIY_ID) values (158,157);
insert into dyextn_attribute (IDENTIFIER,ENTIY_ID) values (159,157);
insert into dyextn_attribute (IDENTIFIER,ENTIY_ID) values (161,160);
insert into dyextn_attribute (IDENTIFIER,ENTIY_ID) values (162,157);
insert into dyextn_attribute (IDENTIFIER,ENTIY_ID) values (163,157);
insert into dyextn_attribute (IDENTIFIER,ENTIY_ID) values (164,157);
insert into dyextn_attribute (IDENTIFIER,ENTIY_ID) values (165,157);
insert into dyextn_attribute (IDENTIFIER,ENTIY_ID) values (166,157);
insert into dyextn_attribute (IDENTIFIER,ENTIY_ID) values (167,157);
insert into dyextn_attribute (IDENTIFIER,ENTIY_ID) values (168,126);
insert into dyextn_attribute (IDENTIFIER,ENTIY_ID) values (170,169);
insert into dyextn_attribute (IDENTIFIER,ENTIY_ID) values (171,126);
insert into dyextn_attribute (IDENTIFIER,ENTIY_ID) values (173,172);
insert into dyextn_attribute (IDENTIFIER,ENTIY_ID) values (174,126);
insert into dyextn_attribute (IDENTIFIER,ENTIY_ID) values (176,175);
insert into dyextn_attribute (IDENTIFIER,ENTIY_ID) values (177,126);
insert into dyextn_attribute (IDENTIFIER,ENTIY_ID) values (178,126);
insert into dyextn_attribute (IDENTIFIER,ENTIY_ID) values (179,126);
insert into dyextn_attribute (IDENTIFIER,ENTIY_ID) values (180,126);
insert into dyextn_attribute (IDENTIFIER,ENTIY_ID) values (181,126);
insert into dyextn_attribute (IDENTIFIER,ENTIY_ID) values (182,126);
insert into dyextn_attribute (IDENTIFIER,ENTIY_ID) values (183,126);
insert into dyextn_attribute (IDENTIFIER,ENTIY_ID) values (184,126);
insert into dyextn_attribute (IDENTIFIER,ENTIY_ID) values (185,126);
insert into dyextn_attribute (IDENTIFIER,ENTIY_ID) values (186,126);
insert into dyextn_attribute (IDENTIFIER,ENTIY_ID) values (187,126);
insert into dyextn_attribute (IDENTIFIER,ENTIY_ID) values (188,126);
insert into dyextn_attribute (IDENTIFIER,ENTIY_ID) values (189,126);
insert into dyextn_attribute (IDENTIFIER,ENTIY_ID) values (190,126);
insert into dyextn_attribute (IDENTIFIER,ENTIY_ID) values (191,126);
insert into dyextn_attribute (IDENTIFIER,ENTIY_ID) values (192,126);
insert into dyextn_attribute (IDENTIFIER,ENTIY_ID) values (193,126);
insert into dyextn_attribute (IDENTIFIER,ENTIY_ID) values (194,126);
insert into dyextn_attribute (IDENTIFIER,ENTIY_ID) values (195,126);
insert into dyextn_attribute (IDENTIFIER,ENTIY_ID) values (196,126);
insert into dyextn_attribute (IDENTIFIER,ENTIY_ID) values (197,126);
insert into dyextn_attribute (IDENTIFIER,ENTIY_ID) values (198,126);
insert into dyextn_attribute (IDENTIFIER,ENTIY_ID) values (200,199);
insert into dyextn_attribute (IDENTIFIER,ENTIY_ID) values (201,126);
insert into dyextn_attribute (IDENTIFIER,ENTIY_ID) values (203,202);
insert into dyextn_attribute (IDENTIFIER,ENTIY_ID) values (204,126);
insert into dyextn_attribute (IDENTIFIER,ENTIY_ID) values (207,206);
insert into dyextn_attribute (IDENTIFIER,ENTIY_ID) values (208,205);
insert into dyextn_attribute (IDENTIFIER,ENTIY_ID) values (210,209);
insert into dyextn_attribute (IDENTIFIER,ENTIY_ID) values (211,205);
insert into dyextn_attribute (IDENTIFIER,ENTIY_ID) values (212,205);
insert into dyextn_attribute (IDENTIFIER,ENTIY_ID) values (213,205);
insert into dyextn_attribute (IDENTIFIER,ENTIY_ID) values (214,205);
insert into dyextn_attribute (IDENTIFIER,ENTIY_ID) values (215,205);
insert into dyextn_attribute (IDENTIFIER,ENTIY_ID) values (216,205);
insert into dyextn_attribute (IDENTIFIER,ENTIY_ID) values (217,126);
insert into dyextn_attribute (IDENTIFIER,ENTIY_ID) values (219,218);
insert into dyextn_attribute (IDENTIFIER,ENTIY_ID) values (220,126);
insert into dyextn_attribute (IDENTIFIER,ENTIY_ID) values (221,125);
insert into dyextn_attribute (IDENTIFIER,ENTIY_ID) values (222,125);
insert into dyextn_attribute (IDENTIFIER,ENTIY_ID) values (224,223);
insert into dyextn_attribute (IDENTIFIER,ENTIY_ID) values (225,223);
insert into dyextn_attribute (IDENTIFIER,ENTIY_ID) values (226,223);
insert into dyextn_attribute (IDENTIFIER,ENTIY_ID) values (227,223);
insert into dyextn_attribute (IDENTIFIER,ENTIY_ID) values (228,125);
insert into dyextn_attribute (IDENTIFIER,ENTIY_ID) values (229,125);
insert into dyextn_attribute (IDENTIFIER,ENTIY_ID) values (230,125);
insert into dyextn_attribute (IDENTIFIER,ENTIY_ID) values (231,125);
insert into dyextn_attribute (IDENTIFIER,ENTIY_ID) values (233,232);
insert into dyextn_attribute (IDENTIFIER,ENTIY_ID) values (235,234);
insert into dyextn_attribute (IDENTIFIER,ENTIY_ID) values (237,236);
insert into dyextn_attribute (IDENTIFIER,ENTIY_ID) values (238,236);
insert into dyextn_attribute (IDENTIFIER,ENTIY_ID) values (240,239);
insert into dyextn_attribute (IDENTIFIER,ENTIY_ID) values (243,242);
insert into dyextn_attribute (IDENTIFIER,ENTIY_ID) values (244,242);
insert into dyextn_attribute (IDENTIFIER,ENTIY_ID) values (245,242);
insert into dyextn_attribute (IDENTIFIER,ENTIY_ID) values (246,242);
insert into dyextn_attribute (IDENTIFIER,ENTIY_ID) values (247,242);
insert into dyextn_attribute (IDENTIFIER,ENTIY_ID) values (248,242);
insert into dyextn_attribute (IDENTIFIER,ENTIY_ID) values (249,241);
insert into dyextn_attribute (IDENTIFIER,ENTIY_ID) values (250,241);
insert into dyextn_attribute (IDENTIFIER,ENTIY_ID) values (251,241);
insert into dyextn_attribute (IDENTIFIER,ENTIY_ID) values (252,239);
insert into dyextn_attribute (IDENTIFIER,ENTIY_ID) values (253,239);
insert into dyextn_attribute (IDENTIFIER,ENTIY_ID) values (254,239);
insert into dyextn_attribute (IDENTIFIER,ENTIY_ID) values (255,239);
insert into dyextn_attribute (IDENTIFIER,ENTIY_ID) values (256,239);
insert into dyextn_attribute (IDENTIFIER,ENTIY_ID) values (257,239);
insert into dyextn_attribute (IDENTIFIER,ENTIY_ID) values (258,239);
insert into dyextn_attribute (IDENTIFIER,ENTIY_ID) values (260,259);
insert into dyextn_attribute (IDENTIFIER,ENTIY_ID) values (262,261);
insert into dyextn_attribute (IDENTIFIER,ENTIY_ID) values (263,261);
insert into dyextn_attribute (IDENTIFIER,ENTIY_ID) values (264,261);
insert into dyextn_attribute (IDENTIFIER,ENTIY_ID) values (266,265);
insert into dyextn_attribute (IDENTIFIER,ENTIY_ID) values (267,265);
insert into dyextn_attribute (IDENTIFIER,ENTIY_ID) values (268,265);
insert into dyextn_attribute (IDENTIFIER,ENTIY_ID) values (269,265);
insert into dyextn_attribute (IDENTIFIER,ENTIY_ID) values (270,265);
insert into dyextn_attribute (IDENTIFIER,ENTIY_ID) values (271,265);
insert into dyextn_attribute (IDENTIFIER,ENTIY_ID) values (272,265);
insert into dyextn_attribute (IDENTIFIER,ENTIY_ID) values (273,265);
insert into dyextn_attribute (IDENTIFIER,ENTIY_ID) values (274,265);
insert into dyextn_attribute (IDENTIFIER,ENTIY_ID) values (275,265);
insert into dyextn_attribute (IDENTIFIER,ENTIY_ID) values (276,265);
insert into dyextn_attribute (IDENTIFIER,ENTIY_ID) values (278,277);
insert into dyextn_attribute (IDENTIFIER,ENTIY_ID) values (279,265);
insert into dyextn_attribute (IDENTIFIER,ENTIY_ID) values (280,265);
insert into dyextn_attribute (IDENTIFIER,ENTIY_ID) values (281,265);
insert into dyextn_attribute (IDENTIFIER,ENTIY_ID) values (283,282);
insert into dyextn_attribute (IDENTIFIER,ENTIY_ID) values (285,284);
insert into dyextn_attribute (IDENTIFIER,ENTIY_ID) values (286,284);
insert into dyextn_attribute (IDENTIFIER,ENTIY_ID) values (287,284);
insert into dyextn_attribute (IDENTIFIER,ENTIY_ID) values (288,284);
insert into dyextn_attribute (IDENTIFIER,ENTIY_ID) values (289,284);
insert into dyextn_attribute (IDENTIFIER,ENTIY_ID) values (290,284);
insert into dyextn_attribute (IDENTIFIER,ENTIY_ID) values (291,284);
insert into dyextn_attribute (IDENTIFIER,ENTIY_ID) values (292,284);
insert into dyextn_attribute (IDENTIFIER,ENTIY_ID) values (293,284);
insert into dyextn_attribute (IDENTIFIER,ENTIY_ID) values (295,294);

/*Data for the table dyextn_attribute_record */

/*Data for the table dyextn_attribute_type_info */

insert into dyextn_attribute_type_info (IDENTIFIER,PRIMITIVE_ATTRIBUTE_ID) values (1,3);
insert into dyextn_attribute_type_info (IDENTIFIER,PRIMITIVE_ATTRIBUTE_ID) values (2,5);
insert into dyextn_attribute_type_info (IDENTIFIER,PRIMITIVE_ATTRIBUTE_ID) values (3,7);
insert into dyextn_attribute_type_info (IDENTIFIER,PRIMITIVE_ATTRIBUTE_ID) values (4,9);
insert into dyextn_attribute_type_info (IDENTIFIER,PRIMITIVE_ATTRIBUTE_ID) values (5,11);
insert into dyextn_attribute_type_info (IDENTIFIER,PRIMITIVE_ATTRIBUTE_ID) values (6,13);
insert into dyextn_attribute_type_info (IDENTIFIER,PRIMITIVE_ATTRIBUTE_ID) values (7,18);
insert into dyextn_attribute_type_info (IDENTIFIER,PRIMITIVE_ATTRIBUTE_ID) values (8,20);
insert into dyextn_attribute_type_info (IDENTIFIER,PRIMITIVE_ATTRIBUTE_ID) values (9,21);
insert into dyextn_attribute_type_info (IDENTIFIER,PRIMITIVE_ATTRIBUTE_ID) values (10,22);
insert into dyextn_attribute_type_info (IDENTIFIER,PRIMITIVE_ATTRIBUTE_ID) values (11,23);
insert into dyextn_attribute_type_info (IDENTIFIER,PRIMITIVE_ATTRIBUTE_ID) values (12,24);
insert into dyextn_attribute_type_info (IDENTIFIER,PRIMITIVE_ATTRIBUTE_ID) values (13,26);
insert into dyextn_attribute_type_info (IDENTIFIER,PRIMITIVE_ATTRIBUTE_ID) values (14,28);
insert into dyextn_attribute_type_info (IDENTIFIER,PRIMITIVE_ATTRIBUTE_ID) values (15,29);
insert into dyextn_attribute_type_info (IDENTIFIER,PRIMITIVE_ATTRIBUTE_ID) values (16,30);
insert into dyextn_attribute_type_info (IDENTIFIER,PRIMITIVE_ATTRIBUTE_ID) values (17,31);
insert into dyextn_attribute_type_info (IDENTIFIER,PRIMITIVE_ATTRIBUTE_ID) values (18,32);
insert into dyextn_attribute_type_info (IDENTIFIER,PRIMITIVE_ATTRIBUTE_ID) values (19,33);
insert into dyextn_attribute_type_info (IDENTIFIER,PRIMITIVE_ATTRIBUTE_ID) values (20,34);
insert into dyextn_attribute_type_info (IDENTIFIER,PRIMITIVE_ATTRIBUTE_ID) values (21,35);
insert into dyextn_attribute_type_info (IDENTIFIER,PRIMITIVE_ATTRIBUTE_ID) values (22,40);
insert into dyextn_attribute_type_info (IDENTIFIER,PRIMITIVE_ATTRIBUTE_ID) values (23,43);
insert into dyextn_attribute_type_info (IDENTIFIER,PRIMITIVE_ATTRIBUTE_ID) values (24,46);
insert into dyextn_attribute_type_info (IDENTIFIER,PRIMITIVE_ATTRIBUTE_ID) values (25,49);
insert into dyextn_attribute_type_info (IDENTIFIER,PRIMITIVE_ATTRIBUTE_ID) values (26,52);
insert into dyextn_attribute_type_info (IDENTIFIER,PRIMITIVE_ATTRIBUTE_ID) values (27,53);
insert into dyextn_attribute_type_info (IDENTIFIER,PRIMITIVE_ATTRIBUTE_ID) values (28,54);
insert into dyextn_attribute_type_info (IDENTIFIER,PRIMITIVE_ATTRIBUTE_ID) values (29,55);
insert into dyextn_attribute_type_info (IDENTIFIER,PRIMITIVE_ATTRIBUTE_ID) values (30,56);
insert into dyextn_attribute_type_info (IDENTIFIER,PRIMITIVE_ATTRIBUTE_ID) values (31,57);
insert into dyextn_attribute_type_info (IDENTIFIER,PRIMITIVE_ATTRIBUTE_ID) values (32,58);
insert into dyextn_attribute_type_info (IDENTIFIER,PRIMITIVE_ATTRIBUTE_ID) values (33,59);
insert into dyextn_attribute_type_info (IDENTIFIER,PRIMITIVE_ATTRIBUTE_ID) values (34,64);
insert into dyextn_attribute_type_info (IDENTIFIER,PRIMITIVE_ATTRIBUTE_ID) values (35,68);
insert into dyextn_attribute_type_info (IDENTIFIER,PRIMITIVE_ATTRIBUTE_ID) values (36,69);
insert into dyextn_attribute_type_info (IDENTIFIER,PRIMITIVE_ATTRIBUTE_ID) values (37,70);
insert into dyextn_attribute_type_info (IDENTIFIER,PRIMITIVE_ATTRIBUTE_ID) values (38,74);
insert into dyextn_attribute_type_info (IDENTIFIER,PRIMITIVE_ATTRIBUTE_ID) values (39,75);
insert into dyextn_attribute_type_info (IDENTIFIER,PRIMITIVE_ATTRIBUTE_ID) values (40,77);
insert into dyextn_attribute_type_info (IDENTIFIER,PRIMITIVE_ATTRIBUTE_ID) values (41,79);
insert into dyextn_attribute_type_info (IDENTIFIER,PRIMITIVE_ATTRIBUTE_ID) values (42,80);
insert into dyextn_attribute_type_info (IDENTIFIER,PRIMITIVE_ATTRIBUTE_ID) values (43,81);
insert into dyextn_attribute_type_info (IDENTIFIER,PRIMITIVE_ATTRIBUTE_ID) values (44,82);
insert into dyextn_attribute_type_info (IDENTIFIER,PRIMITIVE_ATTRIBUTE_ID) values (45,85);
insert into dyextn_attribute_type_info (IDENTIFIER,PRIMITIVE_ATTRIBUTE_ID) values (46,86);
insert into dyextn_attribute_type_info (IDENTIFIER,PRIMITIVE_ATTRIBUTE_ID) values (47,87);
insert into dyextn_attribute_type_info (IDENTIFIER,PRIMITIVE_ATTRIBUTE_ID) values (48,91);
insert into dyextn_attribute_type_info (IDENTIFIER,PRIMITIVE_ATTRIBUTE_ID) values (49,92);
insert into dyextn_attribute_type_info (IDENTIFIER,PRIMITIVE_ATTRIBUTE_ID) values (50,94);
insert into dyextn_attribute_type_info (IDENTIFIER,PRIMITIVE_ATTRIBUTE_ID) values (51,96);
insert into dyextn_attribute_type_info (IDENTIFIER,PRIMITIVE_ATTRIBUTE_ID) values (52,97);
insert into dyextn_attribute_type_info (IDENTIFIER,PRIMITIVE_ATTRIBUTE_ID) values (53,98);
insert into dyextn_attribute_type_info (IDENTIFIER,PRIMITIVE_ATTRIBUTE_ID) values (54,99);
insert into dyextn_attribute_type_info (IDENTIFIER,PRIMITIVE_ATTRIBUTE_ID) values (55,101);
insert into dyextn_attribute_type_info (IDENTIFIER,PRIMITIVE_ATTRIBUTE_ID) values (56,103);
insert into dyextn_attribute_type_info (IDENTIFIER,PRIMITIVE_ATTRIBUTE_ID) values (57,105);
insert into dyextn_attribute_type_info (IDENTIFIER,PRIMITIVE_ATTRIBUTE_ID) values (58,107);
insert into dyextn_attribute_type_info (IDENTIFIER,PRIMITIVE_ATTRIBUTE_ID) values (59,109);
insert into dyextn_attribute_type_info (IDENTIFIER,PRIMITIVE_ATTRIBUTE_ID) values (60,111);
insert into dyextn_attribute_type_info (IDENTIFIER,PRIMITIVE_ATTRIBUTE_ID) values (61,115);
insert into dyextn_attribute_type_info (IDENTIFIER,PRIMITIVE_ATTRIBUTE_ID) values (62,116);
insert into dyextn_attribute_type_info (IDENTIFIER,PRIMITIVE_ATTRIBUTE_ID) values (63,117);
insert into dyextn_attribute_type_info (IDENTIFIER,PRIMITIVE_ATTRIBUTE_ID) values (64,118);
insert into dyextn_attribute_type_info (IDENTIFIER,PRIMITIVE_ATTRIBUTE_ID) values (65,119);
insert into dyextn_attribute_type_info (IDENTIFIER,PRIMITIVE_ATTRIBUTE_ID) values (66,120);
insert into dyextn_attribute_type_info (IDENTIFIER,PRIMITIVE_ATTRIBUTE_ID) values (67,121);
insert into dyextn_attribute_type_info (IDENTIFIER,PRIMITIVE_ATTRIBUTE_ID) values (68,122);
insert into dyextn_attribute_type_info (IDENTIFIER,PRIMITIVE_ATTRIBUTE_ID) values (69,123);
insert into dyextn_attribute_type_info (IDENTIFIER,PRIMITIVE_ATTRIBUTE_ID) values (70,124);
insert into dyextn_attribute_type_info (IDENTIFIER,PRIMITIVE_ATTRIBUTE_ID) values (71,135);
insert into dyextn_attribute_type_info (IDENTIFIER,PRIMITIVE_ATTRIBUTE_ID) values (72,136);
insert into dyextn_attribute_type_info (IDENTIFIER,PRIMITIVE_ATTRIBUTE_ID) values (73,140);
insert into dyextn_attribute_type_info (IDENTIFIER,PRIMITIVE_ATTRIBUTE_ID) values (74,141);
insert into dyextn_attribute_type_info (IDENTIFIER,PRIMITIVE_ATTRIBUTE_ID) values (75,142);
insert into dyextn_attribute_type_info (IDENTIFIER,PRIMITIVE_ATTRIBUTE_ID) values (76,143);
insert into dyextn_attribute_type_info (IDENTIFIER,PRIMITIVE_ATTRIBUTE_ID) values (77,144);
insert into dyextn_attribute_type_info (IDENTIFIER,PRIMITIVE_ATTRIBUTE_ID) values (78,145);
insert into dyextn_attribute_type_info (IDENTIFIER,PRIMITIVE_ATTRIBUTE_ID) values (79,146);
insert into dyextn_attribute_type_info (IDENTIFIER,PRIMITIVE_ATTRIBUTE_ID) values (80,149);
insert into dyextn_attribute_type_info (IDENTIFIER,PRIMITIVE_ATTRIBUTE_ID) values (81,154);
insert into dyextn_attribute_type_info (IDENTIFIER,PRIMITIVE_ATTRIBUTE_ID) values (82,155);
insert into dyextn_attribute_type_info (IDENTIFIER,PRIMITIVE_ATTRIBUTE_ID) values (83,161);
insert into dyextn_attribute_type_info (IDENTIFIER,PRIMITIVE_ATTRIBUTE_ID) values (84,165);
insert into dyextn_attribute_type_info (IDENTIFIER,PRIMITIVE_ATTRIBUTE_ID) values (85,166);
insert into dyextn_attribute_type_info (IDENTIFIER,PRIMITIVE_ATTRIBUTE_ID) values (86,167);
insert into dyextn_attribute_type_info (IDENTIFIER,PRIMITIVE_ATTRIBUTE_ID) values (87,170);
insert into dyextn_attribute_type_info (IDENTIFIER,PRIMITIVE_ATTRIBUTE_ID) values (88,173);
insert into dyextn_attribute_type_info (IDENTIFIER,PRIMITIVE_ATTRIBUTE_ID) values (89,176);
insert into dyextn_attribute_type_info (IDENTIFIER,PRIMITIVE_ATTRIBUTE_ID) values (90,182);
insert into dyextn_attribute_type_info (IDENTIFIER,PRIMITIVE_ATTRIBUTE_ID) values (91,183);
insert into dyextn_attribute_type_info (IDENTIFIER,PRIMITIVE_ATTRIBUTE_ID) values (92,184);
insert into dyextn_attribute_type_info (IDENTIFIER,PRIMITIVE_ATTRIBUTE_ID) values (93,185);
insert into dyextn_attribute_type_info (IDENTIFIER,PRIMITIVE_ATTRIBUTE_ID) values (94,186);
insert into dyextn_attribute_type_info (IDENTIFIER,PRIMITIVE_ATTRIBUTE_ID) values (95,187);
insert into dyextn_attribute_type_info (IDENTIFIER,PRIMITIVE_ATTRIBUTE_ID) values (96,188);
insert into dyextn_attribute_type_info (IDENTIFIER,PRIMITIVE_ATTRIBUTE_ID) values (97,189);
insert into dyextn_attribute_type_info (IDENTIFIER,PRIMITIVE_ATTRIBUTE_ID) values (98,190);
insert into dyextn_attribute_type_info (IDENTIFIER,PRIMITIVE_ATTRIBUTE_ID) values (99,200);
insert into dyextn_attribute_type_info (IDENTIFIER,PRIMITIVE_ATTRIBUTE_ID) values (100,203);
insert into dyextn_attribute_type_info (IDENTIFIER,PRIMITIVE_ATTRIBUTE_ID) values (101,207);
insert into dyextn_attribute_type_info (IDENTIFIER,PRIMITIVE_ATTRIBUTE_ID) values (102,210);
insert into dyextn_attribute_type_info (IDENTIFIER,PRIMITIVE_ATTRIBUTE_ID) values (103,214);
insert into dyextn_attribute_type_info (IDENTIFIER,PRIMITIVE_ATTRIBUTE_ID) values (104,215);
insert into dyextn_attribute_type_info (IDENTIFIER,PRIMITIVE_ATTRIBUTE_ID) values (105,216);
insert into dyextn_attribute_type_info (IDENTIFIER,PRIMITIVE_ATTRIBUTE_ID) values (106,219);
insert into dyextn_attribute_type_info (IDENTIFIER,PRIMITIVE_ATTRIBUTE_ID) values (107,225);
insert into dyextn_attribute_type_info (IDENTIFIER,PRIMITIVE_ATTRIBUTE_ID) values (108,226);
insert into dyextn_attribute_type_info (IDENTIFIER,PRIMITIVE_ATTRIBUTE_ID) values (109,227);
insert into dyextn_attribute_type_info (IDENTIFIER,PRIMITIVE_ATTRIBUTE_ID) values (110,230);
insert into dyextn_attribute_type_info (IDENTIFIER,PRIMITIVE_ATTRIBUTE_ID) values (111,231);
insert into dyextn_attribute_type_info (IDENTIFIER,PRIMITIVE_ATTRIBUTE_ID) values (112,233);
insert into dyextn_attribute_type_info (IDENTIFIER,PRIMITIVE_ATTRIBUTE_ID) values (113,235);
insert into dyextn_attribute_type_info (IDENTIFIER,PRIMITIVE_ATTRIBUTE_ID) values (114,237);
insert into dyextn_attribute_type_info (IDENTIFIER,PRIMITIVE_ATTRIBUTE_ID) values (115,238);
insert into dyextn_attribute_type_info (IDENTIFIER,PRIMITIVE_ATTRIBUTE_ID) values (116,244);
insert into dyextn_attribute_type_info (IDENTIFIER,PRIMITIVE_ATTRIBUTE_ID) values (117,245);
insert into dyextn_attribute_type_info (IDENTIFIER,PRIMITIVE_ATTRIBUTE_ID) values (118,246);
insert into dyextn_attribute_type_info (IDENTIFIER,PRIMITIVE_ATTRIBUTE_ID) values (119,247);
insert into dyextn_attribute_type_info (IDENTIFIER,PRIMITIVE_ATTRIBUTE_ID) values (120,248);
insert into dyextn_attribute_type_info (IDENTIFIER,PRIMITIVE_ATTRIBUTE_ID) values (121,251);
insert into dyextn_attribute_type_info (IDENTIFIER,PRIMITIVE_ATTRIBUTE_ID) values (122,255);
insert into dyextn_attribute_type_info (IDENTIFIER,PRIMITIVE_ATTRIBUTE_ID) values (123,256);
insert into dyextn_attribute_type_info (IDENTIFIER,PRIMITIVE_ATTRIBUTE_ID) values (124,257);
insert into dyextn_attribute_type_info (IDENTIFIER,PRIMITIVE_ATTRIBUTE_ID) values (125,258);
insert into dyextn_attribute_type_info (IDENTIFIER,PRIMITIVE_ATTRIBUTE_ID) values (126,260);
insert into dyextn_attribute_type_info (IDENTIFIER,PRIMITIVE_ATTRIBUTE_ID) values (127,262);
insert into dyextn_attribute_type_info (IDENTIFIER,PRIMITIVE_ATTRIBUTE_ID) values (128,263);
insert into dyextn_attribute_type_info (IDENTIFIER,PRIMITIVE_ATTRIBUTE_ID) values (129,264);
insert into dyextn_attribute_type_info (IDENTIFIER,PRIMITIVE_ATTRIBUTE_ID) values (130,267);
insert into dyextn_attribute_type_info (IDENTIFIER,PRIMITIVE_ATTRIBUTE_ID) values (131,268);
insert into dyextn_attribute_type_info (IDENTIFIER,PRIMITIVE_ATTRIBUTE_ID) values (132,269);
insert into dyextn_attribute_type_info (IDENTIFIER,PRIMITIVE_ATTRIBUTE_ID) values (133,270);
insert into dyextn_attribute_type_info (IDENTIFIER,PRIMITIVE_ATTRIBUTE_ID) values (134,271);
insert into dyextn_attribute_type_info (IDENTIFIER,PRIMITIVE_ATTRIBUTE_ID) values (135,272);
insert into dyextn_attribute_type_info (IDENTIFIER,PRIMITIVE_ATTRIBUTE_ID) values (136,278);
insert into dyextn_attribute_type_info (IDENTIFIER,PRIMITIVE_ATTRIBUTE_ID) values (137,283);
insert into dyextn_attribute_type_info (IDENTIFIER,PRIMITIVE_ATTRIBUTE_ID) values (138,290);
insert into dyextn_attribute_type_info (IDENTIFIER,PRIMITIVE_ATTRIBUTE_ID) values (139,291);
insert into dyextn_attribute_type_info (IDENTIFIER,PRIMITIVE_ATTRIBUTE_ID) values (140,292);
insert into dyextn_attribute_type_info (IDENTIFIER,PRIMITIVE_ATTRIBUTE_ID) values (141,293);
insert into dyextn_attribute_type_info (IDENTIFIER,PRIMITIVE_ATTRIBUTE_ID) values (142,295);

/*Data for the table dyextn_barr_concept_value */

/*Data for the table dyextn_base_abstract_attribute */

insert into dyextn_base_abstract_attribute (IDENTIFIER) values (3);
insert into dyextn_base_abstract_attribute (IDENTIFIER) values (5);
insert into dyextn_base_abstract_attribute (IDENTIFIER) values (7);
insert into dyextn_base_abstract_attribute (IDENTIFIER) values (9);
insert into dyextn_base_abstract_attribute (IDENTIFIER) values (11);
insert into dyextn_base_abstract_attribute (IDENTIFIER) values (13);
insert into dyextn_base_abstract_attribute (IDENTIFIER) values (15);
insert into dyextn_base_abstract_attribute (IDENTIFIER) values (16);
insert into dyextn_base_abstract_attribute (IDENTIFIER) values (18);
insert into dyextn_base_abstract_attribute (IDENTIFIER) values (19);
insert into dyextn_base_abstract_attribute (IDENTIFIER) values (20);
insert into dyextn_base_abstract_attribute (IDENTIFIER) values (21);
insert into dyextn_base_abstract_attribute (IDENTIFIER) values (22);
insert into dyextn_base_abstract_attribute (IDENTIFIER) values (23);
insert into dyextn_base_abstract_attribute (IDENTIFIER) values (24);
insert into dyextn_base_abstract_attribute (IDENTIFIER) values (26);
insert into dyextn_base_abstract_attribute (IDENTIFIER) values (28);
insert into dyextn_base_abstract_attribute (IDENTIFIER) values (29);
insert into dyextn_base_abstract_attribute (IDENTIFIER) values (30);
insert into dyextn_base_abstract_attribute (IDENTIFIER) values (31);
insert into dyextn_base_abstract_attribute (IDENTIFIER) values (32);
insert into dyextn_base_abstract_attribute (IDENTIFIER) values (33);
insert into dyextn_base_abstract_attribute (IDENTIFIER) values (34);
insert into dyextn_base_abstract_attribute (IDENTIFIER) values (35);
insert into dyextn_base_abstract_attribute (IDENTIFIER) values (38);
insert into dyextn_base_abstract_attribute (IDENTIFIER) values (40);
insert into dyextn_base_abstract_attribute (IDENTIFIER) values (41);
insert into dyextn_base_abstract_attribute (IDENTIFIER) values (43);
insert into dyextn_base_abstract_attribute (IDENTIFIER) values (44);
insert into dyextn_base_abstract_attribute (IDENTIFIER) values (46);
insert into dyextn_base_abstract_attribute (IDENTIFIER) values (47);
insert into dyextn_base_abstract_attribute (IDENTIFIER) values (49);
insert into dyextn_base_abstract_attribute (IDENTIFIER) values (50);
insert into dyextn_base_abstract_attribute (IDENTIFIER) values (51);
insert into dyextn_base_abstract_attribute (IDENTIFIER) values (52);
insert into dyextn_base_abstract_attribute (IDENTIFIER) values (53);
insert into dyextn_base_abstract_attribute (IDENTIFIER) values (54);
insert into dyextn_base_abstract_attribute (IDENTIFIER) values (55);
insert into dyextn_base_abstract_attribute (IDENTIFIER) values (56);
insert into dyextn_base_abstract_attribute (IDENTIFIER) values (57);
insert into dyextn_base_abstract_attribute (IDENTIFIER) values (58);
insert into dyextn_base_abstract_attribute (IDENTIFIER) values (59);
insert into dyextn_base_abstract_attribute (IDENTIFIER) values (60);
insert into dyextn_base_abstract_attribute (IDENTIFIER) values (62);
insert into dyextn_base_abstract_attribute (IDENTIFIER) values (63);
insert into dyextn_base_abstract_attribute (IDENTIFIER) values (64);
insert into dyextn_base_abstract_attribute (IDENTIFIER) values (65);
insert into dyextn_base_abstract_attribute (IDENTIFIER) values (66);
insert into dyextn_base_abstract_attribute (IDENTIFIER) values (68);
insert into dyextn_base_abstract_attribute (IDENTIFIER) values (69);
insert into dyextn_base_abstract_attribute (IDENTIFIER) values (70);
insert into dyextn_base_abstract_attribute (IDENTIFIER) values (71);
insert into dyextn_base_abstract_attribute (IDENTIFIER) values (72);
insert into dyextn_base_abstract_attribute (IDENTIFIER) values (73);
insert into dyextn_base_abstract_attribute (IDENTIFIER) values (74);
insert into dyextn_base_abstract_attribute (IDENTIFIER) values (75);
insert into dyextn_base_abstract_attribute (IDENTIFIER) values (77);
insert into dyextn_base_abstract_attribute (IDENTIFIER) values (79);
insert into dyextn_base_abstract_attribute (IDENTIFIER) values (80);
insert into dyextn_base_abstract_attribute (IDENTIFIER) values (81);
insert into dyextn_base_abstract_attribute (IDENTIFIER) values (82);
insert into dyextn_base_abstract_attribute (IDENTIFIER) values (85);
insert into dyextn_base_abstract_attribute (IDENTIFIER) values (86);
insert into dyextn_base_abstract_attribute (IDENTIFIER) values (87);
insert into dyextn_base_abstract_attribute (IDENTIFIER) values (88);
insert into dyextn_base_abstract_attribute (IDENTIFIER) values (89);
insert into dyextn_base_abstract_attribute (IDENTIFIER) values (90);
insert into dyextn_base_abstract_attribute (IDENTIFIER) values (91);
insert into dyextn_base_abstract_attribute (IDENTIFIER) values (92);
insert into dyextn_base_abstract_attribute (IDENTIFIER) values (94);
insert into dyextn_base_abstract_attribute (IDENTIFIER) values (96);
insert into dyextn_base_abstract_attribute (IDENTIFIER) values (97);
insert into dyextn_base_abstract_attribute (IDENTIFIER) values (98);
insert into dyextn_base_abstract_attribute (IDENTIFIER) values (99);
insert into dyextn_base_abstract_attribute (IDENTIFIER) values (101);
insert into dyextn_base_abstract_attribute (IDENTIFIER) values (103);
insert into dyextn_base_abstract_attribute (IDENTIFIER) values (105);
insert into dyextn_base_abstract_attribute (IDENTIFIER) values (107);
insert into dyextn_base_abstract_attribute (IDENTIFIER) values (109);
insert into dyextn_base_abstract_attribute (IDENTIFIER) values (111);
insert into dyextn_base_abstract_attribute (IDENTIFIER) values (113);
insert into dyextn_base_abstract_attribute (IDENTIFIER) values (114);
insert into dyextn_base_abstract_attribute (IDENTIFIER) values (115);
insert into dyextn_base_abstract_attribute (IDENTIFIER) values (116);
insert into dyextn_base_abstract_attribute (IDENTIFIER) values (117);
insert into dyextn_base_abstract_attribute (IDENTIFIER) values (118);
insert into dyextn_base_abstract_attribute (IDENTIFIER) values (119);
insert into dyextn_base_abstract_attribute (IDENTIFIER) values (120);
insert into dyextn_base_abstract_attribute (IDENTIFIER) values (121);
insert into dyextn_base_abstract_attribute (IDENTIFIER) values (122);
insert into dyextn_base_abstract_attribute (IDENTIFIER) values (123);
insert into dyextn_base_abstract_attribute (IDENTIFIER) values (124);
insert into dyextn_base_abstract_attribute (IDENTIFIER) values (127);
insert into dyextn_base_abstract_attribute (IDENTIFIER) values (128);
insert into dyextn_base_abstract_attribute (IDENTIFIER) values (129);
insert into dyextn_base_abstract_attribute (IDENTIFIER) values (130);
insert into dyextn_base_abstract_attribute (IDENTIFIER) values (131);
insert into dyextn_base_abstract_attribute (IDENTIFIER) values (132);
insert into dyextn_base_abstract_attribute (IDENTIFIER) values (133);
insert into dyextn_base_abstract_attribute (IDENTIFIER) values (135);
insert into dyextn_base_abstract_attribute (IDENTIFIER) values (136);
insert into dyextn_base_abstract_attribute (IDENTIFIER) values (137);
insert into dyextn_base_abstract_attribute (IDENTIFIER) values (139);
insert into dyextn_base_abstract_attribute (IDENTIFIER) values (140);
insert into dyextn_base_abstract_attribute (IDENTIFIER) values (141);
insert into dyextn_base_abstract_attribute (IDENTIFIER) values (142);
insert into dyextn_base_abstract_attribute (IDENTIFIER) values (143);
insert into dyextn_base_abstract_attribute (IDENTIFIER) values (144);
insert into dyextn_base_abstract_attribute (IDENTIFIER) values (145);
insert into dyextn_base_abstract_attribute (IDENTIFIER) values (146);
insert into dyextn_base_abstract_attribute (IDENTIFIER) values (147);
insert into dyextn_base_abstract_attribute (IDENTIFIER) values (149);
insert into dyextn_base_abstract_attribute (IDENTIFIER) values (150);
insert into dyextn_base_abstract_attribute (IDENTIFIER) values (151);
insert into dyextn_base_abstract_attribute (IDENTIFIER) values (153);
insert into dyextn_base_abstract_attribute (IDENTIFIER) values (154);
insert into dyextn_base_abstract_attribute (IDENTIFIER) values (155);
insert into dyextn_base_abstract_attribute (IDENTIFIER) values (156);
insert into dyextn_base_abstract_attribute (IDENTIFIER) values (158);
insert into dyextn_base_abstract_attribute (IDENTIFIER) values (159);
insert into dyextn_base_abstract_attribute (IDENTIFIER) values (161);
insert into dyextn_base_abstract_attribute (IDENTIFIER) values (162);
insert into dyextn_base_abstract_attribute (IDENTIFIER) values (163);
insert into dyextn_base_abstract_attribute (IDENTIFIER) values (164);
insert into dyextn_base_abstract_attribute (IDENTIFIER) values (165);
insert into dyextn_base_abstract_attribute (IDENTIFIER) values (166);
insert into dyextn_base_abstract_attribute (IDENTIFIER) values (167);
insert into dyextn_base_abstract_attribute (IDENTIFIER) values (168);
insert into dyextn_base_abstract_attribute (IDENTIFIER) values (170);
insert into dyextn_base_abstract_attribute (IDENTIFIER) values (171);
insert into dyextn_base_abstract_attribute (IDENTIFIER) values (173);
insert into dyextn_base_abstract_attribute (IDENTIFIER) values (174);
insert into dyextn_base_abstract_attribute (IDENTIFIER) values (176);
insert into dyextn_base_abstract_attribute (IDENTIFIER) values (177);
insert into dyextn_base_abstract_attribute (IDENTIFIER) values (178);
insert into dyextn_base_abstract_attribute (IDENTIFIER) values (179);
insert into dyextn_base_abstract_attribute (IDENTIFIER) values (180);
insert into dyextn_base_abstract_attribute (IDENTIFIER) values (181);
insert into dyextn_base_abstract_attribute (IDENTIFIER) values (182);
insert into dyextn_base_abstract_attribute (IDENTIFIER) values (183);
insert into dyextn_base_abstract_attribute (IDENTIFIER) values (184);
insert into dyextn_base_abstract_attribute (IDENTIFIER) values (185);
insert into dyextn_base_abstract_attribute (IDENTIFIER) values (186);
insert into dyextn_base_abstract_attribute (IDENTIFIER) values (187);
insert into dyextn_base_abstract_attribute (IDENTIFIER) values (188);
insert into dyextn_base_abstract_attribute (IDENTIFIER) values (189);
insert into dyextn_base_abstract_attribute (IDENTIFIER) values (190);
insert into dyextn_base_abstract_attribute (IDENTIFIER) values (191);
insert into dyextn_base_abstract_attribute (IDENTIFIER) values (192);
insert into dyextn_base_abstract_attribute (IDENTIFIER) values (193);
insert into dyextn_base_abstract_attribute (IDENTIFIER) values (194);
insert into dyextn_base_abstract_attribute (IDENTIFIER) values (195);
insert into dyextn_base_abstract_attribute (IDENTIFIER) values (196);
insert into dyextn_base_abstract_attribute (IDENTIFIER) values (197);
insert into dyextn_base_abstract_attribute (IDENTIFIER) values (198);
insert into dyextn_base_abstract_attribute (IDENTIFIER) values (200);
insert into dyextn_base_abstract_attribute (IDENTIFIER) values (201);
insert into dyextn_base_abstract_attribute (IDENTIFIER) values (203);
insert into dyextn_base_abstract_attribute (IDENTIFIER) values (204);
insert into dyextn_base_abstract_attribute (IDENTIFIER) values (207);
insert into dyextn_base_abstract_attribute (IDENTIFIER) values (208);
insert into dyextn_base_abstract_attribute (IDENTIFIER) values (210);
insert into dyextn_base_abstract_attribute (IDENTIFIER) values (211);
insert into dyextn_base_abstract_attribute (IDENTIFIER) values (212);
insert into dyextn_base_abstract_attribute (IDENTIFIER) values (213);
insert into dyextn_base_abstract_attribute (IDENTIFIER) values (214);
insert into dyextn_base_abstract_attribute (IDENTIFIER) values (215);
insert into dyextn_base_abstract_attribute (IDENTIFIER) values (216);
insert into dyextn_base_abstract_attribute (IDENTIFIER) values (217);
insert into dyextn_base_abstract_attribute (IDENTIFIER) values (219);
insert into dyextn_base_abstract_attribute (IDENTIFIER) values (220);
insert into dyextn_base_abstract_attribute (IDENTIFIER) values (221);
insert into dyextn_base_abstract_attribute (IDENTIFIER) values (222);
insert into dyextn_base_abstract_attribute (IDENTIFIER) values (224);
insert into dyextn_base_abstract_attribute (IDENTIFIER) values (225);
insert into dyextn_base_abstract_attribute (IDENTIFIER) values (226);
insert into dyextn_base_abstract_attribute (IDENTIFIER) values (227);
insert into dyextn_base_abstract_attribute (IDENTIFIER) values (228);
insert into dyextn_base_abstract_attribute (IDENTIFIER) values (229);
insert into dyextn_base_abstract_attribute (IDENTIFIER) values (230);
insert into dyextn_base_abstract_attribute (IDENTIFIER) values (231);
insert into dyextn_base_abstract_attribute (IDENTIFIER) values (233);
insert into dyextn_base_abstract_attribute (IDENTIFIER) values (235);
insert into dyextn_base_abstract_attribute (IDENTIFIER) values (237);
insert into dyextn_base_abstract_attribute (IDENTIFIER) values (238);
insert into dyextn_base_abstract_attribute (IDENTIFIER) values (240);
insert into dyextn_base_abstract_attribute (IDENTIFIER) values (243);
insert into dyextn_base_abstract_attribute (IDENTIFIER) values (244);
insert into dyextn_base_abstract_attribute (IDENTIFIER) values (245);
insert into dyextn_base_abstract_attribute (IDENTIFIER) values (246);
insert into dyextn_base_abstract_attribute (IDENTIFIER) values (247);
insert into dyextn_base_abstract_attribute (IDENTIFIER) values (248);
insert into dyextn_base_abstract_attribute (IDENTIFIER) values (249);
insert into dyextn_base_abstract_attribute (IDENTIFIER) values (250);
insert into dyextn_base_abstract_attribute (IDENTIFIER) values (251);
insert into dyextn_base_abstract_attribute (IDENTIFIER) values (252);
insert into dyextn_base_abstract_attribute (IDENTIFIER) values (253);
insert into dyextn_base_abstract_attribute (IDENTIFIER) values (254);
insert into dyextn_base_abstract_attribute (IDENTIFIER) values (255);
insert into dyextn_base_abstract_attribute (IDENTIFIER) values (256);
insert into dyextn_base_abstract_attribute (IDENTIFIER) values (257);
insert into dyextn_base_abstract_attribute (IDENTIFIER) values (258);
insert into dyextn_base_abstract_attribute (IDENTIFIER) values (260);
insert into dyextn_base_abstract_attribute (IDENTIFIER) values (262);
insert into dyextn_base_abstract_attribute (IDENTIFIER) values (263);
insert into dyextn_base_abstract_attribute (IDENTIFIER) values (264);
insert into dyextn_base_abstract_attribute (IDENTIFIER) values (266);
insert into dyextn_base_abstract_attribute (IDENTIFIER) values (267);
insert into dyextn_base_abstract_attribute (IDENTIFIER) values (268);
insert into dyextn_base_abstract_attribute (IDENTIFIER) values (269);
insert into dyextn_base_abstract_attribute (IDENTIFIER) values (270);
insert into dyextn_base_abstract_attribute (IDENTIFIER) values (271);
insert into dyextn_base_abstract_attribute (IDENTIFIER) values (272);
insert into dyextn_base_abstract_attribute (IDENTIFIER) values (273);
insert into dyextn_base_abstract_attribute (IDENTIFIER) values (274);
insert into dyextn_base_abstract_attribute (IDENTIFIER) values (275);
insert into dyextn_base_abstract_attribute (IDENTIFIER) values (276);
insert into dyextn_base_abstract_attribute (IDENTIFIER) values (278);
insert into dyextn_base_abstract_attribute (IDENTIFIER) values (279);
insert into dyextn_base_abstract_attribute (IDENTIFIER) values (280);
insert into dyextn_base_abstract_attribute (IDENTIFIER) values (281);
insert into dyextn_base_abstract_attribute (IDENTIFIER) values (283);
insert into dyextn_base_abstract_attribute (IDENTIFIER) values (285);
insert into dyextn_base_abstract_attribute (IDENTIFIER) values (286);
insert into dyextn_base_abstract_attribute (IDENTIFIER) values (287);
insert into dyextn_base_abstract_attribute (IDENTIFIER) values (288);
insert into dyextn_base_abstract_attribute (IDENTIFIER) values (289);
insert into dyextn_base_abstract_attribute (IDENTIFIER) values (290);
insert into dyextn_base_abstract_attribute (IDENTIFIER) values (291);
insert into dyextn_base_abstract_attribute (IDENTIFIER) values (292);
insert into dyextn_base_abstract_attribute (IDENTIFIER) values (293);
insert into dyextn_base_abstract_attribute (IDENTIFIER) values (295);

/*Data for the table dyextn_boolean_concept_value */

/*Data for the table dyextn_boolean_type_info */

/*Data for the table dyextn_byte_array_type_info */

/*Data for the table dyextn_cadsr_value_domain_info */

/*Data for the table dyextn_cadsrde */

/*Data for the table dyextn_cat_asso_ctl */

/*Data for the table dyextn_category */

/*Data for the table dyextn_category_association */

/*Data for the table dyextn_category_attribute */

/*Data for the table dyextn_category_entity */

/*Data for the table dyextn_check_box */

/*Data for the table dyextn_column_properties */

insert into dyextn_column_properties (IDENTIFIER,CONSTRAINT_NAME,CATEGORY_ATTRIBUTE_ID,PRIMITIVE_ATTRIBUTE_ID) values (2,NULL,NULL,3);
insert into dyextn_column_properties (IDENTIFIER,CONSTRAINT_NAME,CATEGORY_ATTRIBUTE_ID,PRIMITIVE_ATTRIBUTE_ID) values (4,NULL,NULL,5);
insert into dyextn_column_properties (IDENTIFIER,CONSTRAINT_NAME,CATEGORY_ATTRIBUTE_ID,PRIMITIVE_ATTRIBUTE_ID) values (6,NULL,NULL,7);
insert into dyextn_column_properties (IDENTIFIER,CONSTRAINT_NAME,CATEGORY_ATTRIBUTE_ID,PRIMITIVE_ATTRIBUTE_ID) values (8,NULL,NULL,9);
insert into dyextn_column_properties (IDENTIFIER,CONSTRAINT_NAME,CATEGORY_ATTRIBUTE_ID,PRIMITIVE_ATTRIBUTE_ID) values (10,NULL,NULL,11);
insert into dyextn_column_properties (IDENTIFIER,CONSTRAINT_NAME,CATEGORY_ATTRIBUTE_ID,PRIMITIVE_ATTRIBUTE_ID) values (12,NULL,NULL,13);
insert into dyextn_column_properties (IDENTIFIER,CONSTRAINT_NAME,CATEGORY_ATTRIBUTE_ID,PRIMITIVE_ATTRIBUTE_ID) values (17,NULL,NULL,18);
insert into dyextn_column_properties (IDENTIFIER,CONSTRAINT_NAME,CATEGORY_ATTRIBUTE_ID,PRIMITIVE_ATTRIBUTE_ID) values (19,NULL,NULL,20);
insert into dyextn_column_properties (IDENTIFIER,CONSTRAINT_NAME,CATEGORY_ATTRIBUTE_ID,PRIMITIVE_ATTRIBUTE_ID) values (20,NULL,NULL,21);
insert into dyextn_column_properties (IDENTIFIER,CONSTRAINT_NAME,CATEGORY_ATTRIBUTE_ID,PRIMITIVE_ATTRIBUTE_ID) values (21,NULL,NULL,22);
insert into dyextn_column_properties (IDENTIFIER,CONSTRAINT_NAME,CATEGORY_ATTRIBUTE_ID,PRIMITIVE_ATTRIBUTE_ID) values (22,NULL,NULL,23);
insert into dyextn_column_properties (IDENTIFIER,CONSTRAINT_NAME,CATEGORY_ATTRIBUTE_ID,PRIMITIVE_ATTRIBUTE_ID) values (23,NULL,NULL,24);
insert into dyextn_column_properties (IDENTIFIER,CONSTRAINT_NAME,CATEGORY_ATTRIBUTE_ID,PRIMITIVE_ATTRIBUTE_ID) values (25,NULL,NULL,26);
insert into dyextn_column_properties (IDENTIFIER,CONSTRAINT_NAME,CATEGORY_ATTRIBUTE_ID,PRIMITIVE_ATTRIBUTE_ID) values (27,NULL,NULL,28);
insert into dyextn_column_properties (IDENTIFIER,CONSTRAINT_NAME,CATEGORY_ATTRIBUTE_ID,PRIMITIVE_ATTRIBUTE_ID) values (28,NULL,NULL,29);
insert into dyextn_column_properties (IDENTIFIER,CONSTRAINT_NAME,CATEGORY_ATTRIBUTE_ID,PRIMITIVE_ATTRIBUTE_ID) values (29,NULL,NULL,30);
insert into dyextn_column_properties (IDENTIFIER,CONSTRAINT_NAME,CATEGORY_ATTRIBUTE_ID,PRIMITIVE_ATTRIBUTE_ID) values (30,NULL,NULL,31);
insert into dyextn_column_properties (IDENTIFIER,CONSTRAINT_NAME,CATEGORY_ATTRIBUTE_ID,PRIMITIVE_ATTRIBUTE_ID) values (31,NULL,NULL,32);
insert into dyextn_column_properties (IDENTIFIER,CONSTRAINT_NAME,CATEGORY_ATTRIBUTE_ID,PRIMITIVE_ATTRIBUTE_ID) values (32,NULL,NULL,33);
insert into dyextn_column_properties (IDENTIFIER,CONSTRAINT_NAME,CATEGORY_ATTRIBUTE_ID,PRIMITIVE_ATTRIBUTE_ID) values (33,NULL,NULL,34);
insert into dyextn_column_properties (IDENTIFIER,CONSTRAINT_NAME,CATEGORY_ATTRIBUTE_ID,PRIMITIVE_ATTRIBUTE_ID) values (34,NULL,NULL,35);
insert into dyextn_column_properties (IDENTIFIER,CONSTRAINT_NAME,CATEGORY_ATTRIBUTE_ID,PRIMITIVE_ATTRIBUTE_ID) values (39,NULL,NULL,40);
insert into dyextn_column_properties (IDENTIFIER,CONSTRAINT_NAME,CATEGORY_ATTRIBUTE_ID,PRIMITIVE_ATTRIBUTE_ID) values (42,NULL,NULL,43);
insert into dyextn_column_properties (IDENTIFIER,CONSTRAINT_NAME,CATEGORY_ATTRIBUTE_ID,PRIMITIVE_ATTRIBUTE_ID) values (45,NULL,NULL,46);
insert into dyextn_column_properties (IDENTIFIER,CONSTRAINT_NAME,CATEGORY_ATTRIBUTE_ID,PRIMITIVE_ATTRIBUTE_ID) values (48,NULL,NULL,49);
insert into dyextn_column_properties (IDENTIFIER,CONSTRAINT_NAME,CATEGORY_ATTRIBUTE_ID,PRIMITIVE_ATTRIBUTE_ID) values (51,NULL,NULL,52);
insert into dyextn_column_properties (IDENTIFIER,CONSTRAINT_NAME,CATEGORY_ATTRIBUTE_ID,PRIMITIVE_ATTRIBUTE_ID) values (52,NULL,NULL,53);
insert into dyextn_column_properties (IDENTIFIER,CONSTRAINT_NAME,CATEGORY_ATTRIBUTE_ID,PRIMITIVE_ATTRIBUTE_ID) values (53,NULL,NULL,54);
insert into dyextn_column_properties (IDENTIFIER,CONSTRAINT_NAME,CATEGORY_ATTRIBUTE_ID,PRIMITIVE_ATTRIBUTE_ID) values (54,NULL,NULL,55);
insert into dyextn_column_properties (IDENTIFIER,CONSTRAINT_NAME,CATEGORY_ATTRIBUTE_ID,PRIMITIVE_ATTRIBUTE_ID) values (55,NULL,NULL,56);
insert into dyextn_column_properties (IDENTIFIER,CONSTRAINT_NAME,CATEGORY_ATTRIBUTE_ID,PRIMITIVE_ATTRIBUTE_ID) values (56,NULL,NULL,57);
insert into dyextn_column_properties (IDENTIFIER,CONSTRAINT_NAME,CATEGORY_ATTRIBUTE_ID,PRIMITIVE_ATTRIBUTE_ID) values (57,NULL,NULL,58);
insert into dyextn_column_properties (IDENTIFIER,CONSTRAINT_NAME,CATEGORY_ATTRIBUTE_ID,PRIMITIVE_ATTRIBUTE_ID) values (58,NULL,NULL,59);
insert into dyextn_column_properties (IDENTIFIER,CONSTRAINT_NAME,CATEGORY_ATTRIBUTE_ID,PRIMITIVE_ATTRIBUTE_ID) values (63,NULL,NULL,64);
insert into dyextn_column_properties (IDENTIFIER,CONSTRAINT_NAME,CATEGORY_ATTRIBUTE_ID,PRIMITIVE_ATTRIBUTE_ID) values (67,NULL,NULL,68);
insert into dyextn_column_properties (IDENTIFIER,CONSTRAINT_NAME,CATEGORY_ATTRIBUTE_ID,PRIMITIVE_ATTRIBUTE_ID) values (68,NULL,NULL,69);
insert into dyextn_column_properties (IDENTIFIER,CONSTRAINT_NAME,CATEGORY_ATTRIBUTE_ID,PRIMITIVE_ATTRIBUTE_ID) values (69,NULL,NULL,70);
insert into dyextn_column_properties (IDENTIFIER,CONSTRAINT_NAME,CATEGORY_ATTRIBUTE_ID,PRIMITIVE_ATTRIBUTE_ID) values (73,NULL,NULL,74);
insert into dyextn_column_properties (IDENTIFIER,CONSTRAINT_NAME,CATEGORY_ATTRIBUTE_ID,PRIMITIVE_ATTRIBUTE_ID) values (74,NULL,NULL,75);
insert into dyextn_column_properties (IDENTIFIER,CONSTRAINT_NAME,CATEGORY_ATTRIBUTE_ID,PRIMITIVE_ATTRIBUTE_ID) values (76,NULL,NULL,77);
insert into dyextn_column_properties (IDENTIFIER,CONSTRAINT_NAME,CATEGORY_ATTRIBUTE_ID,PRIMITIVE_ATTRIBUTE_ID) values (78,NULL,NULL,79);
insert into dyextn_column_properties (IDENTIFIER,CONSTRAINT_NAME,CATEGORY_ATTRIBUTE_ID,PRIMITIVE_ATTRIBUTE_ID) values (79,NULL,NULL,80);
insert into dyextn_column_properties (IDENTIFIER,CONSTRAINT_NAME,CATEGORY_ATTRIBUTE_ID,PRIMITIVE_ATTRIBUTE_ID) values (80,NULL,NULL,81);
insert into dyextn_column_properties (IDENTIFIER,CONSTRAINT_NAME,CATEGORY_ATTRIBUTE_ID,PRIMITIVE_ATTRIBUTE_ID) values (81,NULL,NULL,82);
insert into dyextn_column_properties (IDENTIFIER,CONSTRAINT_NAME,CATEGORY_ATTRIBUTE_ID,PRIMITIVE_ATTRIBUTE_ID) values (84,NULL,NULL,85);
insert into dyextn_column_properties (IDENTIFIER,CONSTRAINT_NAME,CATEGORY_ATTRIBUTE_ID,PRIMITIVE_ATTRIBUTE_ID) values (85,NULL,NULL,86);
insert into dyextn_column_properties (IDENTIFIER,CONSTRAINT_NAME,CATEGORY_ATTRIBUTE_ID,PRIMITIVE_ATTRIBUTE_ID) values (86,NULL,NULL,87);
insert into dyextn_column_properties (IDENTIFIER,CONSTRAINT_NAME,CATEGORY_ATTRIBUTE_ID,PRIMITIVE_ATTRIBUTE_ID) values (90,NULL,NULL,91);
insert into dyextn_column_properties (IDENTIFIER,CONSTRAINT_NAME,CATEGORY_ATTRIBUTE_ID,PRIMITIVE_ATTRIBUTE_ID) values (91,NULL,NULL,92);
insert into dyextn_column_properties (IDENTIFIER,CONSTRAINT_NAME,CATEGORY_ATTRIBUTE_ID,PRIMITIVE_ATTRIBUTE_ID) values (93,NULL,NULL,94);
insert into dyextn_column_properties (IDENTIFIER,CONSTRAINT_NAME,CATEGORY_ATTRIBUTE_ID,PRIMITIVE_ATTRIBUTE_ID) values (95,NULL,NULL,96);
insert into dyextn_column_properties (IDENTIFIER,CONSTRAINT_NAME,CATEGORY_ATTRIBUTE_ID,PRIMITIVE_ATTRIBUTE_ID) values (96,NULL,NULL,97);
insert into dyextn_column_properties (IDENTIFIER,CONSTRAINT_NAME,CATEGORY_ATTRIBUTE_ID,PRIMITIVE_ATTRIBUTE_ID) values (97,NULL,NULL,98);
insert into dyextn_column_properties (IDENTIFIER,CONSTRAINT_NAME,CATEGORY_ATTRIBUTE_ID,PRIMITIVE_ATTRIBUTE_ID) values (98,NULL,NULL,99);
insert into dyextn_column_properties (IDENTIFIER,CONSTRAINT_NAME,CATEGORY_ATTRIBUTE_ID,PRIMITIVE_ATTRIBUTE_ID) values (100,NULL,NULL,101);
insert into dyextn_column_properties (IDENTIFIER,CONSTRAINT_NAME,CATEGORY_ATTRIBUTE_ID,PRIMITIVE_ATTRIBUTE_ID) values (102,NULL,NULL,103);
insert into dyextn_column_properties (IDENTIFIER,CONSTRAINT_NAME,CATEGORY_ATTRIBUTE_ID,PRIMITIVE_ATTRIBUTE_ID) values (104,NULL,NULL,105);
insert into dyextn_column_properties (IDENTIFIER,CONSTRAINT_NAME,CATEGORY_ATTRIBUTE_ID,PRIMITIVE_ATTRIBUTE_ID) values (106,NULL,NULL,107);
insert into dyextn_column_properties (IDENTIFIER,CONSTRAINT_NAME,CATEGORY_ATTRIBUTE_ID,PRIMITIVE_ATTRIBUTE_ID) values (108,NULL,NULL,109);
insert into dyextn_column_properties (IDENTIFIER,CONSTRAINT_NAME,CATEGORY_ATTRIBUTE_ID,PRIMITIVE_ATTRIBUTE_ID) values (110,NULL,NULL,111);
insert into dyextn_column_properties (IDENTIFIER,CONSTRAINT_NAME,CATEGORY_ATTRIBUTE_ID,PRIMITIVE_ATTRIBUTE_ID) values (114,NULL,NULL,115);
insert into dyextn_column_properties (IDENTIFIER,CONSTRAINT_NAME,CATEGORY_ATTRIBUTE_ID,PRIMITIVE_ATTRIBUTE_ID) values (115,NULL,NULL,116);
insert into dyextn_column_properties (IDENTIFIER,CONSTRAINT_NAME,CATEGORY_ATTRIBUTE_ID,PRIMITIVE_ATTRIBUTE_ID) values (116,NULL,NULL,117);
insert into dyextn_column_properties (IDENTIFIER,CONSTRAINT_NAME,CATEGORY_ATTRIBUTE_ID,PRIMITIVE_ATTRIBUTE_ID) values (117,NULL,NULL,118);
insert into dyextn_column_properties (IDENTIFIER,CONSTRAINT_NAME,CATEGORY_ATTRIBUTE_ID,PRIMITIVE_ATTRIBUTE_ID) values (118,NULL,NULL,119);
insert into dyextn_column_properties (IDENTIFIER,CONSTRAINT_NAME,CATEGORY_ATTRIBUTE_ID,PRIMITIVE_ATTRIBUTE_ID) values (119,NULL,NULL,120);
insert into dyextn_column_properties (IDENTIFIER,CONSTRAINT_NAME,CATEGORY_ATTRIBUTE_ID,PRIMITIVE_ATTRIBUTE_ID) values (120,NULL,NULL,121);
insert into dyextn_column_properties (IDENTIFIER,CONSTRAINT_NAME,CATEGORY_ATTRIBUTE_ID,PRIMITIVE_ATTRIBUTE_ID) values (121,NULL,NULL,122);
insert into dyextn_column_properties (IDENTIFIER,CONSTRAINT_NAME,CATEGORY_ATTRIBUTE_ID,PRIMITIVE_ATTRIBUTE_ID) values (122,NULL,NULL,123);
insert into dyextn_column_properties (IDENTIFIER,CONSTRAINT_NAME,CATEGORY_ATTRIBUTE_ID,PRIMITIVE_ATTRIBUTE_ID) values (123,NULL,NULL,124);
insert into dyextn_column_properties (IDENTIFIER,CONSTRAINT_NAME,CATEGORY_ATTRIBUTE_ID,PRIMITIVE_ATTRIBUTE_ID) values (134,NULL,NULL,135);
insert into dyextn_column_properties (IDENTIFIER,CONSTRAINT_NAME,CATEGORY_ATTRIBUTE_ID,PRIMITIVE_ATTRIBUTE_ID) values (135,NULL,NULL,136);
insert into dyextn_column_properties (IDENTIFIER,CONSTRAINT_NAME,CATEGORY_ATTRIBUTE_ID,PRIMITIVE_ATTRIBUTE_ID) values (139,NULL,NULL,140);
insert into dyextn_column_properties (IDENTIFIER,CONSTRAINT_NAME,CATEGORY_ATTRIBUTE_ID,PRIMITIVE_ATTRIBUTE_ID) values (140,NULL,NULL,141);
insert into dyextn_column_properties (IDENTIFIER,CONSTRAINT_NAME,CATEGORY_ATTRIBUTE_ID,PRIMITIVE_ATTRIBUTE_ID) values (141,NULL,NULL,142);
insert into dyextn_column_properties (IDENTIFIER,CONSTRAINT_NAME,CATEGORY_ATTRIBUTE_ID,PRIMITIVE_ATTRIBUTE_ID) values (142,NULL,NULL,143);
insert into dyextn_column_properties (IDENTIFIER,CONSTRAINT_NAME,CATEGORY_ATTRIBUTE_ID,PRIMITIVE_ATTRIBUTE_ID) values (143,NULL,NULL,144);
insert into dyextn_column_properties (IDENTIFIER,CONSTRAINT_NAME,CATEGORY_ATTRIBUTE_ID,PRIMITIVE_ATTRIBUTE_ID) values (144,NULL,NULL,145);
insert into dyextn_column_properties (IDENTIFIER,CONSTRAINT_NAME,CATEGORY_ATTRIBUTE_ID,PRIMITIVE_ATTRIBUTE_ID) values (145,NULL,NULL,146);
insert into dyextn_column_properties (IDENTIFIER,CONSTRAINT_NAME,CATEGORY_ATTRIBUTE_ID,PRIMITIVE_ATTRIBUTE_ID) values (148,NULL,NULL,149);
insert into dyextn_column_properties (IDENTIFIER,CONSTRAINT_NAME,CATEGORY_ATTRIBUTE_ID,PRIMITIVE_ATTRIBUTE_ID) values (153,NULL,NULL,154);
insert into dyextn_column_properties (IDENTIFIER,CONSTRAINT_NAME,CATEGORY_ATTRIBUTE_ID,PRIMITIVE_ATTRIBUTE_ID) values (154,NULL,NULL,155);
insert into dyextn_column_properties (IDENTIFIER,CONSTRAINT_NAME,CATEGORY_ATTRIBUTE_ID,PRIMITIVE_ATTRIBUTE_ID) values (160,NULL,NULL,161);
insert into dyextn_column_properties (IDENTIFIER,CONSTRAINT_NAME,CATEGORY_ATTRIBUTE_ID,PRIMITIVE_ATTRIBUTE_ID) values (164,NULL,NULL,165);
insert into dyextn_column_properties (IDENTIFIER,CONSTRAINT_NAME,CATEGORY_ATTRIBUTE_ID,PRIMITIVE_ATTRIBUTE_ID) values (165,NULL,NULL,166);
insert into dyextn_column_properties (IDENTIFIER,CONSTRAINT_NAME,CATEGORY_ATTRIBUTE_ID,PRIMITIVE_ATTRIBUTE_ID) values (166,NULL,NULL,167);
insert into dyextn_column_properties (IDENTIFIER,CONSTRAINT_NAME,CATEGORY_ATTRIBUTE_ID,PRIMITIVE_ATTRIBUTE_ID) values (169,NULL,NULL,170);
insert into dyextn_column_properties (IDENTIFIER,CONSTRAINT_NAME,CATEGORY_ATTRIBUTE_ID,PRIMITIVE_ATTRIBUTE_ID) values (172,NULL,NULL,173);
insert into dyextn_column_properties (IDENTIFIER,CONSTRAINT_NAME,CATEGORY_ATTRIBUTE_ID,PRIMITIVE_ATTRIBUTE_ID) values (175,NULL,NULL,176);
insert into dyextn_column_properties (IDENTIFIER,CONSTRAINT_NAME,CATEGORY_ATTRIBUTE_ID,PRIMITIVE_ATTRIBUTE_ID) values (181,NULL,NULL,182);
insert into dyextn_column_properties (IDENTIFIER,CONSTRAINT_NAME,CATEGORY_ATTRIBUTE_ID,PRIMITIVE_ATTRIBUTE_ID) values (182,NULL,NULL,183);
insert into dyextn_column_properties (IDENTIFIER,CONSTRAINT_NAME,CATEGORY_ATTRIBUTE_ID,PRIMITIVE_ATTRIBUTE_ID) values (183,NULL,NULL,184);
insert into dyextn_column_properties (IDENTIFIER,CONSTRAINT_NAME,CATEGORY_ATTRIBUTE_ID,PRIMITIVE_ATTRIBUTE_ID) values (184,NULL,NULL,185);
insert into dyextn_column_properties (IDENTIFIER,CONSTRAINT_NAME,CATEGORY_ATTRIBUTE_ID,PRIMITIVE_ATTRIBUTE_ID) values (185,NULL,NULL,186);
insert into dyextn_column_properties (IDENTIFIER,CONSTRAINT_NAME,CATEGORY_ATTRIBUTE_ID,PRIMITIVE_ATTRIBUTE_ID) values (186,NULL,NULL,187);
insert into dyextn_column_properties (IDENTIFIER,CONSTRAINT_NAME,CATEGORY_ATTRIBUTE_ID,PRIMITIVE_ATTRIBUTE_ID) values (187,NULL,NULL,188);
insert into dyextn_column_properties (IDENTIFIER,CONSTRAINT_NAME,CATEGORY_ATTRIBUTE_ID,PRIMITIVE_ATTRIBUTE_ID) values (188,NULL,NULL,189);
insert into dyextn_column_properties (IDENTIFIER,CONSTRAINT_NAME,CATEGORY_ATTRIBUTE_ID,PRIMITIVE_ATTRIBUTE_ID) values (189,NULL,NULL,190);
insert into dyextn_column_properties (IDENTIFIER,CONSTRAINT_NAME,CATEGORY_ATTRIBUTE_ID,PRIMITIVE_ATTRIBUTE_ID) values (199,NULL,NULL,200);
insert into dyextn_column_properties (IDENTIFIER,CONSTRAINT_NAME,CATEGORY_ATTRIBUTE_ID,PRIMITIVE_ATTRIBUTE_ID) values (202,NULL,NULL,203);
insert into dyextn_column_properties (IDENTIFIER,CONSTRAINT_NAME,CATEGORY_ATTRIBUTE_ID,PRIMITIVE_ATTRIBUTE_ID) values (206,NULL,NULL,207);
insert into dyextn_column_properties (IDENTIFIER,CONSTRAINT_NAME,CATEGORY_ATTRIBUTE_ID,PRIMITIVE_ATTRIBUTE_ID) values (209,NULL,NULL,210);
insert into dyextn_column_properties (IDENTIFIER,CONSTRAINT_NAME,CATEGORY_ATTRIBUTE_ID,PRIMITIVE_ATTRIBUTE_ID) values (213,NULL,NULL,214);
insert into dyextn_column_properties (IDENTIFIER,CONSTRAINT_NAME,CATEGORY_ATTRIBUTE_ID,PRIMITIVE_ATTRIBUTE_ID) values (214,NULL,NULL,215);
insert into dyextn_column_properties (IDENTIFIER,CONSTRAINT_NAME,CATEGORY_ATTRIBUTE_ID,PRIMITIVE_ATTRIBUTE_ID) values (215,NULL,NULL,216);
insert into dyextn_column_properties (IDENTIFIER,CONSTRAINT_NAME,CATEGORY_ATTRIBUTE_ID,PRIMITIVE_ATTRIBUTE_ID) values (218,NULL,NULL,219);
insert into dyextn_column_properties (IDENTIFIER,CONSTRAINT_NAME,CATEGORY_ATTRIBUTE_ID,PRIMITIVE_ATTRIBUTE_ID) values (224,NULL,NULL,225);
insert into dyextn_column_properties (IDENTIFIER,CONSTRAINT_NAME,CATEGORY_ATTRIBUTE_ID,PRIMITIVE_ATTRIBUTE_ID) values (225,NULL,NULL,226);
insert into dyextn_column_properties (IDENTIFIER,CONSTRAINT_NAME,CATEGORY_ATTRIBUTE_ID,PRIMITIVE_ATTRIBUTE_ID) values (226,NULL,NULL,227);
insert into dyextn_column_properties (IDENTIFIER,CONSTRAINT_NAME,CATEGORY_ATTRIBUTE_ID,PRIMITIVE_ATTRIBUTE_ID) values (229,NULL,NULL,230);
insert into dyextn_column_properties (IDENTIFIER,CONSTRAINT_NAME,CATEGORY_ATTRIBUTE_ID,PRIMITIVE_ATTRIBUTE_ID) values (230,NULL,NULL,231);
insert into dyextn_column_properties (IDENTIFIER,CONSTRAINT_NAME,CATEGORY_ATTRIBUTE_ID,PRIMITIVE_ATTRIBUTE_ID) values (232,NULL,NULL,233);
insert into dyextn_column_properties (IDENTIFIER,CONSTRAINT_NAME,CATEGORY_ATTRIBUTE_ID,PRIMITIVE_ATTRIBUTE_ID) values (234,NULL,NULL,235);
insert into dyextn_column_properties (IDENTIFIER,CONSTRAINT_NAME,CATEGORY_ATTRIBUTE_ID,PRIMITIVE_ATTRIBUTE_ID) values (236,NULL,NULL,237);
insert into dyextn_column_properties (IDENTIFIER,CONSTRAINT_NAME,CATEGORY_ATTRIBUTE_ID,PRIMITIVE_ATTRIBUTE_ID) values (237,NULL,NULL,238);
insert into dyextn_column_properties (IDENTIFIER,CONSTRAINT_NAME,CATEGORY_ATTRIBUTE_ID,PRIMITIVE_ATTRIBUTE_ID) values (243,NULL,NULL,244);
insert into dyextn_column_properties (IDENTIFIER,CONSTRAINT_NAME,CATEGORY_ATTRIBUTE_ID,PRIMITIVE_ATTRIBUTE_ID) values (244,NULL,NULL,245);
insert into dyextn_column_properties (IDENTIFIER,CONSTRAINT_NAME,CATEGORY_ATTRIBUTE_ID,PRIMITIVE_ATTRIBUTE_ID) values (245,NULL,NULL,246);
insert into dyextn_column_properties (IDENTIFIER,CONSTRAINT_NAME,CATEGORY_ATTRIBUTE_ID,PRIMITIVE_ATTRIBUTE_ID) values (246,NULL,NULL,247);
insert into dyextn_column_properties (IDENTIFIER,CONSTRAINT_NAME,CATEGORY_ATTRIBUTE_ID,PRIMITIVE_ATTRIBUTE_ID) values (247,NULL,NULL,248);
insert into dyextn_column_properties (IDENTIFIER,CONSTRAINT_NAME,CATEGORY_ATTRIBUTE_ID,PRIMITIVE_ATTRIBUTE_ID) values (250,NULL,NULL,251);
insert into dyextn_column_properties (IDENTIFIER,CONSTRAINT_NAME,CATEGORY_ATTRIBUTE_ID,PRIMITIVE_ATTRIBUTE_ID) values (254,NULL,NULL,255);
insert into dyextn_column_properties (IDENTIFIER,CONSTRAINT_NAME,CATEGORY_ATTRIBUTE_ID,PRIMITIVE_ATTRIBUTE_ID) values (255,NULL,NULL,256);
insert into dyextn_column_properties (IDENTIFIER,CONSTRAINT_NAME,CATEGORY_ATTRIBUTE_ID,PRIMITIVE_ATTRIBUTE_ID) values (256,NULL,NULL,257);
insert into dyextn_column_properties (IDENTIFIER,CONSTRAINT_NAME,CATEGORY_ATTRIBUTE_ID,PRIMITIVE_ATTRIBUTE_ID) values (257,NULL,NULL,258);
insert into dyextn_column_properties (IDENTIFIER,CONSTRAINT_NAME,CATEGORY_ATTRIBUTE_ID,PRIMITIVE_ATTRIBUTE_ID) values (259,NULL,NULL,260);
insert into dyextn_column_properties (IDENTIFIER,CONSTRAINT_NAME,CATEGORY_ATTRIBUTE_ID,PRIMITIVE_ATTRIBUTE_ID) values (261,NULL,NULL,262);
insert into dyextn_column_properties (IDENTIFIER,CONSTRAINT_NAME,CATEGORY_ATTRIBUTE_ID,PRIMITIVE_ATTRIBUTE_ID) values (262,NULL,NULL,263);
insert into dyextn_column_properties (IDENTIFIER,CONSTRAINT_NAME,CATEGORY_ATTRIBUTE_ID,PRIMITIVE_ATTRIBUTE_ID) values (263,NULL,NULL,264);
insert into dyextn_column_properties (IDENTIFIER,CONSTRAINT_NAME,CATEGORY_ATTRIBUTE_ID,PRIMITIVE_ATTRIBUTE_ID) values (266,NULL,NULL,267);
insert into dyextn_column_properties (IDENTIFIER,CONSTRAINT_NAME,CATEGORY_ATTRIBUTE_ID,PRIMITIVE_ATTRIBUTE_ID) values (267,NULL,NULL,268);
insert into dyextn_column_properties (IDENTIFIER,CONSTRAINT_NAME,CATEGORY_ATTRIBUTE_ID,PRIMITIVE_ATTRIBUTE_ID) values (268,NULL,NULL,269);
insert into dyextn_column_properties (IDENTIFIER,CONSTRAINT_NAME,CATEGORY_ATTRIBUTE_ID,PRIMITIVE_ATTRIBUTE_ID) values (269,NULL,NULL,270);
insert into dyextn_column_properties (IDENTIFIER,CONSTRAINT_NAME,CATEGORY_ATTRIBUTE_ID,PRIMITIVE_ATTRIBUTE_ID) values (270,NULL,NULL,271);
insert into dyextn_column_properties (IDENTIFIER,CONSTRAINT_NAME,CATEGORY_ATTRIBUTE_ID,PRIMITIVE_ATTRIBUTE_ID) values (271,NULL,NULL,272);
insert into dyextn_column_properties (IDENTIFIER,CONSTRAINT_NAME,CATEGORY_ATTRIBUTE_ID,PRIMITIVE_ATTRIBUTE_ID) values (277,NULL,NULL,278);
insert into dyextn_column_properties (IDENTIFIER,CONSTRAINT_NAME,CATEGORY_ATTRIBUTE_ID,PRIMITIVE_ATTRIBUTE_ID) values (282,NULL,NULL,283);
insert into dyextn_column_properties (IDENTIFIER,CONSTRAINT_NAME,CATEGORY_ATTRIBUTE_ID,PRIMITIVE_ATTRIBUTE_ID) values (289,NULL,NULL,290);
insert into dyextn_column_properties (IDENTIFIER,CONSTRAINT_NAME,CATEGORY_ATTRIBUTE_ID,PRIMITIVE_ATTRIBUTE_ID) values (290,NULL,NULL,291);
insert into dyextn_column_properties (IDENTIFIER,CONSTRAINT_NAME,CATEGORY_ATTRIBUTE_ID,PRIMITIVE_ATTRIBUTE_ID) values (291,NULL,NULL,292);
insert into dyextn_column_properties (IDENTIFIER,CONSTRAINT_NAME,CATEGORY_ATTRIBUTE_ID,PRIMITIVE_ATTRIBUTE_ID) values (292,NULL,NULL,293);
insert into dyextn_column_properties (IDENTIFIER,CONSTRAINT_NAME,CATEGORY_ATTRIBUTE_ID,PRIMITIVE_ATTRIBUTE_ID) values (294,NULL,NULL,295);

/*Data for the table dyextn_combobox */

insert into dyextn_combobox (IDENTIFIER) values (5);
insert into dyextn_combobox (IDENTIFIER) values (6);
insert into dyextn_combobox (IDENTIFIER) values (7);
insert into dyextn_combobox (IDENTIFIER) values (8);
insert into dyextn_combobox (IDENTIFIER) values (9);
insert into dyextn_combobox (IDENTIFIER) values (10);
insert into dyextn_combobox (IDENTIFIER) values (11);
insert into dyextn_combobox (IDENTIFIER) values (12);
insert into dyextn_combobox (IDENTIFIER) values (13);
insert into dyextn_combobox (IDENTIFIER) values (14);
insert into dyextn_combobox (IDENTIFIER) values (15);
insert into dyextn_combobox (IDENTIFIER) values (16);
insert into dyextn_combobox (IDENTIFIER) values (17);
insert into dyextn_combobox (IDENTIFIER) values (18);
insert into dyextn_combobox (IDENTIFIER) values (19);
insert into dyextn_combobox (IDENTIFIER) values (20);
insert into dyextn_combobox (IDENTIFIER) values (29);
insert into dyextn_combobox (IDENTIFIER) values (43);
insert into dyextn_combobox (IDENTIFIER) values (44);
insert into dyextn_combobox (IDENTIFIER) values (49);
insert into dyextn_combobox (IDENTIFIER) values (55);
insert into dyextn_combobox (IDENTIFIER) values (61);
insert into dyextn_combobox (IDENTIFIER) values (62);
insert into dyextn_combobox (IDENTIFIER) values (63);
insert into dyextn_combobox (IDENTIFIER) values (64);
insert into dyextn_combobox (IDENTIFIER) values (67);
insert into dyextn_combobox (IDENTIFIER) values (68);
insert into dyextn_combobox (IDENTIFIER) values (69);
insert into dyextn_combobox (IDENTIFIER) values (70);
insert into dyextn_combobox (IDENTIFIER) values (77);
insert into dyextn_combobox (IDENTIFIER) values (79);
insert into dyextn_combobox (IDENTIFIER) values (80);
insert into dyextn_combobox (IDENTIFIER) values (81);
insert into dyextn_combobox (IDENTIFIER) values (82);
insert into dyextn_combobox (IDENTIFIER) values (83);
insert into dyextn_combobox (IDENTIFIER) values (84);
insert into dyextn_combobox (IDENTIFIER) values (85);
insert into dyextn_combobox (IDENTIFIER) values (86);
insert into dyextn_combobox (IDENTIFIER) values (87);
insert into dyextn_combobox (IDENTIFIER) values (88);
insert into dyextn_combobox (IDENTIFIER) values (89);
insert into dyextn_combobox (IDENTIFIER) values (90);
insert into dyextn_combobox (IDENTIFIER) values (91);
insert into dyextn_combobox (IDENTIFIER) values (92);
insert into dyextn_combobox (IDENTIFIER) values (93);
insert into dyextn_combobox (IDENTIFIER) values (94);
insert into dyextn_combobox (IDENTIFIER) values (98);
insert into dyextn_combobox (IDENTIFIER) values (99);
insert into dyextn_combobox (IDENTIFIER) values (100);
insert into dyextn_combobox (IDENTIFIER) values (101);
insert into dyextn_combobox (IDENTIFIER) values (102);
insert into dyextn_combobox (IDENTIFIER) values (103);
insert into dyextn_combobox (IDENTIFIER) values (104);
insert into dyextn_combobox (IDENTIFIER) values (105);
insert into dyextn_combobox (IDENTIFIER) values (106);
insert into dyextn_combobox (IDENTIFIER) values (107);
insert into dyextn_combobox (IDENTIFIER) values (108);
insert into dyextn_combobox (IDENTIFIER) values (109);
insert into dyextn_combobox (IDENTIFIER) values (110);
insert into dyextn_combobox (IDENTIFIER) values (111);
insert into dyextn_combobox (IDENTIFIER) values (112);
insert into dyextn_combobox (IDENTIFIER) values (113);
insert into dyextn_combobox (IDENTIFIER) values (114);
insert into dyextn_combobox (IDENTIFIER) values (115);
insert into dyextn_combobox (IDENTIFIER) values (116);
insert into dyextn_combobox (IDENTIFIER) values (117);
insert into dyextn_combobox (IDENTIFIER) values (132);
insert into dyextn_combobox (IDENTIFIER) values (133);
insert into dyextn_combobox (IDENTIFIER) values (139);
insert into dyextn_combobox (IDENTIFIER) values (140);
insert into dyextn_combobox (IDENTIFIER) values (141);
insert into dyextn_combobox (IDENTIFIER) values (142);
insert into dyextn_combobox (IDENTIFIER) values (143);
insert into dyextn_combobox (IDENTIFIER) values (145);
insert into dyextn_combobox (IDENTIFIER) values (146);
insert into dyextn_combobox (IDENTIFIER) values (147);
insert into dyextn_combobox (IDENTIFIER) values (151);
insert into dyextn_combobox (IDENTIFIER) values (152);
insert into dyextn_combobox (IDENTIFIER) values (153);
insert into dyextn_combobox (IDENTIFIER) values (154);
insert into dyextn_combobox (IDENTIFIER) values (155);
insert into dyextn_combobox (IDENTIFIER) values (156);
insert into dyextn_combobox (IDENTIFIER) values (162);
insert into dyextn_combobox (IDENTIFIER) values (163);
insert into dyextn_combobox (IDENTIFIER) values (164);
insert into dyextn_combobox (IDENTIFIER) values (165);
insert into dyextn_combobox (IDENTIFIER) values (166);
insert into dyextn_combobox (IDENTIFIER) values (167);
insert into dyextn_combobox (IDENTIFIER) values (168);

/*Data for the table dyextn_constraint_properties */

insert into dyextn_constraint_properties (IDENTIFIER,SOURCE_ENTITY_KEY,TARGET_ENTITY_KEY,SRC_CONSTRAINT_NAME,TARGET_CONSTRAINT_NAME,CATEGORY_ASSOCIATION_ID,ASSOCIATION_ID) values (14,'DE_E_S_179',NULL,'CONSRT_181','CONSRT_182',NULL,15);
insert into dyextn_constraint_properties (IDENTIFIER,SOURCE_ENTITY_KEY,TARGET_ENTITY_KEY,SRC_CONSTRAINT_NAME,TARGET_CONSTRAINT_NAME,CATEGORY_ASSOCIATION_ID,ASSOCIATION_ID) values (15,'DE_E_S_164',NULL,'CONSRT_166','CONSRT_167',NULL,16);
insert into dyextn_constraint_properties (IDENTIFIER,SOURCE_ENTITY_KEY,TARGET_ENTITY_KEY,SRC_CONSTRAINT_NAME,TARGET_CONSTRAINT_NAME,CATEGORY_ASSOCIATION_ID,ASSOCIATION_ID) values (18,'DE_E_S_149',NULL,'CONSRT_151','CONSRT_152',NULL,19);
insert into dyextn_constraint_properties (IDENTIFIER,SOURCE_ENTITY_KEY,TARGET_ENTITY_KEY,SRC_CONSTRAINT_NAME,TARGET_CONSTRAINT_NAME,CATEGORY_ASSOCIATION_ID,ASSOCIATION_ID) values (37,'DE_E_S_169','DE_E_T_170','CONSRT_171','CONSRT_172',NULL,38);
insert into dyextn_constraint_properties (IDENTIFIER,SOURCE_ENTITY_KEY,TARGET_ENTITY_KEY,SRC_CONSTRAINT_NAME,TARGET_CONSTRAINT_NAME,CATEGORY_ASSOCIATION_ID,ASSOCIATION_ID) values (40,'DE_E_S_159',NULL,'CONSRT_161','CONSRT_162',NULL,41);
insert into dyextn_constraint_properties (IDENTIFIER,SOURCE_ENTITY_KEY,TARGET_ENTITY_KEY,SRC_CONSTRAINT_NAME,TARGET_CONSTRAINT_NAME,CATEGORY_ASSOCIATION_ID,ASSOCIATION_ID) values (43,'DE_E_S_154',NULL,'CONSRT_156','CONSRT_157',NULL,44);
insert into dyextn_constraint_properties (IDENTIFIER,SOURCE_ENTITY_KEY,TARGET_ENTITY_KEY,SRC_CONSTRAINT_NAME,TARGET_CONSTRAINT_NAME,CATEGORY_ASSOCIATION_ID,ASSOCIATION_ID) values (46,'DE_E_S_144',NULL,'CONSRT_146','CONSRT_147',NULL,47);
insert into dyextn_constraint_properties (IDENTIFIER,SOURCE_ENTITY_KEY,TARGET_ENTITY_KEY,SRC_CONSTRAINT_NAME,TARGET_CONSTRAINT_NAME,CATEGORY_ASSOCIATION_ID,ASSOCIATION_ID) values (49,'DE_E_S_139','DE_E_T_140','CONSRT_141','CONSRT_142',NULL,50);
insert into dyextn_constraint_properties (IDENTIFIER,SOURCE_ENTITY_KEY,TARGET_ENTITY_KEY,SRC_CONSTRAINT_NAME,TARGET_CONSTRAINT_NAME,CATEGORY_ASSOCIATION_ID,ASSOCIATION_ID) values (50,'DE_E_S_134',NULL,'CONSRT_136','CONSRT_137',NULL,51);
insert into dyextn_constraint_properties (IDENTIFIER,SOURCE_ENTITY_KEY,TARGET_ENTITY_KEY,SRC_CONSTRAINT_NAME,TARGET_CONSTRAINT_NAME,CATEGORY_ASSOCIATION_ID,ASSOCIATION_ID) values (59,NULL,'DE_E_T_110','CONSRT_111','CONSRT_112',NULL,60);
insert into dyextn_constraint_properties (IDENTIFIER,SOURCE_ENTITY_KEY,TARGET_ENTITY_KEY,SRC_CONSTRAINT_NAME,TARGET_CONSTRAINT_NAME,CATEGORY_ASSOCIATION_ID,ASSOCIATION_ID) values (61,'DE_E_S_174',NULL,'CONSRT_176','CONSRT_177',NULL,62);
insert into dyextn_constraint_properties (IDENTIFIER,SOURCE_ENTITY_KEY,TARGET_ENTITY_KEY,SRC_CONSTRAINT_NAME,TARGET_CONSTRAINT_NAME,CATEGORY_ASSOCIATION_ID,ASSOCIATION_ID) values (62,'DE_E_S_99',NULL,'CONSRT_101','CONSRT_102',NULL,63);
insert into dyextn_constraint_properties (IDENTIFIER,SOURCE_ENTITY_KEY,TARGET_ENTITY_KEY,SRC_CONSTRAINT_NAME,TARGET_CONSTRAINT_NAME,CATEGORY_ASSOCIATION_ID,ASSOCIATION_ID) values (64,'DE_E_S_114','DE_E_T_115','CONSRT_116','CONSRT_117',NULL,65);
insert into dyextn_constraint_properties (IDENTIFIER,SOURCE_ENTITY_KEY,TARGET_ENTITY_KEY,SRC_CONSTRAINT_NAME,TARGET_CONSTRAINT_NAME,CATEGORY_ASSOCIATION_ID,ASSOCIATION_ID) values (65,'DE_E_S_119',NULL,'CONSRT_121','CONSRT_122',NULL,66);
insert into dyextn_constraint_properties (IDENTIFIER,SOURCE_ENTITY_KEY,TARGET_ENTITY_KEY,SRC_CONSTRAINT_NAME,TARGET_CONSTRAINT_NAME,CATEGORY_ASSOCIATION_ID,ASSOCIATION_ID) values (70,'DE_E_S_124','DE_E_T_125','CONSRT_126','CONSRT_127',NULL,71);
insert into dyextn_constraint_properties (IDENTIFIER,SOURCE_ENTITY_KEY,TARGET_ENTITY_KEY,SRC_CONSTRAINT_NAME,TARGET_CONSTRAINT_NAME,CATEGORY_ASSOCIATION_ID,ASSOCIATION_ID) values (71,NULL,'DE_E_T_130','CONSRT_131','CONSRT_132',NULL,72);
insert into dyextn_constraint_properties (IDENTIFIER,SOURCE_ENTITY_KEY,TARGET_ENTITY_KEY,SRC_CONSTRAINT_NAME,TARGET_CONSTRAINT_NAME,CATEGORY_ASSOCIATION_ID,ASSOCIATION_ID) values (72,NULL,'DE_E_T_105','CONSRT_106','CONSRT_107',NULL,73);
insert into dyextn_constraint_properties (IDENTIFIER,SOURCE_ENTITY_KEY,TARGET_ENTITY_KEY,SRC_CONSTRAINT_NAME,TARGET_CONSTRAINT_NAME,CATEGORY_ASSOCIATION_ID,ASSOCIATION_ID) values (87,'DE_E_S_818',NULL,'CONSRT_820','CONSRT_821',NULL,88);
insert into dyextn_constraint_properties (IDENTIFIER,SOURCE_ENTITY_KEY,TARGET_ENTITY_KEY,SRC_CONSTRAINT_NAME,TARGET_CONSTRAINT_NAME,CATEGORY_ASSOCIATION_ID,ASSOCIATION_ID) values (88,'DE_E_S_813',NULL,'CONSRT_815','CONSRT_816',NULL,89);
insert into dyextn_constraint_properties (IDENTIFIER,SOURCE_ENTITY_KEY,TARGET_ENTITY_KEY,SRC_CONSTRAINT_NAME,TARGET_CONSTRAINT_NAME,CATEGORY_ASSOCIATION_ID,ASSOCIATION_ID) values (89,'DE_E_S_808',NULL,'CONSRT_810','CONSRT_811',NULL,90);
insert into dyextn_constraint_properties (IDENTIFIER,SOURCE_ENTITY_KEY,TARGET_ENTITY_KEY,SRC_CONSTRAINT_NAME,TARGET_CONSTRAINT_NAME,CATEGORY_ASSOCIATION_ID,ASSOCIATION_ID) values (112,'DE_E_S_748',NULL,'CONSRT_750','CONSRT_751',NULL,113);
insert into dyextn_constraint_properties (IDENTIFIER,SOURCE_ENTITY_KEY,TARGET_ENTITY_KEY,SRC_CONSTRAINT_NAME,TARGET_CONSTRAINT_NAME,CATEGORY_ASSOCIATION_ID,ASSOCIATION_ID) values (113,'DE_E_S_743',NULL,'CONSRT_745','CONSRT_746',NULL,114);
insert into dyextn_constraint_properties (IDENTIFIER,SOURCE_ENTITY_KEY,TARGET_ENTITY_KEY,SRC_CONSTRAINT_NAME,TARGET_CONSTRAINT_NAME,CATEGORY_ASSOCIATION_ID,ASSOCIATION_ID) values (126,NULL,'DE_E_T_824','CONSRT_825','CONSRT_826',NULL,127);
insert into dyextn_constraint_properties (IDENTIFIER,SOURCE_ENTITY_KEY,TARGET_ENTITY_KEY,SRC_CONSTRAINT_NAME,TARGET_CONSTRAINT_NAME,CATEGORY_ASSOCIATION_ID,ASSOCIATION_ID) values (127,'DE_E_S_798','DE_E_T_799','CONSRT_800','CONSRT_801',NULL,128);
insert into dyextn_constraint_properties (IDENTIFIER,SOURCE_ENTITY_KEY,TARGET_ENTITY_KEY,SRC_CONSTRAINT_NAME,TARGET_CONSTRAINT_NAME,CATEGORY_ASSOCIATION_ID,ASSOCIATION_ID) values (128,'DE_E_S_793',NULL,'CONSRT_795','CONSRT_796',NULL,129);
insert into dyextn_constraint_properties (IDENTIFIER,SOURCE_ENTITY_KEY,TARGET_ENTITY_KEY,SRC_CONSTRAINT_NAME,TARGET_CONSTRAINT_NAME,CATEGORY_ASSOCIATION_ID,ASSOCIATION_ID) values (129,'DE_E_S_778',NULL,'CONSRT_780','CONSRT_781',NULL,130);
insert into dyextn_constraint_properties (IDENTIFIER,SOURCE_ENTITY_KEY,TARGET_ENTITY_KEY,SRC_CONSTRAINT_NAME,TARGET_CONSTRAINT_NAME,CATEGORY_ASSOCIATION_ID,ASSOCIATION_ID) values (130,'DE_E_S_763',NULL,'CONSRT_765','CONSRT_766',NULL,131);
insert into dyextn_constraint_properties (IDENTIFIER,SOURCE_ENTITY_KEY,TARGET_ENTITY_KEY,SRC_CONSTRAINT_NAME,TARGET_CONSTRAINT_NAME,CATEGORY_ASSOCIATION_ID,ASSOCIATION_ID) values (131,'DE_E_S_753',NULL,'CONSRT_755','CONSRT_756',NULL,132);
insert into dyextn_constraint_properties (IDENTIFIER,SOURCE_ENTITY_KEY,TARGET_ENTITY_KEY,SRC_CONSTRAINT_NAME,TARGET_CONSTRAINT_NAME,CATEGORY_ASSOCIATION_ID,ASSOCIATION_ID) values (132,'DE_E_S_738','DE_E_T_739','CONSRT_740','CONSRT_741',NULL,133);
insert into dyextn_constraint_properties (IDENTIFIER,SOURCE_ENTITY_KEY,TARGET_ENTITY_KEY,SRC_CONSTRAINT_NAME,TARGET_CONSTRAINT_NAME,CATEGORY_ASSOCIATION_ID,ASSOCIATION_ID) values (136,NULL,'DE_E_T_694','CONSRT_695','CONSRT_696',NULL,137);
insert into dyextn_constraint_properties (IDENTIFIER,SOURCE_ENTITY_KEY,TARGET_ENTITY_KEY,SRC_CONSTRAINT_NAME,TARGET_CONSTRAINT_NAME,CATEGORY_ASSOCIATION_ID,ASSOCIATION_ID) values (138,'DE_E_S_688',NULL,'CONSRT_690','CONSRT_691',NULL,139);
insert into dyextn_constraint_properties (IDENTIFIER,SOURCE_ENTITY_KEY,TARGET_ENTITY_KEY,SRC_CONSTRAINT_NAME,TARGET_CONSTRAINT_NAME,CATEGORY_ASSOCIATION_ID,ASSOCIATION_ID) values (146,'DE_E_S_683','DE_E_T_684','CONSRT_685','CONSRT_686',NULL,147);
insert into dyextn_constraint_properties (IDENTIFIER,SOURCE_ENTITY_KEY,TARGET_ENTITY_KEY,SRC_CONSTRAINT_NAME,TARGET_CONSTRAINT_NAME,CATEGORY_ASSOCIATION_ID,ASSOCIATION_ID) values (149,'DE_E_S_678',NULL,'CONSRT_680','CONSRT_681',NULL,150);
insert into dyextn_constraint_properties (IDENTIFIER,SOURCE_ENTITY_KEY,TARGET_ENTITY_KEY,SRC_CONSTRAINT_NAME,TARGET_CONSTRAINT_NAME,CATEGORY_ASSOCIATION_ID,ASSOCIATION_ID) values (150,'DE_E_S_673',NULL,'CONSRT_675','CONSRT_676',NULL,151);
insert into dyextn_constraint_properties (IDENTIFIER,SOURCE_ENTITY_KEY,TARGET_ENTITY_KEY,SRC_CONSTRAINT_NAME,TARGET_CONSTRAINT_NAME,CATEGORY_ASSOCIATION_ID,ASSOCIATION_ID) values (152,'DE_E_S_703',NULL,'CONSRT_705','CONSRT_706',NULL,153);
insert into dyextn_constraint_properties (IDENTIFIER,SOURCE_ENTITY_KEY,TARGET_ENTITY_KEY,SRC_CONSTRAINT_NAME,TARGET_CONSTRAINT_NAME,CATEGORY_ASSOCIATION_ID,ASSOCIATION_ID) values (155,NULL,'DE_E_T_669','CONSRT_670','CONSRT_671',NULL,156);
insert into dyextn_constraint_properties (IDENTIFIER,SOURCE_ENTITY_KEY,TARGET_ENTITY_KEY,SRC_CONSTRAINT_NAME,TARGET_CONSTRAINT_NAME,CATEGORY_ASSOCIATION_ID,ASSOCIATION_ID) values (157,NULL,'DE_E_T_804','CONSRT_805','CONSRT_806',NULL,158);
insert into dyextn_constraint_properties (IDENTIFIER,SOURCE_ENTITY_KEY,TARGET_ENTITY_KEY,SRC_CONSTRAINT_NAME,TARGET_CONSTRAINT_NAME,CATEGORY_ASSOCIATION_ID,ASSOCIATION_ID) values (158,'DE_E_S_758','DE_E_T_759','CONSRT_760','CONSRT_761',NULL,159);
insert into dyextn_constraint_properties (IDENTIFIER,SOURCE_ENTITY_KEY,TARGET_ENTITY_KEY,SRC_CONSTRAINT_NAME,TARGET_CONSTRAINT_NAME,CATEGORY_ASSOCIATION_ID,ASSOCIATION_ID) values (161,'DE_E_S_658','DE_E_T_659','CONSRT_660','CONSRT_661',NULL,162);
insert into dyextn_constraint_properties (IDENTIFIER,SOURCE_ENTITY_KEY,TARGET_ENTITY_KEY,SRC_CONSTRAINT_NAME,TARGET_CONSTRAINT_NAME,CATEGORY_ASSOCIATION_ID,ASSOCIATION_ID) values (162,NULL,'DE_E_T_654','CONSRT_655','CONSRT_656',NULL,163);
insert into dyextn_constraint_properties (IDENTIFIER,SOURCE_ENTITY_KEY,TARGET_ENTITY_KEY,SRC_CONSTRAINT_NAME,TARGET_CONSTRAINT_NAME,CATEGORY_ASSOCIATION_ID,ASSOCIATION_ID) values (163,NULL,'DE_E_T_649','CONSRT_650','CONSRT_651',NULL,164);
insert into dyextn_constraint_properties (IDENTIFIER,SOURCE_ENTITY_KEY,TARGET_ENTITY_KEY,SRC_CONSTRAINT_NAME,TARGET_CONSTRAINT_NAME,CATEGORY_ASSOCIATION_ID,ASSOCIATION_ID) values (167,'DE_E_S_643','DE_E_T_644','CONSRT_645','CONSRT_646',NULL,168);
insert into dyextn_constraint_properties (IDENTIFIER,SOURCE_ENTITY_KEY,TARGET_ENTITY_KEY,SRC_CONSTRAINT_NAME,TARGET_CONSTRAINT_NAME,CATEGORY_ASSOCIATION_ID,ASSOCIATION_ID) values (170,'DE_E_S_638',NULL,'CONSRT_640','CONSRT_641',NULL,171);
insert into dyextn_constraint_properties (IDENTIFIER,SOURCE_ENTITY_KEY,TARGET_ENTITY_KEY,SRC_CONSTRAINT_NAME,TARGET_CONSTRAINT_NAME,CATEGORY_ASSOCIATION_ID,ASSOCIATION_ID) values (173,'DE_E_S_633','DE_E_T_634','CONSRT_635','CONSRT_636',NULL,174);
insert into dyextn_constraint_properties (IDENTIFIER,SOURCE_ENTITY_KEY,TARGET_ENTITY_KEY,SRC_CONSTRAINT_NAME,TARGET_CONSTRAINT_NAME,CATEGORY_ASSOCIATION_ID,ASSOCIATION_ID) values (176,'DE_E_S_568',NULL,'CONSRT_570','CONSRT_571',NULL,177);
insert into dyextn_constraint_properties (IDENTIFIER,SOURCE_ENTITY_KEY,TARGET_ENTITY_KEY,SRC_CONSTRAINT_NAME,TARGET_CONSTRAINT_NAME,CATEGORY_ASSOCIATION_ID,ASSOCIATION_ID) values (177,'DE_E_S_478',NULL,'CONSRT_480','CONSRT_481',NULL,178);
insert into dyextn_constraint_properties (IDENTIFIER,SOURCE_ENTITY_KEY,TARGET_ENTITY_KEY,SRC_CONSTRAINT_NAME,TARGET_CONSTRAINT_NAME,CATEGORY_ASSOCIATION_ID,ASSOCIATION_ID) values (178,'DE_E_S_473',NULL,'CONSRT_475','CONSRT_476',NULL,179);
insert into dyextn_constraint_properties (IDENTIFIER,SOURCE_ENTITY_KEY,TARGET_ENTITY_KEY,SRC_CONSTRAINT_NAME,TARGET_CONSTRAINT_NAME,CATEGORY_ASSOCIATION_ID,ASSOCIATION_ID) values (179,'DE_E_S_468',NULL,'CONSRT_470','CONSRT_471',NULL,180);
insert into dyextn_constraint_properties (IDENTIFIER,SOURCE_ENTITY_KEY,TARGET_ENTITY_KEY,SRC_CONSTRAINT_NAME,TARGET_CONSTRAINT_NAME,CATEGORY_ASSOCIATION_ID,ASSOCIATION_ID) values (180,'DE_E_S_463',NULL,'CONSRT_465','CONSRT_466',NULL,181);
insert into dyextn_constraint_properties (IDENTIFIER,SOURCE_ENTITY_KEY,TARGET_ENTITY_KEY,SRC_CONSTRAINT_NAME,TARGET_CONSTRAINT_NAME,CATEGORY_ASSOCIATION_ID,ASSOCIATION_ID) values (190,'DE_E_S_483','DE_E_T_484','CONSRT_485','CONSRT_486',NULL,191);
insert into dyextn_constraint_properties (IDENTIFIER,SOURCE_ENTITY_KEY,TARGET_ENTITY_KEY,SRC_CONSTRAINT_NAME,TARGET_CONSTRAINT_NAME,CATEGORY_ASSOCIATION_ID,ASSOCIATION_ID) values (191,'DE_E_S_488',NULL,'CONSRT_490','CONSRT_491',NULL,192);
insert into dyextn_constraint_properties (IDENTIFIER,SOURCE_ENTITY_KEY,TARGET_ENTITY_KEY,SRC_CONSTRAINT_NAME,TARGET_CONSTRAINT_NAME,CATEGORY_ASSOCIATION_ID,ASSOCIATION_ID) values (192,'DE_E_S_493',NULL,'CONSRT_495','CONSRT_496',NULL,193);
insert into dyextn_constraint_properties (IDENTIFIER,SOURCE_ENTITY_KEY,TARGET_ENTITY_KEY,SRC_CONSTRAINT_NAME,TARGET_CONSTRAINT_NAME,CATEGORY_ASSOCIATION_ID,ASSOCIATION_ID) values (193,'DE_E_S_498',NULL,'CONSRT_500','CONSRT_501',NULL,194);
insert into dyextn_constraint_properties (IDENTIFIER,SOURCE_ENTITY_KEY,TARGET_ENTITY_KEY,SRC_CONSTRAINT_NAME,TARGET_CONSTRAINT_NAME,CATEGORY_ASSOCIATION_ID,ASSOCIATION_ID) values (194,'DE_E_S_503',NULL,'CONSRT_505','CONSRT_506',NULL,195);
insert into dyextn_constraint_properties (IDENTIFIER,SOURCE_ENTITY_KEY,TARGET_ENTITY_KEY,SRC_CONSTRAINT_NAME,TARGET_CONSTRAINT_NAME,CATEGORY_ASSOCIATION_ID,ASSOCIATION_ID) values (195,'DE_E_S_508',NULL,'CONSRT_510','CONSRT_511',NULL,196);
insert into dyextn_constraint_properties (IDENTIFIER,SOURCE_ENTITY_KEY,TARGET_ENTITY_KEY,SRC_CONSTRAINT_NAME,TARGET_CONSTRAINT_NAME,CATEGORY_ASSOCIATION_ID,ASSOCIATION_ID) values (196,'DE_E_S_513',NULL,'CONSRT_515','CONSRT_516',NULL,197);
insert into dyextn_constraint_properties (IDENTIFIER,SOURCE_ENTITY_KEY,TARGET_ENTITY_KEY,SRC_CONSTRAINT_NAME,TARGET_CONSTRAINT_NAME,CATEGORY_ASSOCIATION_ID,ASSOCIATION_ID) values (197,NULL,'DE_E_T_519','CONSRT_520','CONSRT_521',NULL,198);
insert into dyextn_constraint_properties (IDENTIFIER,SOURCE_ENTITY_KEY,TARGET_ENTITY_KEY,SRC_CONSTRAINT_NAME,TARGET_CONSTRAINT_NAME,CATEGORY_ASSOCIATION_ID,ASSOCIATION_ID) values (200,'DE_E_S_523',NULL,'CONSRT_525','CONSRT_526',NULL,201);
insert into dyextn_constraint_properties (IDENTIFIER,SOURCE_ENTITY_KEY,TARGET_ENTITY_KEY,SRC_CONSTRAINT_NAME,TARGET_CONSTRAINT_NAME,CATEGORY_ASSOCIATION_ID,ASSOCIATION_ID) values (203,'DE_E_S_528',NULL,'CONSRT_530','CONSRT_531',NULL,204);
insert into dyextn_constraint_properties (IDENTIFIER,SOURCE_ENTITY_KEY,TARGET_ENTITY_KEY,SRC_CONSTRAINT_NAME,TARGET_CONSTRAINT_NAME,CATEGORY_ASSOCIATION_ID,ASSOCIATION_ID) values (207,'DE_E_S_573','DE_E_T_574','CONSRT_575','CONSRT_576',NULL,208);
insert into dyextn_constraint_properties (IDENTIFIER,SOURCE_ENTITY_KEY,TARGET_ENTITY_KEY,SRC_CONSTRAINT_NAME,TARGET_CONSTRAINT_NAME,CATEGORY_ASSOCIATION_ID,ASSOCIATION_ID) values (210,'DE_E_S_563','DE_E_T_564','CONSRT_565','CONSRT_566',NULL,211);
insert into dyextn_constraint_properties (IDENTIFIER,SOURCE_ENTITY_KEY,TARGET_ENTITY_KEY,SRC_CONSTRAINT_NAME,TARGET_CONSTRAINT_NAME,CATEGORY_ASSOCIATION_ID,ASSOCIATION_ID) values (211,'DE_E_S_543',NULL,'CONSRT_545','CONSRT_546',NULL,212);
insert into dyextn_constraint_properties (IDENTIFIER,SOURCE_ENTITY_KEY,TARGET_ENTITY_KEY,SRC_CONSTRAINT_NAME,TARGET_CONSTRAINT_NAME,CATEGORY_ASSOCIATION_ID,ASSOCIATION_ID) values (212,'DE_E_S_538',NULL,'CONSRT_540','CONSRT_541',NULL,213);
insert into dyextn_constraint_properties (IDENTIFIER,SOURCE_ENTITY_KEY,TARGET_ENTITY_KEY,SRC_CONSTRAINT_NAME,TARGET_CONSTRAINT_NAME,CATEGORY_ASSOCIATION_ID,ASSOCIATION_ID) values (216,'DE_E_S_533','DE_E_T_534','CONSRT_535','CONSRT_536',NULL,217);
insert into dyextn_constraint_properties (IDENTIFIER,SOURCE_ENTITY_KEY,TARGET_ENTITY_KEY,SRC_CONSTRAINT_NAME,TARGET_CONSTRAINT_NAME,CATEGORY_ASSOCIATION_ID,ASSOCIATION_ID) values (219,'DE_E_S_548',NULL,'CONSRT_550','CONSRT_551',NULL,220);
insert into dyextn_constraint_properties (IDENTIFIER,SOURCE_ENTITY_KEY,TARGET_ENTITY_KEY,SRC_CONSTRAINT_NAME,TARGET_CONSTRAINT_NAME,CATEGORY_ASSOCIATION_ID,ASSOCIATION_ID) values (220,'DE_E_S_733','DE_E_T_734','CONSRT_735','CONSRT_736',NULL,221);
insert into dyextn_constraint_properties (IDENTIFIER,SOURCE_ENTITY_KEY,TARGET_ENTITY_KEY,SRC_CONSTRAINT_NAME,TARGET_CONSTRAINT_NAME,CATEGORY_ASSOCIATION_ID,ASSOCIATION_ID) values (221,'DE_E_S_728',NULL,'CONSRT_730','CONSRT_731',NULL,222);
insert into dyextn_constraint_properties (IDENTIFIER,SOURCE_ENTITY_KEY,TARGET_ENTITY_KEY,SRC_CONSTRAINT_NAME,TARGET_CONSTRAINT_NAME,CATEGORY_ASSOCIATION_ID,ASSOCIATION_ID) values (223,'DE_E_S_698',NULL,'CONSRT_700','CONSRT_701',NULL,224);
insert into dyextn_constraint_properties (IDENTIFIER,SOURCE_ENTITY_KEY,TARGET_ENTITY_KEY,SRC_CONSTRAINT_NAME,TARGET_CONSTRAINT_NAME,CATEGORY_ASSOCIATION_ID,ASSOCIATION_ID) values (227,'DE_E_S_723',NULL,'CONSRT_725','CONSRT_726',NULL,228);
insert into dyextn_constraint_properties (IDENTIFIER,SOURCE_ENTITY_KEY,TARGET_ENTITY_KEY,SRC_CONSTRAINT_NAME,TARGET_CONSTRAINT_NAME,CATEGORY_ASSOCIATION_ID,ASSOCIATION_ID) values (228,'DE_E_S_718',NULL,'CONSRT_720','CONSRT_721',NULL,229);
insert into dyextn_constraint_properties (IDENTIFIER,SOURCE_ENTITY_KEY,TARGET_ENTITY_KEY,SRC_CONSTRAINT_NAME,TARGET_CONSTRAINT_NAME,CATEGORY_ASSOCIATION_ID,ASSOCIATION_ID) values (239,'DE_E_S_773',NULL,'CONSRT_775','CONSRT_776',NULL,240);
insert into dyextn_constraint_properties (IDENTIFIER,SOURCE_ENTITY_KEY,TARGET_ENTITY_KEY,SRC_CONSTRAINT_NAME,TARGET_CONSTRAINT_NAME,CATEGORY_ASSOCIATION_ID,ASSOCIATION_ID) values (242,'DE_E_S_788',NULL,'CONSRT_790','CONSRT_791',NULL,243);
insert into dyextn_constraint_properties (IDENTIFIER,SOURCE_ENTITY_KEY,TARGET_ENTITY_KEY,SRC_CONSTRAINT_NAME,TARGET_CONSTRAINT_NAME,CATEGORY_ASSOCIATION_ID,ASSOCIATION_ID) values (248,'DE_E_S_613',NULL,'CONSRT_615','CONSRT_616',NULL,249);
insert into dyextn_constraint_properties (IDENTIFIER,SOURCE_ENTITY_KEY,TARGET_ENTITY_KEY,SRC_CONSTRAINT_NAME,TARGET_CONSTRAINT_NAME,CATEGORY_ASSOCIATION_ID,ASSOCIATION_ID) values (249,'DE_E_S_608',NULL,'CONSRT_610','CONSRT_611',NULL,250);
insert into dyextn_constraint_properties (IDENTIFIER,SOURCE_ENTITY_KEY,TARGET_ENTITY_KEY,SRC_CONSTRAINT_NAME,TARGET_CONSTRAINT_NAME,CATEGORY_ASSOCIATION_ID,ASSOCIATION_ID) values (251,'DE_E_S_603',NULL,'CONSRT_605','CONSRT_606',NULL,252);
insert into dyextn_constraint_properties (IDENTIFIER,SOURCE_ENTITY_KEY,TARGET_ENTITY_KEY,SRC_CONSTRAINT_NAME,TARGET_CONSTRAINT_NAME,CATEGORY_ASSOCIATION_ID,ASSOCIATION_ID) values (252,'DE_E_S_558','DE_E_T_559','CONSRT_560','CONSRT_561',NULL,253);
insert into dyextn_constraint_properties (IDENTIFIER,SOURCE_ENTITY_KEY,TARGET_ENTITY_KEY,SRC_CONSTRAINT_NAME,TARGET_CONSTRAINT_NAME,CATEGORY_ASSOCIATION_ID,ASSOCIATION_ID) values (253,'DE_E_S_553',NULL,'CONSRT_555','CONSRT_556',NULL,254);
insert into dyextn_constraint_properties (IDENTIFIER,SOURCE_ENTITY_KEY,TARGET_ENTITY_KEY,SRC_CONSTRAINT_NAME,TARGET_CONSTRAINT_NAME,CATEGORY_ASSOCIATION_ID,ASSOCIATION_ID) values (265,'DE_E_S_768',NULL,'CONSRT_770','CONSRT_771',NULL,266);
insert into dyextn_constraint_properties (IDENTIFIER,SOURCE_ENTITY_KEY,TARGET_ENTITY_KEY,SRC_CONSTRAINT_NAME,TARGET_CONSTRAINT_NAME,CATEGORY_ASSOCIATION_ID,ASSOCIATION_ID) values (272,'DE_E_S_578',NULL,'CONSRT_580','CONSRT_581',NULL,273);
insert into dyextn_constraint_properties (IDENTIFIER,SOURCE_ENTITY_KEY,TARGET_ENTITY_KEY,SRC_CONSTRAINT_NAME,TARGET_CONSTRAINT_NAME,CATEGORY_ASSOCIATION_ID,ASSOCIATION_ID) values (273,'DE_E_S_583','DE_E_T_584','CONSRT_585','CONSRT_586',NULL,274);
insert into dyextn_constraint_properties (IDENTIFIER,SOURCE_ENTITY_KEY,TARGET_ENTITY_KEY,SRC_CONSTRAINT_NAME,TARGET_CONSTRAINT_NAME,CATEGORY_ASSOCIATION_ID,ASSOCIATION_ID) values (274,'DE_E_S_588','DE_E_T_589','CONSRT_590','CONSRT_591',NULL,275);
insert into dyextn_constraint_properties (IDENTIFIER,SOURCE_ENTITY_KEY,TARGET_ENTITY_KEY,SRC_CONSTRAINT_NAME,TARGET_CONSTRAINT_NAME,CATEGORY_ASSOCIATION_ID,ASSOCIATION_ID) values (275,'DE_E_S_593','DE_E_T_594','CONSRT_595','CONSRT_596',NULL,276);
insert into dyextn_constraint_properties (IDENTIFIER,SOURCE_ENTITY_KEY,TARGET_ENTITY_KEY,SRC_CONSTRAINT_NAME,TARGET_CONSTRAINT_NAME,CATEGORY_ASSOCIATION_ID,ASSOCIATION_ID) values (278,'DE_E_S_598',NULL,'CONSRT_600','CONSRT_601',NULL,279);
insert into dyextn_constraint_properties (IDENTIFIER,SOURCE_ENTITY_KEY,TARGET_ENTITY_KEY,SRC_CONSTRAINT_NAME,TARGET_CONSTRAINT_NAME,CATEGORY_ASSOCIATION_ID,ASSOCIATION_ID) values (279,'DE_E_S_663',NULL,'CONSRT_665','CONSRT_666',NULL,280);
insert into dyextn_constraint_properties (IDENTIFIER,SOURCE_ENTITY_KEY,TARGET_ENTITY_KEY,SRC_CONSTRAINT_NAME,TARGET_CONSTRAINT_NAME,CATEGORY_ASSOCIATION_ID,ASSOCIATION_ID) values (280,NULL,'DE_E_T_709','CONSRT_710','CONSRT_711',NULL,281);
insert into dyextn_constraint_properties (IDENTIFIER,SOURCE_ENTITY_KEY,TARGET_ENTITY_KEY,SRC_CONSTRAINT_NAME,TARGET_CONSTRAINT_NAME,CATEGORY_ASSOCIATION_ID,ASSOCIATION_ID) values (284,'DE_E_S_783',NULL,'CONSRT_785','CONSRT_786',NULL,285);
insert into dyextn_constraint_properties (IDENTIFIER,SOURCE_ENTITY_KEY,TARGET_ENTITY_KEY,SRC_CONSTRAINT_NAME,TARGET_CONSTRAINT_NAME,CATEGORY_ASSOCIATION_ID,ASSOCIATION_ID) values (285,'DE_E_S_713',NULL,'CONSRT_715','CONSRT_716',NULL,286);
insert into dyextn_constraint_properties (IDENTIFIER,SOURCE_ENTITY_KEY,TARGET_ENTITY_KEY,SRC_CONSTRAINT_NAME,TARGET_CONSTRAINT_NAME,CATEGORY_ASSOCIATION_ID,ASSOCIATION_ID) values (286,'DE_E_S_628',NULL,'CONSRT_630','CONSRT_631',NULL,287);
insert into dyextn_constraint_properties (IDENTIFIER,SOURCE_ENTITY_KEY,TARGET_ENTITY_KEY,SRC_CONSTRAINT_NAME,TARGET_CONSTRAINT_NAME,CATEGORY_ASSOCIATION_ID,ASSOCIATION_ID) values (287,'DE_E_S_623',NULL,'CONSRT_625','CONSRT_626',NULL,288);
insert into dyextn_constraint_properties (IDENTIFIER,SOURCE_ENTITY_KEY,TARGET_ENTITY_KEY,SRC_CONSTRAINT_NAME,TARGET_CONSTRAINT_NAME,CATEGORY_ASSOCIATION_ID,ASSOCIATION_ID) values (288,'DE_E_S_618','DE_E_T_619','CONSRT_620','CONSRT_621',NULL,289);

/*Data for the table dyextn_container */

insert into dyextn_container (IDENTIFIER,BUTTON_CSS,CAPTION,ABSTRACT_ENTITY_ID,MAIN_TABLE_CSS,REQUIRED_FIELD_INDICATOR,REQUIRED_FIELD_WARNING_MESSAGE,TITLE_CSS,BASE_CONTAINER_ID,ADD_CAPTION,ENTITY_GROUP_ID,VIEW_ID) values (1,NULL,'ResearchOptOut',76,NULL,'*','indicates required fields.',NULL,NULL,0,1,NULL);
insert into dyextn_container (IDENTIFIER,BUTTON_CSS,CAPTION,ABSTRACT_ENTITY_ID,MAIN_TABLE_CSS,REQUIRED_FIELD_INDICATOR,REQUIRED_FIELD_WARNING_MESSAGE,TITLE_CSS,BASE_CONTAINER_ID,ADD_CAPTION,ENTITY_GROUP_ID,VIEW_ID) values (2,NULL,'PhoneType',6,NULL,'*','indicates required fields.',NULL,NULL,0,1,NULL);
insert into dyextn_container (IDENTIFIER,BUTTON_CSS,CAPTION,ABSTRACT_ENTITY_ID,MAIN_TABLE_CSS,REQUIRED_FIELD_INDICATOR,REQUIRED_FIELD_WARNING_MESSAGE,TITLE_CSS,BASE_CONTAINER_ID,ADD_CAPTION,ENTITY_GROUP_ID,VIEW_ID) values (3,NULL,'ActiveUpiFlag',2,NULL,'*','indicates required fields.',NULL,NULL,0,1,NULL);
insert into dyextn_container (IDENTIFIER,BUTTON_CSS,CAPTION,ABSTRACT_ENTITY_ID,MAIN_TABLE_CSS,REQUIRED_FIELD_INDICATOR,REQUIRED_FIELD_WARNING_MESSAGE,TITLE_CSS,BASE_CONTAINER_ID,ADD_CAPTION,ENTITY_GROUP_ID,VIEW_ID) values (4,NULL,'State',4,NULL,'*','indicates required fields.',NULL,20,0,1,NULL);
insert into dyextn_container (IDENTIFIER,BUTTON_CSS,CAPTION,ABSTRACT_ENTITY_ID,MAIN_TABLE_CSS,REQUIRED_FIELD_INDICATOR,REQUIRED_FIELD_WARNING_MESSAGE,TITLE_CSS,BASE_CONTAINER_ID,ADD_CAPTION,ENTITY_GROUP_ID,VIEW_ID) values (5,NULL,'Religion',45,NULL,'*','indicates required fields.',NULL,20,0,1,NULL);
insert into dyextn_container (IDENTIFIER,BUTTON_CSS,CAPTION,ABSTRACT_ENTITY_ID,MAIN_TABLE_CSS,REQUIRED_FIELD_INDICATOR,REQUIRED_FIELD_WARNING_MESSAGE,TITLE_CSS,BASE_CONTAINER_ID,ADD_CAPTION,ENTITY_GROUP_ID,VIEW_ID) values (6,NULL,'RelationToPerson',8,NULL,'*','indicates required fields.',NULL,20,0,1,NULL);
insert into dyextn_container (IDENTIFIER,BUTTON_CSS,CAPTION,ABSTRACT_ENTITY_ID,MAIN_TABLE_CSS,REQUIRED_FIELD_INDICATOR,REQUIRED_FIELD_WARNING_MESSAGE,TITLE_CSS,BASE_CONTAINER_ID,ADD_CAPTION,ENTITY_GROUP_ID,VIEW_ID) values (7,NULL,'Address',14,NULL,'*','indicates required fields.',NULL,NULL,0,1,NULL);
insert into dyextn_container (IDENTIFIER,BUTTON_CSS,CAPTION,ABSTRACT_ENTITY_ID,MAIN_TABLE_CSS,REQUIRED_FIELD_INDICATOR,REQUIRED_FIELD_WARNING_MESSAGE,TITLE_CSS,BASE_CONTAINER_ID,ADD_CAPTION,ENTITY_GROUP_ID,VIEW_ID) values (8,NULL,'AddressType',12,NULL,'*','indicates required fields.',NULL,20,0,1,NULL);
insert into dyextn_container (IDENTIFIER,BUTTON_CSS,CAPTION,ABSTRACT_ENTITY_ID,MAIN_TABLE_CSS,REQUIRED_FIELD_INDICATOR,REQUIRED_FIELD_WARNING_MESSAGE,TITLE_CSS,BASE_CONTAINER_ID,ADD_CAPTION,ENTITY_GROUP_ID,VIEW_ID) values (9,NULL,'AdvancedDirectiveExists',42,NULL,'*','indicates required fields.',NULL,20,0,1,NULL);
insert into dyextn_container (IDENTIFIER,BUTTON_CSS,CAPTION,ABSTRACT_ENTITY_ID,MAIN_TABLE_CSS,REQUIRED_FIELD_INDICATOR,REQUIRED_FIELD_WARNING_MESSAGE,TITLE_CSS,BASE_CONTAINER_ID,ADD_CAPTION,ENTITY_GROUP_ID,VIEW_ID) values (10,NULL,'AssociatedPerson',61,NULL,'*','indicates required fields.',NULL,NULL,0,1,NULL);
insert into dyextn_container (IDENTIFIER,BUTTON_CSS,CAPTION,ABSTRACT_ENTITY_ID,MAIN_TABLE_CSS,REQUIRED_FIELD_INDICATOR,REQUIRED_FIELD_WARNING_MESSAGE,TITLE_CSS,BASE_CONTAINER_ID,ADD_CAPTION,ENTITY_GROUP_ID,VIEW_ID) values (11,NULL,'Country',17,NULL,'*','indicates required fields.',NULL,20,0,1,NULL);
insert into dyextn_container (IDENTIFIER,BUTTON_CSS,CAPTION,ABSTRACT_ENTITY_ID,MAIN_TABLE_CSS,REQUIRED_FIELD_INDICATOR,REQUIRED_FIELD_WARNING_MESSAGE,TITLE_CSS,BASE_CONTAINER_ID,ADD_CAPTION,ENTITY_GROUP_ID,VIEW_ID) values (12,NULL,'Demographics',37,NULL,'*','indicates required fields.',NULL,NULL,0,1,NULL);
insert into dyextn_container (IDENTIFIER,BUTTON_CSS,CAPTION,ABSTRACT_ENTITY_ID,MAIN_TABLE_CSS,REQUIRED_FIELD_INDICATOR,REQUIRED_FIELD_WARNING_MESSAGE,TITLE_CSS,BASE_CONTAINER_ID,ADD_CAPTION,ENTITY_GROUP_ID,VIEW_ID) values (13,NULL,'EthnicOrigin',10,NULL,'*','indicates required fields.',NULL,20,0,1,NULL);
insert into dyextn_container (IDENTIFIER,BUTTON_CSS,CAPTION,ABSTRACT_ENTITY_ID,MAIN_TABLE_CSS,REQUIRED_FIELD_INDICATOR,REQUIRED_FIELD_WARNING_MESSAGE,TITLE_CSS,BASE_CONTAINER_ID,ADD_CAPTION,ENTITY_GROUP_ID,VIEW_ID) values (14,NULL,'Gender',39,NULL,'*','indicates required fields.',NULL,20,0,1,NULL);
insert into dyextn_container (IDENTIFIER,BUTTON_CSS,CAPTION,ABSTRACT_ENTITY_ID,MAIN_TABLE_CSS,REQUIRED_FIELD_INDICATOR,REQUIRED_FIELD_WARNING_MESSAGE,TITLE_CSS,BASE_CONTAINER_ID,ADD_CAPTION,ENTITY_GROUP_ID,VIEW_ID) values (15,NULL,'MaritalStatus',25,NULL,'*','indicates required fields.',NULL,20,0,1,NULL);
insert into dyextn_container (IDENTIFIER,BUTTON_CSS,CAPTION,ABSTRACT_ENTITY_ID,MAIN_TABLE_CSS,REQUIRED_FIELD_INDICATOR,REQUIRED_FIELD_WARNING_MESSAGE,TITLE_CSS,BASE_CONTAINER_ID,ADD_CAPTION,ENTITY_GROUP_ID,VIEW_ID) values (16,NULL,'Person',36,NULL,'*','indicates required fields.',NULL,NULL,0,1,NULL);
insert into dyextn_container (IDENTIFIER,BUTTON_CSS,CAPTION,ABSTRACT_ENTITY_ID,MAIN_TABLE_CSS,REQUIRED_FIELD_INDICATOR,REQUIRED_FIELD_WARNING_MESSAGE,TITLE_CSS,BASE_CONTAINER_ID,ADD_CAPTION,ENTITY_GROUP_ID,VIEW_ID) values (17,NULL,'PersonName',27,NULL,'*','indicates required fields.',NULL,NULL,0,1,NULL);
insert into dyextn_container (IDENTIFIER,BUTTON_CSS,CAPTION,ABSTRACT_ENTITY_ID,MAIN_TABLE_CSS,REQUIRED_FIELD_INDICATOR,REQUIRED_FIELD_WARNING_MESSAGE,TITLE_CSS,BASE_CONTAINER_ID,ADD_CAPTION,ENTITY_GROUP_ID,VIEW_ID) values (18,NULL,'Phone',67,NULL,'*','indicates required fields.',NULL,NULL,0,1,NULL);
insert into dyextn_container (IDENTIFIER,BUTTON_CSS,CAPTION,ABSTRACT_ENTITY_ID,MAIN_TABLE_CSS,REQUIRED_FIELD_INDICATOR,REQUIRED_FIELD_WARNING_MESSAGE,TITLE_CSS,BASE_CONTAINER_ID,ADD_CAPTION,ENTITY_GROUP_ID,VIEW_ID) values (19,NULL,'Race',48,NULL,'*','indicates required fields.',NULL,20,0,1,NULL);
insert into dyextn_container (IDENTIFIER,BUTTON_CSS,CAPTION,ABSTRACT_ENTITY_ID,MAIN_TABLE_CSS,REQUIRED_FIELD_INDICATOR,REQUIRED_FIELD_WARNING_MESSAGE,TITLE_CSS,BASE_CONTAINER_ID,ADD_CAPTION,ENTITY_GROUP_ID,VIEW_ID) values (20,NULL,'MedicalEntitiesDictionary',84,NULL,'*','indicates required fields.',NULL,NULL,0,1,NULL);
insert into dyextn_container (IDENTIFIER,BUTTON_CSS,CAPTION,ABSTRACT_ENTITY_ID,MAIN_TABLE_CSS,REQUIRED_FIELD_INDICATOR,REQUIRED_FIELD_WARNING_MESSAGE,TITLE_CSS,BASE_CONTAINER_ID,ADD_CAPTION,ENTITY_GROUP_ID,VIEW_ID) values (21,NULL,'MrnType',294,NULL,'*','indicates required fields.',NULL,NULL,0,1,NULL);
insert into dyextn_container (IDENTIFIER,BUTTON_CSS,CAPTION,ABSTRACT_ENTITY_ID,MAIN_TABLE_CSS,REQUIRED_FIELD_INDICATOR,REQUIRED_FIELD_WARNING_MESSAGE,TITLE_CSS,BASE_CONTAINER_ID,ADD_CAPTION,ENTITY_GROUP_ID,VIEW_ID) values (22,NULL,'Units',261,NULL,'*','indicates required fields.',NULL,NULL,0,1,NULL);
insert into dyextn_container (IDENTIFIER,BUTTON_CSS,CAPTION,ABSTRACT_ENTITY_ID,MAIN_TABLE_CSS,REQUIRED_FIELD_INDICATOR,REQUIRED_FIELD_WARNING_MESSAGE,TITLE_CSS,BASE_CONTAINER_ID,ADD_CAPTION,ENTITY_GROUP_ID,VIEW_ID) values (23,NULL,'Status',104,NULL,'*','indicates required fields.',NULL,20,0,1,NULL);
insert into dyextn_container (IDENTIFIER,BUTTON_CSS,CAPTION,ABSTRACT_ENTITY_ID,MAIN_TABLE_CSS,REQUIRED_FIELD_INDICATOR,REQUIRED_FIELD_WARNING_MESSAGE,TITLE_CSS,BASE_CONTAINER_ID,ADD_CAPTION,ENTITY_GROUP_ID,VIEW_ID) values (24,NULL,'ResultValue',241,NULL,'*','indicates required fields.',NULL,NULL,0,1,NULL);
insert into dyextn_container (IDENTIFIER,BUTTON_CSS,CAPTION,ABSTRACT_ENTITY_ID,MAIN_TABLE_CSS,REQUIRED_FIELD_INDICATOR,REQUIRED_FIELD_WARNING_MESSAGE,TITLE_CSS,BASE_CONTAINER_ID,ADD_CAPTION,ENTITY_GROUP_ID,VIEW_ID) values (25,NULL,'Result',242,NULL,'*','indicates required fields.',NULL,NULL,0,1,NULL);
insert into dyextn_container (IDENTIFIER,BUTTON_CSS,CAPTION,ABSTRACT_ENTITY_ID,MAIN_TABLE_CSS,REQUIRED_FIELD_INDICATOR,REQUIRED_FIELD_WARNING_MESSAGE,TITLE_CSS,BASE_CONTAINER_ID,ADD_CAPTION,ENTITY_GROUP_ID,VIEW_ID) values (26,NULL,'NormalRange',95,NULL,'*','indicates required fields.',NULL,NULL,0,1,NULL);
insert into dyextn_container (IDENTIFIER,BUTTON_CSS,CAPTION,ABSTRACT_ENTITY_ID,MAIN_TABLE_CSS,REQUIRED_FIELD_INDICATOR,REQUIRED_FIELD_WARNING_MESSAGE,TITLE_CSS,BASE_CONTAINER_ID,ADD_CAPTION,ENTITY_GROUP_ID,VIEW_ID) values (27,NULL,'MedicalRecordNumber',223,NULL,'*','indicates required fields.',NULL,NULL,0,1,NULL);
insert into dyextn_container (IDENTIFIER,BUTTON_CSS,CAPTION,ABSTRACT_ENTITY_ID,MAIN_TABLE_CSS,REQUIRED_FIELD_INDICATOR,REQUIRED_FIELD_WARNING_MESSAGE,TITLE_CSS,BASE_CONTAINER_ID,ADD_CAPTION,ENTITY_GROUP_ID,VIEW_ID) values (28,NULL,'Facility',134,NULL,'*','indicates required fields.',NULL,20,0,1,NULL);
insert into dyextn_container (IDENTIFIER,BUTTON_CSS,CAPTION,ABSTRACT_ENTITY_ID,MAIN_TABLE_CSS,REQUIRED_FIELD_INDICATOR,REQUIRED_FIELD_WARNING_MESSAGE,TITLE_CSS,BASE_CONTAINER_ID,ADD_CAPTION,ENTITY_GROUP_ID,VIEW_ID) values (29,NULL,'SpecimanType',277,NULL,'*','indicates required fields.',NULL,20,0,1,NULL);
insert into dyextn_container (IDENTIFIER,BUTTON_CSS,CAPTION,ABSTRACT_ENTITY_ID,MAIN_TABLE_CSS,REQUIRED_FIELD_INDICATOR,REQUIRED_FIELD_WARNING_MESSAGE,TITLE_CSS,BASE_CONTAINER_ID,ADD_CAPTION,ENTITY_GROUP_ID,VIEW_ID) values (30,NULL,'LaboratoryTestType',236,NULL,'*','indicates required fields.',NULL,20,0,1,NULL);
insert into dyextn_container (IDENTIFIER,BUTTON_CSS,CAPTION,ABSTRACT_ENTITY_ID,MAIN_TABLE_CSS,REQUIRED_FIELD_INDICATOR,REQUIRED_FIELD_WARNING_MESSAGE,TITLE_CSS,BASE_CONTAINER_ID,ADD_CAPTION,ENTITY_GROUP_ID,VIEW_ID) values (31,NULL,'LaboratoryResult',239,NULL,'*','indicates required fields.',NULL,NULL,0,1,NULL);
insert into dyextn_container (IDENTIFIER,BUTTON_CSS,CAPTION,ABSTRACT_ENTITY_ID,MAIN_TABLE_CSS,REQUIRED_FIELD_INDICATOR,REQUIRED_FIELD_WARNING_MESSAGE,TITLE_CSS,BASE_CONTAINER_ID,ADD_CAPTION,ENTITY_GROUP_ID,VIEW_ID) values (32,NULL,'DiagnosticRelatedGroup',102,NULL,'*','indicates required fields.',NULL,20,0,1,NULL);
insert into dyextn_container (IDENTIFIER,BUTTON_CSS,CAPTION,ABSTRACT_ENTITY_ID,MAIN_TABLE_CSS,REQUIRED_FIELD_INDICATOR,REQUIRED_FIELD_WARNING_MESSAGE,TITLE_CSS,BASE_CONTAINER_ID,ADD_CAPTION,ENTITY_GROUP_ID,VIEW_ID) values (33,NULL,'DiagnosisType',206,NULL,'*','indicates required fields.',NULL,20,0,1,NULL);
insert into dyextn_container (IDENTIFIER,BUTTON_CSS,CAPTION,ABSTRACT_ENTITY_ID,MAIN_TABLE_CSS,REQUIRED_FIELD_INDICATOR,REQUIRED_FIELD_WARNING_MESSAGE,TITLE_CSS,BASE_CONTAINER_ID,ADD_CAPTION,ENTITY_GROUP_ID,VIEW_ID) values (34,NULL,'DiagnosisCode',209,NULL,'*','indicates required fields.',NULL,20,0,1,NULL);
insert into dyextn_container (IDENTIFIER,BUTTON_CSS,CAPTION,ABSTRACT_ENTITY_ID,MAIN_TABLE_CSS,REQUIRED_FIELD_INDICATOR,REQUIRED_FIELD_WARNING_MESSAGE,TITLE_CSS,BASE_CONTAINER_ID,ADD_CAPTION,ENTITY_GROUP_ID,VIEW_ID) values (35,NULL,'Diagnosis',205,NULL,'*','indicates required fields.',NULL,NULL,0,1,NULL);
insert into dyextn_container (IDENTIFIER,BUTTON_CSS,CAPTION,ABSTRACT_ENTITY_ID,MAIN_TABLE_CSS,REQUIRED_FIELD_INDICATOR,REQUIRED_FIELD_WARNING_MESSAGE,TITLE_CSS,BASE_CONTAINER_ID,ADD_CAPTION,ENTITY_GROUP_ID,VIEW_ID) values (36,NULL,'ProcedureCode',108,NULL,'*','indicates required fields.',NULL,20,0,1,NULL);
insert into dyextn_container (IDENTIFIER,BUTTON_CSS,CAPTION,ABSTRACT_ENTITY_ID,MAIN_TABLE_CSS,REQUIRED_FIELD_INDICATOR,REQUIRED_FIELD_WARNING_MESSAGE,TITLE_CSS,BASE_CONTAINER_ID,ADD_CAPTION,ENTITY_GROUP_ID,VIEW_ID) values (37,NULL,'CptProcedureCode',232,NULL,'*','indicates required fields.',NULL,36,0,1,NULL);
insert into dyextn_container (IDENTIFIER,BUTTON_CSS,CAPTION,ABSTRACT_ENTITY_ID,MAIN_TABLE_CSS,REQUIRED_FIELD_INDICATOR,REQUIRED_FIELD_WARNING_MESSAGE,TITLE_CSS,BASE_CONTAINER_ID,ADD_CAPTION,ENTITY_GROUP_ID,VIEW_ID) values (38,NULL,'ClinicalTrial',138,NULL,'*','indicates required fields.',NULL,NULL,0,1,NULL);
insert into dyextn_container (IDENTIFIER,BUTTON_CSS,CAPTION,ABSTRACT_ENTITY_ID,MAIN_TABLE_CSS,REQUIRED_FIELD_INDICATOR,REQUIRED_FIELD_WARNING_MESSAGE,TITLE_CSS,BASE_CONTAINER_ID,ADD_CAPTION,ENTITY_GROUP_ID,VIEW_ID) values (39,NULL,'DischargeDisposition',175,NULL,'*','indicates required fields.',NULL,20,0,1,NULL);
insert into dyextn_container (IDENTIFIER,BUTTON_CSS,CAPTION,ABSTRACT_ENTITY_ID,MAIN_TABLE_CSS,REQUIRED_FIELD_INDICATOR,REQUIRED_FIELD_WARNING_MESSAGE,TITLE_CSS,BASE_CONTAINER_ID,ADD_CAPTION,ENTITY_GROUP_ID,VIEW_ID) values (40,NULL,'Encounter',125,NULL,'*','indicates required fields.',NULL,NULL,0,1,NULL);
insert into dyextn_container (IDENTIFIER,BUTTON_CSS,CAPTION,ABSTRACT_ENTITY_ID,MAIN_TABLE_CSS,REQUIRED_FIELD_INDICATOR,REQUIRED_FIELD_WARNING_MESSAGE,TITLE_CSS,BASE_CONTAINER_ID,ADD_CAPTION,ENTITY_GROUP_ID,VIEW_ID) values (41,NULL,'EncounterDetails',126,NULL,'*','indicates required fields.',NULL,NULL,0,1,NULL);
insert into dyextn_container (IDENTIFIER,BUTTON_CSS,CAPTION,ABSTRACT_ENTITY_ID,MAIN_TABLE_CSS,REQUIRED_FIELD_INDICATOR,REQUIRED_FIELD_WARNING_MESSAGE,TITLE_CSS,BASE_CONTAINER_ID,ADD_CAPTION,ENTITY_GROUP_ID,VIEW_ID) values (42,NULL,'FacilityDischargeDisposition',106,NULL,'*','indicates required fields.',NULL,20,0,1,NULL);
insert into dyextn_container (IDENTIFIER,BUTTON_CSS,CAPTION,ABSTRACT_ENTITY_ID,MAIN_TABLE_CSS,REQUIRED_FIELD_INDICATOR,REQUIRED_FIELD_WARNING_MESSAGE,TITLE_CSS,BASE_CONTAINER_ID,ADD_CAPTION,ENTITY_GROUP_ID,VIEW_ID) values (43,NULL,'FinancialClass',110,NULL,'*','indicates required fields.',NULL,20,0,1,NULL);
insert into dyextn_container (IDENTIFIER,BUTTON_CSS,CAPTION,ABSTRACT_ENTITY_ID,MAIN_TABLE_CSS,REQUIRED_FIELD_INDICATOR,REQUIRED_FIELD_WARNING_MESSAGE,TITLE_CSS,BASE_CONTAINER_ID,ADD_CAPTION,ENTITY_GROUP_ID,VIEW_ID) values (44,NULL,'HipaaNotified',169,NULL,'*','indicates required fields.',NULL,20,0,1,NULL);
insert into dyextn_container (IDENTIFIER,BUTTON_CSS,CAPTION,ABSTRACT_ENTITY_ID,MAIN_TABLE_CSS,REQUIRED_FIELD_INDICATOR,REQUIRED_FIELD_WARNING_MESSAGE,TITLE_CSS,BASE_CONTAINER_ID,ADD_CAPTION,ENTITY_GROUP_ID,VIEW_ID) values (45,NULL,'Icd9ProcedureCode',259,NULL,'*','indicates required fields.',NULL,36,0,1,NULL);
insert into dyextn_container (IDENTIFIER,BUTTON_CSS,CAPTION,ABSTRACT_ENTITY_ID,MAIN_TABLE_CSS,REQUIRED_FIELD_INDICATOR,REQUIRED_FIELD_WARNING_MESSAGE,TITLE_CSS,BASE_CONTAINER_ID,ADD_CAPTION,ENTITY_GROUP_ID,VIEW_ID) values (46,NULL,'InfectionControlCode',172,NULL,'*','indicates required fields.',NULL,20,0,1,NULL);
insert into dyextn_container (IDENTIFIER,BUTTON_CSS,CAPTION,ABSTRACT_ENTITY_ID,MAIN_TABLE_CSS,REQUIRED_FIELD_INDICATOR,REQUIRED_FIELD_WARNING_MESSAGE,TITLE_CSS,BASE_CONTAINER_ID,ADD_CAPTION,ENTITY_GROUP_ID,VIEW_ID) values (47,NULL,'Insurance',112,NULL,'*','indicates required fields.',NULL,NULL,0,1,NULL);
insert into dyextn_container (IDENTIFIER,BUTTON_CSS,CAPTION,ABSTRACT_ENTITY_ID,MAIN_TABLE_CSS,REQUIRED_FIELD_INDICATOR,REQUIRED_FIELD_WARNING_MESSAGE,TITLE_CSS,BASE_CONTAINER_ID,ADD_CAPTION,ENTITY_GROUP_ID,VIEW_ID) values (48,NULL,'OptOutIndicator',218,NULL,'*','indicates required fields.',NULL,20,0,1,NULL);
insert into dyextn_container (IDENTIFIER,BUTTON_CSS,CAPTION,ABSTRACT_ENTITY_ID,MAIN_TABLE_CSS,REQUIRED_FIELD_INDICATOR,REQUIRED_FIELD_WARNING_MESSAGE,TITLE_CSS,BASE_CONTAINER_ID,ADD_CAPTION,ENTITY_GROUP_ID,VIEW_ID) values (49,NULL,'PatientClass',199,NULL,'*','indicates required fields.',NULL,20,0,1,NULL);
insert into dyextn_container (IDENTIFIER,BUTTON_CSS,CAPTION,ABSTRACT_ENTITY_ID,MAIN_TABLE_CSS,REQUIRED_FIELD_INDICATOR,REQUIRED_FIELD_WARNING_MESSAGE,TITLE_CSS,BASE_CONTAINER_ID,ADD_CAPTION,ENTITY_GROUP_ID,VIEW_ID) values (50,NULL,'PatientLocation',78,NULL,'*','indicates required fields.',NULL,NULL,0,1,NULL);
insert into dyextn_container (IDENTIFIER,BUTTON_CSS,CAPTION,ABSTRACT_ENTITY_ID,MAIN_TABLE_CSS,REQUIRED_FIELD_INDICATOR,REQUIRED_FIELD_WARNING_MESSAGE,TITLE_CSS,BASE_CONTAINER_ID,ADD_CAPTION,ENTITY_GROUP_ID,VIEW_ID) values (51,NULL,'PatientType',202,NULL,'*','indicates required fields.',NULL,20,0,1,NULL);
insert into dyextn_container (IDENTIFIER,BUTTON_CSS,CAPTION,ABSTRACT_ENTITY_ID,MAIN_TABLE_CSS,REQUIRED_FIELD_INDICATOR,REQUIRED_FIELD_WARNING_MESSAGE,TITLE_CSS,BASE_CONTAINER_ID,ADD_CAPTION,ENTITY_GROUP_ID,VIEW_ID) values (52,NULL,'Procedure',157,NULL,'*','indicates required fields.',NULL,NULL,0,1,NULL);
insert into dyextn_container (IDENTIFIER,BUTTON_CSS,CAPTION,ABSTRACT_ENTITY_ID,MAIN_TABLE_CSS,REQUIRED_FIELD_INDICATOR,REQUIRED_FIELD_WARNING_MESSAGE,TITLE_CSS,BASE_CONTAINER_ID,ADD_CAPTION,ENTITY_GROUP_ID,VIEW_ID) values (53,NULL,'ProcedureType',160,NULL,'*','indicates required fields.',NULL,20,0,1,NULL);
insert into dyextn_container (IDENTIFIER,BUTTON_CSS,CAPTION,ABSTRACT_ENTITY_ID,MAIN_TABLE_CSS,REQUIRED_FIELD_INDICATOR,REQUIRED_FIELD_WARNING_MESSAGE,TITLE_CSS,BASE_CONTAINER_ID,ADD_CAPTION,ENTITY_GROUP_ID,VIEW_ID) values (54,NULL,'Provider',83,NULL,'*','indicates required fields.',NULL,NULL,0,1,NULL);
insert into dyextn_container (IDENTIFIER,BUTTON_CSS,CAPTION,ABSTRACT_ENTITY_ID,MAIN_TABLE_CSS,REQUIRED_FIELD_INDICATOR,REQUIRED_FIELD_WARNING_MESSAGE,TITLE_CSS,BASE_CONTAINER_ID,ADD_CAPTION,ENTITY_GROUP_ID,VIEW_ID) values (55,NULL,'Service',148,NULL,'*','indicates required fields.',NULL,20,0,1,NULL);
insert into dyextn_container (IDENTIFIER,BUTTON_CSS,CAPTION,ABSTRACT_ENTITY_ID,MAIN_TABLE_CSS,REQUIRED_FIELD_INDICATOR,REQUIRED_FIELD_WARNING_MESSAGE,TITLE_CSS,BASE_CONTAINER_ID,ADD_CAPTION,ENTITY_GROUP_ID,VIEW_ID) values (56,NULL,'VipIndicator',93,NULL,'*','indicates required fields.',NULL,20,0,1,NULL);
insert into dyextn_container (IDENTIFIER,BUTTON_CSS,CAPTION,ABSTRACT_ENTITY_ID,MAIN_TABLE_CSS,REQUIRED_FIELD_INDICATOR,REQUIRED_FIELD_WARNING_MESSAGE,TITLE_CSS,BASE_CONTAINER_ID,ADD_CAPTION,ENTITY_GROUP_ID,VIEW_ID) values (57,NULL,'AbnormalFlag',234,NULL,'*','indicates required fields.',NULL,20,0,1,NULL);
insert into dyextn_container (IDENTIFIER,BUTTON_CSS,CAPTION,ABSTRACT_ENTITY_ID,MAIN_TABLE_CSS,REQUIRED_FIELD_INDICATOR,REQUIRED_FIELD_WARNING_MESSAGE,TITLE_CSS,BASE_CONTAINER_ID,ADD_CAPTION,ENTITY_GROUP_ID,VIEW_ID) values (58,NULL,'Application',282,NULL,'*','indicates required fields.',NULL,20,0,1,NULL);
insert into dyextn_container (IDENTIFIER,BUTTON_CSS,CAPTION,ABSTRACT_ENTITY_ID,MAIN_TABLE_CSS,REQUIRED_FIELD_INDICATOR,REQUIRED_FIELD_WARNING_MESSAGE,TITLE_CSS,BASE_CONTAINER_ID,ADD_CAPTION,ENTITY_GROUP_ID,VIEW_ID) values (59,NULL,'LaboratoryProcedure',284,NULL,'*','indicates required fields.',NULL,NULL,0,1,NULL);
insert into dyextn_container (IDENTIFIER,BUTTON_CSS,CAPTION,ABSTRACT_ENTITY_ID,MAIN_TABLE_CSS,REQUIRED_FIELD_INDICATOR,REQUIRED_FIELD_WARNING_MESSAGE,TITLE_CSS,BASE_CONTAINER_ID,ADD_CAPTION,ENTITY_GROUP_ID,VIEW_ID) values (60,NULL,'LaboratoryProcedureDetails',265,NULL,'*','indicates required fields.',NULL,NULL,0,1,NULL);
insert into dyextn_container (IDENTIFIER,BUTTON_CSS,CAPTION,ABSTRACT_ENTITY_ID,MAIN_TABLE_CSS,REQUIRED_FIELD_INDICATOR,REQUIRED_FIELD_WARNING_MESSAGE,TITLE_CSS,BASE_CONTAINER_ID,ADD_CAPTION,ENTITY_GROUP_ID,VIEW_ID) values (61,NULL,'LaboratoryProcedureType',100,NULL,'*','indicates required fields.',NULL,20,0,1,NULL);

/*Data for the table dyextn_containment_control */

/*Data for the table dyextn_control */

insert into dyextn_control (IDENTIFIER,CAPTION,CSS_CLASS,HIDDEN,NAME,SEQUENCE_NUMBER,TOOLTIP,CONTAINER_ID,BASE_ABST_ATR_ID,READ_ONLY) values (1,'line1',NULL,NULL,'line1',7,NULL,7,23,0);
insert into dyextn_control (IDENTIFIER,CAPTION,CSS_CLASS,HIDDEN,NAME,SEQUENCE_NUMBER,TOOLTIP,CONTAINER_ID,BASE_ABST_ATR_ID,READ_ONLY) values (2,'line2',NULL,NULL,'line2',6,NULL,7,22,0);
insert into dyextn_control (IDENTIFIER,CAPTION,CSS_CLASS,HIDDEN,NAME,SEQUENCE_NUMBER,TOOLTIP,CONTAINER_ID,BASE_ABST_ATR_ID,READ_ONLY) values (3,'city',NULL,NULL,'city',5,NULL,7,21,0);
insert into dyextn_control (IDENTIFIER,CAPTION,CSS_CLASS,HIDDEN,NAME,SEQUENCE_NUMBER,TOOLTIP,CONTAINER_ID,BASE_ABST_ATR_ID,READ_ONLY) values (4,'postalCode',NULL,NULL,'postalCode',4,NULL,7,20,0);
insert into dyextn_control (IDENTIFIER,CAPTION,CSS_CLASS,HIDDEN,NAME,SEQUENCE_NUMBER,TOOLTIP,CONTAINER_ID,BASE_ABST_ATR_ID,READ_ONLY) values (5,'AssociationName_1',NULL,NULL,'AssociationName_1',3,NULL,7,19,0);
insert into dyextn_control (IDENTIFIER,CAPTION,CSS_CLASS,HIDDEN,NAME,SEQUENCE_NUMBER,TOOLTIP,CONTAINER_ID,BASE_ABST_ATR_ID,READ_ONLY) values (6,'AssociationName_2',NULL,NULL,'AssociationName_2',2,NULL,7,16,0);
insert into dyextn_control (IDENTIFIER,CAPTION,CSS_CLASS,HIDDEN,NAME,SEQUENCE_NUMBER,TOOLTIP,CONTAINER_ID,BASE_ABST_ATR_ID,READ_ONLY) values (7,'AssociationName_3',NULL,NULL,'AssociationName_3',1,NULL,7,15,0);
insert into dyextn_control (IDENTIFIER,CAPTION,CSS_CLASS,HIDDEN,NAME,SEQUENCE_NUMBER,TOOLTIP,CONTAINER_ID,BASE_ABST_ATR_ID,READ_ONLY) values (8,'AssociationName_1',NULL,NULL,'AssociationName_1',2,NULL,10,63,0);
insert into dyextn_control (IDENTIFIER,CAPTION,CSS_CLASS,HIDDEN,NAME,SEQUENCE_NUMBER,TOOLTIP,CONTAINER_ID,BASE_ABST_ATR_ID,READ_ONLY) values (9,'AssociationName_2',NULL,NULL,'AssociationName_2',1,NULL,10,62,0);
insert into dyextn_control (IDENTIFIER,CAPTION,CSS_CLASS,HIDDEN,NAME,SEQUENCE_NUMBER,TOOLTIP,CONTAINER_ID,BASE_ABST_ATR_ID,READ_ONLY) values (10,'AssociationName_5',NULL,NULL,'AssociationName_5',18,NULL,12,72,0);
insert into dyextn_control (IDENTIFIER,CAPTION,CSS_CLASS,HIDDEN,NAME,SEQUENCE_NUMBER,TOOLTIP,CONTAINER_ID,BASE_ABST_ATR_ID,READ_ONLY) values (11,'AssociationName_4',NULL,NULL,'AssociationName_4',17,NULL,12,71,0);
insert into dyextn_control (IDENTIFIER,CAPTION,CSS_CLASS,HIDDEN,NAME,SEQUENCE_NUMBER,TOOLTIP,CONTAINER_ID,BASE_ABST_ATR_ID,READ_ONLY) values (12,'AssociationName_3',NULL,NULL,'AssociationName_3',16,NULL,12,66,0);
insert into dyextn_control (IDENTIFIER,CAPTION,CSS_CLASS,HIDDEN,NAME,SEQUENCE_NUMBER,TOOLTIP,CONTAINER_ID,BASE_ABST_ATR_ID,READ_ONLY) values (13,'AssociationName_2',NULL,NULL,'AssociationName_2',15,NULL,12,65,0);
insert into dyextn_control (IDENTIFIER,CAPTION,CSS_CLASS,HIDDEN,NAME,SEQUENCE_NUMBER,TOOLTIP,CONTAINER_ID,BASE_ABST_ATR_ID,READ_ONLY) values (14,'AssociationName_1',NULL,NULL,'AssociationName_1',14,NULL,12,60,0);
insert into dyextn_control (IDENTIFIER,CAPTION,CSS_CLASS,HIDDEN,NAME,SEQUENCE_NUMBER,TOOLTIP,CONTAINER_ID,BASE_ABST_ATR_ID,READ_ONLY) values (15,'AssociationName_11',NULL,NULL,'AssociationName_11',1,NULL,12,38,0);
insert into dyextn_control (IDENTIFIER,CAPTION,CSS_CLASS,HIDDEN,NAME,SEQUENCE_NUMBER,TOOLTIP,CONTAINER_ID,BASE_ABST_ATR_ID,READ_ONLY) values (16,'AssociationName_10',NULL,NULL,'AssociationName_10',2,NULL,12,41,0);
insert into dyextn_control (IDENTIFIER,CAPTION,CSS_CLASS,HIDDEN,NAME,SEQUENCE_NUMBER,TOOLTIP,CONTAINER_ID,BASE_ABST_ATR_ID,READ_ONLY) values (17,'AssociationName_9',NULL,NULL,'AssociationName_9',3,NULL,12,44,0);
insert into dyextn_control (IDENTIFIER,CAPTION,CSS_CLASS,HIDDEN,NAME,SEQUENCE_NUMBER,TOOLTIP,CONTAINER_ID,BASE_ABST_ATR_ID,READ_ONLY) values (18,'AssociationName_8',NULL,NULL,'AssociationName_8',4,NULL,12,47,0);
insert into dyextn_control (IDENTIFIER,CAPTION,CSS_CLASS,HIDDEN,NAME,SEQUENCE_NUMBER,TOOLTIP,CONTAINER_ID,BASE_ABST_ATR_ID,READ_ONLY) values (19,'AssociationName_7',NULL,NULL,'AssociationName_7',5,NULL,12,50,0);
insert into dyextn_control (IDENTIFIER,CAPTION,CSS_CLASS,HIDDEN,NAME,SEQUENCE_NUMBER,TOOLTIP,CONTAINER_ID,BASE_ABST_ATR_ID,READ_ONLY) values (20,'AssociationName_6',NULL,NULL,'AssociationName_6',6,NULL,12,51,0);
insert into dyextn_control (IDENTIFIER,CAPTION,CSS_CLASS,HIDDEN,NAME,SEQUENCE_NUMBER,TOOLTIP,CONTAINER_ID,BASE_ABST_ATR_ID,READ_ONLY) values (21,'dateOfBirth',NULL,NULL,'dateOfBirth',7,NULL,12,53,0);
insert into dyextn_control (IDENTIFIER,CAPTION,CSS_CLASS,HIDDEN,NAME,SEQUENCE_NUMBER,TOOLTIP,CONTAINER_ID,BASE_ABST_ATR_ID,READ_ONLY) values (22,'dateOfDeath',NULL,NULL,'dateOfDeath',8,NULL,12,54,0);
insert into dyextn_control (IDENTIFIER,CAPTION,CSS_CLASS,HIDDEN,NAME,SEQUENCE_NUMBER,TOOLTIP,CONTAINER_ID,BASE_ABST_ATR_ID,READ_ONLY) values (23,'mothersMaidenName',NULL,NULL,'mothersMaidenName',9,NULL,12,55,0);
insert into dyextn_control (IDENTIFIER,CAPTION,CSS_CLASS,HIDDEN,NAME,SEQUENCE_NUMBER,TOOLTIP,CONTAINER_ID,BASE_ABST_ATR_ID,READ_ONLY) values (24,'placeOfBirth',NULL,NULL,'placeOfBirth',10,NULL,12,56,0);
insert into dyextn_control (IDENTIFIER,CAPTION,CSS_CLASS,HIDDEN,NAME,SEQUENCE_NUMBER,TOOLTIP,CONTAINER_ID,BASE_ABST_ATR_ID,READ_ONLY) values (25,'socialSecurityNumber',NULL,NULL,'socialSecurityNumber',11,NULL,12,57,0);
insert into dyextn_control (IDENTIFIER,CAPTION,CSS_CLASS,HIDDEN,NAME,SEQUENCE_NUMBER,TOOLTIP,CONTAINER_ID,BASE_ABST_ATR_ID,READ_ONLY) values (26,'effectiveStartTimeStamp',NULL,NULL,'effectiveStartTimeStamp',12,NULL,12,58,0);
insert into dyextn_control (IDENTIFIER,CAPTION,CSS_CLASS,HIDDEN,NAME,SEQUENCE_NUMBER,TOOLTIP,CONTAINER_ID,BASE_ABST_ATR_ID,READ_ONLY) values (27,'effectiveEndTimeStamp',NULL,NULL,'effectiveEndTimeStamp',13,NULL,12,59,0);
insert into dyextn_control (IDENTIFIER,CAPTION,CSS_CLASS,HIDDEN,NAME,SEQUENCE_NUMBER,TOOLTIP,CONTAINER_ID,BASE_ABST_ATR_ID,READ_ONLY) values (28,'personUpi',NULL,NULL,'personUpi',2,NULL,16,74,0);
insert into dyextn_control (IDENTIFIER,CAPTION,CSS_CLASS,HIDDEN,NAME,SEQUENCE_NUMBER,TOOLTIP,CONTAINER_ID,BASE_ABST_ATR_ID,READ_ONLY) values (29,'AssociationName_1',NULL,NULL,'AssociationName_1',1,NULL,16,73,0);
insert into dyextn_control (IDENTIFIER,CAPTION,CSS_CLASS,HIDDEN,NAME,SEQUENCE_NUMBER,TOOLTIP,CONTAINER_ID,BASE_ABST_ATR_ID,READ_ONLY) values (30,'firstName',NULL,NULL,'firstName',7,NULL,17,34,0);
insert into dyextn_control (IDENTIFIER,CAPTION,CSS_CLASS,HIDDEN,NAME,SEQUENCE_NUMBER,TOOLTIP,CONTAINER_ID,BASE_ABST_ATR_ID,READ_ONLY) values (31,'middleName',NULL,NULL,'middleName',6,NULL,17,33,0);
insert into dyextn_control (IDENTIFIER,CAPTION,CSS_CLASS,HIDDEN,NAME,SEQUENCE_NUMBER,TOOLTIP,CONTAINER_ID,BASE_ABST_ATR_ID,READ_ONLY) values (32,'lastName',NULL,NULL,'lastName',5,NULL,17,32,0);
insert into dyextn_control (IDENTIFIER,CAPTION,CSS_CLASS,HIDDEN,NAME,SEQUENCE_NUMBER,TOOLTIP,CONTAINER_ID,BASE_ABST_ATR_ID,READ_ONLY) values (33,'lastNameCompressed',NULL,NULL,'lastNameCompressed',4,NULL,17,31,0);
insert into dyextn_control (IDENTIFIER,CAPTION,CSS_CLASS,HIDDEN,NAME,SEQUENCE_NUMBER,TOOLTIP,CONTAINER_ID,BASE_ABST_ATR_ID,READ_ONLY) values (34,'degree',NULL,NULL,'degree',3,NULL,17,30,0);
insert into dyextn_control (IDENTIFIER,CAPTION,CSS_CLASS,HIDDEN,NAME,SEQUENCE_NUMBER,TOOLTIP,CONTAINER_ID,BASE_ABST_ATR_ID,READ_ONLY) values (35,'prefix',NULL,NULL,'prefix',2,NULL,17,29,0);
insert into dyextn_control (IDENTIFIER,CAPTION,CSS_CLASS,HIDDEN,NAME,SEQUENCE_NUMBER,TOOLTIP,CONTAINER_ID,BASE_ABST_ATR_ID,READ_ONLY) values (36,'suffix',NULL,NULL,'suffix',1,NULL,17,28,0);
insert into dyextn_control (IDENTIFIER,CAPTION,CSS_CLASS,HIDDEN,NAME,SEQUENCE_NUMBER,TOOLTIP,CONTAINER_ID,BASE_ABST_ATR_ID,READ_ONLY) values (37,'number',NULL,NULL,'number',2,NULL,18,69,0);
insert into dyextn_control (IDENTIFIER,CAPTION,CSS_CLASS,HIDDEN,NAME,SEQUENCE_NUMBER,TOOLTIP,CONTAINER_ID,BASE_ABST_ATR_ID,READ_ONLY) values (38,'type',NULL,NULL,'type',1,NULL,18,68,0);
insert into dyextn_control (IDENTIFIER,CAPTION,CSS_CLASS,HIDDEN,NAME,SEQUENCE_NUMBER,TOOLTIP,CONTAINER_ID,BASE_ABST_ATR_ID,READ_ONLY) values (39,'name',NULL,NULL,'name',2,NULL,20,86,0);
insert into dyextn_control (IDENTIFIER,CAPTION,CSS_CLASS,HIDDEN,NAME,SEQUENCE_NUMBER,TOOLTIP,CONTAINER_ID,BASE_ABST_ATR_ID,READ_ONLY) values (40,'shortName',NULL,NULL,'shortName',1,NULL,20,85,0);
insert into dyextn_control (IDENTIFIER,CAPTION,CSS_CLASS,HIDDEN,NAME,SEQUENCE_NUMBER,TOOLTIP,CONTAINER_ID,BASE_ABST_ATR_ID,READ_ONLY) values (41,'sourceUnits',NULL,NULL,'sourceUnits',2,NULL,22,263,0);
insert into dyextn_control (IDENTIFIER,CAPTION,CSS_CLASS,HIDDEN,NAME,SEQUENCE_NUMBER,TOOLTIP,CONTAINER_ID,BASE_ABST_ATR_ID,READ_ONLY) values (42,'normalizedUnits',NULL,NULL,'normalizedUnits',1,NULL,22,262,0);
insert into dyextn_control (IDENTIFIER,CAPTION,CSS_CLASS,HIDDEN,NAME,SEQUENCE_NUMBER,TOOLTIP,CONTAINER_ID,BASE_ABST_ATR_ID,READ_ONLY) values (43,'AssociationName_1',NULL,NULL,'AssociationName_1',2,NULL,24,250,0);
insert into dyextn_control (IDENTIFIER,CAPTION,CSS_CLASS,HIDDEN,NAME,SEQUENCE_NUMBER,TOOLTIP,CONTAINER_ID,BASE_ABST_ATR_ID,READ_ONLY) values (44,'AssociationName_2',NULL,NULL,'AssociationName_2',1,NULL,24,249,0);
insert into dyextn_control (IDENTIFIER,CAPTION,CSS_CLASS,HIDDEN,NAME,SEQUENCE_NUMBER,TOOLTIP,CONTAINER_ID,BASE_ABST_ATR_ID,READ_ONLY) values (45,'resultString',NULL,NULL,'resultString',5,NULL,25,247,0);
insert into dyextn_control (IDENTIFIER,CAPTION,CSS_CLASS,HIDDEN,NAME,SEQUENCE_NUMBER,TOOLTIP,CONTAINER_ID,BASE_ABST_ATR_ID,READ_ONLY) values (46,'resultLow',NULL,NULL,'resultLow',4,NULL,25,246,0);
insert into dyextn_control (IDENTIFIER,CAPTION,CSS_CLASS,HIDDEN,NAME,SEQUENCE_NUMBER,TOOLTIP,CONTAINER_ID,BASE_ABST_ATR_ID,READ_ONLY) values (47,'resultHigh',NULL,NULL,'resultHigh',3,NULL,25,245,0);
insert into dyextn_control (IDENTIFIER,CAPTION,CSS_CLASS,HIDDEN,NAME,SEQUENCE_NUMBER,TOOLTIP,CONTAINER_ID,BASE_ABST_ATR_ID,READ_ONLY) values (48,'units',NULL,NULL,'units',2,NULL,25,244,0);
insert into dyextn_control (IDENTIFIER,CAPTION,CSS_CLASS,HIDDEN,NAME,SEQUENCE_NUMBER,TOOLTIP,CONTAINER_ID,BASE_ABST_ATR_ID,READ_ONLY) values (49,'AssociationName_1',NULL,NULL,'AssociationName_1',1,NULL,25,243,0);
insert into dyextn_control (IDENTIFIER,CAPTION,CSS_CLASS,HIDDEN,NAME,SEQUENCE_NUMBER,TOOLTIP,CONTAINER_ID,BASE_ABST_ATR_ID,READ_ONLY) values (50,'range',NULL,NULL,'range',3,NULL,26,98,0);
insert into dyextn_control (IDENTIFIER,CAPTION,CSS_CLASS,HIDDEN,NAME,SEQUENCE_NUMBER,TOOLTIP,CONTAINER_ID,BASE_ABST_ATR_ID,READ_ONLY) values (51,'rangeLow',NULL,NULL,'rangeLow',2,NULL,26,97,0);
insert into dyextn_control (IDENTIFIER,CAPTION,CSS_CLASS,HIDDEN,NAME,SEQUENCE_NUMBER,TOOLTIP,CONTAINER_ID,BASE_ABST_ATR_ID,READ_ONLY) values (52,'rangeHigh',NULL,NULL,'rangeHigh',1,NULL,26,96,0);
insert into dyextn_control (IDENTIFIER,CAPTION,CSS_CLASS,HIDDEN,NAME,SEQUENCE_NUMBER,TOOLTIP,CONTAINER_ID,BASE_ABST_ATR_ID,READ_ONLY) values (53,'Number',NULL,NULL,'Number',3,NULL,27,226,0);
insert into dyextn_control (IDENTIFIER,CAPTION,CSS_CLASS,HIDDEN,NAME,SEQUENCE_NUMBER,TOOLTIP,CONTAINER_ID,BASE_ABST_ATR_ID,READ_ONLY) values (54,'Type',NULL,NULL,'Type',2,NULL,27,225,0);
insert into dyextn_control (IDENTIFIER,CAPTION,CSS_CLASS,HIDDEN,NAME,SEQUENCE_NUMBER,TOOLTIP,CONTAINER_ID,BASE_ABST_ATR_ID,READ_ONLY) values (55,'AssociationName_1',NULL,NULL,'AssociationName_1',1,NULL,27,224,0);
insert into dyextn_control (IDENTIFIER,CAPTION,CSS_CLASS,HIDDEN,NAME,SEQUENCE_NUMBER,TOOLTIP,CONTAINER_ID,BASE_ABST_ATR_ID,READ_ONLY) values (56,'initials',NULL,NULL,'initials',1,NULL,28,135,0);
insert into dyextn_control (IDENTIFIER,CAPTION,CSS_CLASS,HIDDEN,NAME,SEQUENCE_NUMBER,TOOLTIP,CONTAINER_ID,BASE_ABST_ATR_ID,READ_ONLY) values (57,'standardUnitOfMeasure',NULL,NULL,'standardUnitOfMeasure',1,NULL,30,237,0);
insert into dyextn_control (IDENTIFIER,CAPTION,CSS_CLASS,HIDDEN,NAME,SEQUENCE_NUMBER,TOOLTIP,CONTAINER_ID,BASE_ABST_ATR_ID,READ_ONLY) values (58,'resultComments',NULL,NULL,'resultComments',7,NULL,31,257,0);
insert into dyextn_control (IDENTIFIER,CAPTION,CSS_CLASS,HIDDEN,NAME,SEQUENCE_NUMBER,TOOLTIP,CONTAINER_ID,BASE_ABST_ATR_ID,READ_ONLY) values (59,'testSynonym',NULL,NULL,'testSynonym',6,NULL,31,256,0);
insert into dyextn_control (IDENTIFIER,CAPTION,CSS_CLASS,HIDDEN,NAME,SEQUENCE_NUMBER,TOOLTIP,CONTAINER_ID,BASE_ABST_ATR_ID,READ_ONLY) values (60,'resultTimeStamp',NULL,NULL,'resultTimeStamp',5,NULL,31,255,0);
insert into dyextn_control (IDENTIFIER,CAPTION,CSS_CLASS,HIDDEN,NAME,SEQUENCE_NUMBER,TOOLTIP,CONTAINER_ID,BASE_ABST_ATR_ID,READ_ONLY) values (61,'AssociationName_1',NULL,NULL,'AssociationName_1',4,NULL,31,254,0);
insert into dyextn_control (IDENTIFIER,CAPTION,CSS_CLASS,HIDDEN,NAME,SEQUENCE_NUMBER,TOOLTIP,CONTAINER_ID,BASE_ABST_ATR_ID,READ_ONLY) values (62,'AssociationName_2',NULL,NULL,'AssociationName_2',3,NULL,31,253,0);
insert into dyextn_control (IDENTIFIER,CAPTION,CSS_CLASS,HIDDEN,NAME,SEQUENCE_NUMBER,TOOLTIP,CONTAINER_ID,BASE_ABST_ATR_ID,READ_ONLY) values (63,'AssociationName_3',NULL,NULL,'AssociationName_3',2,NULL,31,252,0);
insert into dyextn_control (IDENTIFIER,CAPTION,CSS_CLASS,HIDDEN,NAME,SEQUENCE_NUMBER,TOOLTIP,CONTAINER_ID,BASE_ABST_ATR_ID,READ_ONLY) values (64,'AssociationName_4',NULL,NULL,'AssociationName_4',1,NULL,31,240,0);
insert into dyextn_control (IDENTIFIER,CAPTION,CSS_CLASS,HIDDEN,NAME,SEQUENCE_NUMBER,TOOLTIP,CONTAINER_ID,BASE_ABST_ATR_ID,READ_ONLY) values (65,'description',NULL,NULL,'description',6,NULL,35,215,0);
insert into dyextn_control (IDENTIFIER,CAPTION,CSS_CLASS,HIDDEN,NAME,SEQUENCE_NUMBER,TOOLTIP,CONTAINER_ID,BASE_ABST_ATR_ID,READ_ONLY) values (66,'sequence',NULL,NULL,'sequence',5,NULL,35,214,0);
insert into dyextn_control (IDENTIFIER,CAPTION,CSS_CLASS,HIDDEN,NAME,SEQUENCE_NUMBER,TOOLTIP,CONTAINER_ID,BASE_ABST_ATR_ID,READ_ONLY) values (67,'AssociationName_1',NULL,NULL,'AssociationName_1',4,NULL,35,213,0);
insert into dyextn_control (IDENTIFIER,CAPTION,CSS_CLASS,HIDDEN,NAME,SEQUENCE_NUMBER,TOOLTIP,CONTAINER_ID,BASE_ABST_ATR_ID,READ_ONLY) values (68,'AssociationName_2',NULL,NULL,'AssociationName_2',3,NULL,35,212,0);
insert into dyextn_control (IDENTIFIER,CAPTION,CSS_CLASS,HIDDEN,NAME,SEQUENCE_NUMBER,TOOLTIP,CONTAINER_ID,BASE_ABST_ATR_ID,READ_ONLY) values (69,'AssociationName_3',NULL,NULL,'AssociationName_3',2,NULL,35,211,0);
insert into dyextn_control (IDENTIFIER,CAPTION,CSS_CLASS,HIDDEN,NAME,SEQUENCE_NUMBER,TOOLTIP,CONTAINER_ID,BASE_ABST_ATR_ID,READ_ONLY) values (70,'AssociationName_4',NULL,NULL,'AssociationName_4',1,NULL,35,208,0);
insert into dyextn_control (IDENTIFIER,CAPTION,CSS_CLASS,HIDDEN,NAME,SEQUENCE_NUMBER,TOOLTIP,CONTAINER_ID,BASE_ABST_ATR_ID,READ_ONLY) values (71,'trialId',NULL,NULL,'trialId',7,NULL,38,145,0);
insert into dyextn_control (IDENTIFIER,CAPTION,CSS_CLASS,HIDDEN,NAME,SEQUENCE_NUMBER,TOOLTIP,CONTAINER_ID,BASE_ABST_ATR_ID,READ_ONLY) values (72,'trailName',NULL,NULL,'trailName',6,NULL,38,144,0);
insert into dyextn_control (IDENTIFIER,CAPTION,CSS_CLASS,HIDDEN,NAME,SEQUENCE_NUMBER,TOOLTIP,CONTAINER_ID,BASE_ABST_ATR_ID,READ_ONLY) values (73,'startTimeStamp',NULL,NULL,'startTimeStamp',5,NULL,38,143,0);
insert into dyextn_control (IDENTIFIER,CAPTION,CSS_CLASS,HIDDEN,NAME,SEQUENCE_NUMBER,TOOLTIP,CONTAINER_ID,BASE_ABST_ATR_ID,READ_ONLY) values (74,'endTimeStamp',NULL,NULL,'endTimeStamp',4,NULL,38,142,0);
insert into dyextn_control (IDENTIFIER,CAPTION,CSS_CLASS,HIDDEN,NAME,SEQUENCE_NUMBER,TOOLTIP,CONTAINER_ID,BASE_ABST_ATR_ID,READ_ONLY) values (75,'status',NULL,NULL,'status',3,NULL,38,141,0);
insert into dyextn_control (IDENTIFIER,CAPTION,CSS_CLASS,HIDDEN,NAME,SEQUENCE_NUMBER,TOOLTIP,CONTAINER_ID,BASE_ABST_ATR_ID,READ_ONLY) values (76,'protocolId',NULL,NULL,'protocolId',2,NULL,38,140,0);
insert into dyextn_control (IDENTIFIER,CAPTION,CSS_CLASS,HIDDEN,NAME,SEQUENCE_NUMBER,TOOLTIP,CONTAINER_ID,BASE_ABST_ATR_ID,READ_ONLY) values (77,'AssociationName_1',NULL,NULL,'AssociationName_1',1,NULL,38,139,0);
insert into dyextn_control (IDENTIFIER,CAPTION,CSS_CLASS,HIDDEN,NAME,SEQUENCE_NUMBER,TOOLTIP,CONTAINER_ID,BASE_ABST_ATR_ID,READ_ONLY) values (78,'patientAccountNumber',NULL,NULL,'patientAccountNumber',5,NULL,40,230,0);
insert into dyextn_control (IDENTIFIER,CAPTION,CSS_CLASS,HIDDEN,NAME,SEQUENCE_NUMBER,TOOLTIP,CONTAINER_ID,BASE_ABST_ATR_ID,READ_ONLY) values (79,'AssociationName_1',NULL,NULL,'AssociationName_1',4,NULL,40,229,0);
insert into dyextn_control (IDENTIFIER,CAPTION,CSS_CLASS,HIDDEN,NAME,SEQUENCE_NUMBER,TOOLTIP,CONTAINER_ID,BASE_ABST_ATR_ID,READ_ONLY) values (80,'AssociationName_2',NULL,NULL,'AssociationName_2',3,NULL,40,228,0);
insert into dyextn_control (IDENTIFIER,CAPTION,CSS_CLASS,HIDDEN,NAME,SEQUENCE_NUMBER,TOOLTIP,CONTAINER_ID,BASE_ABST_ATR_ID,READ_ONLY) values (81,'AssociationName_3',NULL,NULL,'AssociationName_3',2,NULL,40,222,0);
insert into dyextn_control (IDENTIFIER,CAPTION,CSS_CLASS,HIDDEN,NAME,SEQUENCE_NUMBER,TOOLTIP,CONTAINER_ID,BASE_ABST_ATR_ID,READ_ONLY) values (82,'AssociationName_4',NULL,NULL,'AssociationName_4',1,NULL,40,221,0);
insert into dyextn_control (IDENTIFIER,CAPTION,CSS_CLASS,HIDDEN,NAME,SEQUENCE_NUMBER,TOOLTIP,CONTAINER_ID,BASE_ABST_ATR_ID,READ_ONLY) values (83,'AssociationName_16',NULL,NULL,'AssociationName_16',40,NULL,41,220,0);
insert into dyextn_control (IDENTIFIER,CAPTION,CSS_CLASS,HIDDEN,NAME,SEQUENCE_NUMBER,TOOLTIP,CONTAINER_ID,BASE_ABST_ATR_ID,READ_ONLY) values (84,'AssociationName_15',NULL,NULL,'AssociationName_15',39,NULL,41,217,0);
insert into dyextn_control (IDENTIFIER,CAPTION,CSS_CLASS,HIDDEN,NAME,SEQUENCE_NUMBER,TOOLTIP,CONTAINER_ID,BASE_ABST_ATR_ID,READ_ONLY) values (85,'AssociationName_14',NULL,NULL,'AssociationName_14',38,NULL,41,204,0);
insert into dyextn_control (IDENTIFIER,CAPTION,CSS_CLASS,HIDDEN,NAME,SEQUENCE_NUMBER,TOOLTIP,CONTAINER_ID,BASE_ABST_ATR_ID,READ_ONLY) values (86,'AssociationName_13',NULL,NULL,'AssociationName_13',37,NULL,41,201,0);
insert into dyextn_control (IDENTIFIER,CAPTION,CSS_CLASS,HIDDEN,NAME,SEQUENCE_NUMBER,TOOLTIP,CONTAINER_ID,BASE_ABST_ATR_ID,READ_ONLY) values (87,'AssociationName_12',NULL,NULL,'AssociationName_12',36,NULL,41,198,0);
insert into dyextn_control (IDENTIFIER,CAPTION,CSS_CLASS,HIDDEN,NAME,SEQUENCE_NUMBER,TOOLTIP,CONTAINER_ID,BASE_ABST_ATR_ID,READ_ONLY) values (88,'AssociationName_11',NULL,NULL,'AssociationName_11',35,NULL,41,197,0);
insert into dyextn_control (IDENTIFIER,CAPTION,CSS_CLASS,HIDDEN,NAME,SEQUENCE_NUMBER,TOOLTIP,CONTAINER_ID,BASE_ABST_ATR_ID,READ_ONLY) values (89,'AssociationName_10',NULL,NULL,'AssociationName_10',34,NULL,41,196,0);
insert into dyextn_control (IDENTIFIER,CAPTION,CSS_CLASS,HIDDEN,NAME,SEQUENCE_NUMBER,TOOLTIP,CONTAINER_ID,BASE_ABST_ATR_ID,READ_ONLY) values (90,'AssociationName_9',NULL,NULL,'AssociationName_9',33,NULL,41,195,0);
insert into dyextn_control (IDENTIFIER,CAPTION,CSS_CLASS,HIDDEN,NAME,SEQUENCE_NUMBER,TOOLTIP,CONTAINER_ID,BASE_ABST_ATR_ID,READ_ONLY) values (91,'AssociationName_8',NULL,NULL,'AssociationName_8',32,NULL,41,194,0);
insert into dyextn_control (IDENTIFIER,CAPTION,CSS_CLASS,HIDDEN,NAME,SEQUENCE_NUMBER,TOOLTIP,CONTAINER_ID,BASE_ABST_ATR_ID,READ_ONLY) values (92,'AssociationName_7',NULL,NULL,'AssociationName_7',31,NULL,41,193,0);
insert into dyextn_control (IDENTIFIER,CAPTION,CSS_CLASS,HIDDEN,NAME,SEQUENCE_NUMBER,TOOLTIP,CONTAINER_ID,BASE_ABST_ATR_ID,READ_ONLY) values (93,'AssociationName_6',NULL,NULL,'AssociationName_6',30,NULL,41,192,0);
insert into dyextn_control (IDENTIFIER,CAPTION,CSS_CLASS,HIDDEN,NAME,SEQUENCE_NUMBER,TOOLTIP,CONTAINER_ID,BASE_ABST_ATR_ID,READ_ONLY) values (94,'AssociationName_5',NULL,NULL,'AssociationName_5',29,NULL,41,191,0);
insert into dyextn_control (IDENTIFIER,CAPTION,CSS_CLASS,HIDDEN,NAME,SEQUENCE_NUMBER,TOOLTIP,CONTAINER_ID,BASE_ABST_ATR_ID,READ_ONLY) values (95,'effectingStartTimeStamp',NULL,NULL,'effectingStartTimeStamp',28,NULL,41,189,0);
insert into dyextn_control (IDENTIFIER,CAPTION,CSS_CLASS,HIDDEN,NAME,SEQUENCE_NUMBER,TOOLTIP,CONTAINER_ID,BASE_ABST_ATR_ID,READ_ONLY) values (96,'effectingEndTimeStamp',NULL,NULL,'effectingEndTimeStamp',27,NULL,41,188,0);
insert into dyextn_control (IDENTIFIER,CAPTION,CSS_CLASS,HIDDEN,NAME,SEQUENCE_NUMBER,TOOLTIP,CONTAINER_ID,BASE_ABST_ATR_ID,READ_ONLY) values (97,'ageAtEncounter',NULL,NULL,'ageAtEncounter',26,NULL,41,187,0);
insert into dyextn_control (IDENTIFIER,CAPTION,CSS_CLASS,HIDDEN,NAME,SEQUENCE_NUMBER,TOOLTIP,CONTAINER_ID,BASE_ABST_ATR_ID,READ_ONLY) values (98,'AssociationName_20',NULL,NULL,'AssociationName_20',13,NULL,41,168,0);
insert into dyextn_control (IDENTIFIER,CAPTION,CSS_CLASS,HIDDEN,NAME,SEQUENCE_NUMBER,TOOLTIP,CONTAINER_ID,BASE_ABST_ATR_ID,READ_ONLY) values (99,'AssociationName_21',NULL,NULL,'AssociationName_21',12,NULL,41,156,0);
insert into dyextn_control (IDENTIFIER,CAPTION,CSS_CLASS,HIDDEN,NAME,SEQUENCE_NUMBER,TOOLTIP,CONTAINER_ID,BASE_ABST_ATR_ID,READ_ONLY) values (100,'AssociationName_22',NULL,NULL,'AssociationName_22',11,NULL,41,151,0);
insert into dyextn_control (IDENTIFIER,CAPTION,CSS_CLASS,HIDDEN,NAME,SEQUENCE_NUMBER,TOOLTIP,CONTAINER_ID,BASE_ABST_ATR_ID,READ_ONLY) values (101,'AssociationName_23',NULL,NULL,'AssociationName_23',10,NULL,41,150,0);
insert into dyextn_control (IDENTIFIER,CAPTION,CSS_CLASS,HIDDEN,NAME,SEQUENCE_NUMBER,TOOLTIP,CONTAINER_ID,BASE_ABST_ATR_ID,READ_ONLY) values (102,'AssociationName_24',NULL,NULL,'AssociationName_24',9,NULL,41,147,0);
insert into dyextn_control (IDENTIFIER,CAPTION,CSS_CLASS,HIDDEN,NAME,SEQUENCE_NUMBER,TOOLTIP,CONTAINER_ID,BASE_ABST_ATR_ID,READ_ONLY) values (103,'AssociationName_25',NULL,NULL,'AssociationName_25',8,NULL,41,137,0);
insert into dyextn_control (IDENTIFIER,CAPTION,CSS_CLASS,HIDDEN,NAME,SEQUENCE_NUMBER,TOOLTIP,CONTAINER_ID,BASE_ABST_ATR_ID,READ_ONLY) values (104,'AssociationName_26',NULL,NULL,'AssociationName_26',7,NULL,41,133,0);
insert into dyextn_control (IDENTIFIER,CAPTION,CSS_CLASS,HIDDEN,NAME,SEQUENCE_NUMBER,TOOLTIP,CONTAINER_ID,BASE_ABST_ATR_ID,READ_ONLY) values (105,'AssociationName_27',NULL,NULL,'AssociationName_27',6,NULL,41,132,0);
insert into dyextn_control (IDENTIFIER,CAPTION,CSS_CLASS,HIDDEN,NAME,SEQUENCE_NUMBER,TOOLTIP,CONTAINER_ID,BASE_ABST_ATR_ID,READ_ONLY) values (106,'AssociationName_28',NULL,NULL,'AssociationName_28',5,NULL,41,131,0);
insert into dyextn_control (IDENTIFIER,CAPTION,CSS_CLASS,HIDDEN,NAME,SEQUENCE_NUMBER,TOOLTIP,CONTAINER_ID,BASE_ABST_ATR_ID,READ_ONLY) values (107,'AssociationName_29',NULL,NULL,'AssociationName_29',4,NULL,41,130,0);
insert into dyextn_control (IDENTIFIER,CAPTION,CSS_CLASS,HIDDEN,NAME,SEQUENCE_NUMBER,TOOLTIP,CONTAINER_ID,BASE_ABST_ATR_ID,READ_ONLY) values (108,'AssociationName_30',NULL,NULL,'AssociationName_30',3,NULL,41,129,0);
insert into dyextn_control (IDENTIFIER,CAPTION,CSS_CLASS,HIDDEN,NAME,SEQUENCE_NUMBER,TOOLTIP,CONTAINER_ID,BASE_ABST_ATR_ID,READ_ONLY) values (109,'AssociationName_31',NULL,NULL,'AssociationName_31',2,NULL,41,128,0);
insert into dyextn_control (IDENTIFIER,CAPTION,CSS_CLASS,HIDDEN,NAME,SEQUENCE_NUMBER,TOOLTIP,CONTAINER_ID,BASE_ABST_ATR_ID,READ_ONLY) values (110,'AssociationName_32',NULL,NULL,'AssociationName_32',1,NULL,41,127,0);
insert into dyextn_control (IDENTIFIER,CAPTION,CSS_CLASS,HIDDEN,NAME,SEQUENCE_NUMBER,TOOLTIP,CONTAINER_ID,BASE_ABST_ATR_ID,READ_ONLY) values (111,'AssociationName_19',NULL,NULL,'AssociationName_19',14,NULL,41,171,0);
insert into dyextn_control (IDENTIFIER,CAPTION,CSS_CLASS,HIDDEN,NAME,SEQUENCE_NUMBER,TOOLTIP,CONTAINER_ID,BASE_ABST_ATR_ID,READ_ONLY) values (112,'AssociationName_18',NULL,NULL,'AssociationName_18',15,NULL,41,174,0);
insert into dyextn_control (IDENTIFIER,CAPTION,CSS_CLASS,HIDDEN,NAME,SEQUENCE_NUMBER,TOOLTIP,CONTAINER_ID,BASE_ABST_ATR_ID,READ_ONLY) values (113,'AssociationName_17',NULL,NULL,'AssociationName_17',16,NULL,41,177,0);
insert into dyextn_control (IDENTIFIER,CAPTION,CSS_CLASS,HIDDEN,NAME,SEQUENCE_NUMBER,TOOLTIP,CONTAINER_ID,BASE_ABST_ATR_ID,READ_ONLY) values (114,'AssociationName_4',NULL,NULL,'AssociationName_4',17,NULL,41,178,0);
insert into dyextn_control (IDENTIFIER,CAPTION,CSS_CLASS,HIDDEN,NAME,SEQUENCE_NUMBER,TOOLTIP,CONTAINER_ID,BASE_ABST_ATR_ID,READ_ONLY) values (115,'AssociationName_3',NULL,NULL,'AssociationName_3',18,NULL,41,179,0);
insert into dyextn_control (IDENTIFIER,CAPTION,CSS_CLASS,HIDDEN,NAME,SEQUENCE_NUMBER,TOOLTIP,CONTAINER_ID,BASE_ABST_ATR_ID,READ_ONLY) values (116,'AssociationName_2',NULL,NULL,'AssociationName_2',19,NULL,41,180,0);
insert into dyextn_control (IDENTIFIER,CAPTION,CSS_CLASS,HIDDEN,NAME,SEQUENCE_NUMBER,TOOLTIP,CONTAINER_ID,BASE_ABST_ATR_ID,READ_ONLY) values (117,'AssociationName_1',NULL,NULL,'AssociationName_1',20,NULL,41,181,0);
insert into dyextn_control (IDENTIFIER,CAPTION,CSS_CLASS,HIDDEN,NAME,SEQUENCE_NUMBER,TOOLTIP,CONTAINER_ID,BASE_ABST_ATR_ID,READ_ONLY) values (118,'admittingService',NULL,NULL,'admittingService',21,NULL,41,182,0);
insert into dyextn_control (IDENTIFIER,CAPTION,CSS_CLASS,HIDDEN,NAME,SEQUENCE_NUMBER,TOOLTIP,CONTAINER_ID,BASE_ABST_ATR_ID,READ_ONLY) values (119,'dischargeService',NULL,NULL,'dischargeService',22,NULL,41,183,0);
insert into dyextn_control (IDENTIFIER,CAPTION,CSS_CLASS,HIDDEN,NAME,SEQUENCE_NUMBER,TOOLTIP,CONTAINER_ID,BASE_ABST_ATR_ID,READ_ONLY) values (120,'teachingTeam',NULL,NULL,'teachingTeam',23,NULL,41,184,0);
insert into dyextn_control (IDENTIFIER,CAPTION,CSS_CLASS,HIDDEN,NAME,SEQUENCE_NUMBER,TOOLTIP,CONTAINER_ID,BASE_ABST_ATR_ID,READ_ONLY) values (121,'dischargeTimeStamp',NULL,NULL,'dischargeTimeStamp',24,NULL,41,185,0);
insert into dyextn_control (IDENTIFIER,CAPTION,CSS_CLASS,HIDDEN,NAME,SEQUENCE_NUMBER,TOOLTIP,CONTAINER_ID,BASE_ABST_ATR_ID,READ_ONLY) values (122,'registrationTimeStamp',NULL,NULL,'registrationTimeStamp',25,NULL,41,186,0);
insert into dyextn_control (IDENTIFIER,CAPTION,CSS_CLASS,HIDDEN,NAME,SEQUENCE_NUMBER,TOOLTIP,CONTAINER_ID,BASE_ABST_ATR_ID,READ_ONLY) values (123,'sequence',NULL,NULL,'sequence',11,NULL,47,123,0);
insert into dyextn_control (IDENTIFIER,CAPTION,CSS_CLASS,HIDDEN,NAME,SEQUENCE_NUMBER,TOOLTIP,CONTAINER_ID,BASE_ABST_ATR_ID,READ_ONLY) values (124,'planId',NULL,NULL,'planId',10,NULL,47,122,0);
insert into dyextn_control (IDENTIFIER,CAPTION,CSS_CLASS,HIDDEN,NAME,SEQUENCE_NUMBER,TOOLTIP,CONTAINER_ID,BASE_ABST_ATR_ID,READ_ONLY) values (125,'companyId',NULL,NULL,'companyId',9,NULL,47,121,0);
insert into dyextn_control (IDENTIFIER,CAPTION,CSS_CLASS,HIDDEN,NAME,SEQUENCE_NUMBER,TOOLTIP,CONTAINER_ID,BASE_ABST_ATR_ID,READ_ONLY) values (126,'groupNumber',NULL,NULL,'groupNumber',8,NULL,47,120,0);
insert into dyextn_control (IDENTIFIER,CAPTION,CSS_CLASS,HIDDEN,NAME,SEQUENCE_NUMBER,TOOLTIP,CONTAINER_ID,BASE_ABST_ATR_ID,READ_ONLY) values (127,'groupName',NULL,NULL,'groupName',7,NULL,47,119,0);
insert into dyextn_control (IDENTIFIER,CAPTION,CSS_CLASS,HIDDEN,NAME,SEQUENCE_NUMBER,TOOLTIP,CONTAINER_ID,BASE_ABST_ATR_ID,READ_ONLY) values (128,'insuredGroupEmpId',NULL,NULL,'insuredGroupEmpId',6,NULL,47,118,0);
insert into dyextn_control (IDENTIFIER,CAPTION,CSS_CLASS,HIDDEN,NAME,SEQUENCE_NUMBER,TOOLTIP,CONTAINER_ID,BASE_ABST_ATR_ID,READ_ONLY) values (129,'insuredGroupEmpName',NULL,NULL,'insuredGroupEmpName',5,NULL,47,117,0);
insert into dyextn_control (IDENTIFIER,CAPTION,CSS_CLASS,HIDDEN,NAME,SEQUENCE_NUMBER,TOOLTIP,CONTAINER_ID,BASE_ABST_ATR_ID,READ_ONLY) values (130,'policyName',NULL,NULL,'policyName',4,NULL,47,116,0);
insert into dyextn_control (IDENTIFIER,CAPTION,CSS_CLASS,HIDDEN,NAME,SEQUENCE_NUMBER,TOOLTIP,CONTAINER_ID,BASE_ABST_ATR_ID,READ_ONLY) values (131,'preAdmitCert',NULL,NULL,'preAdmitCert',3,NULL,47,115,0);
insert into dyextn_control (IDENTIFIER,CAPTION,CSS_CLASS,HIDDEN,NAME,SEQUENCE_NUMBER,TOOLTIP,CONTAINER_ID,BASE_ABST_ATR_ID,READ_ONLY) values (132,'AssociationName_1',NULL,NULL,'AssociationName_1',2,NULL,47,114,0);
insert into dyextn_control (IDENTIFIER,CAPTION,CSS_CLASS,HIDDEN,NAME,SEQUENCE_NUMBER,TOOLTIP,CONTAINER_ID,BASE_ABST_ATR_ID,READ_ONLY) values (133,'AssociationName_2',NULL,NULL,'AssociationName_2',1,NULL,47,113,0);
insert into dyextn_control (IDENTIFIER,CAPTION,CSS_CLASS,HIDDEN,NAME,SEQUENCE_NUMBER,TOOLTIP,CONTAINER_ID,BASE_ABST_ATR_ID,READ_ONLY) values (134,'location',NULL,NULL,'location',3,NULL,50,81,0);
insert into dyextn_control (IDENTIFIER,CAPTION,CSS_CLASS,HIDDEN,NAME,SEQUENCE_NUMBER,TOOLTIP,CONTAINER_ID,BASE_ABST_ATR_ID,READ_ONLY) values (135,'room',NULL,NULL,'room',2,NULL,50,80,0);
insert into dyextn_control (IDENTIFIER,CAPTION,CSS_CLASS,HIDDEN,NAME,SEQUENCE_NUMBER,TOOLTIP,CONTAINER_ID,BASE_ABST_ATR_ID,READ_ONLY) values (136,'bed',NULL,NULL,'bed',1,NULL,50,79,0);
insert into dyextn_control (IDENTIFIER,CAPTION,CSS_CLASS,HIDDEN,NAME,SEQUENCE_NUMBER,TOOLTIP,CONTAINER_ID,BASE_ABST_ATR_ID,READ_ONLY) values (137,'date',NULL,NULL,'date',7,NULL,52,166,0);
insert into dyextn_control (IDENTIFIER,CAPTION,CSS_CLASS,HIDDEN,NAME,SEQUENCE_NUMBER,TOOLTIP,CONTAINER_ID,BASE_ABST_ATR_ID,READ_ONLY) values (138,'sequence',NULL,NULL,'sequence',6,NULL,52,165,0);
insert into dyextn_control (IDENTIFIER,CAPTION,CSS_CLASS,HIDDEN,NAME,SEQUENCE_NUMBER,TOOLTIP,CONTAINER_ID,BASE_ABST_ATR_ID,READ_ONLY) values (139,'AssociationName_1',NULL,NULL,'AssociationName_1',5,NULL,52,164,0);
insert into dyextn_control (IDENTIFIER,CAPTION,CSS_CLASS,HIDDEN,NAME,SEQUENCE_NUMBER,TOOLTIP,CONTAINER_ID,BASE_ABST_ATR_ID,READ_ONLY) values (140,'AssociationName_2',NULL,NULL,'AssociationName_2',4,NULL,52,163,0);
insert into dyextn_control (IDENTIFIER,CAPTION,CSS_CLASS,HIDDEN,NAME,SEQUENCE_NUMBER,TOOLTIP,CONTAINER_ID,BASE_ABST_ATR_ID,READ_ONLY) values (141,'AssociationName_3',NULL,NULL,'AssociationName_3',3,NULL,52,162,0);
insert into dyextn_control (IDENTIFIER,CAPTION,CSS_CLASS,HIDDEN,NAME,SEQUENCE_NUMBER,TOOLTIP,CONTAINER_ID,BASE_ABST_ATR_ID,READ_ONLY) values (142,'AssociationName_4',NULL,NULL,'AssociationName_4',2,NULL,52,159,0);
insert into dyextn_control (IDENTIFIER,CAPTION,CSS_CLASS,HIDDEN,NAME,SEQUENCE_NUMBER,TOOLTIP,CONTAINER_ID,BASE_ABST_ATR_ID,READ_ONLY) values (143,'AssociationName_5',NULL,NULL,'AssociationName_5',1,NULL,52,158,0);
insert into dyextn_control (IDENTIFIER,CAPTION,CSS_CLASS,HIDDEN,NAME,SEQUENCE_NUMBER,TOOLTIP,CONTAINER_ID,BASE_ABST_ATR_ID,READ_ONLY) values (144,'facilityProviderId',NULL,NULL,'facilityProviderId',4,NULL,54,91,0);
insert into dyextn_control (IDENTIFIER,CAPTION,CSS_CLASS,HIDDEN,NAME,SEQUENCE_NUMBER,TOOLTIP,CONTAINER_ID,BASE_ABST_ATR_ID,READ_ONLY) values (145,'AssociationName_1',NULL,NULL,'AssociationName_1',3,NULL,54,90,0);
insert into dyextn_control (IDENTIFIER,CAPTION,CSS_CLASS,HIDDEN,NAME,SEQUENCE_NUMBER,TOOLTIP,CONTAINER_ID,BASE_ABST_ATR_ID,READ_ONLY) values (146,'AssociationName_2',NULL,NULL,'AssociationName_2',2,NULL,54,89,0);
insert into dyextn_control (IDENTIFIER,CAPTION,CSS_CLASS,HIDDEN,NAME,SEQUENCE_NUMBER,TOOLTIP,CONTAINER_ID,BASE_ABST_ATR_ID,READ_ONLY) values (147,'AssociationName_3',NULL,NULL,'AssociationName_3',1,NULL,54,88,0);
insert into dyextn_control (IDENTIFIER,CAPTION,CSS_CLASS,HIDDEN,NAME,SEQUENCE_NUMBER,TOOLTIP,CONTAINER_ID,BASE_ABST_ATR_ID,READ_ONLY) values (148,'accessionNumber',NULL,NULL,'accessionNumber',8,NULL,59,292,0);
insert into dyextn_control (IDENTIFIER,CAPTION,CSS_CLASS,HIDDEN,NAME,SEQUENCE_NUMBER,TOOLTIP,CONTAINER_ID,BASE_ABST_ATR_ID,READ_ONLY) values (149,'patientAccountNumber',NULL,NULL,'patientAccountNumber',7,NULL,59,291,0);
insert into dyextn_control (IDENTIFIER,CAPTION,CSS_CLASS,HIDDEN,NAME,SEQUENCE_NUMBER,TOOLTIP,CONTAINER_ID,BASE_ABST_ATR_ID,READ_ONLY) values (150,'procedureSynonym',NULL,NULL,'procedureSynonym',6,NULL,59,290,0);
insert into dyextn_control (IDENTIFIER,CAPTION,CSS_CLASS,HIDDEN,NAME,SEQUENCE_NUMBER,TOOLTIP,CONTAINER_ID,BASE_ABST_ATR_ID,READ_ONLY) values (151,'AssociationName_1',NULL,NULL,'AssociationName_1',5,NULL,59,289,0);
insert into dyextn_control (IDENTIFIER,CAPTION,CSS_CLASS,HIDDEN,NAME,SEQUENCE_NUMBER,TOOLTIP,CONTAINER_ID,BASE_ABST_ATR_ID,READ_ONLY) values (152,'AssociationName_2',NULL,NULL,'AssociationName_2',4,NULL,59,288,0);
insert into dyextn_control (IDENTIFIER,CAPTION,CSS_CLASS,HIDDEN,NAME,SEQUENCE_NUMBER,TOOLTIP,CONTAINER_ID,BASE_ABST_ATR_ID,READ_ONLY) values (153,'AssociationName_3',NULL,NULL,'AssociationName_3',3,NULL,59,287,0);
insert into dyextn_control (IDENTIFIER,CAPTION,CSS_CLASS,HIDDEN,NAME,SEQUENCE_NUMBER,TOOLTIP,CONTAINER_ID,BASE_ABST_ATR_ID,READ_ONLY) values (154,'AssociationName_4',NULL,NULL,'AssociationName_4',2,NULL,59,286,0);
insert into dyextn_control (IDENTIFIER,CAPTION,CSS_CLASS,HIDDEN,NAME,SEQUENCE_NUMBER,TOOLTIP,CONTAINER_ID,BASE_ABST_ATR_ID,READ_ONLY) values (155,'AssociationName_5',NULL,NULL,'AssociationName_5',1,NULL,59,285,0);
insert into dyextn_control (IDENTIFIER,CAPTION,CSS_CLASS,HIDDEN,NAME,SEQUENCE_NUMBER,TOOLTIP,CONTAINER_ID,BASE_ABST_ATR_ID,READ_ONLY) values (156,'AssociationName_8',NULL,NULL,'AssociationName_8',1,NULL,60,266,0);
insert into dyextn_control (IDENTIFIER,CAPTION,CSS_CLASS,HIDDEN,NAME,SEQUENCE_NUMBER,TOOLTIP,CONTAINER_ID,BASE_ABST_ATR_ID,READ_ONLY) values (157,'effectiveStartTimeStamp',NULL,NULL,'effectiveStartTimeStamp',2,NULL,60,268,0);
insert into dyextn_control (IDENTIFIER,CAPTION,CSS_CLASS,HIDDEN,NAME,SEQUENCE_NUMBER,TOOLTIP,CONTAINER_ID,BASE_ABST_ATR_ID,READ_ONLY) values (158,'effectiveEndTimeStamp',NULL,NULL,'effectiveEndTimeStamp',3,NULL,60,269,0);
insert into dyextn_control (IDENTIFIER,CAPTION,CSS_CLASS,HIDDEN,NAME,SEQUENCE_NUMBER,TOOLTIP,CONTAINER_ID,BASE_ABST_ATR_ID,READ_ONLY) values (159,'ageAtProcedure',NULL,NULL,'ageAtProcedure',4,NULL,60,270,0);
insert into dyextn_control (IDENTIFIER,CAPTION,CSS_CLASS,HIDDEN,NAME,SEQUENCE_NUMBER,TOOLTIP,CONTAINER_ID,BASE_ABST_ATR_ID,READ_ONLY) values (160,'procedureComment',NULL,NULL,'procedureComment',5,NULL,60,271,0);
insert into dyextn_control (IDENTIFIER,CAPTION,CSS_CLASS,HIDDEN,NAME,SEQUENCE_NUMBER,TOOLTIP,CONTAINER_ID,BASE_ABST_ATR_ID,READ_ONLY) values (161,'procedureId',NULL,NULL,'procedureId',6,NULL,60,272,0);
insert into dyextn_control (IDENTIFIER,CAPTION,CSS_CLASS,HIDDEN,NAME,SEQUENCE_NUMBER,TOOLTIP,CONTAINER_ID,BASE_ABST_ATR_ID,READ_ONLY) values (162,'AssociationName_1',NULL,NULL,'AssociationName_1',7,NULL,60,273,0);
insert into dyextn_control (IDENTIFIER,CAPTION,CSS_CLASS,HIDDEN,NAME,SEQUENCE_NUMBER,TOOLTIP,CONTAINER_ID,BASE_ABST_ATR_ID,READ_ONLY) values (163,'AssociationName_2',NULL,NULL,'AssociationName_2',8,NULL,60,274,0);
insert into dyextn_control (IDENTIFIER,CAPTION,CSS_CLASS,HIDDEN,NAME,SEQUENCE_NUMBER,TOOLTIP,CONTAINER_ID,BASE_ABST_ATR_ID,READ_ONLY) values (164,'AssociationName_3',NULL,NULL,'AssociationName_3',9,NULL,60,275,0);
insert into dyextn_control (IDENTIFIER,CAPTION,CSS_CLASS,HIDDEN,NAME,SEQUENCE_NUMBER,TOOLTIP,CONTAINER_ID,BASE_ABST_ATR_ID,READ_ONLY) values (165,'AssociationName_4',NULL,NULL,'AssociationName_4',10,NULL,60,276,0);
insert into dyextn_control (IDENTIFIER,CAPTION,CSS_CLASS,HIDDEN,NAME,SEQUENCE_NUMBER,TOOLTIP,CONTAINER_ID,BASE_ABST_ATR_ID,READ_ONLY) values (166,'AssociationName_5',NULL,NULL,'AssociationName_5',11,NULL,60,279,0);
insert into dyextn_control (IDENTIFIER,CAPTION,CSS_CLASS,HIDDEN,NAME,SEQUENCE_NUMBER,TOOLTIP,CONTAINER_ID,BASE_ABST_ATR_ID,READ_ONLY) values (167,'AssociationName_6',NULL,NULL,'AssociationName_6',12,NULL,60,280,0);
insert into dyextn_control (IDENTIFIER,CAPTION,CSS_CLASS,HIDDEN,NAME,SEQUENCE_NUMBER,TOOLTIP,CONTAINER_ID,BASE_ABST_ATR_ID,READ_ONLY) values (168,'AssociationName_7',NULL,NULL,'AssociationName_7',13,NULL,60,281,0);

/*Data for the table dyextn_data_element */

/*Data for the table dyextn_data_grid */

/*Data for the table dyextn_database_properties */

insert into dyextn_database_properties (IDENTIFIER,NAME) values (1,'DE_E_94');
insert into dyextn_database_properties (IDENTIFIER,NAME) values (2,'IDENTIFIER');
insert into dyextn_database_properties (IDENTIFIER,NAME) values (3,'DE_E_90');
insert into dyextn_database_properties (IDENTIFIER,NAME) values (4,'IDENTIFIER');
insert into dyextn_database_properties (IDENTIFIER,NAME) values (5,'DE_E_86');
insert into dyextn_database_properties (IDENTIFIER,NAME) values (6,'IDENTIFIER');
insert into dyextn_database_properties (IDENTIFIER,NAME) values (7,'DE_E_82');
insert into dyextn_database_properties (IDENTIFIER,NAME) values (8,'IDENTIFIER');
insert into dyextn_database_properties (IDENTIFIER,NAME) values (9,'DE_E_78');
insert into dyextn_database_properties (IDENTIFIER,NAME) values (10,'IDENTIFIER');
insert into dyextn_database_properties (IDENTIFIER,NAME) values (11,'DE_E_74');
insert into dyextn_database_properties (IDENTIFIER,NAME) values (12,'IDENTIFIER');
insert into dyextn_database_properties (IDENTIFIER,NAME) values (13,'DE_E_1');
insert into dyextn_database_properties (IDENTIFIER,NAME) values (14,'DE_AS_178');
insert into dyextn_database_properties (IDENTIFIER,NAME) values (15,'DE_AS_163');
insert into dyextn_database_properties (IDENTIFIER,NAME) values (16,'DE_E_62');
insert into dyextn_database_properties (IDENTIFIER,NAME) values (17,'IDENTIFIER');
insert into dyextn_database_properties (IDENTIFIER,NAME) values (18,'DE_AS_148');
insert into dyextn_database_properties (IDENTIFIER,NAME) values (19,'DE_AT_8');
insert into dyextn_database_properties (IDENTIFIER,NAME) values (20,'DE_AT_7');
insert into dyextn_database_properties (IDENTIFIER,NAME) values (21,'DE_AT_6');
insert into dyextn_database_properties (IDENTIFIER,NAME) values (22,'DE_AT_5');
insert into dyextn_database_properties (IDENTIFIER,NAME) values (23,'IDENTIFIER');
insert into dyextn_database_properties (IDENTIFIER,NAME) values (24,'DE_E_9');
insert into dyextn_database_properties (IDENTIFIER,NAME) values (25,'IDENTIFIER');
insert into dyextn_database_properties (IDENTIFIER,NAME) values (26,'DE_E_13');
insert into dyextn_database_properties (IDENTIFIER,NAME) values (27,'DE_AT_23');
insert into dyextn_database_properties (IDENTIFIER,NAME) values (28,'DE_AT_22');
insert into dyextn_database_properties (IDENTIFIER,NAME) values (29,'DE_AT_21');
insert into dyextn_database_properties (IDENTIFIER,NAME) values (30,'DE_AT_20');
insert into dyextn_database_properties (IDENTIFIER,NAME) values (31,'DE_AT_19');
insert into dyextn_database_properties (IDENTIFIER,NAME) values (32,'DE_AT_18');
insert into dyextn_database_properties (IDENTIFIER,NAME) values (33,'DE_AT_17');
insert into dyextn_database_properties (IDENTIFIER,NAME) values (34,'IDENTIFIER');
insert into dyextn_database_properties (IDENTIFIER,NAME) values (35,'DE_E_24');
insert into dyextn_database_properties (IDENTIFIER,NAME) values (36,'DE_E_39');
insert into dyextn_database_properties (IDENTIFIER,NAME) values (37,'DE_AS_168');
insert into dyextn_database_properties (IDENTIFIER,NAME) values (38,'DE_E_70');
insert into dyextn_database_properties (IDENTIFIER,NAME) values (39,'IDENTIFIER');
insert into dyextn_database_properties (IDENTIFIER,NAME) values (40,'DE_AS_158');
insert into dyextn_database_properties (IDENTIFIER,NAME) values (41,'DE_E_66');
insert into dyextn_database_properties (IDENTIFIER,NAME) values (42,'IDENTIFIER');
insert into dyextn_database_properties (IDENTIFIER,NAME) values (43,'DE_AS_153');
insert into dyextn_database_properties (IDENTIFIER,NAME) values (44,'DE_E_58');
insert into dyextn_database_properties (IDENTIFIER,NAME) values (45,'IDENTIFIER');
insert into dyextn_database_properties (IDENTIFIER,NAME) values (46,'DE_AS_143');
insert into dyextn_database_properties (IDENTIFIER,NAME) values (47,'DE_E_50');
insert into dyextn_database_properties (IDENTIFIER,NAME) values (48,'IDENTIFIER');
insert into dyextn_database_properties (IDENTIFIER,NAME) values (49,'DE_AS_138');
insert into dyextn_database_properties (IDENTIFIER,NAME) values (50,'DE_AS_133');
insert into dyextn_database_properties (IDENTIFIER,NAME) values (51,'IDENTIFIER');
insert into dyextn_database_properties (IDENTIFIER,NAME) values (52,'DE_AT_43');
insert into dyextn_database_properties (IDENTIFIER,NAME) values (53,'DE_AT_44');
insert into dyextn_database_properties (IDENTIFIER,NAME) values (54,'DE_AT_45');
insert into dyextn_database_properties (IDENTIFIER,NAME) values (55,'DE_AT_46');
insert into dyextn_database_properties (IDENTIFIER,NAME) values (56,'DE_AT_47');
insert into dyextn_database_properties (IDENTIFIER,NAME) values (57,'DE_AT_48');
insert into dyextn_database_properties (IDENTIFIER,NAME) values (58,'DE_AT_49');
insert into dyextn_database_properties (IDENTIFIER,NAME) values (59,'DE_AS_108');
insert into dyextn_database_properties (IDENTIFIER,NAME) values (60,'DE_E_29');
insert into dyextn_database_properties (IDENTIFIER,NAME) values (61,'DE_AS_173');
insert into dyextn_database_properties (IDENTIFIER,NAME) values (62,'DE_AS_98');
insert into dyextn_database_properties (IDENTIFIER,NAME) values (63,'IDENTIFIER');
insert into dyextn_database_properties (IDENTIFIER,NAME) values (64,'DE_AS_113');
insert into dyextn_database_properties (IDENTIFIER,NAME) values (65,'DE_AS_118');
insert into dyextn_database_properties (IDENTIFIER,NAME) values (66,'DE_E_33');
insert into dyextn_database_properties (IDENTIFIER,NAME) values (67,'DE_AT_38');
insert into dyextn_database_properties (IDENTIFIER,NAME) values (68,'DE_AT_37');
insert into dyextn_database_properties (IDENTIFIER,NAME) values (69,'IDENTIFIER');
insert into dyextn_database_properties (IDENTIFIER,NAME) values (70,'DE_AS_123');
insert into dyextn_database_properties (IDENTIFIER,NAME) values (71,'DE_AS_128');
insert into dyextn_database_properties (IDENTIFIER,NAME) values (72,'DE_AS_103');
insert into dyextn_database_properties (IDENTIFIER,NAME) values (73,'DE_AT_28');
insert into dyextn_database_properties (IDENTIFIER,NAME) values (74,'IDENTIFIER');
insert into dyextn_database_properties (IDENTIFIER,NAME) values (75,'DE_E_54');
insert into dyextn_database_properties (IDENTIFIER,NAME) values (76,'IDENTIFIER');
insert into dyextn_database_properties (IDENTIFIER,NAME) values (77,'DE_E_455');
insert into dyextn_database_properties (IDENTIFIER,NAME) values (78,'DE_AT_461');
insert into dyextn_database_properties (IDENTIFIER,NAME) values (79,'DE_AT_460');
insert into dyextn_database_properties (IDENTIFIER,NAME) values (80,'DE_AT_459');
insert into dyextn_database_properties (IDENTIFIER,NAME) values (81,'IDENTIFIER');
insert into dyextn_database_properties (IDENTIFIER,NAME) values (82,'DE_E_450');
insert into dyextn_database_properties (IDENTIFIER,NAME) values (83,'DE_E_243');
insert into dyextn_database_properties (IDENTIFIER,NAME) values (84,'DE_AT_248');
insert into dyextn_database_properties (IDENTIFIER,NAME) values (85,'DE_AT_247');
insert into dyextn_database_properties (IDENTIFIER,NAME) values (86,'IDENTIFIER');
insert into dyextn_database_properties (IDENTIFIER,NAME) values (87,'DE_AS_817');
insert into dyextn_database_properties (IDENTIFIER,NAME) values (88,'DE_AS_812');
insert into dyextn_database_properties (IDENTIFIER,NAME) values (89,'DE_AS_807');
insert into dyextn_database_properties (IDENTIFIER,NAME) values (90,'DE_AT_454');
insert into dyextn_database_properties (IDENTIFIER,NAME) values (91,'IDENTIFIER');
insert into dyextn_database_properties (IDENTIFIER,NAME) values (92,'DE_E_446');
insert into dyextn_database_properties (IDENTIFIER,NAME) values (93,'IDENTIFIER');
insert into dyextn_database_properties (IDENTIFIER,NAME) values (94,'DE_E_439');
insert into dyextn_database_properties (IDENTIFIER,NAME) values (95,'DE_AT_445');
insert into dyextn_database_properties (IDENTIFIER,NAME) values (96,'DE_AT_444');
insert into dyextn_database_properties (IDENTIFIER,NAME) values (97,'DE_AT_443');
insert into dyextn_database_properties (IDENTIFIER,NAME) values (98,'IDENTIFIER');
insert into dyextn_database_properties (IDENTIFIER,NAME) values (99,'DE_E_435');
insert into dyextn_database_properties (IDENTIFIER,NAME) values (100,'IDENTIFIER');
insert into dyextn_database_properties (IDENTIFIER,NAME) values (101,'DE_E_431');
insert into dyextn_database_properties (IDENTIFIER,NAME) values (102,'IDENTIFIER');
insert into dyextn_database_properties (IDENTIFIER,NAME) values (103,'DE_E_427');
insert into dyextn_database_properties (IDENTIFIER,NAME) values (104,'IDENTIFIER');
insert into dyextn_database_properties (IDENTIFIER,NAME) values (105,'DE_E_423');
insert into dyextn_database_properties (IDENTIFIER,NAME) values (106,'IDENTIFIER');
insert into dyextn_database_properties (IDENTIFIER,NAME) values (107,'DE_E_419');
insert into dyextn_database_properties (IDENTIFIER,NAME) values (108,'IDENTIFIER');
insert into dyextn_database_properties (IDENTIFIER,NAME) values (109,'DE_E_415');
insert into dyextn_database_properties (IDENTIFIER,NAME) values (110,'IDENTIFIER');
insert into dyextn_database_properties (IDENTIFIER,NAME) values (111,'DE_E_402');
insert into dyextn_database_properties (IDENTIFIER,NAME) values (112,'DE_AS_747');
insert into dyextn_database_properties (IDENTIFIER,NAME) values (113,'DE_AS_742');
insert into dyextn_database_properties (IDENTIFIER,NAME) values (114,'DE_AT_414');
insert into dyextn_database_properties (IDENTIFIER,NAME) values (115,'DE_AT_413');
insert into dyextn_database_properties (IDENTIFIER,NAME) values (116,'DE_AT_412');
insert into dyextn_database_properties (IDENTIFIER,NAME) values (117,'DE_AT_411');
insert into dyextn_database_properties (IDENTIFIER,NAME) values (118,'DE_AT_410');
insert into dyextn_database_properties (IDENTIFIER,NAME) values (119,'DE_AT_409');
insert into dyextn_database_properties (IDENTIFIER,NAME) values (120,'DE_AT_408');
insert into dyextn_database_properties (IDENTIFIER,NAME) values (121,'DE_AT_407');
insert into dyextn_database_properties (IDENTIFIER,NAME) values (122,'DE_AT_406');
insert into dyextn_database_properties (IDENTIFIER,NAME) values (123,'IDENTIFIER');
insert into dyextn_database_properties (IDENTIFIER,NAME) values (124,'DE_E_397');
insert into dyextn_database_properties (IDENTIFIER,NAME) values (125,'DE_E_231');
insert into dyextn_database_properties (IDENTIFIER,NAME) values (126,'DE_AS_822');
insert into dyextn_database_properties (IDENTIFIER,NAME) values (127,'DE_AS_797');
insert into dyextn_database_properties (IDENTIFIER,NAME) values (128,'DE_AS_792');
insert into dyextn_database_properties (IDENTIFIER,NAME) values (129,'DE_AS_777');
insert into dyextn_database_properties (IDENTIFIER,NAME) values (130,'DE_AS_762');
insert into dyextn_database_properties (IDENTIFIER,NAME) values (131,'DE_AS_752');
insert into dyextn_database_properties (IDENTIFIER,NAME) values (132,'DE_AS_737');
insert into dyextn_database_properties (IDENTIFIER,NAME) values (133,'DE_E_392');
insert into dyextn_database_properties (IDENTIFIER,NAME) values (134,'DE_AT_396');
insert into dyextn_database_properties (IDENTIFIER,NAME) values (135,'IDENTIFIER');
insert into dyextn_database_properties (IDENTIFIER,NAME) values (136,'DE_AS_692');
insert into dyextn_database_properties (IDENTIFIER,NAME) values (137,'DE_E_378');
insert into dyextn_database_properties (IDENTIFIER,NAME) values (138,'DE_AS_687');
insert into dyextn_database_properties (IDENTIFIER,NAME) values (139,'DE_AT_387');
insert into dyextn_database_properties (IDENTIFIER,NAME) values (140,'DE_AT_386');
insert into dyextn_database_properties (IDENTIFIER,NAME) values (141,'DE_AT_385');
insert into dyextn_database_properties (IDENTIFIER,NAME) values (142,'DE_AT_384');
insert into dyextn_database_properties (IDENTIFIER,NAME) values (143,'DE_AT_383');
insert into dyextn_database_properties (IDENTIFIER,NAME) values (144,'DE_AT_382');
insert into dyextn_database_properties (IDENTIFIER,NAME) values (145,'IDENTIFIER');
insert into dyextn_database_properties (IDENTIFIER,NAME) values (146,'DE_AS_682');
insert into dyextn_database_properties (IDENTIFIER,NAME) values (147,'DE_E_374');
insert into dyextn_database_properties (IDENTIFIER,NAME) values (148,'IDENTIFIER');
insert into dyextn_database_properties (IDENTIFIER,NAME) values (149,'DE_AS_677');
insert into dyextn_database_properties (IDENTIFIER,NAME) values (150,'DE_AS_672');
insert into dyextn_database_properties (IDENTIFIER,NAME) values (151,'DE_E_369');
insert into dyextn_database_properties (IDENTIFIER,NAME) values (152,'DE_AS_702');
insert into dyextn_database_properties (IDENTIFIER,NAME) values (153,'DE_AT_373');
insert into dyextn_database_properties (IDENTIFIER,NAME) values (154,'IDENTIFIER');
insert into dyextn_database_properties (IDENTIFIER,NAME) values (155,'DE_AS_667');
insert into dyextn_database_properties (IDENTIFIER,NAME) values (156,'DE_E_359');
insert into dyextn_database_properties (IDENTIFIER,NAME) values (157,'DE_AS_802');
insert into dyextn_database_properties (IDENTIFIER,NAME) values (158,'DE_AS_757');
insert into dyextn_database_properties (IDENTIFIER,NAME) values (159,'DE_E_365');
insert into dyextn_database_properties (IDENTIFIER,NAME) values (160,'IDENTIFIER');
insert into dyextn_database_properties (IDENTIFIER,NAME) values (161,'DE_AS_657');
insert into dyextn_database_properties (IDENTIFIER,NAME) values (162,'DE_AS_652');
insert into dyextn_database_properties (IDENTIFIER,NAME) values (163,'DE_AS_647');
insert into dyextn_database_properties (IDENTIFIER,NAME) values (164,'DE_AT_364');
insert into dyextn_database_properties (IDENTIFIER,NAME) values (165,'DE_AT_363');
insert into dyextn_database_properties (IDENTIFIER,NAME) values (166,'IDENTIFIER');
insert into dyextn_database_properties (IDENTIFIER,NAME) values (167,'DE_AS_642');
insert into dyextn_database_properties (IDENTIFIER,NAME) values (168,'DE_E_355');
insert into dyextn_database_properties (IDENTIFIER,NAME) values (169,'IDENTIFIER');
insert into dyextn_database_properties (IDENTIFIER,NAME) values (170,'DE_AS_637');
insert into dyextn_database_properties (IDENTIFIER,NAME) values (171,'DE_E_351');
insert into dyextn_database_properties (IDENTIFIER,NAME) values (172,'IDENTIFIER');
insert into dyextn_database_properties (IDENTIFIER,NAME) values (173,'DE_AS_632');
insert into dyextn_database_properties (IDENTIFIER,NAME) values (174,'DE_E_291');
insert into dyextn_database_properties (IDENTIFIER,NAME) values (175,'IDENTIFIER');
insert into dyextn_database_properties (IDENTIFIER,NAME) values (176,'DE_AS_567');
insert into dyextn_database_properties (IDENTIFIER,NAME) values (177,'DE_AS_477');
insert into dyextn_database_properties (IDENTIFIER,NAME) values (178,'DE_AS_472');
insert into dyextn_database_properties (IDENTIFIER,NAME) values (179,'DE_AS_467');
insert into dyextn_database_properties (IDENTIFIER,NAME) values (180,'DE_AS_462');
insert into dyextn_database_properties (IDENTIFIER,NAME) values (181,'DE_AT_242');
insert into dyextn_database_properties (IDENTIFIER,NAME) values (182,'DE_AT_241');
insert into dyextn_database_properties (IDENTIFIER,NAME) values (183,'DE_AT_240');
insert into dyextn_database_properties (IDENTIFIER,NAME) values (184,'DE_AT_239');
insert into dyextn_database_properties (IDENTIFIER,NAME) values (185,'DE_AT_238');
insert into dyextn_database_properties (IDENTIFIER,NAME) values (186,'DE_AT_237');
insert into dyextn_database_properties (IDENTIFIER,NAME) values (187,'DE_AT_236');
insert into dyextn_database_properties (IDENTIFIER,NAME) values (188,'DE_AT_235');
insert into dyextn_database_properties (IDENTIFIER,NAME) values (189,'IDENTIFIER');
insert into dyextn_database_properties (IDENTIFIER,NAME) values (190,'DE_AS_482');
insert into dyextn_database_properties (IDENTIFIER,NAME) values (191,'DE_AS_487');
insert into dyextn_database_properties (IDENTIFIER,NAME) values (192,'DE_AS_492');
insert into dyextn_database_properties (IDENTIFIER,NAME) values (193,'DE_AS_497');
insert into dyextn_database_properties (IDENTIFIER,NAME) values (194,'DE_AS_502');
insert into dyextn_database_properties (IDENTIFIER,NAME) values (195,'DE_AS_507');
insert into dyextn_database_properties (IDENTIFIER,NAME) values (196,'DE_AS_512');
insert into dyextn_database_properties (IDENTIFIER,NAME) values (197,'DE_AS_517');
insert into dyextn_database_properties (IDENTIFIER,NAME) values (198,'DE_E_253');
insert into dyextn_database_properties (IDENTIFIER,NAME) values (199,'IDENTIFIER');
insert into dyextn_database_properties (IDENTIFIER,NAME) values (200,'DE_AS_522');
insert into dyextn_database_properties (IDENTIFIER,NAME) values (201,'DE_E_257');
insert into dyextn_database_properties (IDENTIFIER,NAME) values (202,'IDENTIFIER');
insert into dyextn_database_properties (IDENTIFIER,NAME) values (203,'DE_AS_527');
insert into dyextn_database_properties (IDENTIFIER,NAME) values (204,'DE_E_261');
insert into dyextn_database_properties (IDENTIFIER,NAME) values (205,'DE_E_301');
insert into dyextn_database_properties (IDENTIFIER,NAME) values (206,'IDENTIFIER');
insert into dyextn_database_properties (IDENTIFIER,NAME) values (207,'DE_AS_572');
insert into dyextn_database_properties (IDENTIFIER,NAME) values (208,'DE_E_287');
insert into dyextn_database_properties (IDENTIFIER,NAME) values (209,'IDENTIFIER');
insert into dyextn_database_properties (IDENTIFIER,NAME) values (210,'DE_AS_562');
insert into dyextn_database_properties (IDENTIFIER,NAME) values (211,'DE_AS_542');
insert into dyextn_database_properties (IDENTIFIER,NAME) values (212,'DE_AS_537');
insert into dyextn_database_properties (IDENTIFIER,NAME) values (213,'DE_AT_266');
insert into dyextn_database_properties (IDENTIFIER,NAME) values (214,'DE_AT_265');
insert into dyextn_database_properties (IDENTIFIER,NAME) values (215,'IDENTIFIER');
insert into dyextn_database_properties (IDENTIFIER,NAME) values (216,'DE_AS_532');
insert into dyextn_database_properties (IDENTIFIER,NAME) values (217,'DE_E_271');
insert into dyextn_database_properties (IDENTIFIER,NAME) values (218,'IDENTIFIER');
insert into dyextn_database_properties (IDENTIFIER,NAME) values (219,'DE_AS_547');
insert into dyextn_database_properties (IDENTIFIER,NAME) values (220,'DE_AS_732');
insert into dyextn_database_properties (IDENTIFIER,NAME) values (221,'DE_AS_727');
insert into dyextn_database_properties (IDENTIFIER,NAME) values (222,'DE_E_295');
insert into dyextn_database_properties (IDENTIFIER,NAME) values (223,'DE_AS_697');
insert into dyextn_database_properties (IDENTIFIER,NAME) values (224,'DE_AT_300');
insert into dyextn_database_properties (IDENTIFIER,NAME) values (225,'DE_AT_299');
insert into dyextn_database_properties (IDENTIFIER,NAME) values (226,'IDENTIFIER');
insert into dyextn_database_properties (IDENTIFIER,NAME) values (227,'DE_AS_722');
insert into dyextn_database_properties (IDENTIFIER,NAME) values (228,'DE_AS_717');
insert into dyextn_database_properties (IDENTIFIER,NAME) values (229,'DE_AT_401');
insert into dyextn_database_properties (IDENTIFIER,NAME) values (230,'IDENTIFIER');
insert into dyextn_database_properties (IDENTIFIER,NAME) values (231,'DE_E_249');
insert into dyextn_database_properties (IDENTIFIER,NAME) values (232,'IDENTIFIER');
insert into dyextn_database_properties (IDENTIFIER,NAME) values (233,'DE_E_267');
insert into dyextn_database_properties (IDENTIFIER,NAME) values (234,'IDENTIFIER');
insert into dyextn_database_properties (IDENTIFIER,NAME) values (235,'DE_E_275');
insert into dyextn_database_properties (IDENTIFIER,NAME) values (236,'DE_AT_279');
insert into dyextn_database_properties (IDENTIFIER,NAME) values (237,'IDENTIFIER');
insert into dyextn_database_properties (IDENTIFIER,NAME) values (238,'DE_E_280');
insert into dyextn_database_properties (IDENTIFIER,NAME) values (239,'DE_AS_772');
insert into dyextn_database_properties (IDENTIFIER,NAME) values (240,'DE_E_336');
insert into dyextn_database_properties (IDENTIFIER,NAME) values (241,'DE_E_305');
insert into dyextn_database_properties (IDENTIFIER,NAME) values (242,'DE_AS_787');
insert into dyextn_database_properties (IDENTIFIER,NAME) values (243,'DE_AT_312');
insert into dyextn_database_properties (IDENTIFIER,NAME) values (244,'DE_AT_311');
insert into dyextn_database_properties (IDENTIFIER,NAME) values (245,'DE_AT_310');
insert into dyextn_database_properties (IDENTIFIER,NAME) values (246,'DE_AT_309');
insert into dyextn_database_properties (IDENTIFIER,NAME) values (247,'IDENTIFIER');
insert into dyextn_database_properties (IDENTIFIER,NAME) values (248,'DE_AS_612');
insert into dyextn_database_properties (IDENTIFIER,NAME) values (249,'DE_AS_607');
insert into dyextn_database_properties (IDENTIFIER,NAME) values (250,'IDENTIFIER');
insert into dyextn_database_properties (IDENTIFIER,NAME) values (251,'DE_AS_602');
insert into dyextn_database_properties (IDENTIFIER,NAME) values (252,'DE_AS_557');
insert into dyextn_database_properties (IDENTIFIER,NAME) values (253,'DE_AS_552');
insert into dyextn_database_properties (IDENTIFIER,NAME) values (254,'DE_AT_286');
insert into dyextn_database_properties (IDENTIFIER,NAME) values (255,'DE_AT_285');
insert into dyextn_database_properties (IDENTIFIER,NAME) values (256,'DE_AT_284');
insert into dyextn_database_properties (IDENTIFIER,NAME) values (257,'IDENTIFIER');
insert into dyextn_database_properties (IDENTIFIER,NAME) values (258,'DE_E_313');
insert into dyextn_database_properties (IDENTIFIER,NAME) values (259,'IDENTIFIER');
insert into dyextn_database_properties (IDENTIFIER,NAME) values (260,'DE_E_317');
insert into dyextn_database_properties (IDENTIFIER,NAME) values (261,'DE_AT_322');
insert into dyextn_database_properties (IDENTIFIER,NAME) values (262,'DE_AT_321');
insert into dyextn_database_properties (IDENTIFIER,NAME) values (263,'IDENTIFIER');
insert into dyextn_database_properties (IDENTIFIER,NAME) values (264,'DE_E_323');
insert into dyextn_database_properties (IDENTIFIER,NAME) values (265,'DE_AS_767');
insert into dyextn_database_properties (IDENTIFIER,NAME) values (266,'IDENTIFIER');
insert into dyextn_database_properties (IDENTIFIER,NAME) values (267,'DE_AT_327');
insert into dyextn_database_properties (IDENTIFIER,NAME) values (268,'DE_AT_328');
insert into dyextn_database_properties (IDENTIFIER,NAME) values (269,'DE_AT_329');
insert into dyextn_database_properties (IDENTIFIER,NAME) values (270,'DE_AT_330');
insert into dyextn_database_properties (IDENTIFIER,NAME) values (271,'DE_AT_331');
insert into dyextn_database_properties (IDENTIFIER,NAME) values (272,'DE_AS_577');
insert into dyextn_database_properties (IDENTIFIER,NAME) values (273,'DE_AS_582');
insert into dyextn_database_properties (IDENTIFIER,NAME) values (274,'DE_AS_587');
insert into dyextn_database_properties (IDENTIFIER,NAME) values (275,'DE_AS_592');
insert into dyextn_database_properties (IDENTIFIER,NAME) values (276,'DE_E_332');
insert into dyextn_database_properties (IDENTIFIER,NAME) values (277,'IDENTIFIER');
insert into dyextn_database_properties (IDENTIFIER,NAME) values (278,'DE_AS_597');
insert into dyextn_database_properties (IDENTIFIER,NAME) values (279,'DE_AS_662');
insert into dyextn_database_properties (IDENTIFIER,NAME) values (280,'DE_AS_707');
insert into dyextn_database_properties (IDENTIFIER,NAME) values (281,'DE_E_340');
insert into dyextn_database_properties (IDENTIFIER,NAME) values (282,'IDENTIFIER');
insert into dyextn_database_properties (IDENTIFIER,NAME) values (283,'DE_E_344');
insert into dyextn_database_properties (IDENTIFIER,NAME) values (284,'DE_AS_782');
insert into dyextn_database_properties (IDENTIFIER,NAME) values (285,'DE_AS_712');
insert into dyextn_database_properties (IDENTIFIER,NAME) values (286,'DE_AS_627');
insert into dyextn_database_properties (IDENTIFIER,NAME) values (287,'DE_AS_622');
insert into dyextn_database_properties (IDENTIFIER,NAME) values (288,'DE_AS_617');
insert into dyextn_database_properties (IDENTIFIER,NAME) values (289,'DE_AT_350');
insert into dyextn_database_properties (IDENTIFIER,NAME) values (290,'DE_AT_349');
insert into dyextn_database_properties (IDENTIFIER,NAME) values (291,'DE_AT_348');
insert into dyextn_database_properties (IDENTIFIER,NAME) values (292,'IDENTIFIER');
insert into dyextn_database_properties (IDENTIFIER,NAME) values (293,'DE_E_388');
insert into dyextn_database_properties (IDENTIFIER,NAME) values (294,'IDENTIFIER');

/*Data for the table dyextn_date_concept_value */

insert into dyextn_date_concept_value (IDENTIFIER,VALUE) values (34,NULL);
insert into dyextn_date_concept_value (IDENTIFIER,VALUE) values (35,NULL);
insert into dyextn_date_concept_value (IDENTIFIER,VALUE) values (45,NULL);
insert into dyextn_date_concept_value (IDENTIFIER,VALUE) values (46,NULL);
insert into dyextn_date_concept_value (IDENTIFIER,VALUE) values (61,NULL);
insert into dyextn_date_concept_value (IDENTIFIER,VALUE) values (62,NULL);
insert into dyextn_date_concept_value (IDENTIFIER,VALUE) values (66,NULL);
insert into dyextn_date_concept_value (IDENTIFIER,VALUE) values (70,NULL);
insert into dyextn_date_concept_value (IDENTIFIER,VALUE) values (71,NULL);
insert into dyextn_date_concept_value (IDENTIFIER,VALUE) values (72,NULL);
insert into dyextn_date_concept_value (IDENTIFIER,VALUE) values (73,NULL);
insert into dyextn_date_concept_value (IDENTIFIER,VALUE) values (81,NULL);
insert into dyextn_date_concept_value (IDENTIFIER,VALUE) values (86,NULL);
insert into dyextn_date_concept_value (IDENTIFIER,VALUE) values (87,NULL);

/*Data for the table dyextn_date_type_info */

insert into dyextn_date_type_info (IDENTIFIER,FORMAT) values (27,'MM-dd-yyyy');
insert into dyextn_date_type_info (IDENTIFIER,FORMAT) values (28,'MM-dd-yyyy');
insert into dyextn_date_type_info (IDENTIFIER,FORMAT) values (32,'MM-dd-yyyy');
insert into dyextn_date_type_info (IDENTIFIER,FORMAT) values (33,'MM-dd-yyyy');
insert into dyextn_date_type_info (IDENTIFIER,FORMAT) values (75,'MM-dd-yyyy');
insert into dyextn_date_type_info (IDENTIFIER,FORMAT) values (76,'MM-dd-yyyy');
insert into dyextn_date_type_info (IDENTIFIER,FORMAT) values (85,'MM-dd-yyyy');
insert into dyextn_date_type_info (IDENTIFIER,FORMAT) values (93,'MM-dd-yyyy');
insert into dyextn_date_type_info (IDENTIFIER,FORMAT) values (94,'MM-dd-yyyy');
insert into dyextn_date_type_info (IDENTIFIER,FORMAT) values (96,'MM-dd-yyyy');
insert into dyextn_date_type_info (IDENTIFIER,FORMAT) values (97,'MM-dd-yyyy');
insert into dyextn_date_type_info (IDENTIFIER,FORMAT) values (122,'MM-dd-yyyy');
insert into dyextn_date_type_info (IDENTIFIER,FORMAT) values (131,'MM-dd-yyyy');
insert into dyextn_date_type_info (IDENTIFIER,FORMAT) values (132,'MM-dd-yyyy');

/*Data for the table dyextn_datepicker */

insert into dyextn_datepicker (IDENTIFIER,DATE_VALUE_TYPE) values (21,'MM-dd-yyyy');
insert into dyextn_datepicker (IDENTIFIER,DATE_VALUE_TYPE) values (22,'MM-dd-yyyy');
insert into dyextn_datepicker (IDENTIFIER,DATE_VALUE_TYPE) values (26,'MM-dd-yyyy');
insert into dyextn_datepicker (IDENTIFIER,DATE_VALUE_TYPE) values (27,'MM-dd-yyyy');
insert into dyextn_datepicker (IDENTIFIER,DATE_VALUE_TYPE) values (60,NULL);
insert into dyextn_datepicker (IDENTIFIER,DATE_VALUE_TYPE) values (73,NULL);
insert into dyextn_datepicker (IDENTIFIER,DATE_VALUE_TYPE) values (74,NULL);
insert into dyextn_datepicker (IDENTIFIER,DATE_VALUE_TYPE) values (95,NULL);
insert into dyextn_datepicker (IDENTIFIER,DATE_VALUE_TYPE) values (96,NULL);
insert into dyextn_datepicker (IDENTIFIER,DATE_VALUE_TYPE) values (121,NULL);
insert into dyextn_datepicker (IDENTIFIER,DATE_VALUE_TYPE) values (122,NULL);
insert into dyextn_datepicker (IDENTIFIER,DATE_VALUE_TYPE) values (137,NULL);
insert into dyextn_datepicker (IDENTIFIER,DATE_VALUE_TYPE) values (157,NULL);
insert into dyextn_datepicker (IDENTIFIER,DATE_VALUE_TYPE) values (158,NULL);

/*Data for the table dyextn_double_concept_value */

/*Data for the table dyextn_double_type_info */

insert into dyextn_double_type_info (IDENTIFIER) values (51);
insert into dyextn_double_type_info (IDENTIFIER) values (52);
insert into dyextn_double_type_info (IDENTIFIER) values (69);
insert into dyextn_double_type_info (IDENTIFIER) values (84);
insert into dyextn_double_type_info (IDENTIFIER) values (95);
insert into dyextn_double_type_info (IDENTIFIER) values (103);
insert into dyextn_double_type_info (IDENTIFIER) values (117);
insert into dyextn_double_type_info (IDENTIFIER) values (118);
insert into dyextn_double_type_info (IDENTIFIER) values (133);

/*Data for the table dyextn_entity */

insert into dyextn_entity (IDENTIFIER,DATA_TABLE_STATE,ENTITY_GROUP_ID,IS_ABSTRACT,PARENT_ENTITY_ID,INHERITANCE_STRATEGY,DISCRIMINATOR_COLUMN_NAME,DISCRIMINATOR_VALUE) values (2,2,1,0,NULL,3,NULL,NULL);
insert into dyextn_entity (IDENTIFIER,DATA_TABLE_STATE,ENTITY_GROUP_ID,IS_ABSTRACT,PARENT_ENTITY_ID,INHERITANCE_STRATEGY,DISCRIMINATOR_COLUMN_NAME,DISCRIMINATOR_VALUE) values (4,2,1,0,84,3,NULL,NULL);
insert into dyextn_entity (IDENTIFIER,DATA_TABLE_STATE,ENTITY_GROUP_ID,IS_ABSTRACT,PARENT_ENTITY_ID,INHERITANCE_STRATEGY,DISCRIMINATOR_COLUMN_NAME,DISCRIMINATOR_VALUE) values (6,2,1,0,NULL,3,NULL,NULL);
insert into dyextn_entity (IDENTIFIER,DATA_TABLE_STATE,ENTITY_GROUP_ID,IS_ABSTRACT,PARENT_ENTITY_ID,INHERITANCE_STRATEGY,DISCRIMINATOR_COLUMN_NAME,DISCRIMINATOR_VALUE) values (8,2,1,0,84,3,NULL,NULL);
insert into dyextn_entity (IDENTIFIER,DATA_TABLE_STATE,ENTITY_GROUP_ID,IS_ABSTRACT,PARENT_ENTITY_ID,INHERITANCE_STRATEGY,DISCRIMINATOR_COLUMN_NAME,DISCRIMINATOR_VALUE) values (10,2,1,0,84,3,NULL,NULL);
insert into dyextn_entity (IDENTIFIER,DATA_TABLE_STATE,ENTITY_GROUP_ID,IS_ABSTRACT,PARENT_ENTITY_ID,INHERITANCE_STRATEGY,DISCRIMINATOR_COLUMN_NAME,DISCRIMINATOR_VALUE) values (12,2,1,0,84,3,NULL,NULL);
insert into dyextn_entity (IDENTIFIER,DATA_TABLE_STATE,ENTITY_GROUP_ID,IS_ABSTRACT,PARENT_ENTITY_ID,INHERITANCE_STRATEGY,DISCRIMINATOR_COLUMN_NAME,DISCRIMINATOR_VALUE) values (14,2,1,0,NULL,3,NULL,NULL);
insert into dyextn_entity (IDENTIFIER,DATA_TABLE_STATE,ENTITY_GROUP_ID,IS_ABSTRACT,PARENT_ENTITY_ID,INHERITANCE_STRATEGY,DISCRIMINATOR_COLUMN_NAME,DISCRIMINATOR_VALUE) values (17,2,1,0,84,3,NULL,NULL);
insert into dyextn_entity (IDENTIFIER,DATA_TABLE_STATE,ENTITY_GROUP_ID,IS_ABSTRACT,PARENT_ENTITY_ID,INHERITANCE_STRATEGY,DISCRIMINATOR_COLUMN_NAME,DISCRIMINATOR_VALUE) values (25,2,1,0,84,3,NULL,NULL);
insert into dyextn_entity (IDENTIFIER,DATA_TABLE_STATE,ENTITY_GROUP_ID,IS_ABSTRACT,PARENT_ENTITY_ID,INHERITANCE_STRATEGY,DISCRIMINATOR_COLUMN_NAME,DISCRIMINATOR_VALUE) values (27,2,1,0,NULL,3,NULL,NULL);
insert into dyextn_entity (IDENTIFIER,DATA_TABLE_STATE,ENTITY_GROUP_ID,IS_ABSTRACT,PARENT_ENTITY_ID,INHERITANCE_STRATEGY,DISCRIMINATOR_COLUMN_NAME,DISCRIMINATOR_VALUE) values (36,2,1,0,NULL,3,NULL,NULL);
insert into dyextn_entity (IDENTIFIER,DATA_TABLE_STATE,ENTITY_GROUP_ID,IS_ABSTRACT,PARENT_ENTITY_ID,INHERITANCE_STRATEGY,DISCRIMINATOR_COLUMN_NAME,DISCRIMINATOR_VALUE) values (37,2,1,0,NULL,3,NULL,NULL);
insert into dyextn_entity (IDENTIFIER,DATA_TABLE_STATE,ENTITY_GROUP_ID,IS_ABSTRACT,PARENT_ENTITY_ID,INHERITANCE_STRATEGY,DISCRIMINATOR_COLUMN_NAME,DISCRIMINATOR_VALUE) values (39,2,1,0,84,3,NULL,NULL);
insert into dyextn_entity (IDENTIFIER,DATA_TABLE_STATE,ENTITY_GROUP_ID,IS_ABSTRACT,PARENT_ENTITY_ID,INHERITANCE_STRATEGY,DISCRIMINATOR_COLUMN_NAME,DISCRIMINATOR_VALUE) values (42,2,1,0,84,3,NULL,NULL);
insert into dyextn_entity (IDENTIFIER,DATA_TABLE_STATE,ENTITY_GROUP_ID,IS_ABSTRACT,PARENT_ENTITY_ID,INHERITANCE_STRATEGY,DISCRIMINATOR_COLUMN_NAME,DISCRIMINATOR_VALUE) values (45,2,1,0,84,3,NULL,NULL);
insert into dyextn_entity (IDENTIFIER,DATA_TABLE_STATE,ENTITY_GROUP_ID,IS_ABSTRACT,PARENT_ENTITY_ID,INHERITANCE_STRATEGY,DISCRIMINATOR_COLUMN_NAME,DISCRIMINATOR_VALUE) values (48,2,1,0,84,3,NULL,NULL);
insert into dyextn_entity (IDENTIFIER,DATA_TABLE_STATE,ENTITY_GROUP_ID,IS_ABSTRACT,PARENT_ENTITY_ID,INHERITANCE_STRATEGY,DISCRIMINATOR_COLUMN_NAME,DISCRIMINATOR_VALUE) values (61,2,1,0,NULL,3,NULL,NULL);
insert into dyextn_entity (IDENTIFIER,DATA_TABLE_STATE,ENTITY_GROUP_ID,IS_ABSTRACT,PARENT_ENTITY_ID,INHERITANCE_STRATEGY,DISCRIMINATOR_COLUMN_NAME,DISCRIMINATOR_VALUE) values (67,2,1,0,NULL,3,NULL,NULL);
insert into dyextn_entity (IDENTIFIER,DATA_TABLE_STATE,ENTITY_GROUP_ID,IS_ABSTRACT,PARENT_ENTITY_ID,INHERITANCE_STRATEGY,DISCRIMINATOR_COLUMN_NAME,DISCRIMINATOR_VALUE) values (76,2,1,0,NULL,3,NULL,NULL);
insert into dyextn_entity (IDENTIFIER,DATA_TABLE_STATE,ENTITY_GROUP_ID,IS_ABSTRACT,PARENT_ENTITY_ID,INHERITANCE_STRATEGY,DISCRIMINATOR_COLUMN_NAME,DISCRIMINATOR_VALUE) values (78,2,1,0,NULL,3,NULL,NULL);
insert into dyextn_entity (IDENTIFIER,DATA_TABLE_STATE,ENTITY_GROUP_ID,IS_ABSTRACT,PARENT_ENTITY_ID,INHERITANCE_STRATEGY,DISCRIMINATOR_COLUMN_NAME,DISCRIMINATOR_VALUE) values (83,2,1,0,NULL,3,NULL,NULL);
insert into dyextn_entity (IDENTIFIER,DATA_TABLE_STATE,ENTITY_GROUP_ID,IS_ABSTRACT,PARENT_ENTITY_ID,INHERITANCE_STRATEGY,DISCRIMINATOR_COLUMN_NAME,DISCRIMINATOR_VALUE) values (84,2,1,0,NULL,3,NULL,NULL);
insert into dyextn_entity (IDENTIFIER,DATA_TABLE_STATE,ENTITY_GROUP_ID,IS_ABSTRACT,PARENT_ENTITY_ID,INHERITANCE_STRATEGY,DISCRIMINATOR_COLUMN_NAME,DISCRIMINATOR_VALUE) values (93,2,1,0,84,3,NULL,NULL);
insert into dyextn_entity (IDENTIFIER,DATA_TABLE_STATE,ENTITY_GROUP_ID,IS_ABSTRACT,PARENT_ENTITY_ID,INHERITANCE_STRATEGY,DISCRIMINATOR_COLUMN_NAME,DISCRIMINATOR_VALUE) values (95,2,1,0,NULL,3,NULL,NULL);
insert into dyextn_entity (IDENTIFIER,DATA_TABLE_STATE,ENTITY_GROUP_ID,IS_ABSTRACT,PARENT_ENTITY_ID,INHERITANCE_STRATEGY,DISCRIMINATOR_COLUMN_NAME,DISCRIMINATOR_VALUE) values (100,2,1,0,84,3,NULL,NULL);
insert into dyextn_entity (IDENTIFIER,DATA_TABLE_STATE,ENTITY_GROUP_ID,IS_ABSTRACT,PARENT_ENTITY_ID,INHERITANCE_STRATEGY,DISCRIMINATOR_COLUMN_NAME,DISCRIMINATOR_VALUE) values (102,2,1,0,84,3,NULL,NULL);
insert into dyextn_entity (IDENTIFIER,DATA_TABLE_STATE,ENTITY_GROUP_ID,IS_ABSTRACT,PARENT_ENTITY_ID,INHERITANCE_STRATEGY,DISCRIMINATOR_COLUMN_NAME,DISCRIMINATOR_VALUE) values (104,2,1,0,84,3,NULL,NULL);
insert into dyextn_entity (IDENTIFIER,DATA_TABLE_STATE,ENTITY_GROUP_ID,IS_ABSTRACT,PARENT_ENTITY_ID,INHERITANCE_STRATEGY,DISCRIMINATOR_COLUMN_NAME,DISCRIMINATOR_VALUE) values (106,2,1,0,84,3,NULL,NULL);
insert into dyextn_entity (IDENTIFIER,DATA_TABLE_STATE,ENTITY_GROUP_ID,IS_ABSTRACT,PARENT_ENTITY_ID,INHERITANCE_STRATEGY,DISCRIMINATOR_COLUMN_NAME,DISCRIMINATOR_VALUE) values (108,2,1,0,84,3,NULL,NULL);
insert into dyextn_entity (IDENTIFIER,DATA_TABLE_STATE,ENTITY_GROUP_ID,IS_ABSTRACT,PARENT_ENTITY_ID,INHERITANCE_STRATEGY,DISCRIMINATOR_COLUMN_NAME,DISCRIMINATOR_VALUE) values (110,2,1,0,84,3,NULL,NULL);
insert into dyextn_entity (IDENTIFIER,DATA_TABLE_STATE,ENTITY_GROUP_ID,IS_ABSTRACT,PARENT_ENTITY_ID,INHERITANCE_STRATEGY,DISCRIMINATOR_COLUMN_NAME,DISCRIMINATOR_VALUE) values (112,2,1,0,NULL,3,NULL,NULL);
insert into dyextn_entity (IDENTIFIER,DATA_TABLE_STATE,ENTITY_GROUP_ID,IS_ABSTRACT,PARENT_ENTITY_ID,INHERITANCE_STRATEGY,DISCRIMINATOR_COLUMN_NAME,DISCRIMINATOR_VALUE) values (125,2,1,0,NULL,3,NULL,NULL);
insert into dyextn_entity (IDENTIFIER,DATA_TABLE_STATE,ENTITY_GROUP_ID,IS_ABSTRACT,PARENT_ENTITY_ID,INHERITANCE_STRATEGY,DISCRIMINATOR_COLUMN_NAME,DISCRIMINATOR_VALUE) values (126,2,1,0,NULL,3,NULL,NULL);
insert into dyextn_entity (IDENTIFIER,DATA_TABLE_STATE,ENTITY_GROUP_ID,IS_ABSTRACT,PARENT_ENTITY_ID,INHERITANCE_STRATEGY,DISCRIMINATOR_COLUMN_NAME,DISCRIMINATOR_VALUE) values (134,2,1,0,84,3,NULL,NULL);
insert into dyextn_entity (IDENTIFIER,DATA_TABLE_STATE,ENTITY_GROUP_ID,IS_ABSTRACT,PARENT_ENTITY_ID,INHERITANCE_STRATEGY,DISCRIMINATOR_COLUMN_NAME,DISCRIMINATOR_VALUE) values (138,2,1,0,NULL,3,NULL,NULL);
insert into dyextn_entity (IDENTIFIER,DATA_TABLE_STATE,ENTITY_GROUP_ID,IS_ABSTRACT,PARENT_ENTITY_ID,INHERITANCE_STRATEGY,DISCRIMINATOR_COLUMN_NAME,DISCRIMINATOR_VALUE) values (148,2,1,0,84,3,NULL,NULL);
insert into dyextn_entity (IDENTIFIER,DATA_TABLE_STATE,ENTITY_GROUP_ID,IS_ABSTRACT,PARENT_ENTITY_ID,INHERITANCE_STRATEGY,DISCRIMINATOR_COLUMN_NAME,DISCRIMINATOR_VALUE) values (152,2,1,0,NULL,3,NULL,NULL);
insert into dyextn_entity (IDENTIFIER,DATA_TABLE_STATE,ENTITY_GROUP_ID,IS_ABSTRACT,PARENT_ENTITY_ID,INHERITANCE_STRATEGY,DISCRIMINATOR_COLUMN_NAME,DISCRIMINATOR_VALUE) values (157,2,1,0,NULL,3,NULL,NULL);
insert into dyextn_entity (IDENTIFIER,DATA_TABLE_STATE,ENTITY_GROUP_ID,IS_ABSTRACT,PARENT_ENTITY_ID,INHERITANCE_STRATEGY,DISCRIMINATOR_COLUMN_NAME,DISCRIMINATOR_VALUE) values (160,2,1,0,84,3,NULL,NULL);
insert into dyextn_entity (IDENTIFIER,DATA_TABLE_STATE,ENTITY_GROUP_ID,IS_ABSTRACT,PARENT_ENTITY_ID,INHERITANCE_STRATEGY,DISCRIMINATOR_COLUMN_NAME,DISCRIMINATOR_VALUE) values (169,2,1,0,84,3,NULL,NULL);
insert into dyextn_entity (IDENTIFIER,DATA_TABLE_STATE,ENTITY_GROUP_ID,IS_ABSTRACT,PARENT_ENTITY_ID,INHERITANCE_STRATEGY,DISCRIMINATOR_COLUMN_NAME,DISCRIMINATOR_VALUE) values (172,2,1,0,84,3,NULL,NULL);
insert into dyextn_entity (IDENTIFIER,DATA_TABLE_STATE,ENTITY_GROUP_ID,IS_ABSTRACT,PARENT_ENTITY_ID,INHERITANCE_STRATEGY,DISCRIMINATOR_COLUMN_NAME,DISCRIMINATOR_VALUE) values (175,2,1,0,84,3,NULL,NULL);
insert into dyextn_entity (IDENTIFIER,DATA_TABLE_STATE,ENTITY_GROUP_ID,IS_ABSTRACT,PARENT_ENTITY_ID,INHERITANCE_STRATEGY,DISCRIMINATOR_COLUMN_NAME,DISCRIMINATOR_VALUE) values (199,2,1,0,84,3,NULL,NULL);
insert into dyextn_entity (IDENTIFIER,DATA_TABLE_STATE,ENTITY_GROUP_ID,IS_ABSTRACT,PARENT_ENTITY_ID,INHERITANCE_STRATEGY,DISCRIMINATOR_COLUMN_NAME,DISCRIMINATOR_VALUE) values (202,2,1,0,84,3,NULL,NULL);
insert into dyextn_entity (IDENTIFIER,DATA_TABLE_STATE,ENTITY_GROUP_ID,IS_ABSTRACT,PARENT_ENTITY_ID,INHERITANCE_STRATEGY,DISCRIMINATOR_COLUMN_NAME,DISCRIMINATOR_VALUE) values (205,2,1,0,NULL,3,NULL,NULL);
insert into dyextn_entity (IDENTIFIER,DATA_TABLE_STATE,ENTITY_GROUP_ID,IS_ABSTRACT,PARENT_ENTITY_ID,INHERITANCE_STRATEGY,DISCRIMINATOR_COLUMN_NAME,DISCRIMINATOR_VALUE) values (206,2,1,0,84,3,NULL,NULL);
insert into dyextn_entity (IDENTIFIER,DATA_TABLE_STATE,ENTITY_GROUP_ID,IS_ABSTRACT,PARENT_ENTITY_ID,INHERITANCE_STRATEGY,DISCRIMINATOR_COLUMN_NAME,DISCRIMINATOR_VALUE) values (209,2,1,0,84,3,NULL,NULL);
insert into dyextn_entity (IDENTIFIER,DATA_TABLE_STATE,ENTITY_GROUP_ID,IS_ABSTRACT,PARENT_ENTITY_ID,INHERITANCE_STRATEGY,DISCRIMINATOR_COLUMN_NAME,DISCRIMINATOR_VALUE) values (218,2,1,0,84,3,NULL,NULL);
insert into dyextn_entity (IDENTIFIER,DATA_TABLE_STATE,ENTITY_GROUP_ID,IS_ABSTRACT,PARENT_ENTITY_ID,INHERITANCE_STRATEGY,DISCRIMINATOR_COLUMN_NAME,DISCRIMINATOR_VALUE) values (223,2,1,0,NULL,3,NULL,NULL);
insert into dyextn_entity (IDENTIFIER,DATA_TABLE_STATE,ENTITY_GROUP_ID,IS_ABSTRACT,PARENT_ENTITY_ID,INHERITANCE_STRATEGY,DISCRIMINATOR_COLUMN_NAME,DISCRIMINATOR_VALUE) values (232,2,1,0,108,3,NULL,NULL);
insert into dyextn_entity (IDENTIFIER,DATA_TABLE_STATE,ENTITY_GROUP_ID,IS_ABSTRACT,PARENT_ENTITY_ID,INHERITANCE_STRATEGY,DISCRIMINATOR_COLUMN_NAME,DISCRIMINATOR_VALUE) values (234,2,1,0,84,3,NULL,NULL);
insert into dyextn_entity (IDENTIFIER,DATA_TABLE_STATE,ENTITY_GROUP_ID,IS_ABSTRACT,PARENT_ENTITY_ID,INHERITANCE_STRATEGY,DISCRIMINATOR_COLUMN_NAME,DISCRIMINATOR_VALUE) values (236,2,1,0,84,3,NULL,NULL);
insert into dyextn_entity (IDENTIFIER,DATA_TABLE_STATE,ENTITY_GROUP_ID,IS_ABSTRACT,PARENT_ENTITY_ID,INHERITANCE_STRATEGY,DISCRIMINATOR_COLUMN_NAME,DISCRIMINATOR_VALUE) values (239,2,1,0,NULL,3,NULL,NULL);
insert into dyextn_entity (IDENTIFIER,DATA_TABLE_STATE,ENTITY_GROUP_ID,IS_ABSTRACT,PARENT_ENTITY_ID,INHERITANCE_STRATEGY,DISCRIMINATOR_COLUMN_NAME,DISCRIMINATOR_VALUE) values (241,2,1,0,NULL,3,NULL,NULL);
insert into dyextn_entity (IDENTIFIER,DATA_TABLE_STATE,ENTITY_GROUP_ID,IS_ABSTRACT,PARENT_ENTITY_ID,INHERITANCE_STRATEGY,DISCRIMINATOR_COLUMN_NAME,DISCRIMINATOR_VALUE) values (242,2,1,0,NULL,3,NULL,NULL);
insert into dyextn_entity (IDENTIFIER,DATA_TABLE_STATE,ENTITY_GROUP_ID,IS_ABSTRACT,PARENT_ENTITY_ID,INHERITANCE_STRATEGY,DISCRIMINATOR_COLUMN_NAME,DISCRIMINATOR_VALUE) values (259,2,1,0,108,3,NULL,NULL);
insert into dyextn_entity (IDENTIFIER,DATA_TABLE_STATE,ENTITY_GROUP_ID,IS_ABSTRACT,PARENT_ENTITY_ID,INHERITANCE_STRATEGY,DISCRIMINATOR_COLUMN_NAME,DISCRIMINATOR_VALUE) values (261,2,1,0,NULL,3,NULL,NULL);
insert into dyextn_entity (IDENTIFIER,DATA_TABLE_STATE,ENTITY_GROUP_ID,IS_ABSTRACT,PARENT_ENTITY_ID,INHERITANCE_STRATEGY,DISCRIMINATOR_COLUMN_NAME,DISCRIMINATOR_VALUE) values (265,2,1,0,NULL,3,NULL,NULL);
insert into dyextn_entity (IDENTIFIER,DATA_TABLE_STATE,ENTITY_GROUP_ID,IS_ABSTRACT,PARENT_ENTITY_ID,INHERITANCE_STRATEGY,DISCRIMINATOR_COLUMN_NAME,DISCRIMINATOR_VALUE) values (277,2,1,0,84,3,NULL,NULL);
insert into dyextn_entity (IDENTIFIER,DATA_TABLE_STATE,ENTITY_GROUP_ID,IS_ABSTRACT,PARENT_ENTITY_ID,INHERITANCE_STRATEGY,DISCRIMINATOR_COLUMN_NAME,DISCRIMINATOR_VALUE) values (282,2,1,0,84,3,NULL,NULL);
insert into dyextn_entity (IDENTIFIER,DATA_TABLE_STATE,ENTITY_GROUP_ID,IS_ABSTRACT,PARENT_ENTITY_ID,INHERITANCE_STRATEGY,DISCRIMINATOR_COLUMN_NAME,DISCRIMINATOR_VALUE) values (284,2,1,0,NULL,3,NULL,NULL);
insert into dyextn_entity (IDENTIFIER,DATA_TABLE_STATE,ENTITY_GROUP_ID,IS_ABSTRACT,PARENT_ENTITY_ID,INHERITANCE_STRATEGY,DISCRIMINATOR_COLUMN_NAME,DISCRIMINATOR_VALUE) values (294,2,1,0,NULL,3,NULL,NULL);

/*Data for the table dyextn_entity_group */

insert into dyextn_entity_group (IDENTIFIER,LONG_NAME,SHORT_NAME,VERSION,IS_SYSTEM_GENERATED) values (1,'cider','cider',NULL,0);

/*Data for the table dyextn_entity_map */

/*Data for the table dyextn_entity_map_condns */

/*Data for the table dyextn_entity_map_record */

/*Data for the table dyextn_file_extensions */

/*Data for the table dyextn_file_type_info */

/*Data for the table dyextn_file_upload */

/*Data for the table dyextn_float_concept_value */

/*Data for the table dyextn_float_type_info */

/*Data for the table dyextn_form_context */

/*Data for the table dyextn_id_generator */

insert into dyextn_id_generator (id,next_available_id) values (1,848);

/*Data for the table dyextn_integer_concept_value */

/*Data for the table dyextn_integer_type_info */

/*Data for the table dyextn_list_box */

/*Data for the table dyextn_long_concept_value */

/*Data for the table dyextn_long_type_info */

insert into dyextn_long_type_info (IDENTIFIER) values (1);
insert into dyextn_long_type_info (IDENTIFIER) values (2);
insert into dyextn_long_type_info (IDENTIFIER) values (3);
insert into dyextn_long_type_info (IDENTIFIER) values (4);
insert into dyextn_long_type_info (IDENTIFIER) values (5);
insert into dyextn_long_type_info (IDENTIFIER) values (6);
insert into dyextn_long_type_info (IDENTIFIER) values (7);
insert into dyextn_long_type_info (IDENTIFIER) values (12);
insert into dyextn_long_type_info (IDENTIFIER) values (13);
insert into dyextn_long_type_info (IDENTIFIER) values (21);
insert into dyextn_long_type_info (IDENTIFIER) values (22);
insert into dyextn_long_type_info (IDENTIFIER) values (23);
insert into dyextn_long_type_info (IDENTIFIER) values (24);
insert into dyextn_long_type_info (IDENTIFIER) values (25);
insert into dyextn_long_type_info (IDENTIFIER) values (26);
insert into dyextn_long_type_info (IDENTIFIER) values (34);
insert into dyextn_long_type_info (IDENTIFIER) values (37);
insert into dyextn_long_type_info (IDENTIFIER) values (39);
insert into dyextn_long_type_info (IDENTIFIER) values (40);
insert into dyextn_long_type_info (IDENTIFIER) values (44);
insert into dyextn_long_type_info (IDENTIFIER) values (47);
insert into dyextn_long_type_info (IDENTIFIER) values (49);
insert into dyextn_long_type_info (IDENTIFIER) values (50);
insert into dyextn_long_type_info (IDENTIFIER) values (54);
insert into dyextn_long_type_info (IDENTIFIER) values (55);
insert into dyextn_long_type_info (IDENTIFIER) values (56);
insert into dyextn_long_type_info (IDENTIFIER) values (57);
insert into dyextn_long_type_info (IDENTIFIER) values (58);
insert into dyextn_long_type_info (IDENTIFIER) values (59);
insert into dyextn_long_type_info (IDENTIFIER) values (60);
insert into dyextn_long_type_info (IDENTIFIER) values (70);
insert into dyextn_long_type_info (IDENTIFIER) values (72);
insert into dyextn_long_type_info (IDENTIFIER) values (79);
insert into dyextn_long_type_info (IDENTIFIER) values (80);
insert into dyextn_long_type_info (IDENTIFIER) values (82);
insert into dyextn_long_type_info (IDENTIFIER) values (83);
insert into dyextn_long_type_info (IDENTIFIER) values (86);
insert into dyextn_long_type_info (IDENTIFIER) values (87);
insert into dyextn_long_type_info (IDENTIFIER) values (88);
insert into dyextn_long_type_info (IDENTIFIER) values (89);
insert into dyextn_long_type_info (IDENTIFIER) values (98);
insert into dyextn_long_type_info (IDENTIFIER) values (99);
insert into dyextn_long_type_info (IDENTIFIER) values (100);
insert into dyextn_long_type_info (IDENTIFIER) values (101);
insert into dyextn_long_type_info (IDENTIFIER) values (102);
insert into dyextn_long_type_info (IDENTIFIER) values (105);
insert into dyextn_long_type_info (IDENTIFIER) values (106);
insert into dyextn_long_type_info (IDENTIFIER) values (109);
insert into dyextn_long_type_info (IDENTIFIER) values (111);
insert into dyextn_long_type_info (IDENTIFIER) values (112);
insert into dyextn_long_type_info (IDENTIFIER) values (113);
insert into dyextn_long_type_info (IDENTIFIER) values (115);
insert into dyextn_long_type_info (IDENTIFIER) values (120);
insert into dyextn_long_type_info (IDENTIFIER) values (121);
insert into dyextn_long_type_info (IDENTIFIER) values (125);
insert into dyextn_long_type_info (IDENTIFIER) values (126);
insert into dyextn_long_type_info (IDENTIFIER) values (129);
insert into dyextn_long_type_info (IDENTIFIER) values (130);
insert into dyextn_long_type_info (IDENTIFIER) values (136);
insert into dyextn_long_type_info (IDENTIFIER) values (137);
insert into dyextn_long_type_info (IDENTIFIER) values (141);
insert into dyextn_long_type_info (IDENTIFIER) values (142);

/*Data for the table dyextn_numeric_type_info */

insert into dyextn_numeric_type_info (IDENTIFIER,MEASUREMENT_UNITS,DECIMAL_PLACES,NO_DIGITS) values (1,NULL,0,NULL);
insert into dyextn_numeric_type_info (IDENTIFIER,MEASUREMENT_UNITS,DECIMAL_PLACES,NO_DIGITS) values (2,NULL,0,NULL);
insert into dyextn_numeric_type_info (IDENTIFIER,MEASUREMENT_UNITS,DECIMAL_PLACES,NO_DIGITS) values (3,NULL,0,NULL);
insert into dyextn_numeric_type_info (IDENTIFIER,MEASUREMENT_UNITS,DECIMAL_PLACES,NO_DIGITS) values (4,NULL,0,NULL);
insert into dyextn_numeric_type_info (IDENTIFIER,MEASUREMENT_UNITS,DECIMAL_PLACES,NO_DIGITS) values (5,NULL,0,NULL);
insert into dyextn_numeric_type_info (IDENTIFIER,MEASUREMENT_UNITS,DECIMAL_PLACES,NO_DIGITS) values (6,NULL,0,NULL);
insert into dyextn_numeric_type_info (IDENTIFIER,MEASUREMENT_UNITS,DECIMAL_PLACES,NO_DIGITS) values (7,NULL,0,NULL);
insert into dyextn_numeric_type_info (IDENTIFIER,MEASUREMENT_UNITS,DECIMAL_PLACES,NO_DIGITS) values (12,NULL,0,NULL);
insert into dyextn_numeric_type_info (IDENTIFIER,MEASUREMENT_UNITS,DECIMAL_PLACES,NO_DIGITS) values (13,NULL,0,NULL);
insert into dyextn_numeric_type_info (IDENTIFIER,MEASUREMENT_UNITS,DECIMAL_PLACES,NO_DIGITS) values (21,NULL,0,NULL);
insert into dyextn_numeric_type_info (IDENTIFIER,MEASUREMENT_UNITS,DECIMAL_PLACES,NO_DIGITS) values (22,NULL,0,NULL);
insert into dyextn_numeric_type_info (IDENTIFIER,MEASUREMENT_UNITS,DECIMAL_PLACES,NO_DIGITS) values (23,NULL,0,NULL);
insert into dyextn_numeric_type_info (IDENTIFIER,MEASUREMENT_UNITS,DECIMAL_PLACES,NO_DIGITS) values (24,NULL,0,NULL);
insert into dyextn_numeric_type_info (IDENTIFIER,MEASUREMENT_UNITS,DECIMAL_PLACES,NO_DIGITS) values (25,NULL,0,NULL);
insert into dyextn_numeric_type_info (IDENTIFIER,MEASUREMENT_UNITS,DECIMAL_PLACES,NO_DIGITS) values (26,NULL,0,NULL);
insert into dyextn_numeric_type_info (IDENTIFIER,MEASUREMENT_UNITS,DECIMAL_PLACES,NO_DIGITS) values (34,NULL,0,NULL);
insert into dyextn_numeric_type_info (IDENTIFIER,MEASUREMENT_UNITS,DECIMAL_PLACES,NO_DIGITS) values (37,NULL,0,NULL);
insert into dyextn_numeric_type_info (IDENTIFIER,MEASUREMENT_UNITS,DECIMAL_PLACES,NO_DIGITS) values (39,NULL,0,NULL);
insert into dyextn_numeric_type_info (IDENTIFIER,MEASUREMENT_UNITS,DECIMAL_PLACES,NO_DIGITS) values (40,NULL,0,NULL);
insert into dyextn_numeric_type_info (IDENTIFIER,MEASUREMENT_UNITS,DECIMAL_PLACES,NO_DIGITS) values (44,NULL,0,NULL);
insert into dyextn_numeric_type_info (IDENTIFIER,MEASUREMENT_UNITS,DECIMAL_PLACES,NO_DIGITS) values (47,NULL,0,NULL);
insert into dyextn_numeric_type_info (IDENTIFIER,MEASUREMENT_UNITS,DECIMAL_PLACES,NO_DIGITS) values (49,NULL,0,NULL);
insert into dyextn_numeric_type_info (IDENTIFIER,MEASUREMENT_UNITS,DECIMAL_PLACES,NO_DIGITS) values (50,NULL,0,NULL);
insert into dyextn_numeric_type_info (IDENTIFIER,MEASUREMENT_UNITS,DECIMAL_PLACES,NO_DIGITS) values (51,NULL,15,NULL);
insert into dyextn_numeric_type_info (IDENTIFIER,MEASUREMENT_UNITS,DECIMAL_PLACES,NO_DIGITS) values (52,NULL,15,NULL);
insert into dyextn_numeric_type_info (IDENTIFIER,MEASUREMENT_UNITS,DECIMAL_PLACES,NO_DIGITS) values (54,NULL,0,NULL);
insert into dyextn_numeric_type_info (IDENTIFIER,MEASUREMENT_UNITS,DECIMAL_PLACES,NO_DIGITS) values (55,NULL,0,NULL);
insert into dyextn_numeric_type_info (IDENTIFIER,MEASUREMENT_UNITS,DECIMAL_PLACES,NO_DIGITS) values (56,NULL,0,NULL);
insert into dyextn_numeric_type_info (IDENTIFIER,MEASUREMENT_UNITS,DECIMAL_PLACES,NO_DIGITS) values (57,NULL,0,NULL);
insert into dyextn_numeric_type_info (IDENTIFIER,MEASUREMENT_UNITS,DECIMAL_PLACES,NO_DIGITS) values (58,NULL,0,NULL);
insert into dyextn_numeric_type_info (IDENTIFIER,MEASUREMENT_UNITS,DECIMAL_PLACES,NO_DIGITS) values (59,NULL,0,NULL);
insert into dyextn_numeric_type_info (IDENTIFIER,MEASUREMENT_UNITS,DECIMAL_PLACES,NO_DIGITS) values (60,NULL,0,NULL);
insert into dyextn_numeric_type_info (IDENTIFIER,MEASUREMENT_UNITS,DECIMAL_PLACES,NO_DIGITS) values (69,NULL,15,NULL);
insert into dyextn_numeric_type_info (IDENTIFIER,MEASUREMENT_UNITS,DECIMAL_PLACES,NO_DIGITS) values (70,NULL,0,NULL);
insert into dyextn_numeric_type_info (IDENTIFIER,MEASUREMENT_UNITS,DECIMAL_PLACES,NO_DIGITS) values (72,NULL,0,NULL);
insert into dyextn_numeric_type_info (IDENTIFIER,MEASUREMENT_UNITS,DECIMAL_PLACES,NO_DIGITS) values (79,NULL,0,NULL);
insert into dyextn_numeric_type_info (IDENTIFIER,MEASUREMENT_UNITS,DECIMAL_PLACES,NO_DIGITS) values (80,NULL,0,NULL);
insert into dyextn_numeric_type_info (IDENTIFIER,MEASUREMENT_UNITS,DECIMAL_PLACES,NO_DIGITS) values (82,NULL,0,NULL);
insert into dyextn_numeric_type_info (IDENTIFIER,MEASUREMENT_UNITS,DECIMAL_PLACES,NO_DIGITS) values (83,NULL,0,NULL);
insert into dyextn_numeric_type_info (IDENTIFIER,MEASUREMENT_UNITS,DECIMAL_PLACES,NO_DIGITS) values (84,NULL,15,NULL);
insert into dyextn_numeric_type_info (IDENTIFIER,MEASUREMENT_UNITS,DECIMAL_PLACES,NO_DIGITS) values (86,NULL,0,NULL);
insert into dyextn_numeric_type_info (IDENTIFIER,MEASUREMENT_UNITS,DECIMAL_PLACES,NO_DIGITS) values (87,NULL,0,NULL);
insert into dyextn_numeric_type_info (IDENTIFIER,MEASUREMENT_UNITS,DECIMAL_PLACES,NO_DIGITS) values (88,NULL,0,NULL);
insert into dyextn_numeric_type_info (IDENTIFIER,MEASUREMENT_UNITS,DECIMAL_PLACES,NO_DIGITS) values (89,NULL,0,NULL);
insert into dyextn_numeric_type_info (IDENTIFIER,MEASUREMENT_UNITS,DECIMAL_PLACES,NO_DIGITS) values (95,NULL,15,NULL);
insert into dyextn_numeric_type_info (IDENTIFIER,MEASUREMENT_UNITS,DECIMAL_PLACES,NO_DIGITS) values (98,NULL,0,NULL);
insert into dyextn_numeric_type_info (IDENTIFIER,MEASUREMENT_UNITS,DECIMAL_PLACES,NO_DIGITS) values (99,NULL,0,NULL);
insert into dyextn_numeric_type_info (IDENTIFIER,MEASUREMENT_UNITS,DECIMAL_PLACES,NO_DIGITS) values (100,NULL,0,NULL);
insert into dyextn_numeric_type_info (IDENTIFIER,MEASUREMENT_UNITS,DECIMAL_PLACES,NO_DIGITS) values (101,NULL,0,NULL);
insert into dyextn_numeric_type_info (IDENTIFIER,MEASUREMENT_UNITS,DECIMAL_PLACES,NO_DIGITS) values (102,NULL,0,NULL);
insert into dyextn_numeric_type_info (IDENTIFIER,MEASUREMENT_UNITS,DECIMAL_PLACES,NO_DIGITS) values (103,NULL,15,NULL);
insert into dyextn_numeric_type_info (IDENTIFIER,MEASUREMENT_UNITS,DECIMAL_PLACES,NO_DIGITS) values (105,NULL,0,NULL);
insert into dyextn_numeric_type_info (IDENTIFIER,MEASUREMENT_UNITS,DECIMAL_PLACES,NO_DIGITS) values (106,NULL,0,NULL);
insert into dyextn_numeric_type_info (IDENTIFIER,MEASUREMENT_UNITS,DECIMAL_PLACES,NO_DIGITS) values (109,NULL,0,NULL);
insert into dyextn_numeric_type_info (IDENTIFIER,MEASUREMENT_UNITS,DECIMAL_PLACES,NO_DIGITS) values (111,NULL,0,NULL);
insert into dyextn_numeric_type_info (IDENTIFIER,MEASUREMENT_UNITS,DECIMAL_PLACES,NO_DIGITS) values (112,NULL,0,NULL);
insert into dyextn_numeric_type_info (IDENTIFIER,MEASUREMENT_UNITS,DECIMAL_PLACES,NO_DIGITS) values (113,NULL,0,NULL);
insert into dyextn_numeric_type_info (IDENTIFIER,MEASUREMENT_UNITS,DECIMAL_PLACES,NO_DIGITS) values (115,NULL,0,NULL);
insert into dyextn_numeric_type_info (IDENTIFIER,MEASUREMENT_UNITS,DECIMAL_PLACES,NO_DIGITS) values (117,NULL,15,NULL);
insert into dyextn_numeric_type_info (IDENTIFIER,MEASUREMENT_UNITS,DECIMAL_PLACES,NO_DIGITS) values (118,NULL,15,NULL);
insert into dyextn_numeric_type_info (IDENTIFIER,MEASUREMENT_UNITS,DECIMAL_PLACES,NO_DIGITS) values (120,NULL,0,NULL);
insert into dyextn_numeric_type_info (IDENTIFIER,MEASUREMENT_UNITS,DECIMAL_PLACES,NO_DIGITS) values (121,NULL,0,NULL);
insert into dyextn_numeric_type_info (IDENTIFIER,MEASUREMENT_UNITS,DECIMAL_PLACES,NO_DIGITS) values (125,NULL,0,NULL);
insert into dyextn_numeric_type_info (IDENTIFIER,MEASUREMENT_UNITS,DECIMAL_PLACES,NO_DIGITS) values (126,NULL,0,NULL);
insert into dyextn_numeric_type_info (IDENTIFIER,MEASUREMENT_UNITS,DECIMAL_PLACES,NO_DIGITS) values (129,NULL,0,NULL);
insert into dyextn_numeric_type_info (IDENTIFIER,MEASUREMENT_UNITS,DECIMAL_PLACES,NO_DIGITS) values (130,NULL,0,NULL);
insert into dyextn_numeric_type_info (IDENTIFIER,MEASUREMENT_UNITS,DECIMAL_PLACES,NO_DIGITS) values (133,NULL,15,NULL);
insert into dyextn_numeric_type_info (IDENTIFIER,MEASUREMENT_UNITS,DECIMAL_PLACES,NO_DIGITS) values (136,NULL,0,NULL);
insert into dyextn_numeric_type_info (IDENTIFIER,MEASUREMENT_UNITS,DECIMAL_PLACES,NO_DIGITS) values (137,NULL,0,NULL);
insert into dyextn_numeric_type_info (IDENTIFIER,MEASUREMENT_UNITS,DECIMAL_PLACES,NO_DIGITS) values (141,NULL,0,NULL);
insert into dyextn_numeric_type_info (IDENTIFIER,MEASUREMENT_UNITS,DECIMAL_PLACES,NO_DIGITS) values (142,NULL,0,NULL);

/*Data for the table dyextn_object_type_info */

/*Data for the table dyextn_path */

/*Data for the table dyextn_path_asso_rel */

/*Data for the table dyextn_permissible_value */

insert into dyextn_permissible_value (IDENTIFIER,DESCRIPTION,CATEGORY_ATTRIBUTE_ID,ATTRIBUTE_TYPE_INFO_ID) values (22,NULL,NULL,41);
insert into dyextn_permissible_value (IDENTIFIER,DESCRIPTION,CATEGORY_ATTRIBUTE_ID,ATTRIBUTE_TYPE_INFO_ID) values (23,NULL,NULL,42);
insert into dyextn_permissible_value (IDENTIFIER,DESCRIPTION,CATEGORY_ATTRIBUTE_ID,ATTRIBUTE_TYPE_INFO_ID) values (24,NULL,NULL,43);
insert into dyextn_permissible_value (IDENTIFIER,DESCRIPTION,CATEGORY_ATTRIBUTE_ID,ATTRIBUTE_TYPE_INFO_ID) values (25,NULL,NULL,45);
insert into dyextn_permissible_value (IDENTIFIER,DESCRIPTION,CATEGORY_ATTRIBUTE_ID,ATTRIBUTE_TYPE_INFO_ID) values (26,NULL,NULL,46);
insert into dyextn_permissible_value (IDENTIFIER,DESCRIPTION,CATEGORY_ATTRIBUTE_ID,ATTRIBUTE_TYPE_INFO_ID) values (27,NULL,NULL,14);
insert into dyextn_permissible_value (IDENTIFIER,DESCRIPTION,CATEGORY_ATTRIBUTE_ID,ATTRIBUTE_TYPE_INFO_ID) values (28,NULL,NULL,15);
insert into dyextn_permissible_value (IDENTIFIER,DESCRIPTION,CATEGORY_ATTRIBUTE_ID,ATTRIBUTE_TYPE_INFO_ID) values (29,NULL,NULL,16);
insert into dyextn_permissible_value (IDENTIFIER,DESCRIPTION,CATEGORY_ATTRIBUTE_ID,ATTRIBUTE_TYPE_INFO_ID) values (30,NULL,NULL,17);
insert into dyextn_permissible_value (IDENTIFIER,DESCRIPTION,CATEGORY_ATTRIBUTE_ID,ATTRIBUTE_TYPE_INFO_ID) values (31,NULL,NULL,18);
insert into dyextn_permissible_value (IDENTIFIER,DESCRIPTION,CATEGORY_ATTRIBUTE_ID,ATTRIBUTE_TYPE_INFO_ID) values (32,NULL,NULL,19);
insert into dyextn_permissible_value (IDENTIFIER,DESCRIPTION,CATEGORY_ATTRIBUTE_ID,ATTRIBUTE_TYPE_INFO_ID) values (33,NULL,NULL,20);
insert into dyextn_permissible_value (IDENTIFIER,DESCRIPTION,CATEGORY_ATTRIBUTE_ID,ATTRIBUTE_TYPE_INFO_ID) values (34,NULL,NULL,33);
insert into dyextn_permissible_value (IDENTIFIER,DESCRIPTION,CATEGORY_ATTRIBUTE_ID,ATTRIBUTE_TYPE_INFO_ID) values (35,NULL,NULL,32);
insert into dyextn_permissible_value (IDENTIFIER,DESCRIPTION,CATEGORY_ATTRIBUTE_ID,ATTRIBUTE_TYPE_INFO_ID) values (36,NULL,NULL,31);
insert into dyextn_permissible_value (IDENTIFIER,DESCRIPTION,CATEGORY_ATTRIBUTE_ID,ATTRIBUTE_TYPE_INFO_ID) values (37,NULL,NULL,30);
insert into dyextn_permissible_value (IDENTIFIER,DESCRIPTION,CATEGORY_ATTRIBUTE_ID,ATTRIBUTE_TYPE_INFO_ID) values (38,NULL,NULL,29);
insert into dyextn_permissible_value (IDENTIFIER,DESCRIPTION,CATEGORY_ATTRIBUTE_ID,ATTRIBUTE_TYPE_INFO_ID) values (39,NULL,NULL,8);
insert into dyextn_permissible_value (IDENTIFIER,DESCRIPTION,CATEGORY_ATTRIBUTE_ID,ATTRIBUTE_TYPE_INFO_ID) values (40,NULL,NULL,9);
insert into dyextn_permissible_value (IDENTIFIER,DESCRIPTION,CATEGORY_ATTRIBUTE_ID,ATTRIBUTE_TYPE_INFO_ID) values (41,NULL,NULL,10);
insert into dyextn_permissible_value (IDENTIFIER,DESCRIPTION,CATEGORY_ATTRIBUTE_ID,ATTRIBUTE_TYPE_INFO_ID) values (42,NULL,NULL,11);
insert into dyextn_permissible_value (IDENTIFIER,DESCRIPTION,CATEGORY_ATTRIBUTE_ID,ATTRIBUTE_TYPE_INFO_ID) values (43,NULL,NULL,35);
insert into dyextn_permissible_value (IDENTIFIER,DESCRIPTION,CATEGORY_ATTRIBUTE_ID,ATTRIBUTE_TYPE_INFO_ID) values (44,NULL,NULL,36);
insert into dyextn_permissible_value (IDENTIFIER,DESCRIPTION,CATEGORY_ATTRIBUTE_ID,ATTRIBUTE_TYPE_INFO_ID) values (45,NULL,NULL,27);
insert into dyextn_permissible_value (IDENTIFIER,DESCRIPTION,CATEGORY_ATTRIBUTE_ID,ATTRIBUTE_TYPE_INFO_ID) values (46,NULL,NULL,28);
insert into dyextn_permissible_value (IDENTIFIER,DESCRIPTION,CATEGORY_ATTRIBUTE_ID,ATTRIBUTE_TYPE_INFO_ID) values (47,NULL,NULL,38);
insert into dyextn_permissible_value (IDENTIFIER,DESCRIPTION,CATEGORY_ATTRIBUTE_ID,ATTRIBUTE_TYPE_INFO_ID) values (48,NULL,NULL,48);
insert into dyextn_permissible_value (IDENTIFIER,DESCRIPTION,CATEGORY_ATTRIBUTE_ID,ATTRIBUTE_TYPE_INFO_ID) values (49,NULL,NULL,53);
insert into dyextn_permissible_value (IDENTIFIER,DESCRIPTION,CATEGORY_ATTRIBUTE_ID,ATTRIBUTE_TYPE_INFO_ID) values (50,NULL,NULL,61);
insert into dyextn_permissible_value (IDENTIFIER,DESCRIPTION,CATEGORY_ATTRIBUTE_ID,ATTRIBUTE_TYPE_INFO_ID) values (51,NULL,NULL,62);
insert into dyextn_permissible_value (IDENTIFIER,DESCRIPTION,CATEGORY_ATTRIBUTE_ID,ATTRIBUTE_TYPE_INFO_ID) values (52,NULL,NULL,63);
insert into dyextn_permissible_value (IDENTIFIER,DESCRIPTION,CATEGORY_ATTRIBUTE_ID,ATTRIBUTE_TYPE_INFO_ID) values (53,NULL,NULL,64);
insert into dyextn_permissible_value (IDENTIFIER,DESCRIPTION,CATEGORY_ATTRIBUTE_ID,ATTRIBUTE_TYPE_INFO_ID) values (54,NULL,NULL,65);
insert into dyextn_permissible_value (IDENTIFIER,DESCRIPTION,CATEGORY_ATTRIBUTE_ID,ATTRIBUTE_TYPE_INFO_ID) values (55,NULL,NULL,66);
insert into dyextn_permissible_value (IDENTIFIER,DESCRIPTION,CATEGORY_ATTRIBUTE_ID,ATTRIBUTE_TYPE_INFO_ID) values (56,NULL,NULL,67);
insert into dyextn_permissible_value (IDENTIFIER,DESCRIPTION,CATEGORY_ATTRIBUTE_ID,ATTRIBUTE_TYPE_INFO_ID) values (57,NULL,NULL,68);
insert into dyextn_permissible_value (IDENTIFIER,DESCRIPTION,CATEGORY_ATTRIBUTE_ID,ATTRIBUTE_TYPE_INFO_ID) values (58,NULL,NULL,71);
insert into dyextn_permissible_value (IDENTIFIER,DESCRIPTION,CATEGORY_ATTRIBUTE_ID,ATTRIBUTE_TYPE_INFO_ID) values (59,NULL,NULL,73);
insert into dyextn_permissible_value (IDENTIFIER,DESCRIPTION,CATEGORY_ATTRIBUTE_ID,ATTRIBUTE_TYPE_INFO_ID) values (60,NULL,NULL,74);
insert into dyextn_permissible_value (IDENTIFIER,DESCRIPTION,CATEGORY_ATTRIBUTE_ID,ATTRIBUTE_TYPE_INFO_ID) values (61,NULL,NULL,75);
insert into dyextn_permissible_value (IDENTIFIER,DESCRIPTION,CATEGORY_ATTRIBUTE_ID,ATTRIBUTE_TYPE_INFO_ID) values (62,NULL,NULL,76);
insert into dyextn_permissible_value (IDENTIFIER,DESCRIPTION,CATEGORY_ATTRIBUTE_ID,ATTRIBUTE_TYPE_INFO_ID) values (63,NULL,NULL,77);
insert into dyextn_permissible_value (IDENTIFIER,DESCRIPTION,CATEGORY_ATTRIBUTE_ID,ATTRIBUTE_TYPE_INFO_ID) values (64,NULL,NULL,78);
insert into dyextn_permissible_value (IDENTIFIER,DESCRIPTION,CATEGORY_ATTRIBUTE_ID,ATTRIBUTE_TYPE_INFO_ID) values (65,NULL,NULL,81);
insert into dyextn_permissible_value (IDENTIFIER,DESCRIPTION,CATEGORY_ATTRIBUTE_ID,ATTRIBUTE_TYPE_INFO_ID) values (66,NULL,NULL,85);
insert into dyextn_permissible_value (IDENTIFIER,DESCRIPTION,CATEGORY_ATTRIBUTE_ID,ATTRIBUTE_TYPE_INFO_ID) values (67,NULL,NULL,90);
insert into dyextn_permissible_value (IDENTIFIER,DESCRIPTION,CATEGORY_ATTRIBUTE_ID,ATTRIBUTE_TYPE_INFO_ID) values (68,NULL,NULL,91);
insert into dyextn_permissible_value (IDENTIFIER,DESCRIPTION,CATEGORY_ATTRIBUTE_ID,ATTRIBUTE_TYPE_INFO_ID) values (69,NULL,NULL,92);
insert into dyextn_permissible_value (IDENTIFIER,DESCRIPTION,CATEGORY_ATTRIBUTE_ID,ATTRIBUTE_TYPE_INFO_ID) values (70,NULL,NULL,93);
insert into dyextn_permissible_value (IDENTIFIER,DESCRIPTION,CATEGORY_ATTRIBUTE_ID,ATTRIBUTE_TYPE_INFO_ID) values (71,NULL,NULL,94);
insert into dyextn_permissible_value (IDENTIFIER,DESCRIPTION,CATEGORY_ATTRIBUTE_ID,ATTRIBUTE_TYPE_INFO_ID) values (72,NULL,NULL,96);
insert into dyextn_permissible_value (IDENTIFIER,DESCRIPTION,CATEGORY_ATTRIBUTE_ID,ATTRIBUTE_TYPE_INFO_ID) values (73,NULL,NULL,97);
insert into dyextn_permissible_value (IDENTIFIER,DESCRIPTION,CATEGORY_ATTRIBUTE_ID,ATTRIBUTE_TYPE_INFO_ID) values (74,NULL,NULL,104);
insert into dyextn_permissible_value (IDENTIFIER,DESCRIPTION,CATEGORY_ATTRIBUTE_ID,ATTRIBUTE_TYPE_INFO_ID) values (75,NULL,NULL,107);
insert into dyextn_permissible_value (IDENTIFIER,DESCRIPTION,CATEGORY_ATTRIBUTE_ID,ATTRIBUTE_TYPE_INFO_ID) values (76,NULL,NULL,108);
insert into dyextn_permissible_value (IDENTIFIER,DESCRIPTION,CATEGORY_ATTRIBUTE_ID,ATTRIBUTE_TYPE_INFO_ID) values (77,NULL,NULL,110);
insert into dyextn_permissible_value (IDENTIFIER,DESCRIPTION,CATEGORY_ATTRIBUTE_ID,ATTRIBUTE_TYPE_INFO_ID) values (78,NULL,NULL,114);
insert into dyextn_permissible_value (IDENTIFIER,DESCRIPTION,CATEGORY_ATTRIBUTE_ID,ATTRIBUTE_TYPE_INFO_ID) values (79,NULL,NULL,116);
insert into dyextn_permissible_value (IDENTIFIER,DESCRIPTION,CATEGORY_ATTRIBUTE_ID,ATTRIBUTE_TYPE_INFO_ID) values (80,NULL,NULL,119);
insert into dyextn_permissible_value (IDENTIFIER,DESCRIPTION,CATEGORY_ATTRIBUTE_ID,ATTRIBUTE_TYPE_INFO_ID) values (81,NULL,NULL,122);
insert into dyextn_permissible_value (IDENTIFIER,DESCRIPTION,CATEGORY_ATTRIBUTE_ID,ATTRIBUTE_TYPE_INFO_ID) values (82,NULL,NULL,123);
insert into dyextn_permissible_value (IDENTIFIER,DESCRIPTION,CATEGORY_ATTRIBUTE_ID,ATTRIBUTE_TYPE_INFO_ID) values (83,NULL,NULL,124);
insert into dyextn_permissible_value (IDENTIFIER,DESCRIPTION,CATEGORY_ATTRIBUTE_ID,ATTRIBUTE_TYPE_INFO_ID) values (84,NULL,NULL,127);
insert into dyextn_permissible_value (IDENTIFIER,DESCRIPTION,CATEGORY_ATTRIBUTE_ID,ATTRIBUTE_TYPE_INFO_ID) values (85,NULL,NULL,128);
insert into dyextn_permissible_value (IDENTIFIER,DESCRIPTION,CATEGORY_ATTRIBUTE_ID,ATTRIBUTE_TYPE_INFO_ID) values (86,NULL,NULL,131);
insert into dyextn_permissible_value (IDENTIFIER,DESCRIPTION,CATEGORY_ATTRIBUTE_ID,ATTRIBUTE_TYPE_INFO_ID) values (87,NULL,NULL,132);
insert into dyextn_permissible_value (IDENTIFIER,DESCRIPTION,CATEGORY_ATTRIBUTE_ID,ATTRIBUTE_TYPE_INFO_ID) values (88,NULL,NULL,134);
insert into dyextn_permissible_value (IDENTIFIER,DESCRIPTION,CATEGORY_ATTRIBUTE_ID,ATTRIBUTE_TYPE_INFO_ID) values (89,NULL,NULL,135);
insert into dyextn_permissible_value (IDENTIFIER,DESCRIPTION,CATEGORY_ATTRIBUTE_ID,ATTRIBUTE_TYPE_INFO_ID) values (90,NULL,NULL,138);
insert into dyextn_permissible_value (IDENTIFIER,DESCRIPTION,CATEGORY_ATTRIBUTE_ID,ATTRIBUTE_TYPE_INFO_ID) values (91,NULL,NULL,139);
insert into dyextn_permissible_value (IDENTIFIER,DESCRIPTION,CATEGORY_ATTRIBUTE_ID,ATTRIBUTE_TYPE_INFO_ID) values (92,NULL,NULL,140);

/*Data for the table dyextn_primitive_attribute */

insert into dyextn_primitive_attribute (IDENTIFIER,IS_IDENTIFIED,IS_PRIMARY_KEY,IS_NULLABLE) values (3,NULL,0,0);
insert into dyextn_primitive_attribute (IDENTIFIER,IS_IDENTIFIED,IS_PRIMARY_KEY,IS_NULLABLE) values (5,NULL,0,0);
insert into dyextn_primitive_attribute (IDENTIFIER,IS_IDENTIFIED,IS_PRIMARY_KEY,IS_NULLABLE) values (7,NULL,0,0);
insert into dyextn_primitive_attribute (IDENTIFIER,IS_IDENTIFIED,IS_PRIMARY_KEY,IS_NULLABLE) values (9,NULL,0,0);
insert into dyextn_primitive_attribute (IDENTIFIER,IS_IDENTIFIED,IS_PRIMARY_KEY,IS_NULLABLE) values (11,NULL,0,0);
insert into dyextn_primitive_attribute (IDENTIFIER,IS_IDENTIFIED,IS_PRIMARY_KEY,IS_NULLABLE) values (13,NULL,0,0);
insert into dyextn_primitive_attribute (IDENTIFIER,IS_IDENTIFIED,IS_PRIMARY_KEY,IS_NULLABLE) values (18,NULL,0,0);
insert into dyextn_primitive_attribute (IDENTIFIER,IS_IDENTIFIED,IS_PRIMARY_KEY,IS_NULLABLE) values (20,0,0,0);
insert into dyextn_primitive_attribute (IDENTIFIER,IS_IDENTIFIED,IS_PRIMARY_KEY,IS_NULLABLE) values (21,0,0,0);
insert into dyextn_primitive_attribute (IDENTIFIER,IS_IDENTIFIED,IS_PRIMARY_KEY,IS_NULLABLE) values (22,0,0,0);
insert into dyextn_primitive_attribute (IDENTIFIER,IS_IDENTIFIED,IS_PRIMARY_KEY,IS_NULLABLE) values (23,0,0,0);
insert into dyextn_primitive_attribute (IDENTIFIER,IS_IDENTIFIED,IS_PRIMARY_KEY,IS_NULLABLE) values (24,NULL,0,0);
insert into dyextn_primitive_attribute (IDENTIFIER,IS_IDENTIFIED,IS_PRIMARY_KEY,IS_NULLABLE) values (26,NULL,0,0);
insert into dyextn_primitive_attribute (IDENTIFIER,IS_IDENTIFIED,IS_PRIMARY_KEY,IS_NULLABLE) values (28,0,0,0);
insert into dyextn_primitive_attribute (IDENTIFIER,IS_IDENTIFIED,IS_PRIMARY_KEY,IS_NULLABLE) values (29,0,0,0);
insert into dyextn_primitive_attribute (IDENTIFIER,IS_IDENTIFIED,IS_PRIMARY_KEY,IS_NULLABLE) values (30,0,0,0);
insert into dyextn_primitive_attribute (IDENTIFIER,IS_IDENTIFIED,IS_PRIMARY_KEY,IS_NULLABLE) values (31,0,0,0);
insert into dyextn_primitive_attribute (IDENTIFIER,IS_IDENTIFIED,IS_PRIMARY_KEY,IS_NULLABLE) values (32,0,0,0);
insert into dyextn_primitive_attribute (IDENTIFIER,IS_IDENTIFIED,IS_PRIMARY_KEY,IS_NULLABLE) values (33,0,0,0);
insert into dyextn_primitive_attribute (IDENTIFIER,IS_IDENTIFIED,IS_PRIMARY_KEY,IS_NULLABLE) values (34,0,0,0);
insert into dyextn_primitive_attribute (IDENTIFIER,IS_IDENTIFIED,IS_PRIMARY_KEY,IS_NULLABLE) values (35,NULL,0,0);
insert into dyextn_primitive_attribute (IDENTIFIER,IS_IDENTIFIED,IS_PRIMARY_KEY,IS_NULLABLE) values (40,NULL,0,0);
insert into dyextn_primitive_attribute (IDENTIFIER,IS_IDENTIFIED,IS_PRIMARY_KEY,IS_NULLABLE) values (43,NULL,0,0);
insert into dyextn_primitive_attribute (IDENTIFIER,IS_IDENTIFIED,IS_PRIMARY_KEY,IS_NULLABLE) values (46,NULL,0,0);
insert into dyextn_primitive_attribute (IDENTIFIER,IS_IDENTIFIED,IS_PRIMARY_KEY,IS_NULLABLE) values (49,NULL,0,0);
insert into dyextn_primitive_attribute (IDENTIFIER,IS_IDENTIFIED,IS_PRIMARY_KEY,IS_NULLABLE) values (52,NULL,0,0);
insert into dyextn_primitive_attribute (IDENTIFIER,IS_IDENTIFIED,IS_PRIMARY_KEY,IS_NULLABLE) values (53,0,0,0);
insert into dyextn_primitive_attribute (IDENTIFIER,IS_IDENTIFIED,IS_PRIMARY_KEY,IS_NULLABLE) values (54,0,0,0);
insert into dyextn_primitive_attribute (IDENTIFIER,IS_IDENTIFIED,IS_PRIMARY_KEY,IS_NULLABLE) values (55,0,0,0);
insert into dyextn_primitive_attribute (IDENTIFIER,IS_IDENTIFIED,IS_PRIMARY_KEY,IS_NULLABLE) values (56,0,0,0);
insert into dyextn_primitive_attribute (IDENTIFIER,IS_IDENTIFIED,IS_PRIMARY_KEY,IS_NULLABLE) values (57,0,0,0);
insert into dyextn_primitive_attribute (IDENTIFIER,IS_IDENTIFIED,IS_PRIMARY_KEY,IS_NULLABLE) values (58,0,0,0);
insert into dyextn_primitive_attribute (IDENTIFIER,IS_IDENTIFIED,IS_PRIMARY_KEY,IS_NULLABLE) values (59,0,0,0);
insert into dyextn_primitive_attribute (IDENTIFIER,IS_IDENTIFIED,IS_PRIMARY_KEY,IS_NULLABLE) values (64,NULL,0,0);
insert into dyextn_primitive_attribute (IDENTIFIER,IS_IDENTIFIED,IS_PRIMARY_KEY,IS_NULLABLE) values (68,0,0,0);
insert into dyextn_primitive_attribute (IDENTIFIER,IS_IDENTIFIED,IS_PRIMARY_KEY,IS_NULLABLE) values (69,0,0,0);
insert into dyextn_primitive_attribute (IDENTIFIER,IS_IDENTIFIED,IS_PRIMARY_KEY,IS_NULLABLE) values (70,NULL,0,0);
insert into dyextn_primitive_attribute (IDENTIFIER,IS_IDENTIFIED,IS_PRIMARY_KEY,IS_NULLABLE) values (74,0,0,0);
insert into dyextn_primitive_attribute (IDENTIFIER,IS_IDENTIFIED,IS_PRIMARY_KEY,IS_NULLABLE) values (75,NULL,0,0);
insert into dyextn_primitive_attribute (IDENTIFIER,IS_IDENTIFIED,IS_PRIMARY_KEY,IS_NULLABLE) values (77,NULL,0,0);
insert into dyextn_primitive_attribute (IDENTIFIER,IS_IDENTIFIED,IS_PRIMARY_KEY,IS_NULLABLE) values (79,0,0,0);
insert into dyextn_primitive_attribute (IDENTIFIER,IS_IDENTIFIED,IS_PRIMARY_KEY,IS_NULLABLE) values (80,0,0,0);
insert into dyextn_primitive_attribute (IDENTIFIER,IS_IDENTIFIED,IS_PRIMARY_KEY,IS_NULLABLE) values (81,0,0,0);
insert into dyextn_primitive_attribute (IDENTIFIER,IS_IDENTIFIED,IS_PRIMARY_KEY,IS_NULLABLE) values (82,NULL,0,0);
insert into dyextn_primitive_attribute (IDENTIFIER,IS_IDENTIFIED,IS_PRIMARY_KEY,IS_NULLABLE) values (85,0,0,0);
insert into dyextn_primitive_attribute (IDENTIFIER,IS_IDENTIFIED,IS_PRIMARY_KEY,IS_NULLABLE) values (86,0,0,0);
insert into dyextn_primitive_attribute (IDENTIFIER,IS_IDENTIFIED,IS_PRIMARY_KEY,IS_NULLABLE) values (87,NULL,0,0);
insert into dyextn_primitive_attribute (IDENTIFIER,IS_IDENTIFIED,IS_PRIMARY_KEY,IS_NULLABLE) values (91,0,0,0);
insert into dyextn_primitive_attribute (IDENTIFIER,IS_IDENTIFIED,IS_PRIMARY_KEY,IS_NULLABLE) values (92,NULL,0,0);
insert into dyextn_primitive_attribute (IDENTIFIER,IS_IDENTIFIED,IS_PRIMARY_KEY,IS_NULLABLE) values (94,NULL,0,0);
insert into dyextn_primitive_attribute (IDENTIFIER,IS_IDENTIFIED,IS_PRIMARY_KEY,IS_NULLABLE) values (96,NULL,0,0);
insert into dyextn_primitive_attribute (IDENTIFIER,IS_IDENTIFIED,IS_PRIMARY_KEY,IS_NULLABLE) values (97,NULL,0,0);
insert into dyextn_primitive_attribute (IDENTIFIER,IS_IDENTIFIED,IS_PRIMARY_KEY,IS_NULLABLE) values (98,0,0,0);
insert into dyextn_primitive_attribute (IDENTIFIER,IS_IDENTIFIED,IS_PRIMARY_KEY,IS_NULLABLE) values (99,NULL,0,0);
insert into dyextn_primitive_attribute (IDENTIFIER,IS_IDENTIFIED,IS_PRIMARY_KEY,IS_NULLABLE) values (101,NULL,0,0);
insert into dyextn_primitive_attribute (IDENTIFIER,IS_IDENTIFIED,IS_PRIMARY_KEY,IS_NULLABLE) values (103,NULL,0,0);
insert into dyextn_primitive_attribute (IDENTIFIER,IS_IDENTIFIED,IS_PRIMARY_KEY,IS_NULLABLE) values (105,NULL,0,0);
insert into dyextn_primitive_attribute (IDENTIFIER,IS_IDENTIFIED,IS_PRIMARY_KEY,IS_NULLABLE) values (107,NULL,0,0);
insert into dyextn_primitive_attribute (IDENTIFIER,IS_IDENTIFIED,IS_PRIMARY_KEY,IS_NULLABLE) values (109,NULL,0,0);
insert into dyextn_primitive_attribute (IDENTIFIER,IS_IDENTIFIED,IS_PRIMARY_KEY,IS_NULLABLE) values (111,NULL,0,0);
insert into dyextn_primitive_attribute (IDENTIFIER,IS_IDENTIFIED,IS_PRIMARY_KEY,IS_NULLABLE) values (115,0,0,0);
insert into dyextn_primitive_attribute (IDENTIFIER,IS_IDENTIFIED,IS_PRIMARY_KEY,IS_NULLABLE) values (116,0,0,0);
insert into dyextn_primitive_attribute (IDENTIFIER,IS_IDENTIFIED,IS_PRIMARY_KEY,IS_NULLABLE) values (117,0,0,0);
insert into dyextn_primitive_attribute (IDENTIFIER,IS_IDENTIFIED,IS_PRIMARY_KEY,IS_NULLABLE) values (118,0,0,0);
insert into dyextn_primitive_attribute (IDENTIFIER,IS_IDENTIFIED,IS_PRIMARY_KEY,IS_NULLABLE) values (119,0,0,0);
insert into dyextn_primitive_attribute (IDENTIFIER,IS_IDENTIFIED,IS_PRIMARY_KEY,IS_NULLABLE) values (120,0,0,0);
insert into dyextn_primitive_attribute (IDENTIFIER,IS_IDENTIFIED,IS_PRIMARY_KEY,IS_NULLABLE) values (121,0,0,0);
insert into dyextn_primitive_attribute (IDENTIFIER,IS_IDENTIFIED,IS_PRIMARY_KEY,IS_NULLABLE) values (122,0,0,0);
insert into dyextn_primitive_attribute (IDENTIFIER,IS_IDENTIFIED,IS_PRIMARY_KEY,IS_NULLABLE) values (123,NULL,0,0);
insert into dyextn_primitive_attribute (IDENTIFIER,IS_IDENTIFIED,IS_PRIMARY_KEY,IS_NULLABLE) values (124,NULL,0,0);
insert into dyextn_primitive_attribute (IDENTIFIER,IS_IDENTIFIED,IS_PRIMARY_KEY,IS_NULLABLE) values (135,0,0,0);
insert into dyextn_primitive_attribute (IDENTIFIER,IS_IDENTIFIED,IS_PRIMARY_KEY,IS_NULLABLE) values (136,NULL,0,0);
insert into dyextn_primitive_attribute (IDENTIFIER,IS_IDENTIFIED,IS_PRIMARY_KEY,IS_NULLABLE) values (140,0,0,0);
insert into dyextn_primitive_attribute (IDENTIFIER,IS_IDENTIFIED,IS_PRIMARY_KEY,IS_NULLABLE) values (141,0,0,0);
insert into dyextn_primitive_attribute (IDENTIFIER,IS_IDENTIFIED,IS_PRIMARY_KEY,IS_NULLABLE) values (142,0,0,0);
insert into dyextn_primitive_attribute (IDENTIFIER,IS_IDENTIFIED,IS_PRIMARY_KEY,IS_NULLABLE) values (143,0,0,0);
insert into dyextn_primitive_attribute (IDENTIFIER,IS_IDENTIFIED,IS_PRIMARY_KEY,IS_NULLABLE) values (144,0,0,0);
insert into dyextn_primitive_attribute (IDENTIFIER,IS_IDENTIFIED,IS_PRIMARY_KEY,IS_NULLABLE) values (145,0,0,0);
insert into dyextn_primitive_attribute (IDENTIFIER,IS_IDENTIFIED,IS_PRIMARY_KEY,IS_NULLABLE) values (146,NULL,0,0);
insert into dyextn_primitive_attribute (IDENTIFIER,IS_IDENTIFIED,IS_PRIMARY_KEY,IS_NULLABLE) values (149,NULL,0,0);
insert into dyextn_primitive_attribute (IDENTIFIER,IS_IDENTIFIED,IS_PRIMARY_KEY,IS_NULLABLE) values (154,0,0,0);
insert into dyextn_primitive_attribute (IDENTIFIER,IS_IDENTIFIED,IS_PRIMARY_KEY,IS_NULLABLE) values (155,NULL,0,0);
insert into dyextn_primitive_attribute (IDENTIFIER,IS_IDENTIFIED,IS_PRIMARY_KEY,IS_NULLABLE) values (161,NULL,0,0);
insert into dyextn_primitive_attribute (IDENTIFIER,IS_IDENTIFIED,IS_PRIMARY_KEY,IS_NULLABLE) values (165,NULL,0,0);
insert into dyextn_primitive_attribute (IDENTIFIER,IS_IDENTIFIED,IS_PRIMARY_KEY,IS_NULLABLE) values (166,0,0,0);
insert into dyextn_primitive_attribute (IDENTIFIER,IS_IDENTIFIED,IS_PRIMARY_KEY,IS_NULLABLE) values (167,NULL,0,0);
insert into dyextn_primitive_attribute (IDENTIFIER,IS_IDENTIFIED,IS_PRIMARY_KEY,IS_NULLABLE) values (170,NULL,0,0);
insert into dyextn_primitive_attribute (IDENTIFIER,IS_IDENTIFIED,IS_PRIMARY_KEY,IS_NULLABLE) values (173,NULL,0,0);
insert into dyextn_primitive_attribute (IDENTIFIER,IS_IDENTIFIED,IS_PRIMARY_KEY,IS_NULLABLE) values (176,NULL,0,0);
insert into dyextn_primitive_attribute (IDENTIFIER,IS_IDENTIFIED,IS_PRIMARY_KEY,IS_NULLABLE) values (182,0,0,0);
insert into dyextn_primitive_attribute (IDENTIFIER,IS_IDENTIFIED,IS_PRIMARY_KEY,IS_NULLABLE) values (183,0,0,0);
insert into dyextn_primitive_attribute (IDENTIFIER,IS_IDENTIFIED,IS_PRIMARY_KEY,IS_NULLABLE) values (184,0,0,0);
insert into dyextn_primitive_attribute (IDENTIFIER,IS_IDENTIFIED,IS_PRIMARY_KEY,IS_NULLABLE) values (185,0,0,0);
insert into dyextn_primitive_attribute (IDENTIFIER,IS_IDENTIFIED,IS_PRIMARY_KEY,IS_NULLABLE) values (186,0,0,0);
insert into dyextn_primitive_attribute (IDENTIFIER,IS_IDENTIFIED,IS_PRIMARY_KEY,IS_NULLABLE) values (187,NULL,0,0);
insert into dyextn_primitive_attribute (IDENTIFIER,IS_IDENTIFIED,IS_PRIMARY_KEY,IS_NULLABLE) values (188,0,0,0);
insert into dyextn_primitive_attribute (IDENTIFIER,IS_IDENTIFIED,IS_PRIMARY_KEY,IS_NULLABLE) values (189,0,0,0);
insert into dyextn_primitive_attribute (IDENTIFIER,IS_IDENTIFIED,IS_PRIMARY_KEY,IS_NULLABLE) values (190,NULL,0,0);
insert into dyextn_primitive_attribute (IDENTIFIER,IS_IDENTIFIED,IS_PRIMARY_KEY,IS_NULLABLE) values (200,NULL,0,0);
insert into dyextn_primitive_attribute (IDENTIFIER,IS_IDENTIFIED,IS_PRIMARY_KEY,IS_NULLABLE) values (203,NULL,0,0);
insert into dyextn_primitive_attribute (IDENTIFIER,IS_IDENTIFIED,IS_PRIMARY_KEY,IS_NULLABLE) values (207,NULL,0,0);
insert into dyextn_primitive_attribute (IDENTIFIER,IS_IDENTIFIED,IS_PRIMARY_KEY,IS_NULLABLE) values (210,NULL,0,0);
insert into dyextn_primitive_attribute (IDENTIFIER,IS_IDENTIFIED,IS_PRIMARY_KEY,IS_NULLABLE) values (214,NULL,0,0);
insert into dyextn_primitive_attribute (IDENTIFIER,IS_IDENTIFIED,IS_PRIMARY_KEY,IS_NULLABLE) values (215,0,0,0);
insert into dyextn_primitive_attribute (IDENTIFIER,IS_IDENTIFIED,IS_PRIMARY_KEY,IS_NULLABLE) values (216,NULL,0,0);
insert into dyextn_primitive_attribute (IDENTIFIER,IS_IDENTIFIED,IS_PRIMARY_KEY,IS_NULLABLE) values (219,NULL,0,0);
insert into dyextn_primitive_attribute (IDENTIFIER,IS_IDENTIFIED,IS_PRIMARY_KEY,IS_NULLABLE) values (225,0,0,0);
insert into dyextn_primitive_attribute (IDENTIFIER,IS_IDENTIFIED,IS_PRIMARY_KEY,IS_NULLABLE) values (226,0,0,0);
insert into dyextn_primitive_attribute (IDENTIFIER,IS_IDENTIFIED,IS_PRIMARY_KEY,IS_NULLABLE) values (227,NULL,0,0);
insert into dyextn_primitive_attribute (IDENTIFIER,IS_IDENTIFIED,IS_PRIMARY_KEY,IS_NULLABLE) values (230,0,0,0);
insert into dyextn_primitive_attribute (IDENTIFIER,IS_IDENTIFIED,IS_PRIMARY_KEY,IS_NULLABLE) values (231,NULL,0,0);
insert into dyextn_primitive_attribute (IDENTIFIER,IS_IDENTIFIED,IS_PRIMARY_KEY,IS_NULLABLE) values (233,NULL,0,0);
insert into dyextn_primitive_attribute (IDENTIFIER,IS_IDENTIFIED,IS_PRIMARY_KEY,IS_NULLABLE) values (235,NULL,0,0);
insert into dyextn_primitive_attribute (IDENTIFIER,IS_IDENTIFIED,IS_PRIMARY_KEY,IS_NULLABLE) values (237,0,0,0);
insert into dyextn_primitive_attribute (IDENTIFIER,IS_IDENTIFIED,IS_PRIMARY_KEY,IS_NULLABLE) values (238,NULL,0,0);
insert into dyextn_primitive_attribute (IDENTIFIER,IS_IDENTIFIED,IS_PRIMARY_KEY,IS_NULLABLE) values (244,0,0,0);
insert into dyextn_primitive_attribute (IDENTIFIER,IS_IDENTIFIED,IS_PRIMARY_KEY,IS_NULLABLE) values (245,NULL,0,0);
insert into dyextn_primitive_attribute (IDENTIFIER,IS_IDENTIFIED,IS_PRIMARY_KEY,IS_NULLABLE) values (246,NULL,0,0);
insert into dyextn_primitive_attribute (IDENTIFIER,IS_IDENTIFIED,IS_PRIMARY_KEY,IS_NULLABLE) values (247,0,0,0);
insert into dyextn_primitive_attribute (IDENTIFIER,IS_IDENTIFIED,IS_PRIMARY_KEY,IS_NULLABLE) values (248,NULL,0,0);
insert into dyextn_primitive_attribute (IDENTIFIER,IS_IDENTIFIED,IS_PRIMARY_KEY,IS_NULLABLE) values (251,NULL,0,0);
insert into dyextn_primitive_attribute (IDENTIFIER,IS_IDENTIFIED,IS_PRIMARY_KEY,IS_NULLABLE) values (255,0,0,0);
insert into dyextn_primitive_attribute (IDENTIFIER,IS_IDENTIFIED,IS_PRIMARY_KEY,IS_NULLABLE) values (256,0,0,0);
insert into dyextn_primitive_attribute (IDENTIFIER,IS_IDENTIFIED,IS_PRIMARY_KEY,IS_NULLABLE) values (257,0,0,0);
insert into dyextn_primitive_attribute (IDENTIFIER,IS_IDENTIFIED,IS_PRIMARY_KEY,IS_NULLABLE) values (258,NULL,0,0);
insert into dyextn_primitive_attribute (IDENTIFIER,IS_IDENTIFIED,IS_PRIMARY_KEY,IS_NULLABLE) values (260,NULL,0,0);
insert into dyextn_primitive_attribute (IDENTIFIER,IS_IDENTIFIED,IS_PRIMARY_KEY,IS_NULLABLE) values (262,0,0,0);
insert into dyextn_primitive_attribute (IDENTIFIER,IS_IDENTIFIED,IS_PRIMARY_KEY,IS_NULLABLE) values (263,0,0,0);
insert into dyextn_primitive_attribute (IDENTIFIER,IS_IDENTIFIED,IS_PRIMARY_KEY,IS_NULLABLE) values (264,NULL,0,0);
insert into dyextn_primitive_attribute (IDENTIFIER,IS_IDENTIFIED,IS_PRIMARY_KEY,IS_NULLABLE) values (267,NULL,0,0);
insert into dyextn_primitive_attribute (IDENTIFIER,IS_IDENTIFIED,IS_PRIMARY_KEY,IS_NULLABLE) values (268,0,0,0);
insert into dyextn_primitive_attribute (IDENTIFIER,IS_IDENTIFIED,IS_PRIMARY_KEY,IS_NULLABLE) values (269,0,0,0);
insert into dyextn_primitive_attribute (IDENTIFIER,IS_IDENTIFIED,IS_PRIMARY_KEY,IS_NULLABLE) values (270,NULL,0,0);
insert into dyextn_primitive_attribute (IDENTIFIER,IS_IDENTIFIED,IS_PRIMARY_KEY,IS_NULLABLE) values (271,0,0,0);
insert into dyextn_primitive_attribute (IDENTIFIER,IS_IDENTIFIED,IS_PRIMARY_KEY,IS_NULLABLE) values (272,0,0,0);
insert into dyextn_primitive_attribute (IDENTIFIER,IS_IDENTIFIED,IS_PRIMARY_KEY,IS_NULLABLE) values (278,NULL,0,0);
insert into dyextn_primitive_attribute (IDENTIFIER,IS_IDENTIFIED,IS_PRIMARY_KEY,IS_NULLABLE) values (283,NULL,0,0);
insert into dyextn_primitive_attribute (IDENTIFIER,IS_IDENTIFIED,IS_PRIMARY_KEY,IS_NULLABLE) values (290,0,0,0);
insert into dyextn_primitive_attribute (IDENTIFIER,IS_IDENTIFIED,IS_PRIMARY_KEY,IS_NULLABLE) values (291,0,0,0);
insert into dyextn_primitive_attribute (IDENTIFIER,IS_IDENTIFIED,IS_PRIMARY_KEY,IS_NULLABLE) values (292,0,0,0);
insert into dyextn_primitive_attribute (IDENTIFIER,IS_IDENTIFIED,IS_PRIMARY_KEY,IS_NULLABLE) values (293,NULL,0,0);
insert into dyextn_primitive_attribute (IDENTIFIER,IS_IDENTIFIED,IS_PRIMARY_KEY,IS_NULLABLE) values (295,NULL,0,0);

/*Data for the table dyextn_radiobutton */

/*Data for the table dyextn_role */

insert into dyextn_role (IDENTIFIER,ASSOCIATION_TYPE,MAX_CARDINALITY,MIN_CARDINALITY,NAME) values (1,'ASSOCIATION',100,0,NULL);
insert into dyextn_role (IDENTIFIER,ASSOCIATION_TYPE,MAX_CARDINALITY,MIN_CARDINALITY,NAME) values (2,'CONTAINTMENT',1,0,'state');
insert into dyextn_role (IDENTIFIER,ASSOCIATION_TYPE,MAX_CARDINALITY,MIN_CARDINALITY,NAME) values (3,'ASSOCIATION',100,0,NULL);
insert into dyextn_role (IDENTIFIER,ASSOCIATION_TYPE,MAX_CARDINALITY,MIN_CARDINALITY,NAME) values (4,'CONTAINTMENT',1,0,'addressType');
insert into dyextn_role (IDENTIFIER,ASSOCIATION_TYPE,MAX_CARDINALITY,MIN_CARDINALITY,NAME) values (5,'ASSOCIATION',100,0,NULL);
insert into dyextn_role (IDENTIFIER,ASSOCIATION_TYPE,MAX_CARDINALITY,MIN_CARDINALITY,NAME) values (6,'CONTAINTMENT',1,0,'country');
insert into dyextn_role (IDENTIFIER,ASSOCIATION_TYPE,MAX_CARDINALITY,MIN_CARDINALITY,NAME) values (7,'ASSOCIATION',100,0,NULL);
insert into dyextn_role (IDENTIFIER,ASSOCIATION_TYPE,MAX_CARDINALITY,MIN_CARDINALITY,NAME) values (8,'CONTAINTMENT',100,0,'ethinicOriginCollection');
insert into dyextn_role (IDENTIFIER,ASSOCIATION_TYPE,MAX_CARDINALITY,MIN_CARDINALITY,NAME) values (9,'ASSOCIATION',100,0,NULL);
insert into dyextn_role (IDENTIFIER,ASSOCIATION_TYPE,MAX_CARDINALITY,MIN_CARDINALITY,NAME) values (10,'CONTAINTMENT',1,0,'gender');
insert into dyextn_role (IDENTIFIER,ASSOCIATION_TYPE,MAX_CARDINALITY,MIN_CARDINALITY,NAME) values (11,'ASSOCIATION',100,0,NULL);
insert into dyextn_role (IDENTIFIER,ASSOCIATION_TYPE,MAX_CARDINALITY,MIN_CARDINALITY,NAME) values (12,'CONTAINTMENT',1,0,'advancedDirectiveExists');
insert into dyextn_role (IDENTIFIER,ASSOCIATION_TYPE,MAX_CARDINALITY,MIN_CARDINALITY,NAME) values (13,'ASSOCIATION',100,0,NULL);
insert into dyextn_role (IDENTIFIER,ASSOCIATION_TYPE,MAX_CARDINALITY,MIN_CARDINALITY,NAME) values (14,'CONTAINTMENT',1,0,'religion');
insert into dyextn_role (IDENTIFIER,ASSOCIATION_TYPE,MAX_CARDINALITY,MIN_CARDINALITY,NAME) values (15,'ASSOCIATION',100,0,NULL);
insert into dyextn_role (IDENTIFIER,ASSOCIATION_TYPE,MAX_CARDINALITY,MIN_CARDINALITY,NAME) values (16,'CONTAINTMENT',100,0,'raceCollection');
insert into dyextn_role (IDENTIFIER,ASSOCIATION_TYPE,MAX_CARDINALITY,MIN_CARDINALITY,NAME) values (17,'ASSOCIATION',100,0,NULL);
insert into dyextn_role (IDENTIFIER,ASSOCIATION_TYPE,MAX_CARDINALITY,MIN_CARDINALITY,NAME) values (18,'CONTAINTMENT',1,0,'maritalStatus');
insert into dyextn_role (IDENTIFIER,ASSOCIATION_TYPE,MAX_CARDINALITY,MIN_CARDINALITY,NAME) values (19,'ASSOCIATION',1,1,NULL);
insert into dyextn_role (IDENTIFIER,ASSOCIATION_TYPE,MAX_CARDINALITY,MIN_CARDINALITY,NAME) values (20,'CONTAINTMENT',1,1,'personName');
insert into dyextn_role (IDENTIFIER,ASSOCIATION_TYPE,MAX_CARDINALITY,MIN_CARDINALITY,NAME) values (21,'ASSOCIATION',100,0,NULL);
insert into dyextn_role (IDENTIFIER,ASSOCIATION_TYPE,MAX_CARDINALITY,MIN_CARDINALITY,NAME) values (22,'ASSOCIATION',1,1,'relationToPerson');
insert into dyextn_role (IDENTIFIER,ASSOCIATION_TYPE,MAX_CARDINALITY,MIN_CARDINALITY,NAME) values (23,'ASSOCIATION',100,0,NULL);
insert into dyextn_role (IDENTIFIER,ASSOCIATION_TYPE,MAX_CARDINALITY,MIN_CARDINALITY,NAME) values (24,'ASSOCIATION',1,1,'personUpi');
insert into dyextn_role (IDENTIFIER,ASSOCIATION_TYPE,MAX_CARDINALITY,MIN_CARDINALITY,NAME) values (25,'ASSOCIATION',100,0,NULL);
insert into dyextn_role (IDENTIFIER,ASSOCIATION_TYPE,MAX_CARDINALITY,MIN_CARDINALITY,NAME) values (26,'CONTAINTMENT',100,0,'associatedPersonCollection');
insert into dyextn_role (IDENTIFIER,ASSOCIATION_TYPE,MAX_CARDINALITY,MIN_CARDINALITY,NAME) values (27,'ASSOCIATION',100,0,NULL);
insert into dyextn_role (IDENTIFIER,ASSOCIATION_TYPE,MAX_CARDINALITY,MIN_CARDINALITY,NAME) values (28,'ASSOCIATION',1,0,'nextOfKin');
insert into dyextn_role (IDENTIFIER,ASSOCIATION_TYPE,MAX_CARDINALITY,MIN_CARDINALITY,NAME) values (29,'ASSOCIATION',100,0,NULL);
insert into dyextn_role (IDENTIFIER,ASSOCIATION_TYPE,MAX_CARDINALITY,MIN_CARDINALITY,NAME) values (30,'CONTAINTMENT',100,0,'phoneCollection');
insert into dyextn_role (IDENTIFIER,ASSOCIATION_TYPE,MAX_CARDINALITY,MIN_CARDINALITY,NAME) values (31,'ASSOCIATION',1,1,NULL);
insert into dyextn_role (IDENTIFIER,ASSOCIATION_TYPE,MAX_CARDINALITY,MIN_CARDINALITY,NAME) values (32,'CONTAINTMENT',100,0,'addressCollection');
insert into dyextn_role (IDENTIFIER,ASSOCIATION_TYPE,MAX_CARDINALITY,MIN_CARDINALITY,NAME) values (33,'ASSOCIATION',1,1,NULL);
insert into dyextn_role (IDENTIFIER,ASSOCIATION_TYPE,MAX_CARDINALITY,MIN_CARDINALITY,NAME) values (34,'CONTAINTMENT',100,1,'demographicsCollection');
insert into dyextn_role (IDENTIFIER,ASSOCIATION_TYPE,MAX_CARDINALITY,MIN_CARDINALITY,NAME) values (35,'ASSOCIATION',100,0,NULL);
insert into dyextn_role (IDENTIFIER,ASSOCIATION_TYPE,MAX_CARDINALITY,MIN_CARDINALITY,NAME) values (36,'CONTAINTMENT',1,1,'providerType');
insert into dyextn_role (IDENTIFIER,ASSOCIATION_TYPE,MAX_CARDINALITY,MIN_CARDINALITY,NAME) values (37,'ASSOCIATION',100,0,NULL);
insert into dyextn_role (IDENTIFIER,ASSOCIATION_TYPE,MAX_CARDINALITY,MIN_CARDINALITY,NAME) values (38,'ASSOCIATION',1,0,'personName');
insert into dyextn_role (IDENTIFIER,ASSOCIATION_TYPE,MAX_CARDINALITY,MIN_CARDINALITY,NAME) values (39,'ASSOCIATION',100,0,NULL);
insert into dyextn_role (IDENTIFIER,ASSOCIATION_TYPE,MAX_CARDINALITY,MIN_CARDINALITY,NAME) values (40,'CONTAINTMENT',1,0,'state');
insert into dyextn_role (IDENTIFIER,ASSOCIATION_TYPE,MAX_CARDINALITY,MIN_CARDINALITY,NAME) values (41,'ASSOCIATION',100,0,NULL);
insert into dyextn_role (IDENTIFIER,ASSOCIATION_TYPE,MAX_CARDINALITY,MIN_CARDINALITY,NAME) values (42,'CONTAINTMENT',1,0,'addressType');
insert into dyextn_role (IDENTIFIER,ASSOCIATION_TYPE,MAX_CARDINALITY,MIN_CARDINALITY,NAME) values (43,'ASSOCIATION',100,0,NULL);
insert into dyextn_role (IDENTIFIER,ASSOCIATION_TYPE,MAX_CARDINALITY,MIN_CARDINALITY,NAME) values (44,'CONTAINTMENT',1,0,'country');
insert into dyextn_role (IDENTIFIER,ASSOCIATION_TYPE,MAX_CARDINALITY,MIN_CARDINALITY,NAME) values (45,'ASSOCIATION',1,1,NULL);
insert into dyextn_role (IDENTIFIER,ASSOCIATION_TYPE,MAX_CARDINALITY,MIN_CARDINALITY,NAME) values (46,'CONTAINTMENT',100,0,'addressCollection');
insert into dyextn_role (IDENTIFIER,ASSOCIATION_TYPE,MAX_CARDINALITY,MIN_CARDINALITY,NAME) values (47,'ASSOCIATION',100,0,NULL);
insert into dyextn_role (IDENTIFIER,ASSOCIATION_TYPE,MAX_CARDINALITY,MIN_CARDINALITY,NAME) values (48,'CONTAINTMENT',100,0,'phoneCollection');
insert into dyextn_role (IDENTIFIER,ASSOCIATION_TYPE,MAX_CARDINALITY,MIN_CARDINALITY,NAME) values (49,'ASSOCIATION',100,0,NULL);
insert into dyextn_role (IDENTIFIER,ASSOCIATION_TYPE,MAX_CARDINALITY,MIN_CARDINALITY,NAME) values (50,'ASSOCIATION',1,1,'relationToPerson');
insert into dyextn_role (IDENTIFIER,ASSOCIATION_TYPE,MAX_CARDINALITY,MIN_CARDINALITY,NAME) values (51,'ASSOCIATION',100,0,NULL);
insert into dyextn_role (IDENTIFIER,ASSOCIATION_TYPE,MAX_CARDINALITY,MIN_CARDINALITY,NAME) values (52,'ASSOCIATION',1,1,'personUpi');
insert into dyextn_role (IDENTIFIER,ASSOCIATION_TYPE,MAX_CARDINALITY,MIN_CARDINALITY,NAME) values (53,'ASSOCIATION',100,0,NULL);
insert into dyextn_role (IDENTIFIER,ASSOCIATION_TYPE,MAX_CARDINALITY,MIN_CARDINALITY,NAME) values (54,'ASSOCIATION',1,0,'nextOfKin');
insert into dyextn_role (IDENTIFIER,ASSOCIATION_TYPE,MAX_CARDINALITY,MIN_CARDINALITY,NAME) values (55,'ASSOCIATION',100,0,NULL);
insert into dyextn_role (IDENTIFIER,ASSOCIATION_TYPE,MAX_CARDINALITY,MIN_CARDINALITY,NAME) values (56,'CONTAINTMENT',100,0,'associatedPersonCollection');
insert into dyextn_role (IDENTIFIER,ASSOCIATION_TYPE,MAX_CARDINALITY,MIN_CARDINALITY,NAME) values (57,'ASSOCIATION',1,1,NULL);
insert into dyextn_role (IDENTIFIER,ASSOCIATION_TYPE,MAX_CARDINALITY,MIN_CARDINALITY,NAME) values (58,'CONTAINTMENT',1,1,'personName');
insert into dyextn_role (IDENTIFIER,ASSOCIATION_TYPE,MAX_CARDINALITY,MIN_CARDINALITY,NAME) values (59,'ASSOCIATION',100,0,NULL);
insert into dyextn_role (IDENTIFIER,ASSOCIATION_TYPE,MAX_CARDINALITY,MIN_CARDINALITY,NAME) values (60,'CONTAINTMENT',100,0,'ethinicOriginCollection');
insert into dyextn_role (IDENTIFIER,ASSOCIATION_TYPE,MAX_CARDINALITY,MIN_CARDINALITY,NAME) values (61,'ASSOCIATION',100,0,NULL);
insert into dyextn_role (IDENTIFIER,ASSOCIATION_TYPE,MAX_CARDINALITY,MIN_CARDINALITY,NAME) values (62,'CONTAINTMENT',1,0,'gender');
insert into dyextn_role (IDENTIFIER,ASSOCIATION_TYPE,MAX_CARDINALITY,MIN_CARDINALITY,NAME) values (63,'ASSOCIATION',100,0,NULL);
insert into dyextn_role (IDENTIFIER,ASSOCIATION_TYPE,MAX_CARDINALITY,MIN_CARDINALITY,NAME) values (64,'CONTAINTMENT',1,0,'advancedDirectiveExists');
insert into dyextn_role (IDENTIFIER,ASSOCIATION_TYPE,MAX_CARDINALITY,MIN_CARDINALITY,NAME) values (65,'ASSOCIATION',100,0,NULL);
insert into dyextn_role (IDENTIFIER,ASSOCIATION_TYPE,MAX_CARDINALITY,MIN_CARDINALITY,NAME) values (66,'CONTAINTMENT',1,0,'religion');
insert into dyextn_role (IDENTIFIER,ASSOCIATION_TYPE,MAX_CARDINALITY,MIN_CARDINALITY,NAME) values (67,'ASSOCIATION',100,0,NULL);
insert into dyextn_role (IDENTIFIER,ASSOCIATION_TYPE,MAX_CARDINALITY,MIN_CARDINALITY,NAME) values (68,'CONTAINTMENT',100,0,'raceCollection');
insert into dyextn_role (IDENTIFIER,ASSOCIATION_TYPE,MAX_CARDINALITY,MIN_CARDINALITY,NAME) values (69,'ASSOCIATION',100,0,NULL);
insert into dyextn_role (IDENTIFIER,ASSOCIATION_TYPE,MAX_CARDINALITY,MIN_CARDINALITY,NAME) values (70,'CONTAINTMENT',1,0,'maritalStatus');
insert into dyextn_role (IDENTIFIER,ASSOCIATION_TYPE,MAX_CARDINALITY,MIN_CARDINALITY,NAME) values (71,'ASSOCIATION',1,1,NULL);
insert into dyextn_role (IDENTIFIER,ASSOCIATION_TYPE,MAX_CARDINALITY,MIN_CARDINALITY,NAME) values (72,'CONTAINTMENT',100,1,'demographicsCollection');
insert into dyextn_role (IDENTIFIER,ASSOCIATION_TYPE,MAX_CARDINALITY,MIN_CARDINALITY,NAME) values (73,'ASSOCIATION',100,0,NULL);
insert into dyextn_role (IDENTIFIER,ASSOCIATION_TYPE,MAX_CARDINALITY,MIN_CARDINALITY,NAME) values (74,'ASSOCIATION',1,0,'personUpi');
insert into dyextn_role (IDENTIFIER,ASSOCIATION_TYPE,MAX_CARDINALITY,MIN_CARDINALITY,NAME) values (75,'ASSOCIATION',100,0,NULL);
insert into dyextn_role (IDENTIFIER,ASSOCIATION_TYPE,MAX_CARDINALITY,MIN_CARDINALITY,NAME) values (76,'CONTAINTMENT',1,1,'insuredRelationShipToPatient');
insert into dyextn_role (IDENTIFIER,ASSOCIATION_TYPE,MAX_CARDINALITY,MIN_CARDINALITY,NAME) values (77,'ASSOCIATION',100,0,NULL);
insert into dyextn_role (IDENTIFIER,ASSOCIATION_TYPE,MAX_CARDINALITY,MIN_CARDINALITY,NAME) values (78,'CONTAINTMENT',1,0,'nameOfInsured');
insert into dyextn_role (IDENTIFIER,ASSOCIATION_TYPE,MAX_CARDINALITY,MIN_CARDINALITY,NAME) values (79,'ASSOCIATION',1,1,NULL);
insert into dyextn_role (IDENTIFIER,ASSOCIATION_TYPE,MAX_CARDINALITY,MIN_CARDINALITY,NAME) values (80,'CONTAINTMENT',1,0,'patientLocation');
insert into dyextn_role (IDENTIFIER,ASSOCIATION_TYPE,MAX_CARDINALITY,MIN_CARDINALITY,NAME) values (81,'ASSOCIATION',100,0,NULL);
insert into dyextn_role (IDENTIFIER,ASSOCIATION_TYPE,MAX_CARDINALITY,MIN_CARDINALITY,NAME) values (82,'CONTAINTMENT',100,0,'providerCollection');
insert into dyextn_role (IDENTIFIER,ASSOCIATION_TYPE,MAX_CARDINALITY,MIN_CARDINALITY,NAME) values (83,'ASSOCIATION',100,0,NULL);
insert into dyextn_role (IDENTIFIER,ASSOCIATION_TYPE,MAX_CARDINALITY,MIN_CARDINALITY,NAME) values (84,'ASSOCIATION',1,0,'vipIndicator');
insert into dyextn_role (IDENTIFIER,ASSOCIATION_TYPE,MAX_CARDINALITY,MIN_CARDINALITY,NAME) values (85,'ASSOCIATION',100,0,NULL);
insert into dyextn_role (IDENTIFIER,ASSOCIATION_TYPE,MAX_CARDINALITY,MIN_CARDINALITY,NAME) values (86,'ASSOCIATION',1,0,'diagnosticRelatedGroup');
insert into dyextn_role (IDENTIFIER,ASSOCIATION_TYPE,MAX_CARDINALITY,MIN_CARDINALITY,NAME) values (87,'ASSOCIATION',100,0,NULL);
insert into dyextn_role (IDENTIFIER,ASSOCIATION_TYPE,MAX_CARDINALITY,MIN_CARDINALITY,NAME) values (88,'ASSOCIATION',1,0,'facilityDischargeDisposition');
insert into dyextn_role (IDENTIFIER,ASSOCIATION_TYPE,MAX_CARDINALITY,MIN_CARDINALITY,NAME) values (89,'ASSOCIATION',100,0,NULL);
insert into dyextn_role (IDENTIFIER,ASSOCIATION_TYPE,MAX_CARDINALITY,MIN_CARDINALITY,NAME) values (90,'ASSOCIATION',1,0,'financialClass');
insert into dyextn_role (IDENTIFIER,ASSOCIATION_TYPE,MAX_CARDINALITY,MIN_CARDINALITY,NAME) values (91,'ASSOCIATION',100,0,NULL);
insert into dyextn_role (IDENTIFIER,ASSOCIATION_TYPE,MAX_CARDINALITY,MIN_CARDINALITY,NAME) values (92,'CONTAINTMENT',100,1,'insuranceCollection');
insert into dyextn_role (IDENTIFIER,ASSOCIATION_TYPE,MAX_CARDINALITY,MIN_CARDINALITY,NAME) values (93,'ASSOCIATION',1,1,NULL);
insert into dyextn_role (IDENTIFIER,ASSOCIATION_TYPE,MAX_CARDINALITY,MIN_CARDINALITY,NAME) values (94,'CONTAINTMENT',1,1,'facility');
insert into dyextn_role (IDENTIFIER,ASSOCIATION_TYPE,MAX_CARDINALITY,MIN_CARDINALITY,NAME) values (95,'ASSOCIATION',100,0,NULL);
insert into dyextn_role (IDENTIFIER,ASSOCIATION_TYPE,MAX_CARDINALITY,MIN_CARDINALITY,NAME) values (96,'ASSOCIATION',1,0,'principalInvestigator');
insert into dyextn_role (IDENTIFIER,ASSOCIATION_TYPE,MAX_CARDINALITY,MIN_CARDINALITY,NAME) values (97,'ASSOCIATION',100,0,NULL);
insert into dyextn_role (IDENTIFIER,ASSOCIATION_TYPE,MAX_CARDINALITY,MIN_CARDINALITY,NAME) values (98,'CONTAINTMENT',100,0,'clinicalTrailCollection');
insert into dyextn_role (IDENTIFIER,ASSOCIATION_TYPE,MAX_CARDINALITY,MIN_CARDINALITY,NAME) values (99,'ASSOCIATION',100,0,NULL);
insert into dyextn_role (IDENTIFIER,ASSOCIATION_TYPE,MAX_CARDINALITY,MIN_CARDINALITY,NAME) values (100,'ASSOCIATION',1,0,'dischargeService');
insert into dyextn_role (IDENTIFIER,ASSOCIATION_TYPE,MAX_CARDINALITY,MIN_CARDINALITY,NAME) values (101,'ASSOCIATION',100,0,NULL);
insert into dyextn_role (IDENTIFIER,ASSOCIATION_TYPE,MAX_CARDINALITY,MIN_CARDINALITY,NAME) values (102,'ASSOCIATION',1,0,'admittingService');
insert into dyextn_role (IDENTIFIER,ASSOCIATION_TYPE,MAX_CARDINALITY,MIN_CARDINALITY,NAME) values (103,'ASSOCIATION',100,0,NULL);
insert into dyextn_role (IDENTIFIER,ASSOCIATION_TYPE,MAX_CARDINALITY,MIN_CARDINALITY,NAME) values (104,'ASSOCIATION',1,1,'facility');
insert into dyextn_role (IDENTIFIER,ASSOCIATION_TYPE,MAX_CARDINALITY,MIN_CARDINALITY,NAME) values (105,'ASSOCIATION',1,1,NULL);
insert into dyextn_role (IDENTIFIER,ASSOCIATION_TYPE,MAX_CARDINALITY,MIN_CARDINALITY,NAME) values (106,'ASSOCIATION',1,1,'patientAccountNumber');
insert into dyextn_role (IDENTIFIER,ASSOCIATION_TYPE,MAX_CARDINALITY,MIN_CARDINALITY,NAME) values (107,'ASSOCIATION',1,1,NULL);
insert into dyextn_role (IDENTIFIER,ASSOCIATION_TYPE,MAX_CARDINALITY,MIN_CARDINALITY,NAME) values (108,'CONTAINTMENT',1,1,'provider');
insert into dyextn_role (IDENTIFIER,ASSOCIATION_TYPE,MAX_CARDINALITY,MIN_CARDINALITY,NAME) values (109,'ASSOCIATION',100,0,NULL);
insert into dyextn_role (IDENTIFIER,ASSOCIATION_TYPE,MAX_CARDINALITY,MIN_CARDINALITY,NAME) values (110,'ASSOCIATION',100,0,'code');
insert into dyextn_role (IDENTIFIER,ASSOCIATION_TYPE,MAX_CARDINALITY,MIN_CARDINALITY,NAME) values (111,'ASSOCIATION',100,0,NULL);
insert into dyextn_role (IDENTIFIER,ASSOCIATION_TYPE,MAX_CARDINALITY,MIN_CARDINALITY,NAME) values (112,'ASSOCIATION',100,0,'type');
insert into dyextn_role (IDENTIFIER,ASSOCIATION_TYPE,MAX_CARDINALITY,MIN_CARDINALITY,NAME) values (113,'ASSOCIATION',1,1,NULL);
insert into dyextn_role (IDENTIFIER,ASSOCIATION_TYPE,MAX_CARDINALITY,MIN_CARDINALITY,NAME) values (114,'CONTAINTMENT',1,1,'type');
insert into dyextn_role (IDENTIFIER,ASSOCIATION_TYPE,MAX_CARDINALITY,MIN_CARDINALITY,NAME) values (115,'ASSOCIATION',1,1,NULL);
insert into dyextn_role (IDENTIFIER,ASSOCIATION_TYPE,MAX_CARDINALITY,MIN_CARDINALITY,NAME) values (116,'CONTAINTMENT',1,1,'code');
insert into dyextn_role (IDENTIFIER,ASSOCIATION_TYPE,MAX_CARDINALITY,MIN_CARDINALITY,NAME) values (117,'ASSOCIATION',100,0,NULL);
insert into dyextn_role (IDENTIFIER,ASSOCIATION_TYPE,MAX_CARDINALITY,MIN_CARDINALITY,NAME) values (118,'CONTAINTMENT',100,0,'procedureCollection');
insert into dyextn_role (IDENTIFIER,ASSOCIATION_TYPE,MAX_CARDINALITY,MIN_CARDINALITY,NAME) values (119,'ASSOCIATION',100,0,NULL);
insert into dyextn_role (IDENTIFIER,ASSOCIATION_TYPE,MAX_CARDINALITY,MIN_CARDINALITY,NAME) values (120,'ASSOCIATION',1,0,'hippaNotified');
insert into dyextn_role (IDENTIFIER,ASSOCIATION_TYPE,MAX_CARDINALITY,MIN_CARDINALITY,NAME) values (121,'ASSOCIATION',100,0,NULL);
insert into dyextn_role (IDENTIFIER,ASSOCIATION_TYPE,MAX_CARDINALITY,MIN_CARDINALITY,NAME) values (122,'ASSOCIATION',100,0,'infectionControlCodeCollection');
insert into dyextn_role (IDENTIFIER,ASSOCIATION_TYPE,MAX_CARDINALITY,MIN_CARDINALITY,NAME) values (123,'ASSOCIATION',100,0,NULL);
insert into dyextn_role (IDENTIFIER,ASSOCIATION_TYPE,MAX_CARDINALITY,MIN_CARDINALITY,NAME) values (124,'ASSOCIATION',1,0,'dischargeDisposition');
insert into dyextn_role (IDENTIFIER,ASSOCIATION_TYPE,MAX_CARDINALITY,MIN_CARDINALITY,NAME) values (125,'ASSOCIATION',100,0,NULL);
insert into dyextn_role (IDENTIFIER,ASSOCIATION_TYPE,MAX_CARDINALITY,MIN_CARDINALITY,NAME) values (126,'CONTAINTMENT',1,1,'optOutIndicator');
insert into dyextn_role (IDENTIFIER,ASSOCIATION_TYPE,MAX_CARDINALITY,MIN_CARDINALITY,NAME) values (127,'ASSOCIATION',100,0,NULL);
insert into dyextn_role (IDENTIFIER,ASSOCIATION_TYPE,MAX_CARDINALITY,MIN_CARDINALITY,NAME) values (128,'CONTAINTMENT',1,1,'hipaaNotified');
insert into dyextn_role (IDENTIFIER,ASSOCIATION_TYPE,MAX_CARDINALITY,MIN_CARDINALITY,NAME) values (129,'ASSOCIATION',100,0,NULL);
insert into dyextn_role (IDENTIFIER,ASSOCIATION_TYPE,MAX_CARDINALITY,MIN_CARDINALITY,NAME) values (130,'CONTAINTMENT',1,1,'vipIndicator');
insert into dyextn_role (IDENTIFIER,ASSOCIATION_TYPE,MAX_CARDINALITY,MIN_CARDINALITY,NAME) values (131,'ASSOCIATION',100,0,NULL);
insert into dyextn_role (IDENTIFIER,ASSOCIATION_TYPE,MAX_CARDINALITY,MIN_CARDINALITY,NAME) values (132,'CONTAINTMENT',1,1,'dischargeService');
insert into dyextn_role (IDENTIFIER,ASSOCIATION_TYPE,MAX_CARDINALITY,MIN_CARDINALITY,NAME) values (133,'ASSOCIATION',100,0,NULL);
insert into dyextn_role (IDENTIFIER,ASSOCIATION_TYPE,MAX_CARDINALITY,MIN_CARDINALITY,NAME) values (134,'CONTAINTMENT',100,0,'infectionControlCodes');
insert into dyextn_role (IDENTIFIER,ASSOCIATION_TYPE,MAX_CARDINALITY,MIN_CARDINALITY,NAME) values (135,'ASSOCIATION',100,0,NULL);
insert into dyextn_role (IDENTIFIER,ASSOCIATION_TYPE,MAX_CARDINALITY,MIN_CARDINALITY,NAME) values (136,'CONTAINTMENT',1,1,'facilityDischargeDisposition');
insert into dyextn_role (IDENTIFIER,ASSOCIATION_TYPE,MAX_CARDINALITY,MIN_CARDINALITY,NAME) values (137,'ASSOCIATION',100,0,NULL);
insert into dyextn_role (IDENTIFIER,ASSOCIATION_TYPE,MAX_CARDINALITY,MIN_CARDINALITY,NAME) values (138,'CONTAINTMENT',1,1,'financialClass');
insert into dyextn_role (IDENTIFIER,ASSOCIATION_TYPE,MAX_CARDINALITY,MIN_CARDINALITY,NAME) values (139,'ASSOCIATION',100,0,NULL);
insert into dyextn_role (IDENTIFIER,ASSOCIATION_TYPE,MAX_CARDINALITY,MIN_CARDINALITY,NAME) values (140,'CONTAINTMENT',1,0,'diagnosticRelatedGroup');
insert into dyextn_role (IDENTIFIER,ASSOCIATION_TYPE,MAX_CARDINALITY,MIN_CARDINALITY,NAME) values (141,'ASSOCIATION',100,0,NULL);
insert into dyextn_role (IDENTIFIER,ASSOCIATION_TYPE,MAX_CARDINALITY,MIN_CARDINALITY,NAME) values (142,'CONTAINTMENT',1,1,'dischargeDisposition');
insert into dyextn_role (IDENTIFIER,ASSOCIATION_TYPE,MAX_CARDINALITY,MIN_CARDINALITY,NAME) values (143,'ASSOCIATION',100,0,NULL);
insert into dyextn_role (IDENTIFIER,ASSOCIATION_TYPE,MAX_CARDINALITY,MIN_CARDINALITY,NAME) values (144,'CONTAINTMENT',1,1,'patientType');
insert into dyextn_role (IDENTIFIER,ASSOCIATION_TYPE,MAX_CARDINALITY,MIN_CARDINALITY,NAME) values (145,'ASSOCIATION',100,0,NULL);
insert into dyextn_role (IDENTIFIER,ASSOCIATION_TYPE,MAX_CARDINALITY,MIN_CARDINALITY,NAME) values (146,'CONTAINTMENT',1,1,'admittingService');
insert into dyextn_role (IDENTIFIER,ASSOCIATION_TYPE,MAX_CARDINALITY,MIN_CARDINALITY,NAME) values (147,'ASSOCIATION',1,1,NULL);
insert into dyextn_role (IDENTIFIER,ASSOCIATION_TYPE,MAX_CARDINALITY,MIN_CARDINALITY,NAME) values (148,'CONTAINTMENT',1,1,'patientClass');
insert into dyextn_role (IDENTIFIER,ASSOCIATION_TYPE,MAX_CARDINALITY,MIN_CARDINALITY,NAME) values (149,'ASSOCIATION',100,0,NULL);
insert into dyextn_role (IDENTIFIER,ASSOCIATION_TYPE,MAX_CARDINALITY,MIN_CARDINALITY,NAME) values (150,'ASSOCIATION',1,0,'patientClass');
insert into dyextn_role (IDENTIFIER,ASSOCIATION_TYPE,MAX_CARDINALITY,MIN_CARDINALITY,NAME) values (151,'ASSOCIATION',100,0,NULL);
insert into dyextn_role (IDENTIFIER,ASSOCIATION_TYPE,MAX_CARDINALITY,MIN_CARDINALITY,NAME) values (152,'ASSOCIATION',1,0,'patientType');
insert into dyextn_role (IDENTIFIER,ASSOCIATION_TYPE,MAX_CARDINALITY,MIN_CARDINALITY,NAME) values (153,'ASSOCIATION',100,0,NULL);
insert into dyextn_role (IDENTIFIER,ASSOCIATION_TYPE,MAX_CARDINALITY,MIN_CARDINALITY,NAME) values (154,'ASSOCIATION',100,0,'type');
insert into dyextn_role (IDENTIFIER,ASSOCIATION_TYPE,MAX_CARDINALITY,MIN_CARDINALITY,NAME) values (155,'ASSOCIATION',100,0,NULL);
insert into dyextn_role (IDENTIFIER,ASSOCIATION_TYPE,MAX_CARDINALITY,MIN_CARDINALITY,NAME) values (156,'ASSOCIATION',100,0,'code');
insert into dyextn_role (IDENTIFIER,ASSOCIATION_TYPE,MAX_CARDINALITY,MIN_CARDINALITY,NAME) values (157,'ASSOCIATION',100,0,NULL);
insert into dyextn_role (IDENTIFIER,ASSOCIATION_TYPE,MAX_CARDINALITY,MIN_CARDINALITY,NAME) values (158,'CONTAINTMENT',1,1,'type');
insert into dyextn_role (IDENTIFIER,ASSOCIATION_TYPE,MAX_CARDINALITY,MIN_CARDINALITY,NAME) values (159,'ASSOCIATION',100,0,NULL);
insert into dyextn_role (IDENTIFIER,ASSOCIATION_TYPE,MAX_CARDINALITY,MIN_CARDINALITY,NAME) values (160,'CONTAINTMENT',1,1,'code');
insert into dyextn_role (IDENTIFIER,ASSOCIATION_TYPE,MAX_CARDINALITY,MIN_CARDINALITY,NAME) values (161,'ASSOCIATION',100,0,NULL);
insert into dyextn_role (IDENTIFIER,ASSOCIATION_TYPE,MAX_CARDINALITY,MIN_CARDINALITY,NAME) values (162,'CONTAINTMENT',100,0,'diagnosesCollection');
insert into dyextn_role (IDENTIFIER,ASSOCIATION_TYPE,MAX_CARDINALITY,MIN_CARDINALITY,NAME) values (163,'ASSOCIATION',100,0,NULL);
insert into dyextn_role (IDENTIFIER,ASSOCIATION_TYPE,MAX_CARDINALITY,MIN_CARDINALITY,NAME) values (164,'ASSOCIATION',1,0,'optOutIndicator');
insert into dyextn_role (IDENTIFIER,ASSOCIATION_TYPE,MAX_CARDINALITY,MIN_CARDINALITY,NAME) values (165,'ASSOCIATION',100,0,NULL);
insert into dyextn_role (IDENTIFIER,ASSOCIATION_TYPE,MAX_CARDINALITY,MIN_CARDINALITY,NAME) values (166,'ASSOCIATION',100,1,'encounterDetailsCollection');
insert into dyextn_role (IDENTIFIER,ASSOCIATION_TYPE,MAX_CARDINALITY,MIN_CARDINALITY,NAME) values (167,'ASSOCIATION',100,0,NULL);
insert into dyextn_role (IDENTIFIER,ASSOCIATION_TYPE,MAX_CARDINALITY,MIN_CARDINALITY,NAME) values (168,'ASSOCIATION',1,1,'personUpi');
insert into dyextn_role (IDENTIFIER,ASSOCIATION_TYPE,MAX_CARDINALITY,MIN_CARDINALITY,NAME) values (169,'ASSOCIATION',100,0,NULL);
insert into dyextn_role (IDENTIFIER,ASSOCIATION_TYPE,MAX_CARDINALITY,MIN_CARDINALITY,NAME) values (170,'ASSOCIATION',1,1,'facility');
insert into dyextn_role (IDENTIFIER,ASSOCIATION_TYPE,MAX_CARDINALITY,MIN_CARDINALITY,NAME) values (171,'ASSOCIATION',100,0,NULL);
insert into dyextn_role (IDENTIFIER,ASSOCIATION_TYPE,MAX_CARDINALITY,MIN_CARDINALITY,NAME) values (172,'ASSOCIATION',1,1,'medicalRecordNumber');
insert into dyextn_role (IDENTIFIER,ASSOCIATION_TYPE,MAX_CARDINALITY,MIN_CARDINALITY,NAME) values (173,'ASSOCIATION',100,0,NULL);
insert into dyextn_role (IDENTIFIER,ASSOCIATION_TYPE,MAX_CARDINALITY,MIN_CARDINALITY,NAME) values (174,'ASSOCIATION',1,1,'facility');
insert into dyextn_role (IDENTIFIER,ASSOCIATION_TYPE,MAX_CARDINALITY,MIN_CARDINALITY,NAME) values (175,'ASSOCIATION',100,0,NULL);
insert into dyextn_role (IDENTIFIER,ASSOCIATION_TYPE,MAX_CARDINALITY,MIN_CARDINALITY,NAME) values (176,'ASSOCIATION',1,1,'resultStatus');
insert into dyextn_role (IDENTIFIER,ASSOCIATION_TYPE,MAX_CARDINALITY,MIN_CARDINALITY,NAME) values (177,'ASSOCIATION',100,0,NULL);
insert into dyextn_role (IDENTIFIER,ASSOCIATION_TYPE,MAX_CARDINALITY,MIN_CARDINALITY,NAME) values (178,'ASSOCIATION',1,0,'normalRange');
insert into dyextn_role (IDENTIFIER,ASSOCIATION_TYPE,MAX_CARDINALITY,MIN_CARDINALITY,NAME) values (179,'ASSOCIATION',100,0,NULL);
insert into dyextn_role (IDENTIFIER,ASSOCIATION_TYPE,MAX_CARDINALITY,MIN_CARDINALITY,NAME) values (180,'ASSOCIATION',1,1,'normalizedResult');
insert into dyextn_role (IDENTIFIER,ASSOCIATION_TYPE,MAX_CARDINALITY,MIN_CARDINALITY,NAME) values (181,'ASSOCIATION',100,0,NULL);
insert into dyextn_role (IDENTIFIER,ASSOCIATION_TYPE,MAX_CARDINALITY,MIN_CARDINALITY,NAME) values (182,'ASSOCIATION',1,1,'sourceResult');
insert into dyextn_role (IDENTIFIER,ASSOCIATION_TYPE,MAX_CARDINALITY,MIN_CARDINALITY,NAME) values (183,'ASSOCIATION',100,0,NULL);
insert into dyextn_role (IDENTIFIER,ASSOCIATION_TYPE,MAX_CARDINALITY,MIN_CARDINALITY,NAME) values (184,'ASSOCIATION',1,0,'resultValue');
insert into dyextn_role (IDENTIFIER,ASSOCIATION_TYPE,MAX_CARDINALITY,MIN_CARDINALITY,NAME) values (185,'ASSOCIATION',100,0,NULL);
insert into dyextn_role (IDENTIFIER,ASSOCIATION_TYPE,MAX_CARDINALITY,MIN_CARDINALITY,NAME) values (186,'ASSOCIATION',100,0,'abnormalFlagCollection');
insert into dyextn_role (IDENTIFIER,ASSOCIATION_TYPE,MAX_CARDINALITY,MIN_CARDINALITY,NAME) values (187,'ASSOCIATION',100,0,NULL);
insert into dyextn_role (IDENTIFIER,ASSOCIATION_TYPE,MAX_CARDINALITY,MIN_CARDINALITY,NAME) values (188,'ASSOCIATION',1,1,'test');
insert into dyextn_role (IDENTIFIER,ASSOCIATION_TYPE,MAX_CARDINALITY,MIN_CARDINALITY,NAME) values (189,'ASSOCIATION',100,0,NULL);
insert into dyextn_role (IDENTIFIER,ASSOCIATION_TYPE,MAX_CARDINALITY,MIN_CARDINALITY,NAME) values (190,'ASSOCIATION',1,1,'procedureStatus');
insert into dyextn_role (IDENTIFIER,ASSOCIATION_TYPE,MAX_CARDINALITY,MIN_CARDINALITY,NAME) values (191,'ASSOCIATION',100,0,NULL);
insert into dyextn_role (IDENTIFIER,ASSOCIATION_TYPE,MAX_CARDINALITY,MIN_CARDINALITY,NAME) values (192,'CONTAINTMENT',1,0,'medicalRecordNumber');
insert into dyextn_role (IDENTIFIER,ASSOCIATION_TYPE,MAX_CARDINALITY,MIN_CARDINALITY,NAME) values (193,'ASSOCIATION',100,0,NULL);
insert into dyextn_role (IDENTIFIER,ASSOCIATION_TYPE,MAX_CARDINALITY,MIN_CARDINALITY,NAME) values (194,'ASSOCIATION',100,0,'procedureId');
insert into dyextn_role (IDENTIFIER,ASSOCIATION_TYPE,MAX_CARDINALITY,MIN_CARDINALITY,NAME) values (195,'ASSOCIATION',100,0,NULL);
insert into dyextn_role (IDENTIFIER,ASSOCIATION_TYPE,MAX_CARDINALITY,MIN_CARDINALITY,NAME) values (196,'ASSOCIATION',100,0,'procedureStatus');
insert into dyextn_role (IDENTIFIER,ASSOCIATION_TYPE,MAX_CARDINALITY,MIN_CARDINALITY,NAME) values (197,'ASSOCIATION',100,0,NULL);
insert into dyextn_role (IDENTIFIER,ASSOCIATION_TYPE,MAX_CARDINALITY,MIN_CARDINALITY,NAME) values (198,'ASSOCIATION',100,0,'laboratoryResultCollection');
insert into dyextn_role (IDENTIFIER,ASSOCIATION_TYPE,MAX_CARDINALITY,MIN_CARDINALITY,NAME) values (199,'ASSOCIATION',100,0,NULL);
insert into dyextn_role (IDENTIFIER,ASSOCIATION_TYPE,MAX_CARDINALITY,MIN_CARDINALITY,NAME) values (200,'ASSOCIATION',1,1,'specimanType');
insert into dyextn_role (IDENTIFIER,ASSOCIATION_TYPE,MAX_CARDINALITY,MIN_CARDINALITY,NAME) values (201,'ASSOCIATION',100,0,NULL);
insert into dyextn_role (IDENTIFIER,ASSOCIATION_TYPE,MAX_CARDINALITY,MIN_CARDINALITY,NAME) values (202,'CONTAINTMENT',1,1,'patientAccountNumber');
insert into dyextn_role (IDENTIFIER,ASSOCIATION_TYPE,MAX_CARDINALITY,MIN_CARDINALITY,NAME) values (203,'ASSOCIATION',1,1,NULL);
insert into dyextn_role (IDENTIFIER,ASSOCIATION_TYPE,MAX_CARDINALITY,MIN_CARDINALITY,NAME) values (204,'CONTAINTMENT',1,1,'performingFacility');
insert into dyextn_role (IDENTIFIER,ASSOCIATION_TYPE,MAX_CARDINALITY,MIN_CARDINALITY,NAME) values (205,'ASSOCIATION',100,0,NULL);
insert into dyextn_role (IDENTIFIER,ASSOCIATION_TYPE,MAX_CARDINALITY,MIN_CARDINALITY,NAME) values (206,'ASSOCIATION',1,1,'procedure');
insert into dyextn_role (IDENTIFIER,ASSOCIATION_TYPE,MAX_CARDINALITY,MIN_CARDINALITY,NAME) values (207,'ASSOCIATION',100,0,NULL);
insert into dyextn_role (IDENTIFIER,ASSOCIATION_TYPE,MAX_CARDINALITY,MIN_CARDINALITY,NAME) values (208,'ASSOCIATION',1,1,'facility');
insert into dyextn_role (IDENTIFIER,ASSOCIATION_TYPE,MAX_CARDINALITY,MIN_CARDINALITY,NAME) values (209,'ASSOCIATION',100,0,NULL);
insert into dyextn_role (IDENTIFIER,ASSOCIATION_TYPE,MAX_CARDINALITY,MIN_CARDINALITY,NAME) values (210,'ASSOCIATION',1,1,'personUpi');
insert into dyextn_role (IDENTIFIER,ASSOCIATION_TYPE,MAX_CARDINALITY,MIN_CARDINALITY,NAME) values (211,'ASSOCIATION',100,0,NULL);
insert into dyextn_role (IDENTIFIER,ASSOCIATION_TYPE,MAX_CARDINALITY,MIN_CARDINALITY,NAME) values (212,'ASSOCIATION',1,1,'application');
insert into dyextn_role (IDENTIFIER,ASSOCIATION_TYPE,MAX_CARDINALITY,MIN_CARDINALITY,NAME) values (213,'ASSOCIATION',100,0,NULL);
insert into dyextn_role (IDENTIFIER,ASSOCIATION_TYPE,MAX_CARDINALITY,MIN_CARDINALITY,NAME) values (214,'ASSOCIATION',100,0,'laboratoryProcedureDetailsColletion');

/*Data for the table dyextn_rule */

insert into dyextn_rule (IDENTIFIER,NAME,IS_IMPLICIT,CATEGORY_ATTR_ID,ATTRIBUTE_ID) values (22,'textLength',0,NULL,79);
insert into dyextn_rule (IDENTIFIER,NAME,IS_IMPLICIT,CATEGORY_ATTR_ID,ATTRIBUTE_ID) values (23,'textLength',0,NULL,80);
insert into dyextn_rule (IDENTIFIER,NAME,IS_IMPLICIT,CATEGORY_ATTR_ID,ATTRIBUTE_ID) values (24,'textLength',0,NULL,81);
insert into dyextn_rule (IDENTIFIER,NAME,IS_IMPLICIT,CATEGORY_ATTR_ID,ATTRIBUTE_ID) values (25,'textLength',0,NULL,85);
insert into dyextn_rule (IDENTIFIER,NAME,IS_IMPLICIT,CATEGORY_ATTR_ID,ATTRIBUTE_ID) values (26,'textLength',0,NULL,86);
insert into dyextn_rule (IDENTIFIER,NAME,IS_IMPLICIT,CATEGORY_ATTR_ID,ATTRIBUTE_ID) values (27,'textLength',0,NULL,28);
insert into dyextn_rule (IDENTIFIER,NAME,IS_IMPLICIT,CATEGORY_ATTR_ID,ATTRIBUTE_ID) values (28,'textLength',0,NULL,29);
insert into dyextn_rule (IDENTIFIER,NAME,IS_IMPLICIT,CATEGORY_ATTR_ID,ATTRIBUTE_ID) values (29,'textLength',0,NULL,30);
insert into dyextn_rule (IDENTIFIER,NAME,IS_IMPLICIT,CATEGORY_ATTR_ID,ATTRIBUTE_ID) values (30,'textLength',0,NULL,31);
insert into dyextn_rule (IDENTIFIER,NAME,IS_IMPLICIT,CATEGORY_ATTR_ID,ATTRIBUTE_ID) values (31,'textLength',0,NULL,32);
insert into dyextn_rule (IDENTIFIER,NAME,IS_IMPLICIT,CATEGORY_ATTR_ID,ATTRIBUTE_ID) values (32,'textLength',0,NULL,33);
insert into dyextn_rule (IDENTIFIER,NAME,IS_IMPLICIT,CATEGORY_ATTR_ID,ATTRIBUTE_ID) values (33,'textLength',0,NULL,34);
insert into dyextn_rule (IDENTIFIER,NAME,IS_IMPLICIT,CATEGORY_ATTR_ID,ATTRIBUTE_ID) values (34,'date',0,NULL,59);
insert into dyextn_rule (IDENTIFIER,NAME,IS_IMPLICIT,CATEGORY_ATTR_ID,ATTRIBUTE_ID) values (35,'date',0,NULL,58);
insert into dyextn_rule (IDENTIFIER,NAME,IS_IMPLICIT,CATEGORY_ATTR_ID,ATTRIBUTE_ID) values (36,'textLength',0,NULL,57);
insert into dyextn_rule (IDENTIFIER,NAME,IS_IMPLICIT,CATEGORY_ATTR_ID,ATTRIBUTE_ID) values (37,'textLength',0,NULL,56);
insert into dyextn_rule (IDENTIFIER,NAME,IS_IMPLICIT,CATEGORY_ATTR_ID,ATTRIBUTE_ID) values (38,'textLength',0,NULL,55);
insert into dyextn_rule (IDENTIFIER,NAME,IS_IMPLICIT,CATEGORY_ATTR_ID,ATTRIBUTE_ID) values (39,'textLength',0,NULL,20);
insert into dyextn_rule (IDENTIFIER,NAME,IS_IMPLICIT,CATEGORY_ATTR_ID,ATTRIBUTE_ID) values (40,'textLength',0,NULL,21);
insert into dyextn_rule (IDENTIFIER,NAME,IS_IMPLICIT,CATEGORY_ATTR_ID,ATTRIBUTE_ID) values (41,'textLength',0,NULL,22);
insert into dyextn_rule (IDENTIFIER,NAME,IS_IMPLICIT,CATEGORY_ATTR_ID,ATTRIBUTE_ID) values (42,'textLength',0,NULL,23);
insert into dyextn_rule (IDENTIFIER,NAME,IS_IMPLICIT,CATEGORY_ATTR_ID,ATTRIBUTE_ID) values (43,'textLength',0,NULL,68);
insert into dyextn_rule (IDENTIFIER,NAME,IS_IMPLICIT,CATEGORY_ATTR_ID,ATTRIBUTE_ID) values (44,'textLength',0,NULL,69);
insert into dyextn_rule (IDENTIFIER,NAME,IS_IMPLICIT,CATEGORY_ATTR_ID,ATTRIBUTE_ID) values (45,'date',0,NULL,53);
insert into dyextn_rule (IDENTIFIER,NAME,IS_IMPLICIT,CATEGORY_ATTR_ID,ATTRIBUTE_ID) values (46,'date',0,NULL,54);
insert into dyextn_rule (IDENTIFIER,NAME,IS_IMPLICIT,CATEGORY_ATTR_ID,ATTRIBUTE_ID) values (47,'textLength',0,NULL,74);
insert into dyextn_rule (IDENTIFIER,NAME,IS_IMPLICIT,CATEGORY_ATTR_ID,ATTRIBUTE_ID) values (48,'textLength',0,NULL,91);
insert into dyextn_rule (IDENTIFIER,NAME,IS_IMPLICIT,CATEGORY_ATTR_ID,ATTRIBUTE_ID) values (49,'number',0,NULL,96);
insert into dyextn_rule (IDENTIFIER,NAME,IS_IMPLICIT,CATEGORY_ATTR_ID,ATTRIBUTE_ID) values (50,'number',0,NULL,97);
insert into dyextn_rule (IDENTIFIER,NAME,IS_IMPLICIT,CATEGORY_ATTR_ID,ATTRIBUTE_ID) values (51,'textLength',0,NULL,98);
insert into dyextn_rule (IDENTIFIER,NAME,IS_IMPLICIT,CATEGORY_ATTR_ID,ATTRIBUTE_ID) values (52,'textLength',0,NULL,115);
insert into dyextn_rule (IDENTIFIER,NAME,IS_IMPLICIT,CATEGORY_ATTR_ID,ATTRIBUTE_ID) values (53,'textLength',0,NULL,116);
insert into dyextn_rule (IDENTIFIER,NAME,IS_IMPLICIT,CATEGORY_ATTR_ID,ATTRIBUTE_ID) values (54,'textLength',0,NULL,117);
insert into dyextn_rule (IDENTIFIER,NAME,IS_IMPLICIT,CATEGORY_ATTR_ID,ATTRIBUTE_ID) values (55,'textLength',0,NULL,118);
insert into dyextn_rule (IDENTIFIER,NAME,IS_IMPLICIT,CATEGORY_ATTR_ID,ATTRIBUTE_ID) values (56,'textLength',0,NULL,119);
insert into dyextn_rule (IDENTIFIER,NAME,IS_IMPLICIT,CATEGORY_ATTR_ID,ATTRIBUTE_ID) values (57,'textLength',0,NULL,120);
insert into dyextn_rule (IDENTIFIER,NAME,IS_IMPLICIT,CATEGORY_ATTR_ID,ATTRIBUTE_ID) values (58,'textLength',0,NULL,121);
insert into dyextn_rule (IDENTIFIER,NAME,IS_IMPLICIT,CATEGORY_ATTR_ID,ATTRIBUTE_ID) values (59,'textLength',0,NULL,122);
insert into dyextn_rule (IDENTIFIER,NAME,IS_IMPLICIT,CATEGORY_ATTR_ID,ATTRIBUTE_ID) values (60,'number',0,NULL,123);
insert into dyextn_rule (IDENTIFIER,NAME,IS_IMPLICIT,CATEGORY_ATTR_ID,ATTRIBUTE_ID) values (61,'textLength',0,NULL,135);
insert into dyextn_rule (IDENTIFIER,NAME,IS_IMPLICIT,CATEGORY_ATTR_ID,ATTRIBUTE_ID) values (62,'textLength',0,NULL,140);
insert into dyextn_rule (IDENTIFIER,NAME,IS_IMPLICIT,CATEGORY_ATTR_ID,ATTRIBUTE_ID) values (63,'textLength',0,NULL,141);
insert into dyextn_rule (IDENTIFIER,NAME,IS_IMPLICIT,CATEGORY_ATTR_ID,ATTRIBUTE_ID) values (64,'date',0,NULL,142);
insert into dyextn_rule (IDENTIFIER,NAME,IS_IMPLICIT,CATEGORY_ATTR_ID,ATTRIBUTE_ID) values (65,'date',0,NULL,143);
insert into dyextn_rule (IDENTIFIER,NAME,IS_IMPLICIT,CATEGORY_ATTR_ID,ATTRIBUTE_ID) values (66,'textLength',0,NULL,144);
insert into dyextn_rule (IDENTIFIER,NAME,IS_IMPLICIT,CATEGORY_ATTR_ID,ATTRIBUTE_ID) values (67,'textLength',0,NULL,145);
insert into dyextn_rule (IDENTIFIER,NAME,IS_IMPLICIT,CATEGORY_ATTR_ID,ATTRIBUTE_ID) values (68,'textLength',0,NULL,154);
insert into dyextn_rule (IDENTIFIER,NAME,IS_IMPLICIT,CATEGORY_ATTR_ID,ATTRIBUTE_ID) values (69,'number',0,NULL,165);
insert into dyextn_rule (IDENTIFIER,NAME,IS_IMPLICIT,CATEGORY_ATTR_ID,ATTRIBUTE_ID) values (70,'date',0,NULL,166);
insert into dyextn_rule (IDENTIFIER,NAME,IS_IMPLICIT,CATEGORY_ATTR_ID,ATTRIBUTE_ID) values (71,'textLength',0,NULL,182);
insert into dyextn_rule (IDENTIFIER,NAME,IS_IMPLICIT,CATEGORY_ATTR_ID,ATTRIBUTE_ID) values (72,'textLength',0,NULL,183);
insert into dyextn_rule (IDENTIFIER,NAME,IS_IMPLICIT,CATEGORY_ATTR_ID,ATTRIBUTE_ID) values (73,'textLength',0,NULL,184);
insert into dyextn_rule (IDENTIFIER,NAME,IS_IMPLICIT,CATEGORY_ATTR_ID,ATTRIBUTE_ID) values (74,'date',0,NULL,185);
insert into dyextn_rule (IDENTIFIER,NAME,IS_IMPLICIT,CATEGORY_ATTR_ID,ATTRIBUTE_ID) values (75,'date',0,NULL,186);
insert into dyextn_rule (IDENTIFIER,NAME,IS_IMPLICIT,CATEGORY_ATTR_ID,ATTRIBUTE_ID) values (76,'number',0,NULL,187);
insert into dyextn_rule (IDENTIFIER,NAME,IS_IMPLICIT,CATEGORY_ATTR_ID,ATTRIBUTE_ID) values (77,'date',0,NULL,188);
insert into dyextn_rule (IDENTIFIER,NAME,IS_IMPLICIT,CATEGORY_ATTR_ID,ATTRIBUTE_ID) values (78,'date',0,NULL,189);
insert into dyextn_rule (IDENTIFIER,NAME,IS_IMPLICIT,CATEGORY_ATTR_ID,ATTRIBUTE_ID) values (79,'number',0,NULL,214);
insert into dyextn_rule (IDENTIFIER,NAME,IS_IMPLICIT,CATEGORY_ATTR_ID,ATTRIBUTE_ID) values (80,'textLength',0,NULL,215);
insert into dyextn_rule (IDENTIFIER,NAME,IS_IMPLICIT,CATEGORY_ATTR_ID,ATTRIBUTE_ID) values (81,'textLength',0,NULL,225);
insert into dyextn_rule (IDENTIFIER,NAME,IS_IMPLICIT,CATEGORY_ATTR_ID,ATTRIBUTE_ID) values (82,'textLength',0,NULL,226);
insert into dyextn_rule (IDENTIFIER,NAME,IS_IMPLICIT,CATEGORY_ATTR_ID,ATTRIBUTE_ID) values (83,'textLength',0,NULL,230);
insert into dyextn_rule (IDENTIFIER,NAME,IS_IMPLICIT,CATEGORY_ATTR_ID,ATTRIBUTE_ID) values (84,'textLength',0,NULL,237);
insert into dyextn_rule (IDENTIFIER,NAME,IS_IMPLICIT,CATEGORY_ATTR_ID,ATTRIBUTE_ID) values (85,'textLength',0,NULL,244);
insert into dyextn_rule (IDENTIFIER,NAME,IS_IMPLICIT,CATEGORY_ATTR_ID,ATTRIBUTE_ID) values (86,'number',0,NULL,245);
insert into dyextn_rule (IDENTIFIER,NAME,IS_IMPLICIT,CATEGORY_ATTR_ID,ATTRIBUTE_ID) values (87,'number',0,NULL,246);
insert into dyextn_rule (IDENTIFIER,NAME,IS_IMPLICIT,CATEGORY_ATTR_ID,ATTRIBUTE_ID) values (88,'textLength',0,NULL,247);
insert into dyextn_rule (IDENTIFIER,NAME,IS_IMPLICIT,CATEGORY_ATTR_ID,ATTRIBUTE_ID) values (89,'date',0,NULL,255);
insert into dyextn_rule (IDENTIFIER,NAME,IS_IMPLICIT,CATEGORY_ATTR_ID,ATTRIBUTE_ID) values (90,'textLength',0,NULL,256);
insert into dyextn_rule (IDENTIFIER,NAME,IS_IMPLICIT,CATEGORY_ATTR_ID,ATTRIBUTE_ID) values (91,'textLength',0,NULL,257);
insert into dyextn_rule (IDENTIFIER,NAME,IS_IMPLICIT,CATEGORY_ATTR_ID,ATTRIBUTE_ID) values (92,'textLength',0,NULL,262);
insert into dyextn_rule (IDENTIFIER,NAME,IS_IMPLICIT,CATEGORY_ATTR_ID,ATTRIBUTE_ID) values (93,'textLength',0,NULL,263);
insert into dyextn_rule (IDENTIFIER,NAME,IS_IMPLICIT,CATEGORY_ATTR_ID,ATTRIBUTE_ID) values (94,'date',0,NULL,268);
insert into dyextn_rule (IDENTIFIER,NAME,IS_IMPLICIT,CATEGORY_ATTR_ID,ATTRIBUTE_ID) values (95,'date',0,NULL,269);
insert into dyextn_rule (IDENTIFIER,NAME,IS_IMPLICIT,CATEGORY_ATTR_ID,ATTRIBUTE_ID) values (96,'number',0,NULL,270);
insert into dyextn_rule (IDENTIFIER,NAME,IS_IMPLICIT,CATEGORY_ATTR_ID,ATTRIBUTE_ID) values (97,'textLength',0,NULL,271);
insert into dyextn_rule (IDENTIFIER,NAME,IS_IMPLICIT,CATEGORY_ATTR_ID,ATTRIBUTE_ID) values (98,'textLength',0,NULL,272);
insert into dyextn_rule (IDENTIFIER,NAME,IS_IMPLICIT,CATEGORY_ATTR_ID,ATTRIBUTE_ID) values (99,'textLength',0,NULL,290);
insert into dyextn_rule (IDENTIFIER,NAME,IS_IMPLICIT,CATEGORY_ATTR_ID,ATTRIBUTE_ID) values (100,'textLength',0,NULL,291);
insert into dyextn_rule (IDENTIFIER,NAME,IS_IMPLICIT,CATEGORY_ATTR_ID,ATTRIBUTE_ID) values (101,'textLength',0,NULL,292);

/*Data for the table dyextn_rule_parameter */

/*Data for the table dyextn_select_control */

insert into dyextn_select_control (IDENTIFIER,SEPARATOR_STRING) values (5,NULL);
insert into dyextn_select_control (IDENTIFIER,SEPARATOR_STRING) values (6,NULL);
insert into dyextn_select_control (IDENTIFIER,SEPARATOR_STRING) values (7,NULL);
insert into dyextn_select_control (IDENTIFIER,SEPARATOR_STRING) values (8,NULL);
insert into dyextn_select_control (IDENTIFIER,SEPARATOR_STRING) values (9,NULL);
insert into dyextn_select_control (IDENTIFIER,SEPARATOR_STRING) values (10,NULL);
insert into dyextn_select_control (IDENTIFIER,SEPARATOR_STRING) values (11,NULL);
insert into dyextn_select_control (IDENTIFIER,SEPARATOR_STRING) values (12,NULL);
insert into dyextn_select_control (IDENTIFIER,SEPARATOR_STRING) values (13,NULL);
insert into dyextn_select_control (IDENTIFIER,SEPARATOR_STRING) values (14,NULL);
insert into dyextn_select_control (IDENTIFIER,SEPARATOR_STRING) values (15,NULL);
insert into dyextn_select_control (IDENTIFIER,SEPARATOR_STRING) values (16,NULL);
insert into dyextn_select_control (IDENTIFIER,SEPARATOR_STRING) values (17,NULL);
insert into dyextn_select_control (IDENTIFIER,SEPARATOR_STRING) values (18,NULL);
insert into dyextn_select_control (IDENTIFIER,SEPARATOR_STRING) values (19,NULL);
insert into dyextn_select_control (IDENTIFIER,SEPARATOR_STRING) values (20,NULL);
insert into dyextn_select_control (IDENTIFIER,SEPARATOR_STRING) values (29,NULL);
insert into dyextn_select_control (IDENTIFIER,SEPARATOR_STRING) values (43,NULL);
insert into dyextn_select_control (IDENTIFIER,SEPARATOR_STRING) values (44,NULL);
insert into dyextn_select_control (IDENTIFIER,SEPARATOR_STRING) values (49,NULL);
insert into dyextn_select_control (IDENTIFIER,SEPARATOR_STRING) values (55,NULL);
insert into dyextn_select_control (IDENTIFIER,SEPARATOR_STRING) values (61,NULL);
insert into dyextn_select_control (IDENTIFIER,SEPARATOR_STRING) values (62,NULL);
insert into dyextn_select_control (IDENTIFIER,SEPARATOR_STRING) values (63,NULL);
insert into dyextn_select_control (IDENTIFIER,SEPARATOR_STRING) values (64,NULL);
insert into dyextn_select_control (IDENTIFIER,SEPARATOR_STRING) values (67,NULL);
insert into dyextn_select_control (IDENTIFIER,SEPARATOR_STRING) values (68,NULL);
insert into dyextn_select_control (IDENTIFIER,SEPARATOR_STRING) values (69,NULL);
insert into dyextn_select_control (IDENTIFIER,SEPARATOR_STRING) values (70,NULL);
insert into dyextn_select_control (IDENTIFIER,SEPARATOR_STRING) values (77,NULL);
insert into dyextn_select_control (IDENTIFIER,SEPARATOR_STRING) values (79,NULL);
insert into dyextn_select_control (IDENTIFIER,SEPARATOR_STRING) values (80,NULL);
insert into dyextn_select_control (IDENTIFIER,SEPARATOR_STRING) values (81,NULL);
insert into dyextn_select_control (IDENTIFIER,SEPARATOR_STRING) values (82,NULL);
insert into dyextn_select_control (IDENTIFIER,SEPARATOR_STRING) values (83,NULL);
insert into dyextn_select_control (IDENTIFIER,SEPARATOR_STRING) values (84,NULL);
insert into dyextn_select_control (IDENTIFIER,SEPARATOR_STRING) values (85,NULL);
insert into dyextn_select_control (IDENTIFIER,SEPARATOR_STRING) values (86,NULL);
insert into dyextn_select_control (IDENTIFIER,SEPARATOR_STRING) values (87,NULL);
insert into dyextn_select_control (IDENTIFIER,SEPARATOR_STRING) values (88,NULL);
insert into dyextn_select_control (IDENTIFIER,SEPARATOR_STRING) values (89,NULL);
insert into dyextn_select_control (IDENTIFIER,SEPARATOR_STRING) values (90,NULL);
insert into dyextn_select_control (IDENTIFIER,SEPARATOR_STRING) values (91,NULL);
insert into dyextn_select_control (IDENTIFIER,SEPARATOR_STRING) values (92,NULL);
insert into dyextn_select_control (IDENTIFIER,SEPARATOR_STRING) values (93,NULL);
insert into dyextn_select_control (IDENTIFIER,SEPARATOR_STRING) values (94,NULL);
insert into dyextn_select_control (IDENTIFIER,SEPARATOR_STRING) values (98,NULL);
insert into dyextn_select_control (IDENTIFIER,SEPARATOR_STRING) values (99,NULL);
insert into dyextn_select_control (IDENTIFIER,SEPARATOR_STRING) values (100,NULL);
insert into dyextn_select_control (IDENTIFIER,SEPARATOR_STRING) values (101,NULL);
insert into dyextn_select_control (IDENTIFIER,SEPARATOR_STRING) values (102,NULL);
insert into dyextn_select_control (IDENTIFIER,SEPARATOR_STRING) values (103,NULL);
insert into dyextn_select_control (IDENTIFIER,SEPARATOR_STRING) values (104,NULL);
insert into dyextn_select_control (IDENTIFIER,SEPARATOR_STRING) values (105,NULL);
insert into dyextn_select_control (IDENTIFIER,SEPARATOR_STRING) values (106,NULL);
insert into dyextn_select_control (IDENTIFIER,SEPARATOR_STRING) values (107,NULL);
insert into dyextn_select_control (IDENTIFIER,SEPARATOR_STRING) values (108,NULL);
insert into dyextn_select_control (IDENTIFIER,SEPARATOR_STRING) values (109,NULL);
insert into dyextn_select_control (IDENTIFIER,SEPARATOR_STRING) values (110,NULL);
insert into dyextn_select_control (IDENTIFIER,SEPARATOR_STRING) values (111,NULL);
insert into dyextn_select_control (IDENTIFIER,SEPARATOR_STRING) values (112,NULL);
insert into dyextn_select_control (IDENTIFIER,SEPARATOR_STRING) values (113,NULL);
insert into dyextn_select_control (IDENTIFIER,SEPARATOR_STRING) values (114,NULL);
insert into dyextn_select_control (IDENTIFIER,SEPARATOR_STRING) values (115,NULL);
insert into dyextn_select_control (IDENTIFIER,SEPARATOR_STRING) values (116,NULL);
insert into dyextn_select_control (IDENTIFIER,SEPARATOR_STRING) values (117,NULL);
insert into dyextn_select_control (IDENTIFIER,SEPARATOR_STRING) values (132,NULL);
insert into dyextn_select_control (IDENTIFIER,SEPARATOR_STRING) values (133,NULL);
insert into dyextn_select_control (IDENTIFIER,SEPARATOR_STRING) values (139,NULL);
insert into dyextn_select_control (IDENTIFIER,SEPARATOR_STRING) values (140,NULL);
insert into dyextn_select_control (IDENTIFIER,SEPARATOR_STRING) values (141,NULL);
insert into dyextn_select_control (IDENTIFIER,SEPARATOR_STRING) values (142,NULL);
insert into dyextn_select_control (IDENTIFIER,SEPARATOR_STRING) values (143,NULL);
insert into dyextn_select_control (IDENTIFIER,SEPARATOR_STRING) values (145,NULL);
insert into dyextn_select_control (IDENTIFIER,SEPARATOR_STRING) values (146,NULL);
insert into dyextn_select_control (IDENTIFIER,SEPARATOR_STRING) values (147,NULL);
insert into dyextn_select_control (IDENTIFIER,SEPARATOR_STRING) values (151,NULL);
insert into dyextn_select_control (IDENTIFIER,SEPARATOR_STRING) values (152,NULL);
insert into dyextn_select_control (IDENTIFIER,SEPARATOR_STRING) values (153,NULL);
insert into dyextn_select_control (IDENTIFIER,SEPARATOR_STRING) values (154,NULL);
insert into dyextn_select_control (IDENTIFIER,SEPARATOR_STRING) values (155,NULL);
insert into dyextn_select_control (IDENTIFIER,SEPARATOR_STRING) values (156,NULL);
insert into dyextn_select_control (IDENTIFIER,SEPARATOR_STRING) values (162,NULL);
insert into dyextn_select_control (IDENTIFIER,SEPARATOR_STRING) values (163,NULL);
insert into dyextn_select_control (IDENTIFIER,SEPARATOR_STRING) values (164,NULL);
insert into dyextn_select_control (IDENTIFIER,SEPARATOR_STRING) values (165,NULL);
insert into dyextn_select_control (IDENTIFIER,SEPARATOR_STRING) values (166,NULL);
insert into dyextn_select_control (IDENTIFIER,SEPARATOR_STRING) values (167,NULL);
insert into dyextn_select_control (IDENTIFIER,SEPARATOR_STRING) values (168,NULL);

/*Data for the table dyextn_semantic_property */

insert into dyextn_semantic_property (IDENTIFIER,CONCEPT_CODE,TERM,THESAURAS_NAME,SEQUENCE_NUMBER,CONCEPT_DEFINITION,ABSTRACT_METADATA_ID,ABSTRACT_VALUE_ID) values (1,' ','defaultTerm','defaultName',1,NULL,27,NULL);
insert into dyextn_semantic_property (IDENTIFIER,CONCEPT_CODE,TERM,THESAURAS_NAME,SEQUENCE_NUMBER,CONCEPT_DEFINITION,ABSTRACT_METADATA_ID,ABSTRACT_VALUE_ID) values (2,' ','defaultTerm','defaultName',1,NULL,28,NULL);
insert into dyextn_semantic_property (IDENTIFIER,CONCEPT_CODE,TERM,THESAURAS_NAME,SEQUENCE_NUMBER,CONCEPT_DEFINITION,ABSTRACT_METADATA_ID,ABSTRACT_VALUE_ID) values (3,' ','defaultTerm','defaultName',1,NULL,29,NULL);
insert into dyextn_semantic_property (IDENTIFIER,CONCEPT_CODE,TERM,THESAURAS_NAME,SEQUENCE_NUMBER,CONCEPT_DEFINITION,ABSTRACT_METADATA_ID,ABSTRACT_VALUE_ID) values (4,' ','defaultTerm','defaultName',1,NULL,30,NULL);
insert into dyextn_semantic_property (IDENTIFIER,CONCEPT_CODE,TERM,THESAURAS_NAME,SEQUENCE_NUMBER,CONCEPT_DEFINITION,ABSTRACT_METADATA_ID,ABSTRACT_VALUE_ID) values (5,' ','defaultTerm','defaultName',1,NULL,31,NULL);
insert into dyextn_semantic_property (IDENTIFIER,CONCEPT_CODE,TERM,THESAURAS_NAME,SEQUENCE_NUMBER,CONCEPT_DEFINITION,ABSTRACT_METADATA_ID,ABSTRACT_VALUE_ID) values (6,' ','defaultTerm','defaultName',1,NULL,32,NULL);
insert into dyextn_semantic_property (IDENTIFIER,CONCEPT_CODE,TERM,THESAURAS_NAME,SEQUENCE_NUMBER,CONCEPT_DEFINITION,ABSTRACT_METADATA_ID,ABSTRACT_VALUE_ID) values (7,' ','defaultTerm','defaultName',1,NULL,33,NULL);
insert into dyextn_semantic_property (IDENTIFIER,CONCEPT_CODE,TERM,THESAURAS_NAME,SEQUENCE_NUMBER,CONCEPT_DEFINITION,ABSTRACT_METADATA_ID,ABSTRACT_VALUE_ID) values (8,' ','defaultTerm','defaultName',1,NULL,34,NULL);
insert into dyextn_semantic_property (IDENTIFIER,CONCEPT_CODE,TERM,THESAURAS_NAME,SEQUENCE_NUMBER,CONCEPT_DEFINITION,ABSTRACT_METADATA_ID,ABSTRACT_VALUE_ID) values (9,' ','defaultTerm','defaultName',1,NULL,36,NULL);
insert into dyextn_semantic_property (IDENTIFIER,CONCEPT_CODE,TERM,THESAURAS_NAME,SEQUENCE_NUMBER,CONCEPT_DEFINITION,ABSTRACT_METADATA_ID,ABSTRACT_VALUE_ID) values (10,' ','defaultTerm','defaultName',1,NULL,37,NULL);
insert into dyextn_semantic_property (IDENTIFIER,CONCEPT_CODE,TERM,THESAURAS_NAME,SEQUENCE_NUMBER,CONCEPT_DEFINITION,ABSTRACT_METADATA_ID,ABSTRACT_VALUE_ID) values (11,' ','defaultTerm','defaultName',1,NULL,59,NULL);
insert into dyextn_semantic_property (IDENTIFIER,CONCEPT_CODE,TERM,THESAURAS_NAME,SEQUENCE_NUMBER,CONCEPT_DEFINITION,ABSTRACT_METADATA_ID,ABSTRACT_VALUE_ID) values (12,' ','defaultTerm','defaultName',1,NULL,58,NULL);
insert into dyextn_semantic_property (IDENTIFIER,CONCEPT_CODE,TERM,THESAURAS_NAME,SEQUENCE_NUMBER,CONCEPT_DEFINITION,ABSTRACT_METADATA_ID,ABSTRACT_VALUE_ID) values (13,' ','defaultTerm','defaultName',1,NULL,57,NULL);
insert into dyextn_semantic_property (IDENTIFIER,CONCEPT_CODE,TERM,THESAURAS_NAME,SEQUENCE_NUMBER,CONCEPT_DEFINITION,ABSTRACT_METADATA_ID,ABSTRACT_VALUE_ID) values (14,' ','defaultTerm','defaultName',1,NULL,56,NULL);
insert into dyextn_semantic_property (IDENTIFIER,CONCEPT_CODE,TERM,THESAURAS_NAME,SEQUENCE_NUMBER,CONCEPT_DEFINITION,ABSTRACT_METADATA_ID,ABSTRACT_VALUE_ID) values (15,' ','defaultTerm','defaultName',1,NULL,55,NULL);
insert into dyextn_semantic_property (IDENTIFIER,CONCEPT_CODE,TERM,THESAURAS_NAME,SEQUENCE_NUMBER,CONCEPT_DEFINITION,ABSTRACT_METADATA_ID,ABSTRACT_VALUE_ID) values (16,' ','defaultTerm','defaultName',1,NULL,14,NULL);
insert into dyextn_semantic_property (IDENTIFIER,CONCEPT_CODE,TERM,THESAURAS_NAME,SEQUENCE_NUMBER,CONCEPT_DEFINITION,ABSTRACT_METADATA_ID,ABSTRACT_VALUE_ID) values (17,' ','defaultTerm','defaultName',1,NULL,4,NULL);
insert into dyextn_semantic_property (IDENTIFIER,CONCEPT_CODE,TERM,THESAURAS_NAME,SEQUENCE_NUMBER,CONCEPT_DEFINITION,ABSTRACT_METADATA_ID,ABSTRACT_VALUE_ID) values (18,' ','defaultTerm','defaultName',1,NULL,12,NULL);
insert into dyextn_semantic_property (IDENTIFIER,CONCEPT_CODE,TERM,THESAURAS_NAME,SEQUENCE_NUMBER,CONCEPT_DEFINITION,ABSTRACT_METADATA_ID,ABSTRACT_VALUE_ID) values (19,' ','defaultTerm','defaultName',1,NULL,17,NULL);
insert into dyextn_semantic_property (IDENTIFIER,CONCEPT_CODE,TERM,THESAURAS_NAME,SEQUENCE_NUMBER,CONCEPT_DEFINITION,ABSTRACT_METADATA_ID,ABSTRACT_VALUE_ID) values (20,' ','defaultTerm','defaultName',1,NULL,20,NULL);
insert into dyextn_semantic_property (IDENTIFIER,CONCEPT_CODE,TERM,THESAURAS_NAME,SEQUENCE_NUMBER,CONCEPT_DEFINITION,ABSTRACT_METADATA_ID,ABSTRACT_VALUE_ID) values (21,' ','defaultTerm','defaultName',1,NULL,21,NULL);
insert into dyextn_semantic_property (IDENTIFIER,CONCEPT_CODE,TERM,THESAURAS_NAME,SEQUENCE_NUMBER,CONCEPT_DEFINITION,ABSTRACT_METADATA_ID,ABSTRACT_VALUE_ID) values (22,' ','defaultTerm','defaultName',1,NULL,22,NULL);
insert into dyextn_semantic_property (IDENTIFIER,CONCEPT_CODE,TERM,THESAURAS_NAME,SEQUENCE_NUMBER,CONCEPT_DEFINITION,ABSTRACT_METADATA_ID,ABSTRACT_VALUE_ID) values (23,' ','defaultTerm','defaultName',1,NULL,23,NULL);
insert into dyextn_semantic_property (IDENTIFIER,CONCEPT_CODE,TERM,THESAURAS_NAME,SEQUENCE_NUMBER,CONCEPT_DEFINITION,ABSTRACT_METADATA_ID,ABSTRACT_VALUE_ID) values (24,' ','defaultTerm','defaultName',1,NULL,67,NULL);
insert into dyextn_semantic_property (IDENTIFIER,CONCEPT_CODE,TERM,THESAURAS_NAME,SEQUENCE_NUMBER,CONCEPT_DEFINITION,ABSTRACT_METADATA_ID,ABSTRACT_VALUE_ID) values (25,' ','defaultTerm','defaultName',1,NULL,68,NULL);
insert into dyextn_semantic_property (IDENTIFIER,CONCEPT_CODE,TERM,THESAURAS_NAME,SEQUENCE_NUMBER,CONCEPT_DEFINITION,ABSTRACT_METADATA_ID,ABSTRACT_VALUE_ID) values (26,' ','defaultTerm','defaultName',1,NULL,69,NULL);
insert into dyextn_semantic_property (IDENTIFIER,CONCEPT_CODE,TERM,THESAURAS_NAME,SEQUENCE_NUMBER,CONCEPT_DEFINITION,ABSTRACT_METADATA_ID,ABSTRACT_VALUE_ID) values (27,' ','defaultTerm','defaultName',1,NULL,61,NULL);
insert into dyextn_semantic_property (IDENTIFIER,CONCEPT_CODE,TERM,THESAURAS_NAME,SEQUENCE_NUMBER,CONCEPT_DEFINITION,ABSTRACT_METADATA_ID,ABSTRACT_VALUE_ID) values (28,' ','defaultTerm','defaultName',1,NULL,8,NULL);
insert into dyextn_semantic_property (IDENTIFIER,CONCEPT_CODE,TERM,THESAURAS_NAME,SEQUENCE_NUMBER,CONCEPT_DEFINITION,ABSTRACT_METADATA_ID,ABSTRACT_VALUE_ID) values (29,' ','defaultTerm','defaultName',1,NULL,10,NULL);
insert into dyextn_semantic_property (IDENTIFIER,CONCEPT_CODE,TERM,THESAURAS_NAME,SEQUENCE_NUMBER,CONCEPT_DEFINITION,ABSTRACT_METADATA_ID,ABSTRACT_VALUE_ID) values (30,' ','defaultTerm','defaultName',1,NULL,39,NULL);
insert into dyextn_semantic_property (IDENTIFIER,CONCEPT_CODE,TERM,THESAURAS_NAME,SEQUENCE_NUMBER,CONCEPT_DEFINITION,ABSTRACT_METADATA_ID,ABSTRACT_VALUE_ID) values (31,' ','defaultTerm','defaultName',1,NULL,42,NULL);
insert into dyextn_semantic_property (IDENTIFIER,CONCEPT_CODE,TERM,THESAURAS_NAME,SEQUENCE_NUMBER,CONCEPT_DEFINITION,ABSTRACT_METADATA_ID,ABSTRACT_VALUE_ID) values (32,' ','defaultTerm','defaultName',1,NULL,45,NULL);
insert into dyextn_semantic_property (IDENTIFIER,CONCEPT_CODE,TERM,THESAURAS_NAME,SEQUENCE_NUMBER,CONCEPT_DEFINITION,ABSTRACT_METADATA_ID,ABSTRACT_VALUE_ID) values (33,' ','defaultTerm','defaultName',1,NULL,48,NULL);
insert into dyextn_semantic_property (IDENTIFIER,CONCEPT_CODE,TERM,THESAURAS_NAME,SEQUENCE_NUMBER,CONCEPT_DEFINITION,ABSTRACT_METADATA_ID,ABSTRACT_VALUE_ID) values (34,' ','defaultTerm','defaultName',1,NULL,25,NULL);
insert into dyextn_semantic_property (IDENTIFIER,CONCEPT_CODE,TERM,THESAURAS_NAME,SEQUENCE_NUMBER,CONCEPT_DEFINITION,ABSTRACT_METADATA_ID,ABSTRACT_VALUE_ID) values (35,' ','defaultTerm','defaultName',1,NULL,53,NULL);
insert into dyextn_semantic_property (IDENTIFIER,CONCEPT_CODE,TERM,THESAURAS_NAME,SEQUENCE_NUMBER,CONCEPT_DEFINITION,ABSTRACT_METADATA_ID,ABSTRACT_VALUE_ID) values (36,' ','defaultTerm','defaultName',1,NULL,54,NULL);
insert into dyextn_semantic_property (IDENTIFIER,CONCEPT_CODE,TERM,THESAURAS_NAME,SEQUENCE_NUMBER,CONCEPT_DEFINITION,ABSTRACT_METADATA_ID,ABSTRACT_VALUE_ID) values (37,' ','defaultTerm','defaultName',1,NULL,74,NULL);
insert into dyextn_semantic_property (IDENTIFIER,CONCEPT_CODE,TERM,THESAURAS_NAME,SEQUENCE_NUMBER,CONCEPT_DEFINITION,ABSTRACT_METADATA_ID,ABSTRACT_VALUE_ID) values (38,' ','defaultTerm','defaultName',1,NULL,76,NULL);
insert into dyextn_semantic_property (IDENTIFIER,CONCEPT_CODE,TERM,THESAURAS_NAME,SEQUENCE_NUMBER,CONCEPT_DEFINITION,ABSTRACT_METADATA_ID,ABSTRACT_VALUE_ID) values (39,' ','defaultTerm','defaultName',1,NULL,2,NULL);
insert into dyextn_semantic_property (IDENTIFIER,CONCEPT_CODE,TERM,THESAURAS_NAME,SEQUENCE_NUMBER,CONCEPT_DEFINITION,ABSTRACT_METADATA_ID,ABSTRACT_VALUE_ID) values (40,' ','defaultTerm','defaultName',1,NULL,6,NULL);

/*Data for the table dyextn_short_concept_value */

/*Data for the table dyextn_short_type_info */

/*Data for the table dyextn_sql_audit */

/*Data for the table dyextn_string_concept_value */

insert into dyextn_string_concept_value (IDENTIFIER,VALUE) values (22,'');
insert into dyextn_string_concept_value (IDENTIFIER,VALUE) values (23,'');
insert into dyextn_string_concept_value (IDENTIFIER,VALUE) values (24,'');
insert into dyextn_string_concept_value (IDENTIFIER,VALUE) values (25,'');
insert into dyextn_string_concept_value (IDENTIFIER,VALUE) values (26,'');
insert into dyextn_string_concept_value (IDENTIFIER,VALUE) values (27,'');
insert into dyextn_string_concept_value (IDENTIFIER,VALUE) values (28,'');
insert into dyextn_string_concept_value (IDENTIFIER,VALUE) values (29,'');
insert into dyextn_string_concept_value (IDENTIFIER,VALUE) values (30,'');
insert into dyextn_string_concept_value (IDENTIFIER,VALUE) values (31,'');
insert into dyextn_string_concept_value (IDENTIFIER,VALUE) values (32,'');
insert into dyextn_string_concept_value (IDENTIFIER,VALUE) values (33,'');
insert into dyextn_string_concept_value (IDENTIFIER,VALUE) values (36,'');
insert into dyextn_string_concept_value (IDENTIFIER,VALUE) values (37,'');
insert into dyextn_string_concept_value (IDENTIFIER,VALUE) values (38,'');
insert into dyextn_string_concept_value (IDENTIFIER,VALUE) values (39,'');
insert into dyextn_string_concept_value (IDENTIFIER,VALUE) values (40,'');
insert into dyextn_string_concept_value (IDENTIFIER,VALUE) values (41,'');
insert into dyextn_string_concept_value (IDENTIFIER,VALUE) values (42,'');
insert into dyextn_string_concept_value (IDENTIFIER,VALUE) values (43,'');
insert into dyextn_string_concept_value (IDENTIFIER,VALUE) values (44,'');
insert into dyextn_string_concept_value (IDENTIFIER,VALUE) values (47,'');
insert into dyextn_string_concept_value (IDENTIFIER,VALUE) values (48,'');
insert into dyextn_string_concept_value (IDENTIFIER,VALUE) values (49,'');
insert into dyextn_string_concept_value (IDENTIFIER,VALUE) values (50,'');
insert into dyextn_string_concept_value (IDENTIFIER,VALUE) values (51,'');
insert into dyextn_string_concept_value (IDENTIFIER,VALUE) values (52,'');
insert into dyextn_string_concept_value (IDENTIFIER,VALUE) values (53,'');
insert into dyextn_string_concept_value (IDENTIFIER,VALUE) values (54,'');
insert into dyextn_string_concept_value (IDENTIFIER,VALUE) values (55,'');
insert into dyextn_string_concept_value (IDENTIFIER,VALUE) values (56,'');
insert into dyextn_string_concept_value (IDENTIFIER,VALUE) values (57,'');
insert into dyextn_string_concept_value (IDENTIFIER,VALUE) values (58,'');
insert into dyextn_string_concept_value (IDENTIFIER,VALUE) values (59,'');
insert into dyextn_string_concept_value (IDENTIFIER,VALUE) values (60,'');
insert into dyextn_string_concept_value (IDENTIFIER,VALUE) values (63,'');
insert into dyextn_string_concept_value (IDENTIFIER,VALUE) values (64,'');
insert into dyextn_string_concept_value (IDENTIFIER,VALUE) values (65,'');
insert into dyextn_string_concept_value (IDENTIFIER,VALUE) values (67,'');
insert into dyextn_string_concept_value (IDENTIFIER,VALUE) values (68,'');
insert into dyextn_string_concept_value (IDENTIFIER,VALUE) values (69,'');
insert into dyextn_string_concept_value (IDENTIFIER,VALUE) values (74,'');
insert into dyextn_string_concept_value (IDENTIFIER,VALUE) values (75,'');
insert into dyextn_string_concept_value (IDENTIFIER,VALUE) values (76,'');
insert into dyextn_string_concept_value (IDENTIFIER,VALUE) values (77,'');
insert into dyextn_string_concept_value (IDENTIFIER,VALUE) values (78,'');
insert into dyextn_string_concept_value (IDENTIFIER,VALUE) values (79,'');
insert into dyextn_string_concept_value (IDENTIFIER,VALUE) values (80,'');
insert into dyextn_string_concept_value (IDENTIFIER,VALUE) values (82,'');
insert into dyextn_string_concept_value (IDENTIFIER,VALUE) values (83,'');
insert into dyextn_string_concept_value (IDENTIFIER,VALUE) values (84,'');
insert into dyextn_string_concept_value (IDENTIFIER,VALUE) values (85,'');
insert into dyextn_string_concept_value (IDENTIFIER,VALUE) values (88,'');
insert into dyextn_string_concept_value (IDENTIFIER,VALUE) values (89,'');
insert into dyextn_string_concept_value (IDENTIFIER,VALUE) values (90,'');
insert into dyextn_string_concept_value (IDENTIFIER,VALUE) values (91,'');
insert into dyextn_string_concept_value (IDENTIFIER,VALUE) values (92,'');

/*Data for the table dyextn_string_type_info */

insert into dyextn_string_type_info (IDENTIFIER,MAX_SIZE) values (8,255);
insert into dyextn_string_type_info (IDENTIFIER,MAX_SIZE) values (9,255);
insert into dyextn_string_type_info (IDENTIFIER,MAX_SIZE) values (10,255);
insert into dyextn_string_type_info (IDENTIFIER,MAX_SIZE) values (11,255);
insert into dyextn_string_type_info (IDENTIFIER,MAX_SIZE) values (14,255);
insert into dyextn_string_type_info (IDENTIFIER,MAX_SIZE) values (15,255);
insert into dyextn_string_type_info (IDENTIFIER,MAX_SIZE) values (16,255);
insert into dyextn_string_type_info (IDENTIFIER,MAX_SIZE) values (17,255);
insert into dyextn_string_type_info (IDENTIFIER,MAX_SIZE) values (18,255);
insert into dyextn_string_type_info (IDENTIFIER,MAX_SIZE) values (19,255);
insert into dyextn_string_type_info (IDENTIFIER,MAX_SIZE) values (20,255);
insert into dyextn_string_type_info (IDENTIFIER,MAX_SIZE) values (29,255);
insert into dyextn_string_type_info (IDENTIFIER,MAX_SIZE) values (30,255);
insert into dyextn_string_type_info (IDENTIFIER,MAX_SIZE) values (31,255);
insert into dyextn_string_type_info (IDENTIFIER,MAX_SIZE) values (35,255);
insert into dyextn_string_type_info (IDENTIFIER,MAX_SIZE) values (36,255);
insert into dyextn_string_type_info (IDENTIFIER,MAX_SIZE) values (38,255);
insert into dyextn_string_type_info (IDENTIFIER,MAX_SIZE) values (41,255);
insert into dyextn_string_type_info (IDENTIFIER,MAX_SIZE) values (42,255);
insert into dyextn_string_type_info (IDENTIFIER,MAX_SIZE) values (43,255);
insert into dyextn_string_type_info (IDENTIFIER,MAX_SIZE) values (45,255);
insert into dyextn_string_type_info (IDENTIFIER,MAX_SIZE) values (46,255);
insert into dyextn_string_type_info (IDENTIFIER,MAX_SIZE) values (48,255);
insert into dyextn_string_type_info (IDENTIFIER,MAX_SIZE) values (53,255);
insert into dyextn_string_type_info (IDENTIFIER,MAX_SIZE) values (61,255);
insert into dyextn_string_type_info (IDENTIFIER,MAX_SIZE) values (62,255);
insert into dyextn_string_type_info (IDENTIFIER,MAX_SIZE) values (63,255);
insert into dyextn_string_type_info (IDENTIFIER,MAX_SIZE) values (64,255);
insert into dyextn_string_type_info (IDENTIFIER,MAX_SIZE) values (65,255);
insert into dyextn_string_type_info (IDENTIFIER,MAX_SIZE) values (66,255);
insert into dyextn_string_type_info (IDENTIFIER,MAX_SIZE) values (67,255);
insert into dyextn_string_type_info (IDENTIFIER,MAX_SIZE) values (68,255);
insert into dyextn_string_type_info (IDENTIFIER,MAX_SIZE) values (71,255);
insert into dyextn_string_type_info (IDENTIFIER,MAX_SIZE) values (73,255);
insert into dyextn_string_type_info (IDENTIFIER,MAX_SIZE) values (74,255);
insert into dyextn_string_type_info (IDENTIFIER,MAX_SIZE) values (77,255);
insert into dyextn_string_type_info (IDENTIFIER,MAX_SIZE) values (78,255);
insert into dyextn_string_type_info (IDENTIFIER,MAX_SIZE) values (81,255);
insert into dyextn_string_type_info (IDENTIFIER,MAX_SIZE) values (90,255);
insert into dyextn_string_type_info (IDENTIFIER,MAX_SIZE) values (91,255);
insert into dyextn_string_type_info (IDENTIFIER,MAX_SIZE) values (92,255);
insert into dyextn_string_type_info (IDENTIFIER,MAX_SIZE) values (104,255);
insert into dyextn_string_type_info (IDENTIFIER,MAX_SIZE) values (107,255);
insert into dyextn_string_type_info (IDENTIFIER,MAX_SIZE) values (108,255);
insert into dyextn_string_type_info (IDENTIFIER,MAX_SIZE) values (110,255);
insert into dyextn_string_type_info (IDENTIFIER,MAX_SIZE) values (114,255);
insert into dyextn_string_type_info (IDENTIFIER,MAX_SIZE) values (116,255);
insert into dyextn_string_type_info (IDENTIFIER,MAX_SIZE) values (119,255);
insert into dyextn_string_type_info (IDENTIFIER,MAX_SIZE) values (123,255);
insert into dyextn_string_type_info (IDENTIFIER,MAX_SIZE) values (124,255);
insert into dyextn_string_type_info (IDENTIFIER,MAX_SIZE) values (127,255);
insert into dyextn_string_type_info (IDENTIFIER,MAX_SIZE) values (128,255);
insert into dyextn_string_type_info (IDENTIFIER,MAX_SIZE) values (134,255);
insert into dyextn_string_type_info (IDENTIFIER,MAX_SIZE) values (135,255);
insert into dyextn_string_type_info (IDENTIFIER,MAX_SIZE) values (138,255);
insert into dyextn_string_type_info (IDENTIFIER,MAX_SIZE) values (139,255);
insert into dyextn_string_type_info (IDENTIFIER,MAX_SIZE) values (140,255);

/*Data for the table dyextn_table_properties */

insert into dyextn_table_properties (IDENTIFIER,CONSTRAINT_NAME,ABSTRACT_ENTITY_ID) values (1,'CONSRT_95',2);
insert into dyextn_table_properties (IDENTIFIER,CONSTRAINT_NAME,ABSTRACT_ENTITY_ID) values (3,'CONSRT_91',4);
insert into dyextn_table_properties (IDENTIFIER,CONSTRAINT_NAME,ABSTRACT_ENTITY_ID) values (5,'CONSRT_87',6);
insert into dyextn_table_properties (IDENTIFIER,CONSTRAINT_NAME,ABSTRACT_ENTITY_ID) values (7,'CONSRT_83',8);
insert into dyextn_table_properties (IDENTIFIER,CONSTRAINT_NAME,ABSTRACT_ENTITY_ID) values (9,'CONSRT_79',10);
insert into dyextn_table_properties (IDENTIFIER,CONSTRAINT_NAME,ABSTRACT_ENTITY_ID) values (11,'CONSRT_75',12);
insert into dyextn_table_properties (IDENTIFIER,CONSTRAINT_NAME,ABSTRACT_ENTITY_ID) values (13,'CONSRT_2',14);
insert into dyextn_table_properties (IDENTIFIER,CONSTRAINT_NAME,ABSTRACT_ENTITY_ID) values (16,'CONSRT_63',17);
insert into dyextn_table_properties (IDENTIFIER,CONSTRAINT_NAME,ABSTRACT_ENTITY_ID) values (24,'CONSRT_10',25);
insert into dyextn_table_properties (IDENTIFIER,CONSTRAINT_NAME,ABSTRACT_ENTITY_ID) values (26,'CONSRT_14',27);
insert into dyextn_table_properties (IDENTIFIER,CONSTRAINT_NAME,ABSTRACT_ENTITY_ID) values (35,'CONSRT_25',36);
insert into dyextn_table_properties (IDENTIFIER,CONSTRAINT_NAME,ABSTRACT_ENTITY_ID) values (36,'CONSRT_40',37);
insert into dyextn_table_properties (IDENTIFIER,CONSTRAINT_NAME,ABSTRACT_ENTITY_ID) values (38,'CONSRT_71',39);
insert into dyextn_table_properties (IDENTIFIER,CONSTRAINT_NAME,ABSTRACT_ENTITY_ID) values (41,'CONSRT_67',42);
insert into dyextn_table_properties (IDENTIFIER,CONSTRAINT_NAME,ABSTRACT_ENTITY_ID) values (44,'CONSRT_59',45);
insert into dyextn_table_properties (IDENTIFIER,CONSTRAINT_NAME,ABSTRACT_ENTITY_ID) values (47,'CONSRT_51',48);
insert into dyextn_table_properties (IDENTIFIER,CONSTRAINT_NAME,ABSTRACT_ENTITY_ID) values (60,'CONSRT_30',61);
insert into dyextn_table_properties (IDENTIFIER,CONSTRAINT_NAME,ABSTRACT_ENTITY_ID) values (66,'CONSRT_34',67);
insert into dyextn_table_properties (IDENTIFIER,CONSTRAINT_NAME,ABSTRACT_ENTITY_ID) values (75,'CONSRT_55',76);
insert into dyextn_table_properties (IDENTIFIER,CONSTRAINT_NAME,ABSTRACT_ENTITY_ID) values (77,'CONSRT_456',78);
insert into dyextn_table_properties (IDENTIFIER,CONSTRAINT_NAME,ABSTRACT_ENTITY_ID) values (82,'CONSRT_451',83);
insert into dyextn_table_properties (IDENTIFIER,CONSTRAINT_NAME,ABSTRACT_ENTITY_ID) values (83,'CONSRT_244',84);
insert into dyextn_table_properties (IDENTIFIER,CONSTRAINT_NAME,ABSTRACT_ENTITY_ID) values (92,'CONSRT_447',93);
insert into dyextn_table_properties (IDENTIFIER,CONSTRAINT_NAME,ABSTRACT_ENTITY_ID) values (94,'CONSRT_440',95);
insert into dyextn_table_properties (IDENTIFIER,CONSTRAINT_NAME,ABSTRACT_ENTITY_ID) values (99,'CONSRT_436',100);
insert into dyextn_table_properties (IDENTIFIER,CONSTRAINT_NAME,ABSTRACT_ENTITY_ID) values (101,'CONSRT_432',102);
insert into dyextn_table_properties (IDENTIFIER,CONSTRAINT_NAME,ABSTRACT_ENTITY_ID) values (103,'CONSRT_428',104);
insert into dyextn_table_properties (IDENTIFIER,CONSTRAINT_NAME,ABSTRACT_ENTITY_ID) values (105,'CONSRT_424',106);
insert into dyextn_table_properties (IDENTIFIER,CONSTRAINT_NAME,ABSTRACT_ENTITY_ID) values (107,'CONSRT_420',108);
insert into dyextn_table_properties (IDENTIFIER,CONSTRAINT_NAME,ABSTRACT_ENTITY_ID) values (109,'CONSRT_416',110);
insert into dyextn_table_properties (IDENTIFIER,CONSTRAINT_NAME,ABSTRACT_ENTITY_ID) values (111,'CONSRT_403',112);
insert into dyextn_table_properties (IDENTIFIER,CONSTRAINT_NAME,ABSTRACT_ENTITY_ID) values (124,'CONSRT_398',125);
insert into dyextn_table_properties (IDENTIFIER,CONSTRAINT_NAME,ABSTRACT_ENTITY_ID) values (125,'CONSRT_232',126);
insert into dyextn_table_properties (IDENTIFIER,CONSTRAINT_NAME,ABSTRACT_ENTITY_ID) values (133,'CONSRT_393',134);
insert into dyextn_table_properties (IDENTIFIER,CONSTRAINT_NAME,ABSTRACT_ENTITY_ID) values (137,'CONSRT_379',138);
insert into dyextn_table_properties (IDENTIFIER,CONSTRAINT_NAME,ABSTRACT_ENTITY_ID) values (147,'CONSRT_375',148);
insert into dyextn_table_properties (IDENTIFIER,CONSTRAINT_NAME,ABSTRACT_ENTITY_ID) values (151,'CONSRT_370',152);
insert into dyextn_table_properties (IDENTIFIER,CONSTRAINT_NAME,ABSTRACT_ENTITY_ID) values (156,'CONSRT_360',157);
insert into dyextn_table_properties (IDENTIFIER,CONSTRAINT_NAME,ABSTRACT_ENTITY_ID) values (159,'CONSRT_366',160);
insert into dyextn_table_properties (IDENTIFIER,CONSTRAINT_NAME,ABSTRACT_ENTITY_ID) values (168,'CONSRT_356',169);
insert into dyextn_table_properties (IDENTIFIER,CONSTRAINT_NAME,ABSTRACT_ENTITY_ID) values (171,'CONSRT_352',172);
insert into dyextn_table_properties (IDENTIFIER,CONSTRAINT_NAME,ABSTRACT_ENTITY_ID) values (174,'CONSRT_292',175);
insert into dyextn_table_properties (IDENTIFIER,CONSTRAINT_NAME,ABSTRACT_ENTITY_ID) values (198,'CONSRT_254',199);
insert into dyextn_table_properties (IDENTIFIER,CONSTRAINT_NAME,ABSTRACT_ENTITY_ID) values (201,'CONSRT_258',202);
insert into dyextn_table_properties (IDENTIFIER,CONSTRAINT_NAME,ABSTRACT_ENTITY_ID) values (204,'CONSRT_262',205);
insert into dyextn_table_properties (IDENTIFIER,CONSTRAINT_NAME,ABSTRACT_ENTITY_ID) values (205,'CONSRT_302',206);
insert into dyextn_table_properties (IDENTIFIER,CONSTRAINT_NAME,ABSTRACT_ENTITY_ID) values (208,'CONSRT_288',209);
insert into dyextn_table_properties (IDENTIFIER,CONSTRAINT_NAME,ABSTRACT_ENTITY_ID) values (217,'CONSRT_272',218);
insert into dyextn_table_properties (IDENTIFIER,CONSTRAINT_NAME,ABSTRACT_ENTITY_ID) values (222,'CONSRT_296',223);
insert into dyextn_table_properties (IDENTIFIER,CONSTRAINT_NAME,ABSTRACT_ENTITY_ID) values (231,'CONSRT_250',232);
insert into dyextn_table_properties (IDENTIFIER,CONSTRAINT_NAME,ABSTRACT_ENTITY_ID) values (233,'CONSRT_268',234);
insert into dyextn_table_properties (IDENTIFIER,CONSTRAINT_NAME,ABSTRACT_ENTITY_ID) values (235,'CONSRT_276',236);
insert into dyextn_table_properties (IDENTIFIER,CONSTRAINT_NAME,ABSTRACT_ENTITY_ID) values (238,'CONSRT_281',239);
insert into dyextn_table_properties (IDENTIFIER,CONSTRAINT_NAME,ABSTRACT_ENTITY_ID) values (240,'CONSRT_337',241);
insert into dyextn_table_properties (IDENTIFIER,CONSTRAINT_NAME,ABSTRACT_ENTITY_ID) values (241,'CONSRT_306',242);
insert into dyextn_table_properties (IDENTIFIER,CONSTRAINT_NAME,ABSTRACT_ENTITY_ID) values (258,'CONSRT_314',259);
insert into dyextn_table_properties (IDENTIFIER,CONSTRAINT_NAME,ABSTRACT_ENTITY_ID) values (260,'CONSRT_318',261);
insert into dyextn_table_properties (IDENTIFIER,CONSTRAINT_NAME,ABSTRACT_ENTITY_ID) values (264,'CONSRT_324',265);
insert into dyextn_table_properties (IDENTIFIER,CONSTRAINT_NAME,ABSTRACT_ENTITY_ID) values (276,'CONSRT_333',277);
insert into dyextn_table_properties (IDENTIFIER,CONSTRAINT_NAME,ABSTRACT_ENTITY_ID) values (281,'CONSRT_341',282);
insert into dyextn_table_properties (IDENTIFIER,CONSTRAINT_NAME,ABSTRACT_ENTITY_ID) values (283,'CONSRT_345',284);
insert into dyextn_table_properties (IDENTIFIER,CONSTRAINT_NAME,ABSTRACT_ENTITY_ID) values (293,'CONSRT_389',294);

/*Data for the table dyextn_tagged_value */

insert into dyextn_tagged_value (IDENTIFIER,T_KEY,T_VALUE,ABSTRACT_METADATA_ID) values (1,'MetadataEntityGroup','MetadataEntityGroup',1);
insert into dyextn_tagged_value (IDENTIFIER,T_KEY,T_VALUE,ABSTRACT_METADATA_ID) values (2,'caB2BEntityGroup','caB2BEntityGroup',1);
insert into dyextn_tagged_value (IDENTIFIER,T_KEY,T_VALUE,ABSTRACT_METADATA_ID) values (3,'PackageName','edu.wustl.cider.domain.discrete.demographics',1);
insert into dyextn_tagged_value (IDENTIFIER,T_KEY,T_VALUE,ABSTRACT_METADATA_ID) values (4,'PackageName','edu.wustl.cider.domain',1);

/*Data for the table dyextn_textarea */

/*Data for the table dyextn_textfield */

insert into dyextn_textfield (IDENTIFIER,NO_OF_COLUMNS,IS_PASSWORD,IS_URL) values (1,20,0,0);
insert into dyextn_textfield (IDENTIFIER,NO_OF_COLUMNS,IS_PASSWORD,IS_URL) values (2,20,0,0);
insert into dyextn_textfield (IDENTIFIER,NO_OF_COLUMNS,IS_PASSWORD,IS_URL) values (3,20,0,0);
insert into dyextn_textfield (IDENTIFIER,NO_OF_COLUMNS,IS_PASSWORD,IS_URL) values (4,20,0,0);
insert into dyextn_textfield (IDENTIFIER,NO_OF_COLUMNS,IS_PASSWORD,IS_URL) values (23,20,0,0);
insert into dyextn_textfield (IDENTIFIER,NO_OF_COLUMNS,IS_PASSWORD,IS_URL) values (24,20,0,0);
insert into dyextn_textfield (IDENTIFIER,NO_OF_COLUMNS,IS_PASSWORD,IS_URL) values (25,20,0,0);
insert into dyextn_textfield (IDENTIFIER,NO_OF_COLUMNS,IS_PASSWORD,IS_URL) values (28,20,0,0);
insert into dyextn_textfield (IDENTIFIER,NO_OF_COLUMNS,IS_PASSWORD,IS_URL) values (30,20,0,0);
insert into dyextn_textfield (IDENTIFIER,NO_OF_COLUMNS,IS_PASSWORD,IS_URL) values (31,20,0,0);
insert into dyextn_textfield (IDENTIFIER,NO_OF_COLUMNS,IS_PASSWORD,IS_URL) values (32,20,0,0);
insert into dyextn_textfield (IDENTIFIER,NO_OF_COLUMNS,IS_PASSWORD,IS_URL) values (33,20,0,0);
insert into dyextn_textfield (IDENTIFIER,NO_OF_COLUMNS,IS_PASSWORD,IS_URL) values (34,20,0,0);
insert into dyextn_textfield (IDENTIFIER,NO_OF_COLUMNS,IS_PASSWORD,IS_URL) values (35,20,0,0);
insert into dyextn_textfield (IDENTIFIER,NO_OF_COLUMNS,IS_PASSWORD,IS_URL) values (36,20,0,0);
insert into dyextn_textfield (IDENTIFIER,NO_OF_COLUMNS,IS_PASSWORD,IS_URL) values (37,20,0,0);
insert into dyextn_textfield (IDENTIFIER,NO_OF_COLUMNS,IS_PASSWORD,IS_URL) values (38,20,0,0);
insert into dyextn_textfield (IDENTIFIER,NO_OF_COLUMNS,IS_PASSWORD,IS_URL) values (39,20,0,0);
insert into dyextn_textfield (IDENTIFIER,NO_OF_COLUMNS,IS_PASSWORD,IS_URL) values (40,20,0,0);
insert into dyextn_textfield (IDENTIFIER,NO_OF_COLUMNS,IS_PASSWORD,IS_URL) values (41,20,0,0);
insert into dyextn_textfield (IDENTIFIER,NO_OF_COLUMNS,IS_PASSWORD,IS_URL) values (42,20,0,0);
insert into dyextn_textfield (IDENTIFIER,NO_OF_COLUMNS,IS_PASSWORD,IS_URL) values (45,20,0,0);
insert into dyextn_textfield (IDENTIFIER,NO_OF_COLUMNS,IS_PASSWORD,IS_URL) values (46,10,NULL,NULL);
insert into dyextn_textfield (IDENTIFIER,NO_OF_COLUMNS,IS_PASSWORD,IS_URL) values (47,10,NULL,NULL);
insert into dyextn_textfield (IDENTIFIER,NO_OF_COLUMNS,IS_PASSWORD,IS_URL) values (48,20,0,0);
insert into dyextn_textfield (IDENTIFIER,NO_OF_COLUMNS,IS_PASSWORD,IS_URL) values (50,20,0,0);
insert into dyextn_textfield (IDENTIFIER,NO_OF_COLUMNS,IS_PASSWORD,IS_URL) values (51,10,NULL,NULL);
insert into dyextn_textfield (IDENTIFIER,NO_OF_COLUMNS,IS_PASSWORD,IS_URL) values (52,10,NULL,NULL);
insert into dyextn_textfield (IDENTIFIER,NO_OF_COLUMNS,IS_PASSWORD,IS_URL) values (53,20,0,0);
insert into dyextn_textfield (IDENTIFIER,NO_OF_COLUMNS,IS_PASSWORD,IS_URL) values (54,20,0,0);
insert into dyextn_textfield (IDENTIFIER,NO_OF_COLUMNS,IS_PASSWORD,IS_URL) values (56,20,0,0);
insert into dyextn_textfield (IDENTIFIER,NO_OF_COLUMNS,IS_PASSWORD,IS_URL) values (57,20,0,0);
insert into dyextn_textfield (IDENTIFIER,NO_OF_COLUMNS,IS_PASSWORD,IS_URL) values (58,20,0,0);
insert into dyextn_textfield (IDENTIFIER,NO_OF_COLUMNS,IS_PASSWORD,IS_URL) values (59,20,0,0);
insert into dyextn_textfield (IDENTIFIER,NO_OF_COLUMNS,IS_PASSWORD,IS_URL) values (65,20,0,0);
insert into dyextn_textfield (IDENTIFIER,NO_OF_COLUMNS,IS_PASSWORD,IS_URL) values (66,10,NULL,NULL);
insert into dyextn_textfield (IDENTIFIER,NO_OF_COLUMNS,IS_PASSWORD,IS_URL) values (71,20,0,0);
insert into dyextn_textfield (IDENTIFIER,NO_OF_COLUMNS,IS_PASSWORD,IS_URL) values (72,20,0,0);
insert into dyextn_textfield (IDENTIFIER,NO_OF_COLUMNS,IS_PASSWORD,IS_URL) values (75,20,0,0);
insert into dyextn_textfield (IDENTIFIER,NO_OF_COLUMNS,IS_PASSWORD,IS_URL) values (76,20,0,0);
insert into dyextn_textfield (IDENTIFIER,NO_OF_COLUMNS,IS_PASSWORD,IS_URL) values (78,20,0,0);
insert into dyextn_textfield (IDENTIFIER,NO_OF_COLUMNS,IS_PASSWORD,IS_URL) values (97,10,NULL,NULL);
insert into dyextn_textfield (IDENTIFIER,NO_OF_COLUMNS,IS_PASSWORD,IS_URL) values (118,20,0,0);
insert into dyextn_textfield (IDENTIFIER,NO_OF_COLUMNS,IS_PASSWORD,IS_URL) values (119,20,0,0);
insert into dyextn_textfield (IDENTIFIER,NO_OF_COLUMNS,IS_PASSWORD,IS_URL) values (120,20,0,0);
insert into dyextn_textfield (IDENTIFIER,NO_OF_COLUMNS,IS_PASSWORD,IS_URL) values (123,10,NULL,NULL);
insert into dyextn_textfield (IDENTIFIER,NO_OF_COLUMNS,IS_PASSWORD,IS_URL) values (124,20,0,0);
insert into dyextn_textfield (IDENTIFIER,NO_OF_COLUMNS,IS_PASSWORD,IS_URL) values (125,20,0,0);
insert into dyextn_textfield (IDENTIFIER,NO_OF_COLUMNS,IS_PASSWORD,IS_URL) values (126,20,0,0);
insert into dyextn_textfield (IDENTIFIER,NO_OF_COLUMNS,IS_PASSWORD,IS_URL) values (127,20,0,0);
insert into dyextn_textfield (IDENTIFIER,NO_OF_COLUMNS,IS_PASSWORD,IS_URL) values (128,20,0,0);
insert into dyextn_textfield (IDENTIFIER,NO_OF_COLUMNS,IS_PASSWORD,IS_URL) values (129,20,0,0);
insert into dyextn_textfield (IDENTIFIER,NO_OF_COLUMNS,IS_PASSWORD,IS_URL) values (130,20,0,0);
insert into dyextn_textfield (IDENTIFIER,NO_OF_COLUMNS,IS_PASSWORD,IS_URL) values (131,20,0,0);
insert into dyextn_textfield (IDENTIFIER,NO_OF_COLUMNS,IS_PASSWORD,IS_URL) values (134,20,0,0);
insert into dyextn_textfield (IDENTIFIER,NO_OF_COLUMNS,IS_PASSWORD,IS_URL) values (135,20,0,0);
insert into dyextn_textfield (IDENTIFIER,NO_OF_COLUMNS,IS_PASSWORD,IS_URL) values (136,20,0,0);
insert into dyextn_textfield (IDENTIFIER,NO_OF_COLUMNS,IS_PASSWORD,IS_URL) values (138,10,NULL,NULL);
insert into dyextn_textfield (IDENTIFIER,NO_OF_COLUMNS,IS_PASSWORD,IS_URL) values (144,20,0,0);
insert into dyextn_textfield (IDENTIFIER,NO_OF_COLUMNS,IS_PASSWORD,IS_URL) values (148,20,0,0);
insert into dyextn_textfield (IDENTIFIER,NO_OF_COLUMNS,IS_PASSWORD,IS_URL) values (149,20,0,0);
insert into dyextn_textfield (IDENTIFIER,NO_OF_COLUMNS,IS_PASSWORD,IS_URL) values (150,20,0,0);
insert into dyextn_textfield (IDENTIFIER,NO_OF_COLUMNS,IS_PASSWORD,IS_URL) values (159,10,NULL,NULL);
insert into dyextn_textfield (IDENTIFIER,NO_OF_COLUMNS,IS_PASSWORD,IS_URL) values (160,20,0,0);
insert into dyextn_textfield (IDENTIFIER,NO_OF_COLUMNS,IS_PASSWORD,IS_URL) values (161,20,0,0);


insert into id_table (NEXT_ASSOCIATION_ID) values (1);


/*Data for the table intra_model_association */

insert into intra_model_association (ASSOCIATION_ID,DE_ASSOCIATION_ID) values (1,19);
insert into intra_model_association (ASSOCIATION_ID,DE_ASSOCIATION_ID) values (2,16);
insert into intra_model_association (ASSOCIATION_ID,DE_ASSOCIATION_ID) values (3,15);
insert into intra_model_association (ASSOCIATION_ID,DE_ASSOCIATION_ID) values (4,63);
insert into intra_model_association (ASSOCIATION_ID,DE_ASSOCIATION_ID) values (5,73);
insert into intra_model_association (ASSOCIATION_ID,DE_ASSOCIATION_ID) values (6,72);
insert into intra_model_association (ASSOCIATION_ID,DE_ASSOCIATION_ID) values (7,71);
insert into intra_model_association (ASSOCIATION_ID,DE_ASSOCIATION_ID) values (8,66);
insert into intra_model_association (ASSOCIATION_ID,DE_ASSOCIATION_ID) values (9,62);
insert into intra_model_association (ASSOCIATION_ID,DE_ASSOCIATION_ID) values (10,60);
insert into intra_model_association (ASSOCIATION_ID,DE_ASSOCIATION_ID) values (11,51);
insert into intra_model_association (ASSOCIATION_ID,DE_ASSOCIATION_ID) values (12,50);
insert into intra_model_association (ASSOCIATION_ID,DE_ASSOCIATION_ID) values (13,47);
insert into intra_model_association (ASSOCIATION_ID,DE_ASSOCIATION_ID) values (14,44);
insert into intra_model_association (ASSOCIATION_ID,DE_ASSOCIATION_ID) values (15,41);
insert into intra_model_association (ASSOCIATION_ID,DE_ASSOCIATION_ID) values (16,38);
insert into intra_model_association (ASSOCIATION_ID,DE_ASSOCIATION_ID) values (17,62);
insert into intra_model_association (ASSOCIATION_ID,DE_ASSOCIATION_ID) values (18,63);
insert into intra_model_association (ASSOCIATION_ID,DE_ASSOCIATION_ID) values (19,73);
insert into intra_model_association (ASSOCIATION_ID,DE_ASSOCIATION_ID) values (20,51);
insert into intra_model_association (ASSOCIATION_ID,DE_ASSOCIATION_ID) values (21,50);
insert into intra_model_association (ASSOCIATION_ID,DE_ASSOCIATION_ID) values (22,47);
insert into intra_model_association (ASSOCIATION_ID,DE_ASSOCIATION_ID) values (23,44);
insert into intra_model_association (ASSOCIATION_ID,DE_ASSOCIATION_ID) values (24,41);
insert into intra_model_association (ASSOCIATION_ID,DE_ASSOCIATION_ID) values (25,38);
insert into intra_model_association (ASSOCIATION_ID,DE_ASSOCIATION_ID) values (26,60);
insert into intra_model_association (ASSOCIATION_ID,DE_ASSOCIATION_ID) values (27,65);
insert into intra_model_association (ASSOCIATION_ID,DE_ASSOCIATION_ID) values (28,71);
insert into intra_model_association (ASSOCIATION_ID,DE_ASSOCIATION_ID) values (29,72);
insert into intra_model_association (ASSOCIATION_ID,DE_ASSOCIATION_ID) values (30,15);
insert into intra_model_association (ASSOCIATION_ID,DE_ASSOCIATION_ID) values (31,16);
insert into intra_model_association (ASSOCIATION_ID,DE_ASSOCIATION_ID) values (32,19);
insert into intra_model_association (ASSOCIATION_ID,DE_ASSOCIATION_ID) values (33,139);
insert into intra_model_association (ASSOCIATION_ID,DE_ASSOCIATION_ID) values (34,213);
insert into intra_model_association (ASSOCIATION_ID,DE_ASSOCIATION_ID) values (35,211);
insert into intra_model_association (ASSOCIATION_ID,DE_ASSOCIATION_ID) values (36,208);
insert into intra_model_association (ASSOCIATION_ID,DE_ASSOCIATION_ID) values (37,229);
insert into intra_model_association (ASSOCIATION_ID,DE_ASSOCIATION_ID) values (38,228);
insert into intra_model_association (ASSOCIATION_ID,DE_ASSOCIATION_ID) values (39,224);
insert into intra_model_association (ASSOCIATION_ID,DE_ASSOCIATION_ID) values (40,222);
insert into intra_model_association (ASSOCIATION_ID,DE_ASSOCIATION_ID) values (41,221);
insert into intra_model_association (ASSOCIATION_ID,DE_ASSOCIATION_ID) values (42,220);
insert into intra_model_association (ASSOCIATION_ID,DE_ASSOCIATION_ID) values (43,217);
insert into intra_model_association (ASSOCIATION_ID,DE_ASSOCIATION_ID) values (44,204);
insert into intra_model_association (ASSOCIATION_ID,DE_ASSOCIATION_ID) values (45,201);
insert into intra_model_association (ASSOCIATION_ID,DE_ASSOCIATION_ID) values (46,198);
insert into intra_model_association (ASSOCIATION_ID,DE_ASSOCIATION_ID) values (47,168);
insert into intra_model_association (ASSOCIATION_ID,DE_ASSOCIATION_ID) values (48,164);
insert into intra_model_association (ASSOCIATION_ID,DE_ASSOCIATION_ID) values (49,162);
insert into intra_model_association (ASSOCIATION_ID,DE_ASSOCIATION_ID) values (50,159);
insert into intra_model_association (ASSOCIATION_ID,DE_ASSOCIATION_ID) values (51,158);
insert into intra_model_association (ASSOCIATION_ID,DE_ASSOCIATION_ID) values (52,90);
insert into intra_model_association (ASSOCIATION_ID,DE_ASSOCIATION_ID) values (53,89);
insert into intra_model_association (ASSOCIATION_ID,DE_ASSOCIATION_ID) values (54,88);
insert into intra_model_association (ASSOCIATION_ID,DE_ASSOCIATION_ID) values (55,156);
insert into intra_model_association (ASSOCIATION_ID,DE_ASSOCIATION_ID) values (56,153);
insert into intra_model_association (ASSOCIATION_ID,DE_ASSOCIATION_ID) values (57,151);
insert into intra_model_association (ASSOCIATION_ID,DE_ASSOCIATION_ID) values (58,147);
insert into intra_model_association (ASSOCIATION_ID,DE_ASSOCIATION_ID) values (59,137);
insert into intra_model_association (ASSOCIATION_ID,DE_ASSOCIATION_ID) values (60,133);
insert into intra_model_association (ASSOCIATION_ID,DE_ASSOCIATION_ID) values (61,114);
insert into intra_model_association (ASSOCIATION_ID,DE_ASSOCIATION_ID) values (62,113);
insert into intra_model_association (ASSOCIATION_ID,DE_ASSOCIATION_ID) values (63,132);
insert into intra_model_association (ASSOCIATION_ID,DE_ASSOCIATION_ID) values (64,131);
insert into intra_model_association (ASSOCIATION_ID,DE_ASSOCIATION_ID) values (65,130);
insert into intra_model_association (ASSOCIATION_ID,DE_ASSOCIATION_ID) values (66,129);
insert into intra_model_association (ASSOCIATION_ID,DE_ASSOCIATION_ID) values (67,128);
insert into intra_model_association (ASSOCIATION_ID,DE_ASSOCIATION_ID) values (68,127);
insert into intra_model_association (ASSOCIATION_ID,DE_ASSOCIATION_ID) values (69,171);
insert into intra_model_association (ASSOCIATION_ID,DE_ASSOCIATION_ID) values (70,174);
insert into intra_model_association (ASSOCIATION_ID,DE_ASSOCIATION_ID) values (71,177);
insert into intra_model_association (ASSOCIATION_ID,DE_ASSOCIATION_ID) values (72,289);
insert into intra_model_association (ASSOCIATION_ID,DE_ASSOCIATION_ID) values (73,281);
insert into intra_model_association (ASSOCIATION_ID,DE_ASSOCIATION_ID) values (74,280);
insert into intra_model_association (ASSOCIATION_ID,DE_ASSOCIATION_ID) values (75,279);
insert into intra_model_association (ASSOCIATION_ID,DE_ASSOCIATION_ID) values (76,276);
insert into intra_model_association (ASSOCIATION_ID,DE_ASSOCIATION_ID) values (77,254);
insert into intra_model_association (ASSOCIATION_ID,DE_ASSOCIATION_ID) values (78,253);
insert into intra_model_association (ASSOCIATION_ID,DE_ASSOCIATION_ID) values (79,252);
insert into intra_model_association (ASSOCIATION_ID,DE_ASSOCIATION_ID) values (80,250);
insert into intra_model_association (ASSOCIATION_ID,DE_ASSOCIATION_ID) values (81,243);
insert into intra_model_association (ASSOCIATION_ID,DE_ASSOCIATION_ID) values (82,240);
insert into intra_model_association (ASSOCIATION_ID,DE_ASSOCIATION_ID) values (83,275);
insert into intra_model_association (ASSOCIATION_ID,DE_ASSOCIATION_ID) values (84,273);
insert into intra_model_association (ASSOCIATION_ID,DE_ASSOCIATION_ID) values (85,266);
insert into intra_model_association (ASSOCIATION_ID,DE_ASSOCIATION_ID) values (86,288);
insert into intra_model_association (ASSOCIATION_ID,DE_ASSOCIATION_ID) values (87,287);
insert into intra_model_association (ASSOCIATION_ID,DE_ASSOCIATION_ID) values (88,286);
insert into intra_model_association (ASSOCIATION_ID,DE_ASSOCIATION_ID) values (89,285);

/*Data for the table path */

insert into path (PATH_ID,FIRST_ENTITY_ID,INTERMEDIATE_PATH,LAST_ENTITY_ID) values (1,14,'1',17);
insert into path (PATH_ID,FIRST_ENTITY_ID,INTERMEDIATE_PATH,LAST_ENTITY_ID) values (2,14,'2',12);
insert into path (PATH_ID,FIRST_ENTITY_ID,INTERMEDIATE_PATH,LAST_ENTITY_ID) values (3,14,'3',4);
insert into path (PATH_ID,FIRST_ENTITY_ID,INTERMEDIATE_PATH,LAST_ENTITY_ID) values (4,61,'4',36);
insert into path (PATH_ID,FIRST_ENTITY_ID,INTERMEDIATE_PATH,LAST_ENTITY_ID) values (5,36,'5',37);
insert into path (PATH_ID,FIRST_ENTITY_ID,INTERMEDIATE_PATH,LAST_ENTITY_ID) values (6,37,'6',14);
insert into path (PATH_ID,FIRST_ENTITY_ID,INTERMEDIATE_PATH,LAST_ENTITY_ID) values (7,37,'7',67);
insert into path (PATH_ID,FIRST_ENTITY_ID,INTERMEDIATE_PATH,LAST_ENTITY_ID) values (8,37,'8',61);
insert into path (PATH_ID,FIRST_ENTITY_ID,INTERMEDIATE_PATH,LAST_ENTITY_ID) values (9,61,'9',8);
insert into path (PATH_ID,FIRST_ENTITY_ID,INTERMEDIATE_PATH,LAST_ENTITY_ID) values (10,37,'10',27);
insert into path (PATH_ID,FIRST_ENTITY_ID,INTERMEDIATE_PATH,LAST_ENTITY_ID) values (11,37,'11',25);
insert into path (PATH_ID,FIRST_ENTITY_ID,INTERMEDIATE_PATH,LAST_ENTITY_ID) values (12,37,'12',48);
insert into path (PATH_ID,FIRST_ENTITY_ID,INTERMEDIATE_PATH,LAST_ENTITY_ID) values (13,37,'13',45);
insert into path (PATH_ID,FIRST_ENTITY_ID,INTERMEDIATE_PATH,LAST_ENTITY_ID) values (14,37,'14',42);
insert into path (PATH_ID,FIRST_ENTITY_ID,INTERMEDIATE_PATH,LAST_ENTITY_ID) values (15,37,'15',39);
insert into path (PATH_ID,FIRST_ENTITY_ID,INTERMEDIATE_PATH,LAST_ENTITY_ID) values (16,37,'16',10);
insert into path (PATH_ID,FIRST_ENTITY_ID,INTERMEDIATE_PATH,LAST_ENTITY_ID) values (17,61,'17',8);
insert into path (PATH_ID,FIRST_ENTITY_ID,INTERMEDIATE_PATH,LAST_ENTITY_ID) values (18,61,'18',36);
insert into path (PATH_ID,FIRST_ENTITY_ID,INTERMEDIATE_PATH,LAST_ENTITY_ID) values (19,36,'19',37);
insert into path (PATH_ID,FIRST_ENTITY_ID,INTERMEDIATE_PATH,LAST_ENTITY_ID) values (20,37,'20',25);
insert into path (PATH_ID,FIRST_ENTITY_ID,INTERMEDIATE_PATH,LAST_ENTITY_ID) values (21,37,'21',48);
insert into path (PATH_ID,FIRST_ENTITY_ID,INTERMEDIATE_PATH,LAST_ENTITY_ID) values (22,37,'22',45);
insert into path (PATH_ID,FIRST_ENTITY_ID,INTERMEDIATE_PATH,LAST_ENTITY_ID) values (23,37,'23',42);
insert into path (PATH_ID,FIRST_ENTITY_ID,INTERMEDIATE_PATH,LAST_ENTITY_ID) values (24,37,'24',39);
insert into path (PATH_ID,FIRST_ENTITY_ID,INTERMEDIATE_PATH,LAST_ENTITY_ID) values (25,37,'25',10);
insert into path (PATH_ID,FIRST_ENTITY_ID,INTERMEDIATE_PATH,LAST_ENTITY_ID) values (26,37,'26',27);
insert into path (PATH_ID,FIRST_ENTITY_ID,INTERMEDIATE_PATH,LAST_ENTITY_ID) values (27,37,'27',61);
insert into path (PATH_ID,FIRST_ENTITY_ID,INTERMEDIATE_PATH,LAST_ENTITY_ID) values (28,37,'28',67);
insert into path (PATH_ID,FIRST_ENTITY_ID,INTERMEDIATE_PATH,LAST_ENTITY_ID) values (29,37,'29',14);
insert into path (PATH_ID,FIRST_ENTITY_ID,INTERMEDIATE_PATH,LAST_ENTITY_ID) values (30,14,'30',4);
insert into path (PATH_ID,FIRST_ENTITY_ID,INTERMEDIATE_PATH,LAST_ENTITY_ID) values (31,14,'31',12);
insert into path (PATH_ID,FIRST_ENTITY_ID,INTERMEDIATE_PATH,LAST_ENTITY_ID) values (32,14,'32',17);
insert into path (PATH_ID,FIRST_ENTITY_ID,INTERMEDIATE_PATH,LAST_ENTITY_ID) values (33,138,'33',27);
insert into path (PATH_ID,FIRST_ENTITY_ID,INTERMEDIATE_PATH,LAST_ENTITY_ID) values (34,205,'34',84);
insert into path (PATH_ID,FIRST_ENTITY_ID,INTERMEDIATE_PATH,LAST_ENTITY_ID) values (35,205,'35',209);
insert into path (PATH_ID,FIRST_ENTITY_ID,INTERMEDIATE_PATH,LAST_ENTITY_ID) values (36,205,'36',206);
insert into path (PATH_ID,FIRST_ENTITY_ID,INTERMEDIATE_PATH,LAST_ENTITY_ID) values (37,125,'37',134);
insert into path (PATH_ID,FIRST_ENTITY_ID,INTERMEDIATE_PATH,LAST_ENTITY_ID) values (38,125,'38',223);
insert into path (PATH_ID,FIRST_ENTITY_ID,INTERMEDIATE_PATH,LAST_ENTITY_ID) values (39,223,'39',134);
insert into path (PATH_ID,FIRST_ENTITY_ID,INTERMEDIATE_PATH,LAST_ENTITY_ID) values (40,125,'40',36);
insert into path (PATH_ID,FIRST_ENTITY_ID,INTERMEDIATE_PATH,LAST_ENTITY_ID) values (41,125,'41',126);
insert into path (PATH_ID,FIRST_ENTITY_ID,INTERMEDIATE_PATH,LAST_ENTITY_ID) values (42,126,'42',218);
insert into path (PATH_ID,FIRST_ENTITY_ID,INTERMEDIATE_PATH,LAST_ENTITY_ID) values (43,126,'43',205);
insert into path (PATH_ID,FIRST_ENTITY_ID,INTERMEDIATE_PATH,LAST_ENTITY_ID) values (44,126,'44',202);
insert into path (PATH_ID,FIRST_ENTITY_ID,INTERMEDIATE_PATH,LAST_ENTITY_ID) values (45,126,'45',199);
insert into path (PATH_ID,FIRST_ENTITY_ID,INTERMEDIATE_PATH,LAST_ENTITY_ID) values (46,126,'46',84);
insert into path (PATH_ID,FIRST_ENTITY_ID,INTERMEDIATE_PATH,LAST_ENTITY_ID) values (47,126,'47',157);
insert into path (PATH_ID,FIRST_ENTITY_ID,INTERMEDIATE_PATH,LAST_ENTITY_ID) values (48,157,'48',84);
insert into path (PATH_ID,FIRST_ENTITY_ID,INTERMEDIATE_PATH,LAST_ENTITY_ID) values (49,157,'49',160);
insert into path (PATH_ID,FIRST_ENTITY_ID,INTERMEDIATE_PATH,LAST_ENTITY_ID) values (50,157,'50',108);
insert into path (PATH_ID,FIRST_ENTITY_ID,INTERMEDIATE_PATH,LAST_ENTITY_ID) values (51,157,'51',83);
insert into path (PATH_ID,FIRST_ENTITY_ID,INTERMEDIATE_PATH,LAST_ENTITY_ID) values (52,83,'52',36);
insert into path (PATH_ID,FIRST_ENTITY_ID,INTERMEDIATE_PATH,LAST_ENTITY_ID) values (53,83,'53',27);
insert into path (PATH_ID,FIRST_ENTITY_ID,INTERMEDIATE_PATH,LAST_ENTITY_ID) values (54,83,'54',84);
insert into path (PATH_ID,FIRST_ENTITY_ID,INTERMEDIATE_PATH,LAST_ENTITY_ID) values (55,126,'55',152);
insert into path (PATH_ID,FIRST_ENTITY_ID,INTERMEDIATE_PATH,LAST_ENTITY_ID) values (56,152,'56',134);
insert into path (PATH_ID,FIRST_ENTITY_ID,INTERMEDIATE_PATH,LAST_ENTITY_ID) values (57,126,'57',148);
insert into path (PATH_ID,FIRST_ENTITY_ID,INTERMEDIATE_PATH,LAST_ENTITY_ID) values (58,126,'58',138);
insert into path (PATH_ID,FIRST_ENTITY_ID,INTERMEDIATE_PATH,LAST_ENTITY_ID) values (59,126,'59',134);
insert into path (PATH_ID,FIRST_ENTITY_ID,INTERMEDIATE_PATH,LAST_ENTITY_ID) values (60,126,'60',112);
insert into path (PATH_ID,FIRST_ENTITY_ID,INTERMEDIATE_PATH,LAST_ENTITY_ID) values (61,112,'61',27);
insert into path (PATH_ID,FIRST_ENTITY_ID,INTERMEDIATE_PATH,LAST_ENTITY_ID) values (62,112,'62',84);
insert into path (PATH_ID,FIRST_ENTITY_ID,INTERMEDIATE_PATH,LAST_ENTITY_ID) values (63,126,'63',110);
insert into path (PATH_ID,FIRST_ENTITY_ID,INTERMEDIATE_PATH,LAST_ENTITY_ID) values (64,126,'64',106);
insert into path (PATH_ID,FIRST_ENTITY_ID,INTERMEDIATE_PATH,LAST_ENTITY_ID) values (65,126,'65',102);
insert into path (PATH_ID,FIRST_ENTITY_ID,INTERMEDIATE_PATH,LAST_ENTITY_ID) values (66,126,'66',93);
insert into path (PATH_ID,FIRST_ENTITY_ID,INTERMEDIATE_PATH,LAST_ENTITY_ID) values (67,126,'67',83);
insert into path (PATH_ID,FIRST_ENTITY_ID,INTERMEDIATE_PATH,LAST_ENTITY_ID) values (68,126,'68',78);
insert into path (PATH_ID,FIRST_ENTITY_ID,INTERMEDIATE_PATH,LAST_ENTITY_ID) values (69,126,'69',169);
insert into path (PATH_ID,FIRST_ENTITY_ID,INTERMEDIATE_PATH,LAST_ENTITY_ID) values (70,126,'70',172);
insert into path (PATH_ID,FIRST_ENTITY_ID,INTERMEDIATE_PATH,LAST_ENTITY_ID) values (71,126,'71',175);
insert into path (PATH_ID,FIRST_ENTITY_ID,INTERMEDIATE_PATH,LAST_ENTITY_ID) values (72,284,'72',265);
insert into path (PATH_ID,FIRST_ENTITY_ID,INTERMEDIATE_PATH,LAST_ENTITY_ID) values (73,265,'73',134);
insert into path (PATH_ID,FIRST_ENTITY_ID,INTERMEDIATE_PATH,LAST_ENTITY_ID) values (74,265,'74',152);
insert into path (PATH_ID,FIRST_ENTITY_ID,INTERMEDIATE_PATH,LAST_ENTITY_ID) values (75,265,'75',277);
insert into path (PATH_ID,FIRST_ENTITY_ID,INTERMEDIATE_PATH,LAST_ENTITY_ID) values (76,265,'76',239);
insert into path (PATH_ID,FIRST_ENTITY_ID,INTERMEDIATE_PATH,LAST_ENTITY_ID) values (77,239,'77',236);
insert into path (PATH_ID,FIRST_ENTITY_ID,INTERMEDIATE_PATH,LAST_ENTITY_ID) values (78,239,'78',234);
insert into path (PATH_ID,FIRST_ENTITY_ID,INTERMEDIATE_PATH,LAST_ENTITY_ID) values (79,239,'79',241);
insert into path (PATH_ID,FIRST_ENTITY_ID,INTERMEDIATE_PATH,LAST_ENTITY_ID) values (80,241,'80',242);
insert into path (PATH_ID,FIRST_ENTITY_ID,INTERMEDIATE_PATH,LAST_ENTITY_ID) values (81,242,'81',95);
insert into path (PATH_ID,FIRST_ENTITY_ID,INTERMEDIATE_PATH,LAST_ENTITY_ID) values (82,239,'82',104);
insert into path (PATH_ID,FIRST_ENTITY_ID,INTERMEDIATE_PATH,LAST_ENTITY_ID) values (83,265,'83',84);
insert into path (PATH_ID,FIRST_ENTITY_ID,INTERMEDIATE_PATH,LAST_ENTITY_ID) values (84,265,'84',223);
insert into path (PATH_ID,FIRST_ENTITY_ID,INTERMEDIATE_PATH,LAST_ENTITY_ID) values (85,265,'85',104);
insert into path (PATH_ID,FIRST_ENTITY_ID,INTERMEDIATE_PATH,LAST_ENTITY_ID) values (86,284,'86',282);
insert into path (PATH_ID,FIRST_ENTITY_ID,INTERMEDIATE_PATH,LAST_ENTITY_ID) values (87,284,'87',36);
insert into path (PATH_ID,FIRST_ENTITY_ID,INTERMEDIATE_PATH,LAST_ENTITY_ID) values (88,284,'88',134);
insert into path (PATH_ID,FIRST_ENTITY_ID,INTERMEDIATE_PATH,LAST_ENTITY_ID) values (89,284,'89',100);

/*Inser tagged values for primary key start */
insert into dyextn_tagged_value select Max(IDENTIFIER)+1, 'PRIMARY_KEY','personUpi',23 from dyextn_tagged_value;
insert into dyextn_tagged_value select Max(IDENTIFIER)+1, 'PRIMARY_KEY','accessionNumber',106 from dyextn_tagged_value;
insert into dyextn_tagged_value select Max(IDENTIFIER)+1, 'PRIMARY_KEY','patientAccountNumber',289 from dyextn_tagged_value;
/*Inser tagged values for primary key start */

/*Meta data Loading ends*/

alter table DE_COLL_ATTR_RECORD_VALUES add constraint FK847DA57775255CA5 foreign key (COLLECTION_ATTR_RECORD_ID) references DYEXTN_ATTRIBUTE_RECORD;
alter table DE_FILE_ATTR_RECORD_VALUES add constraint FKE68334E74EB991B2 foreign key (RECORD_ID) references DYEXTN_ATTRIBUTE_RECORD;
alter table DE_OBJECT_ATTR_RECORD_VALUES add constraint FK504EADC44EB991B2 foreign key (RECORD_ID) references DYEXTN_ATTRIBUTE_RECORD;
alter table DYEXTN_ABSTRACT_ENTITY add constraint FKA4A164E3D3027A30 foreign key (id) references DYEXTN_ABSTRACT_METADATA;
alter table DYEXTN_ABSTR_CONTAIN_CTR add constraint FK9EB9020A40F198C2 foreign key (IDENTIFIER) references DYEXTN_CONTROL;
alter table DYEXTN_ABSTR_CONTAIN_CTR add constraint FK9EB9020A69935DD6 foreign key (CONTAINER_ID) references DYEXTN_CONTAINER;
alter table DYEXTN_ASSOCIATION add constraint FK1046842440738A50 foreign key (TARGET_ENTITY_ID) references DYEXTN_ENTITY;
alter table DYEXTN_ASSOCIATION add constraint FK104684246D19A21F foreign key (IDENTIFIER) references DYEXTN_ATTRIBUTE;
alter table DYEXTN_ASSOCIATION add constraint FK104684242BD842F0 foreign key (TARGET_ROLE_ID) references DYEXTN_ROLE;
alter table DYEXTN_ASSOCIATION add constraint FK1046842439780F7A foreign key (SOURCE_ROLE_ID) references DYEXTN_ROLE;
alter table DYEXTN_ASSO_DISPLAY_ATTR add constraint FKD12FD38235D6E973 foreign key (DISPLAY_ATTRIBUTE_ID) references DYEXTN_PRIMITIVE_ATTRIBUTE;
alter table DYEXTN_ASSO_DISPLAY_ATTR add constraint FKD12FD3827FD29CDD foreign key (SELECT_CONTROL_ID) references DYEXTN_SELECT_CONTROL;
alter table DYEXTN_ATTRIBUTE add constraint FK37F1E2FFF99EA906 foreign key (ENTIY_ID) references DYEXTN_ENTITY;
alter table DYEXTN_ATTRIBUTE add constraint FK37F1E2FF5CC8694E foreign key (IDENTIFIER) references DYEXTN_BASE_ABSTRACT_ATTRIBUTE;
alter table DYEXTN_ATTRIBUTE_RECORD add constraint FK9B20ED914AC41F7E foreign key (ENTITY_ID) references DYEXTN_ENTITY;
alter table DYEXTN_ATTRIBUTE_RECORD add constraint FK9B20ED914DC2CD16 foreign key (ATTRIBUTE_ID) references DYEXTN_PRIMITIVE_ATTRIBUTE;
alter table DYEXTN_ATTRIBUTE_TYPE_INFO add constraint FK62596D531333996E foreign key (PRIMITIVE_ATTRIBUTE_ID) references DYEXTN_PRIMITIVE_ATTRIBUTE;
alter table DYEXTN_BARR_CONCEPT_VALUE add constraint FK89D27DF74641D513 foreign key (IDENTIFIER) references DYEXTN_PERMISSIBLE_VALUE;
alter table DYEXTN_BASE_ABSTRACT_ATTRIBUTE add constraint FK14BA6610728B19BE foreign key (IDENTIFIER) references DYEXTN_ABSTRACT_METADATA;
alter table DYEXTN_BOOLEAN_CONCEPT_VALUE add constraint FK57B6C4A64641D513 foreign key (IDENTIFIER) references DYEXTN_PERMISSIBLE_VALUE;
alter table DYEXTN_BOOLEAN_TYPE_INFO add constraint FK28F1809FE5294FA3 foreign key (IDENTIFIER) references DYEXTN_ATTRIBUTE_TYPE_INFO;
alter table DYEXTN_BYTE_ARRAY_TYPE_INFO add constraint FK18BDA73E5294FA3 foreign key (IDENTIFIER) references DYEXTN_ATTRIBUTE_TYPE_INFO;
alter table DYEXTN_CADSRDE add constraint FK588A250953CC4A77 foreign key (IDENTIFIER) references DYEXTN_DATA_ELEMENT;
alter table DYEXTN_CADSR_VALUE_DOMAIN_INFO add constraint FK1C9AA3641333996E foreign key (PRIMITIVE_ATTRIBUTE_ID) references DYEXTN_PRIMITIVE_ATTRIBUTE;
alter table DYEXTN_CATEGORY add constraint FKD33DE81B54A9F59D foreign key (ROOT_CATEGORY_ELEMENT) references DYEXTN_CATEGORY_ENTITY;
alter table DYEXTN_CATEGORY add constraint FKD33DE81B854AC01B foreign key (CATEGORY_ENTITY_ID) references DYEXTN_CATEGORY_ENTITY;
alter table DYEXTN_CATEGORY add constraint FKD33DE81B728B19BE foreign key (IDENTIFIER) references DYEXTN_ABSTRACT_METADATA;
alter table DYEXTN_CATEGORY_ASSOCIATION add constraint FK1B7C663DCAC769C5 foreign key (CATEGORY_ENTIY_ID) references DYEXTN_CATEGORY_ENTITY;
alter table DYEXTN_CATEGORY_ASSOCIATION add constraint FK1B7C663D854AC01B foreign key (CATEGORY_ENTITY_ID) references DYEXTN_CATEGORY_ENTITY;
alter table DYEXTN_CATEGORY_ASSOCIATION add constraint FK1B7C663D5CC8694E foreign key (IDENTIFIER) references DYEXTN_BASE_ABSTRACT_ATTRIBUTE;
alter table DYEXTN_CATEGORY_ATTRIBUTE add constraint FKEF3B7758CAC769C5 foreign key (CATEGORY_ENTIY_ID) references DYEXTN_CATEGORY_ENTITY;
alter table DYEXTN_CATEGORY_ATTRIBUTE add constraint FKEF3B7758854AC01B foreign key (CATEGORY_ENTITY_ID) references DYEXTN_CATEGORY_ENTITY;
alter table DYEXTN_CATEGORY_ATTRIBUTE add constraint FKEF3B77585CC8694E foreign key (IDENTIFIER) references DYEXTN_BASE_ABSTRACT_ATTRIBUTE;
alter table DYEXTN_CATEGORY_ATTRIBUTE add constraint FKEF3B77587769A811 foreign key (ABSTRACT_ATTRIBUTE_ID) references DYEXTN_ATTRIBUTE;
alter table DYEXTN_CATEGORY_ENTITY add constraint FK9F2DA8874AC41F7E foreign key (ENTITY_ID) references DYEXTN_ENTITY;
alter table DYEXTN_CATEGORY_ENTITY add constraint FK9F2DA887A52559D0 foreign key (PARENT_CATEGORY_ENTITY_ID) references DYEXTN_CATEGORY_ENTITY;
alter table DYEXTN_CATEGORY_ENTITY add constraint FK9F2DA887A8103C6F foreign key (TREE_PARENT_CATEGORY_ENTITY_ID) references DYEXTN_CATEGORY_ENTITY;
alter table DYEXTN_CATEGORY_ENTITY add constraint FK9F2DA887D06EE657 foreign key (OWN_PARENT_CATEGORY_ENTITY_ID) references DYEXTN_CATEGORY_ENTITY;
alter table DYEXTN_CATEGORY_ENTITY add constraint FK9F2DA887FB6EB979 foreign key (CATEGORY_ASSOCIATION_ID) references DYEXTN_CATEGORY_ASSOCIATION;
alter table DYEXTN_CATEGORY_ENTITY add constraint FK9F2DA887F5A32608 foreign key (REL_ATTR_CAT_ENTITY_ID) references DYEXTN_CATEGORY;
alter table DYEXTN_CATEGORY_ENTITY add constraint FK9F2DA887743AC3F2 foreign key (IDENTIFIER) references DYEXTN_ABSTRACT_ENTITY;
alter table DYEXTN_CAT_ASSO_CTL add constraint FK281FAB50C45A8CFA foreign key (IDENTIFIER) references DYEXTN_ABSTR_CONTAIN_CTR;
alter table DYEXTN_CHECK_BOX add constraint FK4EFF925740F198C2 foreign key (IDENTIFIER) references DYEXTN_CONTROL;
alter table DYEXTN_COLUMN_PROPERTIES add constraint FK8FCE2B3F3AB6A1D3 foreign key (IDENTIFIER) references DYEXTN_DATABASE_PROPERTIES;
alter table DYEXTN_COLUMN_PROPERTIES add constraint FK8FCE2B3F1333996E foreign key (PRIMITIVE_ATTRIBUTE_ID) references DYEXTN_PRIMITIVE_ATTRIBUTE;
alter table DYEXTN_COLUMN_PROPERTIES add constraint FK8FCE2B3F67F8B59 foreign key (CATEGORY_ATTRIBUTE_ID) references DYEXTN_CATEGORY_ATTRIBUTE;
alter table DYEXTN_COMBOBOX add constraint FKABBC649ABF67AB26 foreign key (IDENTIFIER) references DYEXTN_SELECT_CONTROL;
alter table DYEXTN_CONSTRAINT_PROPERTIES add constraint FK82886CD87EE87FF6 foreign key (ASSOCIATION_ID) references DYEXTN_ASSOCIATION;
alter table DYEXTN_CONSTRAINT_PROPERTIES add constraint FK82886CD8FB6EB979 foreign key (CATEGORY_ASSOCIATION_ID) references DYEXTN_CATEGORY_ASSOCIATION;
alter table DYEXTN_CONSTRAINT_PROPERTIES add constraint FK82886CD83AB6A1D3 foreign key (IDENTIFIER) references DYEXTN_DATABASE_PROPERTIES;
alter table DYEXTN_CONTAINER add constraint FK1EAB84E4178865E foreign key (VIEW_ID) references DYEXTN_VIEW;
alter table DYEXTN_CONTAINER add constraint FK1EAB84E4BF901C84 foreign key (BASE_CONTAINER_ID) references DYEXTN_CONTAINER;
alter table DYEXTN_CONTAINER add constraint FK1EAB84E41DCC9E63 foreign key (ABSTRACT_ENTITY_ID) references DYEXTN_ABSTRACT_ENTITY;
alter table DYEXTN_CONTAINER add constraint FK1EAB84E488C075EF foreign key (ENTITY_GROUP_ID) references DYEXTN_ENTITY_GROUP;
alter table DYEXTN_CONTAINMENT_CONTROL add constraint FK3F9D4AD3C45A8CFA foreign key (IDENTIFIER) references DYEXTN_ABSTR_CONTAIN_CTR;
alter table DYEXTN_CONTROL add constraint FK70FB5E807792A78F foreign key (BASE_ABST_ATR_ID) references DYEXTN_BASE_ABSTRACT_ATTRIBUTE;
alter table DYEXTN_CONTROL add constraint FK70FB5E8069935DD6 foreign key (CONTAINER_ID) references DYEXTN_CONTAINER;
alter table DYEXTN_DATA_ELEMENT add constraint FKB1153E4AA208204 foreign key (ATTRIBUTE_TYPE_INFO_ID) references DYEXTN_ATTRIBUTE_TYPE_INFO;
alter table DYEXTN_DATA_ELEMENT add constraint FKB1153E467F8B59 foreign key (CATEGORY_ATTRIBUTE_ID) references DYEXTN_CATEGORY_ATTRIBUTE;
alter table DYEXTN_DATA_GRID add constraint FK233EB73E40F198C2 foreign key (IDENTIFIER) references DYEXTN_CONTROL;
alter table DYEXTN_DATEPICKER add constraint FKFEADD19940F198C2 foreign key (IDENTIFIER) references DYEXTN_CONTROL;
alter table DYEXTN_DATE_CONCEPT_VALUE add constraint FK45F598A64641D513 foreign key (IDENTIFIER) references DYEXTN_PERMISSIBLE_VALUE;
alter table DYEXTN_DATE_TYPE_INFO add constraint FKFBA549FE5294FA3 foreign key (IDENTIFIER) references DYEXTN_ATTRIBUTE_TYPE_INFO;
alter table DYEXTN_DOUBLE_CONCEPT_VALUE add constraint FKB94E64494641D513 foreign key (IDENTIFIER) references DYEXTN_PERMISSIBLE_VALUE;
alter table DYEXTN_DOUBLE_TYPE_INFO add constraint FKC83869C2BA4AE008 foreign key (IDENTIFIER) references DYEXTN_NUMERIC_TYPE_INFO;
alter table DYEXTN_ENTITY add constraint FK8B2436402264D629 foreign key (PARENT_ENTITY_ID) references DYEXTN_ENTITY;
alter table DYEXTN_ENTITY add constraint FK8B24364088C075EF foreign key (ENTITY_GROUP_ID) references DYEXTN_ENTITY_GROUP;
alter table DYEXTN_ENTITY add constraint FK8B243640743AC3F2 foreign key (IDENTIFIER) references DYEXTN_ABSTRACT_ENTITY;
alter table DYEXTN_ENTITY_GROUP add constraint FK105DE7A0728B19BE foreign key (IDENTIFIER) references DYEXTN_ABSTRACT_METADATA;
alter table DYEXTN_ENTITY_MAP_CONDNS add constraint FK2A9D6029CFA08B13 foreign key (FORM_CONTEXT_ID) references DYEXTN_FORM_CONTEXT;
alter table DYEXTN_ENTITY_MAP_RECORD add constraint FK43A45013CFA08B13 foreign key (FORM_CONTEXT_ID) references DYEXTN_FORM_CONTEXT;
alter table DYEXTN_FILE_EXTENSIONS add constraint FKD49834FA56AF0834 foreign key (ATTRIBUTE_ID) references DYEXTN_FILE_TYPE_INFO;
alter table DYEXTN_FILE_TYPE_INFO add constraint FKA00F0EDE5294FA3 foreign key (IDENTIFIER) references DYEXTN_ATTRIBUTE_TYPE_INFO;
alter table DYEXTN_FILE_UPLOAD add constraint FK2FAD41E740F198C2 foreign key (IDENTIFIER) references DYEXTN_CONTROL;
alter table DYEXTN_FLOAT_CONCEPT_VALUE add constraint FK6785309A4641D513 foreign key (IDENTIFIER) references DYEXTN_PERMISSIBLE_VALUE;
alter table DYEXTN_FLOAT_TYPE_INFO add constraint FK7E1C0693BA4AE008 foreign key (IDENTIFIER) references DYEXTN_NUMERIC_TYPE_INFO;
alter table DYEXTN_FORM_CONTEXT add constraint FKE56CCDB12B784475 foreign key (ENTITY_MAP_ID) references DYEXTN_ENTITY_MAP;
alter table DYEXTN_INTEGER_CONCEPT_VALUE add constraint FKFBA33B3C4641D513 foreign key (IDENTIFIER) references DYEXTN_PERMISSIBLE_VALUE;
alter table DYEXTN_INTEGER_TYPE_INFO add constraint FK5F9CB235BA4AE008 foreign key (IDENTIFIER) references DYEXTN_NUMERIC_TYPE_INFO;
alter table DYEXTN_LIST_BOX add constraint FK208395A7BF67AB26 foreign key (IDENTIFIER) references DYEXTN_SELECT_CONTROL;
alter table DYEXTN_LONG_CONCEPT_VALUE add constraint FK3E1A6EF44641D513 foreign key (IDENTIFIER) references DYEXTN_PERMISSIBLE_VALUE;
alter table DYEXTN_LONG_TYPE_INFO add constraint FK257281EDBA4AE008 foreign key (IDENTIFIER) references DYEXTN_NUMERIC_TYPE_INFO;
alter table DYEXTN_NUMERIC_TYPE_INFO add constraint FK4DEC9544E5294FA3 foreign key (IDENTIFIER) references DYEXTN_ATTRIBUTE_TYPE_INFO;
alter table DYEXTN_OBJECT_TYPE_INFO add constraint FK74819FB0E5294FA3 foreign key (IDENTIFIER) references DYEXTN_ATTRIBUTE_TYPE_INFO;
alter table DYEXTN_PATH add constraint FKC26ADC2854AC01B foreign key (CATEGORY_ENTITY_ID) references DYEXTN_CATEGORY_ENTITY;
alter table DYEXTN_PATH_ASSO_REL add constraint FK1E1260A57EE87FF6 foreign key (ASSOCIATION_ID) references DYEXTN_ASSOCIATION;
alter table DYEXTN_PATH_ASSO_REL add constraint FK1E1260A580C8F93E foreign key (PATH_ID) references DYEXTN_PATH;
alter table DYEXTN_PERMISSIBLE_VALUE add constraint FK136264E0AA208204 foreign key (ATTRIBUTE_TYPE_INFO_ID) references DYEXTN_ATTRIBUTE_TYPE_INFO;
alter table DYEXTN_PERMISSIBLE_VALUE add constraint FK136264E067F8B59 foreign key (CATEGORY_ATTRIBUTE_ID) references DYEXTN_CATEGORY_ATTRIBUTE;
alter table DYEXTN_PRIMITIVE_ATTRIBUTE add constraint FKA9F765C76D19A21F foreign key (IDENTIFIER) references DYEXTN_ATTRIBUTE;
alter table DYEXTN_RADIOBUTTON add constraint FK16F5BA9040F198C2 foreign key (IDENTIFIER) references DYEXTN_CONTROL;
alter table DYEXTN_RULE add constraint FKC27E099F8DDEC02 foreign key (CATEGORY_ATTR_ID) references DYEXTN_CATEGORY_ATTRIBUTE;
alter table DYEXTN_RULE add constraint FKC27E09990F96714 foreign key (ATTRIBUTE_ID) references DYEXTN_ATTRIBUTE;
alter table DYEXTN_RULE_PARAMETER add constraint FK2256736395D4A5AE foreign key (RULE_ID) references DYEXTN_RULE;
alter table DYEXTN_SELECT_CONTROL add constraint FKDFEBB65740F198C2 foreign key (IDENTIFIER) references DYEXTN_CONTROL;
alter table DYEXTN_SEMANTIC_PROPERTY add constraint FKD2A0B5B19AEB0CA3 foreign key (ABSTRACT_METADATA_ID) references DYEXTN_ABSTRACT_METADATA;
alter table DYEXTN_SEMANTIC_PROPERTY add constraint FKD2A0B5B15EB60E90 foreign key (ABSTRACT_VALUE_ID) references DYEXTN_PERMISSIBLE_VALUE;
alter table DYEXTN_SHORT_CONCEPT_VALUE add constraint FKC1945ABA4641D513 foreign key (IDENTIFIER) references DYEXTN_PERMISSIBLE_VALUE;
alter table DYEXTN_SHORT_TYPE_INFO add constraint FK99540B3BA4AE008 foreign key (IDENTIFIER) references DYEXTN_NUMERIC_TYPE_INFO;
alter table DYEXTN_STRING_CONCEPT_VALUE add constraint FKADE7D8894641D513 foreign key (IDENTIFIER) references DYEXTN_PERMISSIBLE_VALUE;
alter table DYEXTN_STRING_TYPE_INFO add constraint FKDA35FE02E5294FA3 foreign key (IDENTIFIER) references DYEXTN_ATTRIBUTE_TYPE_INFO;
alter table DYEXTN_TABLE_PROPERTIES add constraint FKE608E0811DCC9E63 foreign key (ABSTRACT_ENTITY_ID) references DYEXTN_ABSTRACT_ENTITY;
alter table DYEXTN_TABLE_PROPERTIES add constraint FKE608E0813AB6A1D3 foreign key (IDENTIFIER) references DYEXTN_DATABASE_PROPERTIES;
alter table DYEXTN_TAGGED_VALUE add constraint FKF79D055B9AEB0CA3 foreign key (ABSTRACT_METADATA_ID) references DYEXTN_ABSTRACT_METADATA;
alter table DYEXTN_TEXTAREA add constraint FK946EE25740F198C2 foreign key (IDENTIFIER) references DYEXTN_CONTROL;
alter table DYEXTN_TEXTFIELD add constraint FKF9AFC85040F198C2 foreign key (IDENTIFIER) references DYEXTN_CONTROL;
alter table DYEXTN_USERDEFINED_DE add constraint FK630761FF53CC4A77 foreign key (IDENTIFIER) references DYEXTN_DATA_ELEMENT;
alter table DYEXTN_USERDEF_DE_VALUE_REL add constraint FK3EE58DCF5521B106 foreign key (USER_DEF_DE_ID) references DYEXTN_USERDEFINED_DE;
alter table DYEXTN_USERDEF_DE_VALUE_REL add constraint FK3EE58DCF49BDD67 foreign key (PERMISSIBLE_VALUE_ID) references DYEXTN_PERMISSIBLE_VALUE;
