drop table DE_COLL_ATTR_RECORD_VALUES;
drop table DE_FILE_ATTR_RECORD_VALUES;
drop table DE_OBJECT_ATTR_RECORD_VALUES;
drop table DYEXTN_ABSTRACT_ENTITY;
drop table DYEXTN_ABSTRACT_METADATA;
drop table DYEXTN_ABSTR_CONTAIN_CTR;
drop table DYEXTN_ASSOCIATION;
drop table DYEXTN_ASSO_DISPLAY_ATTR;
drop table DYEXTN_ATTRIBUTE;
drop table DYEXTN_ATTRIBUTE_RECORD;
drop table DYEXTN_ATTRIBUTE_TYPE_INFO;
drop table DYEXTN_BARR_CONCEPT_VALUE;
drop table DYEXTN_BASE_ABSTRACT_ATTRIBUTE;
drop table DYEXTN_BOOLEAN_CONCEPT_VALUE;
drop table DYEXTN_BOOLEAN_TYPE_INFO;
drop table DYEXTN_BYTE_ARRAY_TYPE_INFO;
drop table DYEXTN_CADSRDE;
drop table DYEXTN_CADSR_VALUE_DOMAIN_INFO;
drop table DYEXTN_CATEGORY;
drop table DYEXTN_CATEGORY_ASSOCIATION;
drop table DYEXTN_CATEGORY_ATTRIBUTE;
drop table DYEXTN_CATEGORY_ENTITY;
drop table DYEXTN_CAT_ASSO_CTL;
drop table DYEXTN_CHECK_BOX;
drop table DYEXTN_COLUMN_PROPERTIES;
drop table DYEXTN_COMBOBOX;
drop table DYEXTN_CONSTRAINTKEY_PROP;
drop table DYEXTN_CONSTRAINT_PROPERTIES;
drop table DYEXTN_CONTAINER;
drop table DYEXTN_CONTAINMENT_CONTROL;
drop table DYEXTN_CONTROL;
drop table DYEXTN_DATABASE_PROPERTIES;
drop table DYEXTN_DATA_ELEMENT;
drop table DYEXTN_DATA_GRID;
drop table DYEXTN_DATEPICKER;
drop table DYEXTN_DATE_CONCEPT_VALUE;
drop table DYEXTN_DATE_TYPE_INFO;
drop table DYEXTN_DOUBLE_CONCEPT_VALUE;
drop table DYEXTN_DOUBLE_TYPE_INFO;
drop table DYEXTN_ENTITY;
drop table DYEXTN_ENTITY_GROUP;
drop table DYEXTN_ENTITY_MAP;
drop table DYEXTN_ENTITY_MAP_CONDNS;
drop table DYEXTN_ENTITY_MAP_RECORD;
drop table DYEXTN_FILE_EXTENSIONS;
drop table DYEXTN_FILE_TYPE_INFO;
drop table DYEXTN_FILE_UPLOAD;
drop table DYEXTN_FLOAT_CONCEPT_VALUE;
drop table DYEXTN_FLOAT_TYPE_INFO;
drop table DYEXTN_FORM_CONTEXT;
drop table DYEXTN_INTEGER_CONCEPT_VALUE;
drop table DYEXTN_INTEGER_TYPE_INFO;
drop table DYEXTN_LIST_BOX;
drop table DYEXTN_LONG_CONCEPT_VALUE;
drop table DYEXTN_LONG_TYPE_INFO;
drop table DYEXTN_NUMERIC_TYPE_INFO;
drop table DYEXTN_OBJECT_TYPE_INFO;
drop table DYEXTN_PATH;
drop table DYEXTN_PATH_ASSO_REL;
drop table DYEXTN_PERMISSIBLE_VALUE;
drop table DYEXTN_PRIMITIVE_ATTRIBUTE;
drop table DYEXTN_RADIOBUTTON;
drop table DYEXTN_ROLE;
drop table DYEXTN_RULE;
drop table DYEXTN_RULE_PARAMETER;
drop table DYEXTN_SELECT_CONTROL;
drop table DYEXTN_SEMANTIC_PROPERTY;
drop table DYEXTN_SHORT_CONCEPT_VALUE;
drop table DYEXTN_SHORT_TYPE_INFO;
drop table DYEXTN_SQL_AUDIT;
drop table DYEXTN_STRING_CONCEPT_VALUE;
drop table DYEXTN_STRING_TYPE_INFO;
drop table DYEXTN_TABLE_PROPERTIES;
drop table DYEXTN_TAGGED_VALUE;
drop table DYEXTN_TEXTAREA;
drop table DYEXTN_TEXTFIELD;
drop table DYEXTN_USERDEFINED_DE;
drop table DYEXTN_USERDEF_DE_VALUE_REL;
drop table DYEXTN_VIEW;
drop table DYEXT_ENTIY_COMPOSITE_KEY_REL;
drop table dyextn_id_generator;
create table DE_COLL_ATTR_RECORD_VALUES (IDENTIFIER bigint generated by default as identity, RECORD_VALUE varchar(4000), COLLECTION_ATTR_RECORD_ID bigint, primary key (IDENTIFIER));
create table DE_FILE_ATTR_RECORD_VALUES (IDENTIFIER bigint generated by default as identity, CONTENT_TYPE varchar(255), FILE_CONTENT blob(255), FILE_NAME varchar(255), RECORD_ID bigint, primary key (IDENTIFIER));
create table DE_OBJECT_ATTR_RECORD_VALUES (IDENTIFIER bigint generated by default as identity, CLASS_NAME varchar(255), OBJECT_CONTENT blob(255), RECORD_ID bigint, primary key (IDENTIFIER));
create table DYEXTN_ABSTRACT_ENTITY (id bigint not null, primary key (id));
create table DYEXTN_ABSTRACT_METADATA (IDENTIFIER bigint generated by default as identity, CREATED_DATE date, DESCRIPTION varchar(1000), LAST_UPDATED date, NAME varchar(1000), PUBLIC_ID varchar(255), primary key (IDENTIFIER));
create table DYEXTN_ABSTR_CONTAIN_CTR (IDENTIFIER bigint not null, CONTAINER_ID bigint, primary key (IDENTIFIER));
create table DYEXTN_ASSOCIATION (IDENTIFIER bigint not null, IS_COLLECTION smallint, DIRECTION varchar(255), TARGET_ENTITY_ID bigint, SOURCE_ROLE_ID bigint, TARGET_ROLE_ID bigint, IS_SYSTEM_GENERATED smallint, primary key (IDENTIFIER));
create table DYEXTN_ASSO_DISPLAY_ATTR (IDENTIFIER bigint generated by default as identity, SEQUENCE_NUMBER integer, DISPLAY_ATTRIBUTE_ID bigint, SELECT_CONTROL_ID bigint, primary key (IDENTIFIER));
create table DYEXTN_ATTRIBUTE (IDENTIFIER bigint not null, ENTIY_ID bigint, primary key (IDENTIFIER));
create table DYEXTN_ATTRIBUTE_RECORD (IDENTIFIER bigint generated by default as identity, ENTITY_ID bigint, ATTRIBUTE_ID bigint, RECORD_ID bigint, primary key (IDENTIFIER));
create table DYEXTN_ATTRIBUTE_TYPE_INFO (IDENTIFIER bigint generated by default as identity, PRIMITIVE_ATTRIBUTE_ID bigint, primary key (IDENTIFIER));
create table DYEXTN_BARR_CONCEPT_VALUE (IDENTIFIER bigint not null, primary key (IDENTIFIER));
create table DYEXTN_BASE_ABSTRACT_ATTRIBUTE (IDENTIFIER bigint not null, primary key (IDENTIFIER));
create table DYEXTN_BOOLEAN_CONCEPT_VALUE (IDENTIFIER bigint not null, VALUE smallint, primary key (IDENTIFIER));
create table DYEXTN_BOOLEAN_TYPE_INFO (IDENTIFIER bigint not null, primary key (IDENTIFIER));
create table DYEXTN_BYTE_ARRAY_TYPE_INFO (IDENTIFIER bigint not null, CONTENT_TYPE varchar(255), primary key (IDENTIFIER));
create table DYEXTN_CADSRDE (IDENTIFIER bigint not null, PUBLIC_ID varchar(255), primary key (IDENTIFIER));
create table DYEXTN_CADSR_VALUE_DOMAIN_INFO (IDENTIFIER bigint generated by default as identity, DATATYPE varchar(255), NAME varchar(255), TYPE varchar(255), PRIMITIVE_ATTRIBUTE_ID bigint, primary key (IDENTIFIER));
create table DYEXTN_CATEGORY (IDENTIFIER bigint not null, ROOT_CATEGORY_ELEMENT bigint, CATEGORY_ENTITY_ID bigint, primary key (IDENTIFIER));
create table DYEXTN_CATEGORY_ASSOCIATION (IDENTIFIER bigint not null, CATEGORY_ENTIY_ID bigint, CATEGORY_ENTITY_ID bigint, primary key (IDENTIFIER));
create table DYEXTN_CATEGORY_ATTRIBUTE (IDENTIFIER bigint not null, ABSTRACT_ATTRIBUTE_ID bigint, CATEGORY_ENTIY_ID bigint, IS_VISIBLE smallint, IS_RELATTRIBUTE smallint, CATEGORY_ENTITY_ID bigint, primary key (IDENTIFIER));
create table DYEXTN_CATEGORY_ENTITY (IDENTIFIER bigint not null, NUMBER_OF_ENTRIES integer, ENTITY_ID bigint, OWN_PARENT_CATEGORY_ENTITY_ID bigint, TREE_PARENT_CATEGORY_ENTITY_ID bigint, IS_CREATETABLE smallint, REL_ATTR_CAT_ENTITY_ID bigint, CATEGORY_ASSOCIATION_ID bigint, PARENT_CATEGORY_ENTITY_ID bigint, primary key (IDENTIFIER));
create table DYEXTN_CAT_ASSO_CTL (IDENTIFIER bigint not null, primary key (IDENTIFIER));
create table DYEXTN_CHECK_BOX (IDENTIFIER bigint not null, primary key (IDENTIFIER));
create table DYEXTN_COLUMN_PROPERTIES (IDENTIFIER bigint not null, PRIMITIVE_ATTRIBUTE_ID bigint, CATEGORY_ATTRIBUTE_ID bigint, CNSTR_KEY_PROP_ID bigint, primary key (IDENTIFIER));
create table DYEXTN_COMBOBOX (IDENTIFIER bigint not null, primary key (IDENTIFIER));
create table DYEXTN_CONSTRAINTKEY_PROP (IDENTIFIER bigint generated by default as identity, PRIMARY_ATTRIBUTE_ID bigint, SRC_CONSTRAINT_KEY_ID bigint, TGT_CONSTRAINT_KEY_ID bigint, primary key (IDENTIFIER));
create table DYEXTN_CONSTRAINT_PROPERTIES (IDENTIFIER bigint not null, CONSTRAINT_NAME varchar(255), ASSOCIATION_ID bigint, CATEGORY_ASSOCIATION_ID bigint, ABSTRACT_ENTITY_ID bigint, primary key (IDENTIFIER));
create table DYEXTN_CONTAINER (IDENTIFIER bigint generated by default as identity, BUTTON_CSS varchar(255), CAPTION varchar(800), ABSTRACT_ENTITY_ID bigint, MAIN_TABLE_CSS varchar(255), REQUIRED_FIELD_INDICATOR varchar(255), REQUIRED_FIELD_WARNING_MESSAGE varchar(255), TITLE_CSS varchar(255), BASE_CONTAINER_ID bigint, ADD_CAPTION smallint, ENTITY_GROUP_ID bigint, VIEW_ID bigint, primary key (IDENTIFIER));
create table DYEXTN_CONTAINMENT_CONTROL (IDENTIFIER bigint not null, primary key (IDENTIFIER));
create table DYEXTN_CONTROL (IDENTIFIER bigint generated by default as identity, CAPTION varchar(800), CSS_CLASS varchar(255), HIDDEN smallint, NAME varchar(255), SEQUENCE_NUMBER integer, TOOLTIP varchar(255), CONTAINER_ID bigint, BASE_ABST_ATR_ID bigint, READ_ONLY smallint, primary key (IDENTIFIER));
create table DYEXTN_DATABASE_PROPERTIES (IDENTIFIER bigint generated by default as identity, NAME varchar(255), primary key (IDENTIFIER));
create table DYEXTN_DATA_ELEMENT (IDENTIFIER bigint generated by default as identity, CATEGORY_ATTRIBUTE_ID bigint, ATTRIBUTE_TYPE_INFO_ID bigint, primary key (IDENTIFIER));
create table DYEXTN_DATA_GRID (IDENTIFIER bigint not null, primary key (IDENTIFIER));
create table DYEXTN_DATEPICKER (IDENTIFIER bigint not null, DATE_VALUE_TYPE varchar(255), primary key (IDENTIFIER));
create table DYEXTN_DATE_CONCEPT_VALUE (IDENTIFIER bigint not null, VALUE timestamp, primary key (IDENTIFIER));
create table DYEXTN_DATE_TYPE_INFO (IDENTIFIER bigint not null, FORMAT varchar(255), primary key (IDENTIFIER));
create table DYEXTN_DOUBLE_CONCEPT_VALUE (IDENTIFIER bigint not null, VALUE double, primary key (IDENTIFIER));
create table DYEXTN_DOUBLE_TYPE_INFO (IDENTIFIER bigint not null, primary key (IDENTIFIER));
create table DYEXTN_ENTITY (IDENTIFIER bigint not null, DATA_TABLE_STATE integer, ENTITY_GROUP_ID bigint, IS_ABSTRACT smallint, PARENT_ENTITY_ID bigint, INHERITANCE_STRATEGY integer, DISCRIMINATOR_COLUMN_NAME varchar(255), DISCRIMINATOR_VALUE varchar(255), primary key (IDENTIFIER));
create table DYEXTN_ENTITY_GROUP (IDENTIFIER bigint not null, LONG_NAME varchar(255), SHORT_NAME varchar(255), VERSION varchar(255), IS_SYSTEM_GENERATED smallint, primary key (IDENTIFIER));
create table DYEXTN_ENTITY_MAP (IDENTIFIER bigint generated by default as identity, CONTAINER_ID bigint, STATUS varchar(10), STATIC_ENTITY_ID bigint, CREATED_DATE date, CREATED_BY varchar(255), primary key (IDENTIFIER));
create table DYEXTN_ENTITY_MAP_CONDNS (IDENTIFIER bigint generated by default as identity, STATIC_RECORD_ID bigint, TYPE_ID bigint, FORM_CONTEXT_ID bigint, primary key (IDENTIFIER));
create table DYEXTN_ENTITY_MAP_RECORD (IDENTIFIER bigint generated by default as identity, FORM_CONTEXT_ID bigint, STATIC_ENTITY_RECORD_ID bigint, STATUS varchar(10), DYNAMIC_ENTITY_RECORD_ID bigint, MODIFIED_DATE date, CREATED_DATE date, CREATED_BY varchar(255), primary key (IDENTIFIER));
create table DYEXTN_FILE_EXTENSIONS (IDENTIFIER bigint generated by default as identity, FILE_EXTENSION varchar(255), ATTRIBUTE_ID bigint, primary key (IDENTIFIER));
create table DYEXTN_FILE_TYPE_INFO (IDENTIFIER bigint not null, MAX_FILE_SIZE float, primary key (IDENTIFIER));
create table DYEXTN_FILE_UPLOAD (IDENTIFIER bigint not null, NO_OF_COLUMNS integer, primary key (IDENTIFIER));
create table DYEXTN_FLOAT_CONCEPT_VALUE (IDENTIFIER bigint not null, VALUE float, primary key (IDENTIFIER));
create table DYEXTN_FLOAT_TYPE_INFO (IDENTIFIER bigint not null, primary key (IDENTIFIER));
create table DYEXTN_FORM_CONTEXT (IDENTIFIER bigint generated by default as identity, IS_INFINITE_ENTRY smallint, ENTITY_MAP_ID bigint, STUDY_FORM_LABEL varchar(255), NO_OF_ENTRIES integer, primary key (IDENTIFIER));
create table DYEXTN_INTEGER_CONCEPT_VALUE (IDENTIFIER bigint not null, VALUE integer, primary key (IDENTIFIER));
create table DYEXTN_INTEGER_TYPE_INFO (IDENTIFIER bigint not null, primary key (IDENTIFIER));
create table DYEXTN_LIST_BOX (IDENTIFIER bigint not null, NO_OF_ROWS integer, MULTISELECT smallint, primary key (IDENTIFIER));
create table DYEXTN_LONG_CONCEPT_VALUE (IDENTIFIER bigint not null, VALUE bigint, primary key (IDENTIFIER));
create table DYEXTN_LONG_TYPE_INFO (IDENTIFIER bigint not null, primary key (IDENTIFIER));
create table DYEXTN_NUMERIC_TYPE_INFO (IDENTIFIER bigint not null, MEASUREMENT_UNITS varchar(255), DECIMAL_PLACES integer, NO_DIGITS integer, primary key (IDENTIFIER));
create table DYEXTN_OBJECT_TYPE_INFO (IDENTIFIER bigint not null, primary key (IDENTIFIER));
create table DYEXTN_PATH (IDENTIFIER bigint generated by default as identity, CATEGORY_ENTITY_ID bigint, primary key (IDENTIFIER));
create table DYEXTN_PATH_ASSO_REL (IDENTIFIER bigint generated by default as identity, PATH_ID bigint, ASSOCIATION_ID bigint, PATH_SEQUENCE_NUMBER integer, SRC_INSTANCE_ID bigint, TGT_INSTANCE_ID bigint, primary key (IDENTIFIER));
create table DYEXTN_PERMISSIBLE_VALUE (IDENTIFIER bigint generated by default as identity, DESCRIPTION varchar(255), CATEGORY_ATTRIBUTE_ID bigint, ATTRIBUTE_TYPE_INFO_ID bigint, primary key (IDENTIFIER));
create table DYEXTN_PRIMITIVE_ATTRIBUTE (IDENTIFIER bigint not null, IS_IDENTIFIED smallint, IS_PRIMARY_KEY smallint, IS_NULLABLE smallint, primary key (IDENTIFIER));
create table DYEXTN_RADIOBUTTON (IDENTIFIER bigint not null, primary key (IDENTIFIER));
create table DYEXTN_ROLE (IDENTIFIER bigint generated by default as identity, ASSOCIATION_TYPE varchar(255), MAX_CARDINALITY integer, MIN_CARDINALITY integer, NAME varchar(255), primary key (IDENTIFIER));
create table DYEXTN_RULE (IDENTIFIER bigint generated by default as identity, NAME varchar(255), IS_IMPLICIT smallint, ATTRIBUTE_ID bigint, CATEGORY_ATTR_ID bigint, primary key (IDENTIFIER));
create table DYEXTN_RULE_PARAMETER (IDENTIFIER bigint generated by default as identity, NAME varchar(255), VALUE varchar(255), RULE_ID bigint, primary key (IDENTIFIER));
create table DYEXTN_SELECT_CONTROL (IDENTIFIER bigint not null, SEPARATOR_STRING varchar(255), primary key (IDENTIFIER));
create table DYEXTN_SEMANTIC_PROPERTY (IDENTIFIER bigint generated by default as identity, CONCEPT_CODE varchar(255), TERM varchar(255), THESAURAS_NAME varchar(255), SEQUENCE_NUMBER integer, CONCEPT_DEFINITION varchar(255), ABSTRACT_METADATA_ID bigint, ABSTRACT_VALUE_ID bigint, primary key (IDENTIFIER));
create table DYEXTN_SHORT_CONCEPT_VALUE (IDENTIFIER bigint not null, VALUE smallint, primary key (IDENTIFIER));
create table DYEXTN_SHORT_TYPE_INFO (IDENTIFIER bigint not null, primary key (IDENTIFIER));
create table DYEXTN_SQL_AUDIT (IDENTIFIER bigint generated by default as identity, AUDIT_DATE date, QUERY_EXECUTED varchar(4000), USER_ID bigint, primary key (IDENTIFIER));
create table DYEXTN_STRING_CONCEPT_VALUE (IDENTIFIER bigint not null, VALUE varchar(255), primary key (IDENTIFIER));
create table DYEXTN_STRING_TYPE_INFO (IDENTIFIER bigint not null, MAX_SIZE integer, primary key (IDENTIFIER));
create table DYEXTN_TABLE_PROPERTIES (IDENTIFIER bigint not null, ABSTRACT_ENTITY_ID bigint, primary key (IDENTIFIER));
create table DYEXTN_TAGGED_VALUE (IDENTIFIER bigint generated by default as identity, T_KEY varchar(255), T_VALUE varchar(255), ABSTRACT_METADATA_ID bigint, primary key (IDENTIFIER));
create table DYEXTN_TEXTAREA (IDENTIFIER bigint not null, TEXTAREA_COLUMNS integer, TEXTAREA_ROWS integer, primary key (IDENTIFIER));
create table DYEXTN_TEXTFIELD (IDENTIFIER bigint not null, NO_OF_COLUMNS integer, IS_PASSWORD smallint, IS_URL smallint, primary key (IDENTIFIER));
create table DYEXTN_USERDEFINED_DE (IDENTIFIER bigint not null, primary key (IDENTIFIER));
create table DYEXTN_USERDEF_DE_VALUE_REL (USER_DEF_DE_ID bigint not null, PERMISSIBLE_VALUE_ID bigint not null, primary key (USER_DEF_DE_ID, PERMISSIBLE_VALUE_ID));
create table DYEXTN_VIEW (IDENTIFIER bigint generated by default as identity, NAME varchar(255), primary key (IDENTIFIER));
create table DYEXT_ENTIY_COMPOSITE_KEY_REL (ENTITY_ID bigint not null, ATTRIBUTE_ID bigint not null, INSERTION_ORDER integer not null, primary key (ENTITY_ID, INSERTION_ORDER));
create table dyextn_id_generator (id bigint not null, next_available_id bigint, primary key (id));

/* metedata loading sttarts*/


/*Data for the table association */

insert into association (ASSOCIATION_ID,ASSOCIATION_TYPE) values (1,2),(2,2),(3,2),(4,2),(5,2),(6,2),(7,2),(8,2),(9,2),(10,2),(11,2),(12,2),(13,2),(14,2),(15,2),(16,2),(17,2),(18,2),(19,2),(20,2),(21,2),(22,2),(23,2),(24,2),(25,2),(26,2),(27,2),(28,2),(29,2),(30,2),(31,2),(32,2),(33,2),(34,2),(35,2),(36,2),(37,2),(38,2),(39,2),(40,2),(41,2),(42,2),(43,2),(44,2),(45,2),(46,2),(47,2),(48,2),(49,2),(50,2),(51,2),(52,2),(53,2),(54,2),(55,2),(56,2),(57,2),(58,2),(59,2),(60,2),(61,2),(62,2),(63,2),(64,2),(65,2),(66,2),(67,2),(68,2),(69,2),(70,2),(71,2),(72,2),(73,2),(74,2),(75,2),(76,2),(77,2),(78,2),(79,2),(80,2),(81,2),(82,2),(83,2),(84,2),(85,2),(86,2),(87,2),(88,2),(89,2),(90,2),(91,2),(92,2),(93,2),(94,2),(95,2),(96,2),(97,2),(98,2),(99,2),(100,2),(101,2),(102,2),(103,2),(104,2),(105,2),(106,2),(107,2),(108,2),(109,2),(110,2),(111,2),(112,2),(113,2),(114,2),(115,2),(116,2),(117,2),(118,2),(119,2),(120,2),(121,2);

/*Data for the table de_coll_attr_record_values */

/*Data for the table de_file_attr_record_values */

/*Data for the table de_object_attr_record_values */

/*Data for the table dyext_entiy_composite_key_rel */
commit;
insert into dyext_entiy_composite_key_rel (ENTITY_ID,ATTRIBUTE_ID,INSERTION_ORDER) values (6,7,0),(30,31,0),(140,141,0),(140,126,1),(142,143,0);

/*Data for the table dyextn_abstr_contain_ctr */

insert into dyextn_abstr_contain_ctr (IDENTIFIER,CONTAINER_ID) values (38,5),(83,25),(91,27),(95,28),(96,9),(97,26),(104,29),(108,30),(110,14),(111,16),(119,22),(120,24);

/*Data for the table dyextn_abstract_entity */

insert into dyextn_abstract_entity (id) values (2),(6),(10),(14),(16),(25),(30),(32),(33),(36),(44),(49),(54),(59),(64),(71),(76),(81),(86),(91),(125),(131),(140),(142),(144),(153),(163),(165),(166),(167),(179),(184),(194),(205),(208),(213),(218),(223),(228),(229),(247),(253),(261),(267),(269),(274),(284),(289),(294),(319),(324),(329),(330),(335),(340),(350),(355),(361),(369),(370),(375),(380),(385),(390),(403),(408),(412),(413),(418),(423),(433),(444),(445),(446),(447),(450),(454),(458);

/*Data for the table dyextn_abstract_metadata */

insert into dyextn_abstract_metadata (IDENTIFIER,CREATED_DATE,DESCRIPTION,LAST_UPDATED,NAME,PUBLIC_ID) values (1,NULL,'cider',NULL,'cider',NULL),(2,'2009-03-06','cider-PatientLocation','2009-03-06','PatientLocation',NULL),(3,NULL,NULL,NULL,'bed',NULL),(4,NULL,NULL,NULL,'room',NULL),(5,NULL,NULL,NULL,'location',NULL),(6,'2009-03-06','cider-MedicalEntityDictionary','2009-03-06','MedicalEntityDictionary',NULL),(7,NULL,NULL,NULL,'id',NULL),(8,NULL,NULL,NULL,'shortName',NULL),(9,NULL,NULL,NULL,'name',NULL),(10,'2009-03-06','cider-FrequencyWithModifier','2009-03-06','FrequencyWithModifier',NULL),(11,NULL,NULL,NULL,'id',NULL),(12,NULL,NULL,NULL,'name',NULL),(13,NULL,NULL,NULL,'shortName',NULL),(14,'2009-03-06','cider-Provider','2009-03-06','Provider',NULL),(15,NULL,NULL,NULL,'AssociationName_4',NULL),(16,'2009-03-06','cider-PersonName','2009-03-06','PersonName',NULL),(17,NULL,NULL,NULL,'suffix',NULL),(18,NULL,NULL,NULL,'prefix',NULL),(19,NULL,NULL,NULL,'degree',NULL),(20,NULL,NULL,NULL,'lastNameCompressed',NULL),(21,NULL,NULL,NULL,'lastName',NULL),(22,NULL,NULL,NULL,'middleName',NULL),(23,NULL,NULL,NULL,'firstName',NULL),(24,NULL,NULL,NULL,'AssociationName_3',NULL),(25,'2009-03-06','cider-ProviderType','2009-03-06','ProviderType',NULL),(26,NULL,NULL,NULL,'id',NULL),(27,NULL,NULL,NULL,'name',NULL),(28,NULL,NULL,NULL,'shortName',NULL),(29,NULL,NULL,NULL,'AssociationName_2',NULL),(30,'2009-03-06','cider-Person','2009-03-06','Person',NULL),(31,NULL,NULL,NULL,'personUpi',NULL),(32,'2009-03-06','cider-MedicationOrder','2009-03-06','MedicationOrder',NULL),(33,'2009-03-06','cider-MedicationOrderDetails','2009-03-06','MedicationOrderDetails',NULL),(34,NULL,NULL,NULL,'AssociationName_14',NULL),(35,NULL,NULL,NULL,'AssociationName_13',NULL),(36,'2009-03-06','cider-MedicationComponent','2009-03-06','MedicationComponent',NULL),(37,NULL,NULL,NULL,'medicationText',NULL),(38,NULL,NULL,NULL,'strength',NULL),(39,NULL,NULL,NULL,'strengthMinimum',NULL),(40,NULL,NULL,NULL,'quantity',NULL),(41,NULL,NULL,NULL,'strengthMaximum',NULL),(42,NULL,NULL,NULL,'quantityMaximum',NULL),(43,NULL,NULL,NULL,'quantityMinimum',NULL),(44,'2009-03-06','cider-MedicationRoute','2009-03-06','MedicationRoute',NULL),(45,NULL,NULL,NULL,'id',NULL),(46,NULL,NULL,NULL,'name',NULL),(47,NULL,NULL,NULL,'shortName',NULL),(48,NULL,NULL,NULL,'AssociationName_1',NULL),(49,'2009-03-06','cider-MedicationComponentType','2009-03-06','MedicationComponentType',NULL),(50,NULL,NULL,NULL,'id',NULL),(51,NULL,NULL,NULL,'name',NULL),(52,NULL,NULL,NULL,'shortName',NULL),(53,NULL,NULL,NULL,'AssociationName_2',NULL),(54,'2009-03-06','cider-MedicationIngredient','2009-03-06','MedicationIngredient',NULL),(55,NULL,NULL,NULL,'id',NULL),(56,NULL,NULL,NULL,'name',NULL),(57,NULL,NULL,NULL,'shortName',NULL),(58,NULL,NULL,NULL,'AssociationName_3',NULL),(59,'2009-03-06','cider-MedicationForm','2009-03-06','MedicationForm',NULL),(60,NULL,NULL,NULL,'id',NULL),(61,NULL,NULL,NULL,'name',NULL),(62,NULL,NULL,NULL,'shortName',NULL),(63,NULL,NULL,NULL,'AssociationName_4',NULL),(64,'2009-03-06','cider-UnitsOfMeasure','2009-03-06','UnitsOfMeasure',NULL),(65,NULL,NULL,NULL,'id',NULL),(66,NULL,NULL,NULL,'name',NULL),(67,NULL,NULL,NULL,'shortName',NULL),(68,NULL,NULL,NULL,'AssociationName_5',NULL),(69,NULL,NULL,NULL,'AssociationName_6',NULL),(70,NULL,NULL,NULL,'AssociationName_12',NULL),(71,'2009-03-06','cider-Status','2009-03-06','Status',NULL),(72,NULL,NULL,NULL,'id',NULL),(73,NULL,NULL,NULL,'name',NULL),(74,NULL,NULL,NULL,'shortName',NULL),(75,NULL,NULL,NULL,'AssociationName_11',NULL),(76,'2009-03-06','cider-Application','2009-03-06','Application',NULL),(77,NULL,NULL,NULL,'id',NULL),(78,NULL,NULL,NULL,'name',NULL),(79,NULL,NULL,NULL,'shortName',NULL),(80,NULL,NULL,NULL,'AssociationName_10',NULL),(81,'2009-03-06','cider-FrequencyModifier','2009-03-06','FrequencyModifier',NULL),(82,NULL,NULL,NULL,'id',NULL),(83,NULL,NULL,NULL,'name',NULL),(84,NULL,NULL,NULL,'shortName',NULL),(85,NULL,NULL,NULL,'AssociationName_9',NULL),(86,'2009-03-06','cider-Frequency','2009-03-06','Frequency',NULL),(87,NULL,NULL,NULL,'id',NULL),(88,NULL,NULL,NULL,'name',NULL),(89,NULL,NULL,NULL,'shortName',NULL),(90,NULL,NULL,NULL,'AssociationName_8',NULL),(91,'2009-03-06','cider-SubstitutionStatus','2009-03-06','SubstitutionStatus',NULL),(92,NULL,NULL,NULL,'id',NULL),(93,NULL,NULL,NULL,'name',NULL),(94,NULL,NULL,NULL,'shortName',NULL),(95,NULL,NULL,NULL,'AssociationName_7',NULL),(96,NULL,NULL,NULL,'AssociationName_6',NULL),(97,NULL,NULL,NULL,'quantityMinimum',NULL),(98,NULL,NULL,NULL,'quantityMaximum',NULL),(99,NULL,NULL,NULL,'quantity',NULL),(100,NULL,NULL,NULL,'orderStartDateTime',NULL),(101,NULL,NULL,NULL,'orderEndDateTime',NULL),(102,NULL,NULL,NULL,'numberOfRefills',NULL),(103,NULL,NULL,NULL,'lastRefillDateTime',NULL),(104,NULL,NULL,NULL,'infusionDuration',NULL),(105,NULL,NULL,NULL,'infusionAmount',NULL),(106,NULL,NULL,NULL,'explicitInterval',NULL),(107,NULL,NULL,NULL,'effectiveStartTimeStamp',NULL),(108,NULL,NULL,NULL,'effectiveEndTimeStamp',NULL),(109,NULL,NULL,NULL,'duration',NULL),(110,NULL,NULL,NULL,'specialDispensingInstructions',NULL),(111,NULL,NULL,NULL,'strength',NULL),(112,NULL,NULL,NULL,'infusionHangDuration',NULL),(113,NULL,NULL,NULL,'medicationComments',NULL),(114,NULL,NULL,NULL,'ageAtOrder',NULL),(115,NULL,NULL,NULL,'strengthMinimum',NULL),(116,NULL,NULL,NULL,'strengthMaximum',NULL),(117,NULL,NULL,NULL,'AssociationName_1',NULL),(118,NULL,NULL,NULL,'AssociationName_2',NULL),(119,NULL,NULL,NULL,'AssociationName_3',NULL),(120,NULL,NULL,NULL,'AssociationName_4',NULL),(121,NULL,NULL,NULL,'AssociationName_5',NULL),(122,NULL,NULL,NULL,'AssociationName_5',NULL),(123,NULL,NULL,NULL,'AssociationName_4',NULL),(124,NULL,NULL,NULL,'AssociationName_3',NULL),(125,'2009-03-06','cider-Facility','2009-03-06','Facility',NULL),(126,NULL,NULL,NULL,'id',NULL),(127,NULL,NULL,NULL,'name',NULL),(128,NULL,NULL,NULL,'shortName',NULL),(129,NULL,NULL,NULL,'initials',NULL),(130,NULL,NULL,NULL,'AssociationName_2',NULL),(131,'2009-03-06','cider-Medication','2009-03-06','Medication',NULL),(132,NULL,NULL,NULL,'id',NULL),(133,NULL,NULL,NULL,'name',NULL),(134,NULL,NULL,NULL,'shortName',NULL),(135,NULL,NULL,NULL,'AssociationName_1',NULL),(136,NULL,NULL,NULL,'medicationSynonym',NULL),(137,NULL,NULL,NULL,'patientAccountNumber',NULL),(138,NULL,NULL,NULL,'orderNumber',NULL),(139,NULL,NULL,NULL,'AssociationName_4',NULL),(140,'2009-03-06','cider-Encounter','2009-03-06','Encounter',NULL),(141,NULL,NULL,NULL,'patientAccountNumber',NULL),(142,'2009-03-06','cider-LaboratoryProcedure','2009-03-06','LaboratoryProcedure',NULL),(143,NULL,NULL,NULL,'accessionNumber',NULL),(144,'2009-03-06','cider-LaboratoryProcedureType','2009-03-06','LaboratoryProcedureType',NULL),(145,NULL,NULL,NULL,'id',NULL),(146,NULL,NULL,NULL,'name',NULL),(147,NULL,NULL,NULL,'shortName',NULL),(148,NULL,NULL,NULL,'AssociationName_6',NULL),(149,NULL,NULL,NULL,'AssociationName_5',NULL),(150,NULL,NULL,NULL,'AssociationName_4',NULL),(151,NULL,NULL,NULL,'AssociationName_3',NULL),(152,NULL,NULL,NULL,'AssociationName_2',NULL),(153,'2009-03-06','cider-LaboratoryProcedureDetails','2009-03-06','LaboratoryProcedureDetails',NULL),(154,NULL,NULL,NULL,'ageAtProcedure',NULL),(155,NULL,NULL,NULL,'collectionTimeStamp',NULL),(156,NULL,NULL,NULL,'effectiveEndTimeStamp',NULL),(157,NULL,NULL,NULL,'effectiveStartTimeStamp',NULL),(158,NULL,NULL,NULL,'lastResultTimeStamp',NULL),(159,NULL,NULL,NULL,'procedureComment',NULL),(160,NULL,NULL,NULL,'receivedTimeStamp',NULL),(161,NULL,NULL,NULL,'AssociationName_1',NULL),(162,NULL,NULL,NULL,'AssociationName_2',NULL),(163,'2009-03-06','cider-LaboratoryResult','2009-03-06','LaboratoryResult',NULL),(164,NULL,NULL,NULL,'AssociationName_4',NULL),(165,'2009-03-06','cider-ResultValue','2009-03-06','ResultValue',NULL),(166,'2009-03-06','cider-Result','2009-03-06','Result',NULL),(167,'2009-03-06','cider-NormalRange','2009-03-06','NormalRange',NULL),(168,NULL,NULL,NULL,'value',NULL),(169,NULL,NULL,NULL,'low',NULL),(170,NULL,NULL,NULL,'high',NULL),(171,NULL,NULL,NULL,'AssociationName_2',NULL),(172,NULL,NULL,NULL,'AssociationName_1',NULL),(173,NULL,NULL,NULL,'value',NULL),(174,NULL,NULL,NULL,'low',NULL),(175,NULL,NULL,NULL,'high',NULL),(176,NULL,NULL,NULL,'AssociationName_2',NULL),(177,NULL,NULL,NULL,'AssociationName_1',NULL),(178,NULL,NULL,NULL,'AssociationName_3',NULL),(179,'2009-03-06','cider-AbnormalFlag','2009-03-06','AbnormalFlag',NULL),(180,NULL,NULL,NULL,'id',NULL),(181,NULL,NULL,NULL,'name',NULL),(182,NULL,NULL,NULL,'shortName',NULL),(183,NULL,NULL,NULL,'AssociationName_2',NULL),(184,'2009-03-06','cider-LaboratoryTestType','2009-03-06','LaboratoryTestType',NULL),(185,NULL,NULL,NULL,'id',NULL),(186,NULL,NULL,NULL,'name',NULL),(187,NULL,NULL,NULL,'shortName',NULL),(188,NULL,NULL,NULL,'standardUnitOfMeasure',NULL),(189,NULL,NULL,NULL,'AssociationName_1',NULL),(190,NULL,NULL,NULL,'resultTimeStamp',NULL),(191,NULL,NULL,NULL,'testSynonym',NULL),(192,NULL,NULL,NULL,'resultComments',NULL),(193,NULL,NULL,NULL,'AssociationName_3',NULL),(194,'2009-03-06','cider-SpecimenType','2009-03-06','SpecimenType',NULL),(195,NULL,NULL,NULL,'id',NULL),(196,NULL,NULL,NULL,'name',NULL),(197,NULL,NULL,NULL,'shortName',NULL),(198,NULL,NULL,NULL,'AssociationName_4',NULL),(199,NULL,NULL,NULL,'AssociationName_5',NULL),(200,NULL,NULL,NULL,'AssociationName_6',NULL),(201,NULL,NULL,NULL,'AssociationName_1',NULL),(202,NULL,NULL,NULL,'procedureSynonym',NULL),(203,NULL,NULL,NULL,'patientAccountNumber',NULL),(204,NULL,NULL,NULL,'AssociationName_5',NULL),(205,'2009-03-06','cider-EncounterDetails','2009-03-06','EncounterDetails',NULL),(206,NULL,NULL,NULL,'AssociationName_31',NULL),(207,NULL,NULL,NULL,'AssociationName_30',NULL),(208,'2009-03-06','cider-VipIndicator','2009-03-06','VipIndicator',NULL),(209,NULL,NULL,NULL,'id',NULL),(210,NULL,NULL,NULL,'name',NULL),(211,NULL,NULL,NULL,'shortName',NULL),(212,NULL,NULL,NULL,'AssociationName_29',NULL),(213,'2009-03-06','cider-DiagnosticRelatedGroup','2009-03-06','DiagnosticRelatedGroup',NULL),(214,NULL,NULL,NULL,'id',NULL),(215,NULL,NULL,NULL,'name',NULL),(216,NULL,NULL,NULL,'shortName',NULL),(217,NULL,NULL,NULL,'AssociationName_28',NULL),(218,'2009-03-06','cider-FacilityDischargeDisposition','2009-03-06','FacilityDischargeDisposition',NULL),(219,NULL,NULL,NULL,'id',NULL),(220,NULL,NULL,NULL,'name',NULL),(221,NULL,NULL,NULL,'shortName',NULL),(222,NULL,NULL,NULL,'AssociationName_27',NULL),(223,'2009-03-06','cider-FinancialClass','2009-03-06','FinancialClass',NULL),(224,NULL,NULL,NULL,'id',NULL),(225,NULL,NULL,NULL,'name',NULL),(226,NULL,NULL,NULL,'shortName',NULL),(227,NULL,NULL,NULL,'AssociationName_26',NULL),(228,'2009-03-06','cider-Insurance','2009-03-06','Insurance',NULL),(229,'2009-03-06','cider-RelationToPerson','2009-03-06','RelationToPerson',NULL),(230,NULL,NULL,NULL,'id',NULL),(231,NULL,NULL,NULL,'name',NULL),(232,NULL,NULL,NULL,'shortName',NULL),(233,NULL,NULL,NULL,'AssociationName_4',NULL),(234,NULL,NULL,NULL,'AssociationName_3',NULL),(235,NULL,NULL,NULL,'companyId',NULL),(236,NULL,NULL,NULL,'groupName',NULL),(237,NULL,NULL,NULL,'groupNumber',NULL),(238,NULL,NULL,NULL,'insuredGroupEmpId',NULL),(239,NULL,NULL,NULL,'insuredGroupEmpName',NULL),(240,NULL,NULL,NULL,'planEffectiveDate',NULL),(241,NULL,NULL,NULL,'planExpirationDate',NULL),(242,NULL,NULL,NULL,'planId',NULL),(243,NULL,NULL,NULL,'policyNumber',NULL),(244,NULL,NULL,NULL,'preAdmitCert',NULL),(245,NULL,NULL,NULL,'sequence',NULL),(246,NULL,NULL,NULL,'AssociationName_1',NULL),(247,'2009-03-06','cider-InsurancePlanType','2009-03-06','InsurancePlanType',NULL),(248,NULL,NULL,NULL,'id',NULL),(249,NULL,NULL,NULL,'name',NULL),(250,NULL,NULL,NULL,'shortName',NULL),(251,NULL,NULL,NULL,'AssociationName_2',NULL),(252,NULL,NULL,NULL,'AssociationName_25',NULL),(253,'2009-03-06','cider-ClinicalTrial','2009-03-06','ClinicalTrial',NULL),(254,NULL,NULL,NULL,'AssociationName_1',NULL),(255,NULL,NULL,NULL,'trialId',NULL),(256,NULL,NULL,NULL,'trailName',NULL),(257,NULL,NULL,NULL,'startTimeStamp',NULL),(258,NULL,NULL,NULL,'protocolId',NULL),(259,NULL,NULL,NULL,'endTimeStamp',NULL),(260,NULL,NULL,NULL,'AssociationName_24',NULL),(261,'2009-03-06','cider-Service','2009-03-06','Service',NULL),(262,NULL,NULL,NULL,'id',NULL),(263,NULL,NULL,NULL,'name',NULL),(264,NULL,NULL,NULL,'shortName',NULL),(265,NULL,NULL,NULL,'AssociationName_23',NULL),(266,NULL,NULL,NULL,'AssociationName_22',NULL),(267,'2009-03-06','cider-Procedure','2009-03-06','Procedure',NULL),(268,NULL,NULL,NULL,'AssociationName_5',NULL),(269,'2009-03-06','cider-ProcedureCode','2009-03-06','ProcedureCode',NULL),(270,NULL,NULL,NULL,'id',NULL),(271,NULL,NULL,NULL,'name',NULL),(272,NULL,NULL,NULL,'shortName',NULL),(273,NULL,NULL,NULL,'AssociationName_4',NULL),(274,'2009-03-06','cider-ProcedureCodingMethod','2009-03-06','ProcedureCodingMethod',NULL),(275,NULL,NULL,NULL,'id',NULL),(276,NULL,NULL,NULL,'name',NULL),(277,NULL,NULL,NULL,'shortName',NULL),(278,NULL,NULL,NULL,'AssociationName_3',NULL),(279,NULL,NULL,NULL,'AssociationName_2',NULL),(280,NULL,NULL,NULL,'AssociationName_1',NULL),(281,NULL,NULL,NULL,'sequence',NULL),(282,NULL,NULL,NULL,'date',NULL),(283,NULL,NULL,NULL,'AssociationName_21',NULL),(284,'2009-03-06','cider-CaseIndicator','2009-03-06','CaseIndicator',NULL),(285,NULL,NULL,NULL,'id',NULL),(286,NULL,NULL,NULL,'name',NULL),(287,NULL,NULL,NULL,'shortName',NULL),(288,NULL,NULL,NULL,'AssociationName_20',NULL),(289,'2009-03-06','cider-HipaaNotified','2009-03-06','HipaaNotified',NULL),(290,NULL,NULL,NULL,'id',NULL),(291,NULL,NULL,NULL,'name',NULL),(292,NULL,NULL,NULL,'shortName',NULL),(293,NULL,NULL,NULL,'AssociationName_19',NULL),(294,'2009-03-06','cider-InfectionControlCode','2009-03-06','InfectionControlCode',NULL),(295,NULL,NULL,NULL,'id',NULL),(296,NULL,NULL,NULL,'name',NULL),(297,NULL,NULL,NULL,'shortName',NULL),(298,NULL,NULL,NULL,'AssociationName_18',NULL),(299,NULL,NULL,NULL,'AssociationName_5',NULL),(300,NULL,NULL,NULL,'AssociationName_4',NULL),(301,NULL,NULL,NULL,'AssociationName_3',NULL),(302,NULL,NULL,NULL,'AssociationName_2',NULL),(303,NULL,NULL,NULL,'AssociationName_1',NULL),(304,NULL,NULL,NULL,'occupation',NULL),(305,NULL,NULL,NULL,'employer',NULL),(306,NULL,NULL,NULL,'teachingTeam',NULL),(307,NULL,NULL,NULL,'registrationTimeStamp',NULL),(308,NULL,NULL,NULL,'effectiveStartTimeStamp',NULL),(309,NULL,NULL,NULL,'effectiveEndTimeStamp',NULL),(310,NULL,NULL,NULL,'dischargeTimeStamp',NULL),(311,NULL,NULL,NULL,'ageAtEncounter',NULL),(312,NULL,NULL,NULL,'AssociationName_6',NULL),(313,NULL,NULL,NULL,'AssociationName_7',NULL),(314,NULL,NULL,NULL,'AssociationName_8',NULL),(315,NULL,NULL,NULL,'AssociationName_9',NULL),(316,NULL,NULL,NULL,'AssociationName_10',NULL),(317,NULL,NULL,NULL,'AssociationName_11',NULL),(318,NULL,NULL,NULL,'AssociationName_12',NULL),(319,'2009-03-06','cider-PatientClass','2009-03-06','PatientClass',NULL),(320,NULL,NULL,NULL,'id',NULL),(321,NULL,NULL,NULL,'name',NULL),(322,NULL,NULL,NULL,'shortName',NULL),(323,NULL,NULL,NULL,'AssociationName_13',NULL),(324,'2009-03-06','cider-PatientType','2009-03-06','PatientType',NULL),(325,NULL,NULL,NULL,'id',NULL),(326,NULL,NULL,NULL,'name',NULL),(327,NULL,NULL,NULL,'shortName',NULL),(328,NULL,NULL,NULL,'AssociationName_14',NULL),(329,'2009-03-06','cider-Diagnosis','2009-03-06','Diagnosis',NULL),(330,'2009-03-06','cider-DiagnosisType','2009-03-06','DiagnosisType',NULL),(331,NULL,NULL,NULL,'id',NULL),(332,NULL,NULL,NULL,'name',NULL),(333,NULL,NULL,NULL,'shortName',NULL),(334,NULL,NULL,NULL,'AssociationName_5',NULL),(335,'2009-03-06','cider-DiagnosisCodingMethod','2009-03-06','DiagnosisCodingMethod',NULL),(336,NULL,NULL,NULL,'id',NULL),(337,NULL,NULL,NULL,'name',NULL),(338,NULL,NULL,NULL,'shortName',NULL),(339,NULL,NULL,NULL,'AssociationName_4',NULL),(340,'2009-03-06','cider-DiagnosisCode','2009-03-06','DiagnosisCode',NULL),(341,NULL,NULL,NULL,'id',NULL),(342,NULL,NULL,NULL,'name',NULL),(343,NULL,NULL,NULL,'shortName',NULL),(344,NULL,NULL,NULL,'AssociationName_3',NULL),(345,NULL,NULL,NULL,'AssociationName_2',NULL),(346,NULL,NULL,NULL,'AssociationName_1',NULL),(347,NULL,NULL,NULL,'sequence',NULL),(348,NULL,NULL,NULL,'description',NULL),(349,NULL,NULL,NULL,'AssociationName_15',NULL),(350,'2009-03-06','cider-OptOutIndicator','2009-03-06','OptOutIndicator',NULL),(351,NULL,NULL,NULL,'id',NULL),(352,NULL,NULL,NULL,'name',NULL),(353,NULL,NULL,NULL,'shortName',NULL),(354,NULL,NULL,NULL,'AssociationName_16',NULL),(355,'2009-03-06','cider-DischargeDisposition','2009-03-06','DischargeDisposition',NULL),(356,NULL,NULL,NULL,'id',NULL),(357,NULL,NULL,NULL,'name',NULL),(358,NULL,NULL,NULL,'shortName',NULL),(359,NULL,NULL,NULL,'AssociationName_17',NULL),(360,NULL,NULL,NULL,'AssociationName_4',NULL),(361,'2009-03-06','cider-MedicalRecordNumber','2009-03-06','MedicalRecordNumber',NULL),(362,NULL,NULL,NULL,'AssociationName_1',NULL),(363,NULL,NULL,NULL,'type',NULL),(364,NULL,NULL,NULL,'value',NULL),(365,NULL,NULL,NULL,'AssociationName_3',NULL),(366,NULL,NULL,NULL,'AssociationName_2',NULL),(367,NULL,NULL,NULL,'AssociationName_1',NULL),(368,NULL,NULL,NULL,'AssociationName_3',NULL),(369,'2009-03-06','cider-Demographics','2009-03-06','Demographics',NULL),(370,'2009-03-06','cider-EthnicOrigin','2009-03-06','EthnicOrigin',NULL),(371,NULL,NULL,NULL,'id',NULL),(372,NULL,NULL,NULL,'name',NULL),(373,NULL,NULL,NULL,'shortName',NULL),(374,NULL,NULL,NULL,'AssociationName_11',NULL),(375,'2009-03-06','cider-Gender','2009-03-06','Gender',NULL),(376,NULL,NULL,NULL,'id',NULL),(377,NULL,NULL,NULL,'name',NULL),(378,NULL,NULL,NULL,'shortName',NULL),(379,NULL,NULL,NULL,'AssociationName_10',NULL),(380,'2009-03-06','cider-AdvancedDirectiveExists','2009-03-06','AdvancedDirectiveExists',NULL),(381,NULL,NULL,NULL,'id',NULL),(382,NULL,NULL,NULL,'name',NULL),(383,NULL,NULL,NULL,'shortName',NULL),(384,NULL,NULL,NULL,'AssociationName_9',NULL),(385,'2009-03-06','cider-Religion','2009-03-06','Religion',NULL),(386,NULL,NULL,NULL,'id',NULL),(387,NULL,NULL,NULL,'name',NULL),(388,NULL,NULL,NULL,'shortName',NULL),(389,NULL,NULL,NULL,'AssociationName_8',NULL),(390,'2009-03-06','cider-Race','2009-03-06','Race',NULL),(391,NULL,NULL,NULL,'id',NULL),(392,NULL,NULL,NULL,'name',NULL),(393,NULL,NULL,NULL,'shortName',NULL),(394,NULL,NULL,NULL,'AssociationName_7',NULL),(395,NULL,NULL,NULL,'dateOfBirth',NULL),(396,NULL,NULL,NULL,'dateOfDeath',NULL),(397,NULL,NULL,NULL,'mothersMaidenName',NULL),(398,NULL,NULL,NULL,'placeOfBirth',NULL),(399,NULL,NULL,NULL,'socialSecurityNumber',NULL),(400,NULL,NULL,NULL,'effectiveStartTimeStamp',NULL),(401,NULL,NULL,NULL,'effectiveEndTimeStamp',NULL),(402,NULL,NULL,NULL,'AssociationName_1',NULL),(403,'2009-03-06','cider-AssociatedPerson','2009-03-06','AssociatedPerson',NULL),(404,NULL,NULL,NULL,'AssociationName_2',NULL),(405,NULL,NULL,NULL,'AssociationName_1',NULL),(406,NULL,NULL,NULL,'AssociationName_2',NULL),(407,NULL,NULL,NULL,'AssociationName_3',NULL),(408,'2009-03-06','cider-Phone','2009-03-06','Phone',NULL),(409,NULL,NULL,NULL,'type',NULL),(410,NULL,NULL,NULL,'number',NULL),(411,NULL,NULL,NULL,'AssociationName_4',NULL),(412,'2009-03-06','cider-Address','2009-03-06','Address',NULL),(413,'2009-03-06','cider-State','2009-03-06','State',NULL),(414,NULL,NULL,NULL,'id',NULL),(415,NULL,NULL,NULL,'name',NULL),(416,NULL,NULL,NULL,'shortName',NULL),(417,NULL,NULL,NULL,'AssociationName_3',NULL),(418,'2009-03-06','cider-AddressType','2009-03-06','AddressType',NULL),(419,NULL,NULL,NULL,'id',NULL),(420,NULL,NULL,NULL,'name',NULL),(421,NULL,NULL,NULL,'shortName',NULL),(422,NULL,NULL,NULL,'AssociationName_2',NULL),(423,'2009-03-06','cider-Country','2009-03-06','Country',NULL),(424,NULL,NULL,NULL,'id',NULL),(425,NULL,NULL,NULL,'name',NULL),(426,NULL,NULL,NULL,'shortName',NULL),(427,NULL,NULL,NULL,'AssociationName_1',NULL),(428,NULL,NULL,NULL,'postalCode',NULL),(429,NULL,NULL,NULL,'city',NULL),(430,NULL,NULL,NULL,'line2',NULL),(431,NULL,NULL,NULL,'line1',NULL),(432,NULL,NULL,NULL,'AssociationName_5',NULL),(433,'2009-03-06','cider-MaritalStatus','2009-03-06','MaritalStatus',NULL),(434,NULL,NULL,NULL,'id',NULL),(435,NULL,NULL,NULL,'name',NULL),(436,NULL,NULL,NULL,'shortName',NULL),(437,NULL,NULL,NULL,'AssociationName_6',NULL),(438,NULL,NULL,NULL,'AssociationName_2',NULL),(439,NULL,NULL,NULL,'AssociationName_1',NULL),(440,NULL,NULL,NULL,'researchOptOut',NULL),(441,NULL,NULL,NULL,'activeUpiFlag',NULL),(442,NULL,NULL,NULL,'AssociationName_1',NULL),(443,NULL,NULL,NULL,'facilityId',NULL),(444,'2009-03-06','cider-ActiveUpiFlag','2009-03-06','ActiveUpiFlag',NULL),(445,'2009-03-06','cider-PhoneType','2009-03-06','PhoneType',NULL),(446,'2009-03-06','cider-MrnType','2009-03-06','MrnType',NULL),(447,'2009-03-06','cider-Units','2009-03-06','Units',NULL),(448,NULL,NULL,NULL,'normalizedUnits',NULL),(449,NULL,NULL,NULL,'sourceUnits',NULL),(450,'2009-03-06','cider-Icd9ProcedureCode','2009-03-06','Icd9ProcedureCode',NULL),(451,NULL,NULL,NULL,'id',NULL),(452,NULL,NULL,NULL,'name',NULL),(453,NULL,NULL,NULL,'shortName',NULL),(454,'2009-03-06','cider-CptProcedureCode','2009-03-06','CptProcedureCode',NULL),(455,NULL,NULL,NULL,'id',NULL),(456,NULL,NULL,NULL,'name',NULL),(457,NULL,NULL,NULL,'shortName',NULL),(458,'2009-03-06','cider-ResearchOptOut','2009-03-06','ResearchOptOut',NULL);
commit;
/*Data for the table dyextn_asso_display_attr */

/*Data for the table dyextn_association */

insert into dyextn_association (IDENTIFIER,IS_COLLECTION,DIRECTION,TARGET_ENTITY_ID,SOURCE_ROLE_ID,TARGET_ROLE_ID,IS_SYSTEM_GENERATED) values (15,0,'SRC_DESTINATION',6,1,2,0),(24,0,'SRC_DESTINATION',16,3,4,0),(29,0,'SRC_DESTINATION',25,5,6,0),(34,0,'SRC_DESTINATION',10,7,8,0),(35,0,'SRC_DESTINATION',14,9,10,0),(48,0,'SRC_DESTINATION',44,11,12,0),(53,0,'SRC_DESTINATION',49,13,14,0),(58,0,'SRC_DESTINATION',54,15,16,0),(63,0,'SRC_DESTINATION',59,17,18,0),(68,0,'SRC_DESTINATION',64,19,20,0),(69,0,'SRC_DESTINATION',64,21,22,0),(70,0,'SRC_DESTINATION',36,23,24,0),(75,0,'SRC_DESTINATION',71,25,26,0),(80,0,'SRC_DESTINATION',76,27,28,0),(85,0,'SRC_DESTINATION',81,29,30,0),(90,0,'SRC_DESTINATION',86,31,32,0),(95,0,'SRC_DESTINATION',91,33,34,0),(96,0,'SRC_DESTINATION',64,35,36,0),(117,0,'SRC_DESTINATION',64,37,38,0),(118,0,'SRC_DESTINATION',16,39,40,0),(119,0,'SRC_DESTINATION',44,41,42,0),(120,0,'SRC_DESTINATION',59,43,44,0),(121,0,'SRC_DESTINATION',64,45,46,0),(122,0,'SRC_DESTINATION',33,47,48,0),(123,0,'SRC_DESTINATION',76,49,50,0),(124,0,'SRC_DESTINATION',30,51,52,0),(130,0,'SRC_DESTINATION',125,53,54,0),(135,0,'SRC_DESTINATION',131,55,56,0),(139,0,'SRC_DESTINATION',32,57,58,0),(148,0,'SRC_DESTINATION',144,59,60,0),(149,0,'SRC_DESTINATION',140,61,62,0),(150,0,'SRC_DESTINATION',125,63,64,0),(151,0,'SRC_DESTINATION',30,65,66,0),(152,0,'SRC_DESTINATION',76,67,68,0),(161,0,'SRC_DESTINATION',6,69,70,0),(162,0,'SRC_DESTINATION',6,71,72,0),(164,0,'SRC_DESTINATION',71,73,74,0),(171,0,'SRC_DESTINATION',167,75,76,0),(172,0,'SRC_DESTINATION',64,77,78,0),(176,0,'SRC_DESTINATION',166,79,80,0),(177,0,'SRC_DESTINATION',166,81,82,0),(178,0,'SRC_DESTINATION',165,83,84,0),(183,0,'SRC_DESTINATION',179,85,86,0),(189,0,'SRC_DESTINATION',184,87,88,0),(193,0,'SRC_DESTINATION',163,89,90,0),(198,0,'SRC_DESTINATION',194,91,92,0),(199,0,'SRC_DESTINATION',125,93,94,0),(200,0,'SRC_DESTINATION',71,95,96,0),(201,0,'SRC_DESTINATION',153,97,98,0),(204,0,'SRC_DESTINATION',142,99,100,0),(206,0,'SRC_DESTINATION',2,101,102,0),(207,0,'SRC_DESTINATION',14,103,104,0),(212,0,'SRC_DESTINATION',208,105,106,0),(217,0,'SRC_DESTINATION',213,107,108,0),(222,0,'SRC_DESTINATION',218,109,110,0),(227,0,'SRC_DESTINATION',223,111,112,0),(233,0,'SRC_DESTINATION',229,113,114,0),(234,0,'SRC_DESTINATION',6,115,116,0),(246,0,'SRC_DESTINATION',16,117,118,0),(251,0,'SRC_DESTINATION',247,119,120,0),(252,0,'SRC_DESTINATION',228,121,122,0),(254,0,'SRC_DESTINATION',16,123,124,0),(260,0,'SRC_DESTINATION',253,125,126,0),(265,0,'SRC_DESTINATION',261,127,128,0),(266,0,'SRC_DESTINATION',261,129,130,0),(268,0,'SRC_DESTINATION',14,131,132,0),(273,0,'SRC_DESTINATION',269,133,134,0),(278,0,'SRC_DESTINATION',274,135,136,0),(279,0,'SRC_DESTINATION',6,137,138,0),(280,0,'SRC_DESTINATION',6,139,140,0),(283,0,'SRC_DESTINATION',267,141,142,0),(288,0,'SRC_DESTINATION',284,143,144,0),(293,0,'SRC_DESTINATION',289,145,146,0),(298,0,'SRC_DESTINATION',294,147,148,0),(299,0,'SRC_DESTINATION',6,149,150,0),(300,0,'SRC_DESTINATION',6,151,152,0),(301,0,'SRC_DESTINATION',6,153,154,0),(302,0,'SRC_DESTINATION',6,155,156,0),(303,0,'SRC_DESTINATION',6,157,158,0),(312,0,'SRC_DESTINATION',6,159,160,0),(313,0,'SRC_DESTINATION',6,161,162,0),(314,0,'SRC_DESTINATION',6,163,164,0),(315,0,'SRC_DESTINATION',6,165,166,0),(316,0,'SRC_DESTINATION',6,167,168,0),(317,0,'SRC_DESTINATION',6,169,170,0),(318,0,'SRC_DESTINATION',6,171,172,0),(323,0,'SRC_DESTINATION',319,173,174,0),(328,0,'SRC_DESTINATION',324,175,176,0),(334,0,'SRC_DESTINATION',330,177,178,0),(339,0,'SRC_DESTINATION',335,179,180,0),(344,0,'SRC_DESTINATION',340,181,182,0),(345,0,'SRC_DESTINATION',6,183,184,0),(346,0,'SRC_DESTINATION',6,185,186,0),(349,0,'SRC_DESTINATION',329,187,188,0),(354,0,'SRC_DESTINATION',350,189,190,0),(359,0,'SRC_DESTINATION',355,191,192,0),(360,0,'SRC_DESTINATION',205,193,194,0),(362,0,'SRC_DESTINATION',125,195,196,0),(365,0,'SRC_DESTINATION',361,197,198,0),(366,0,'SRC_DESTINATION',125,199,200,0),(367,0,'SRC_DESTINATION',30,201,202,0),(368,0,'SRC_DESTINATION',140,203,204,0),(374,0,'SRC_DESTINATION',370,205,206,0),(379,0,'SRC_DESTINATION',375,207,208,0),(384,0,'SRC_DESTINATION',380,209,210,0),(389,0,'SRC_DESTINATION',385,211,212,0),(394,0,'SRC_DESTINATION',390,213,214,0),(402,0,'SRC_DESTINATION',16,215,216,0),(404,0,'SRC_DESTINATION',229,217,218,0),(405,0,'SRC_DESTINATION',30,219,220,0),(406,0,'SRC_DESTINATION',403,221,222,0),(407,0,'SRC_DESTINATION',403,223,224,0),(411,0,'SRC_DESTINATION',408,225,226,0),(417,0,'SRC_DESTINATION',413,227,228,0),(422,0,'SRC_DESTINATION',418,229,230,0),(427,0,'SRC_DESTINATION',423,231,232,0),(432,0,'SRC_DESTINATION',412,233,234,0),(437,0,'SRC_DESTINATION',433,235,236,0),(438,0,'SRC_DESTINATION',369,237,238,0),(439,0,'SRC_DESTINATION',142,239,240,0),(442,0,'SRC_DESTINATION',30,241,242,0);

/*Data for the table dyextn_attribute */

insert into dyextn_attribute (IDENTIFIER,ENTIY_ID) values (3,2),(4,2),(5,2),(7,6),(8,6),(9,6),(11,10),(12,10),(13,10),(15,14),(17,16),(18,16),(19,16),(20,16),(21,16),(22,16),(23,16),(24,14),(26,25),(27,25),(28,25),(29,14),(31,30),(34,33),(35,33),(37,36),(38,36),(39,36),(40,36),(41,36),(42,36),(43,36),(45,44),(46,44),(47,44),(48,36),(50,49),(51,49),(52,49),(53,36),(55,54),(56,54),(57,54),(58,36),(60,59),(61,59),(62,59),(63,36),(65,64),(66,64),(67,64),(68,36),(69,36),(70,33),(72,71),(73,71),(74,71),(75,33),(77,76),(78,76),(79,76),(80,33),(82,81),(83,81),(84,81),(85,33),(87,86),(88,86),(89,86),(90,33),(92,91),(93,91),(94,91),(95,33),(96,33),(97,33),(98,33),(99,33),(100,33),(101,33),(102,33),(103,33),(104,33),(105,33),(106,33),(107,33),(108,33),(109,33),(110,33),(111,33),(112,33),(113,33),(114,33),(115,33),(116,33),(117,33),(118,33),(119,33),(120,33),(121,33),(122,32),(123,32),(124,32),(126,125),(127,125),(128,125),(129,125),(130,32),(132,131),(133,131),(134,131),(135,32),(136,32),(137,32),(138,32),(139,30),(141,140),(143,142),(145,144),(146,144),(147,144),(148,142),(149,142),(150,142),(151,142),(152,142),(154,153),(155,153),(156,153),(157,153),(158,153),(159,153),(160,153),(161,153),(162,153),(164,163),(168,167),(169,167),(170,167),(171,166),(172,166),(173,166),(174,166),(175,166),(176,165),(177,165),(178,163),(180,179),(181,179),(182,179),(183,163),(185,184),(186,184),(187,184),(188,184),(189,163),(190,163),(191,163),(192,163),(193,153),(195,194),(196,194),(197,194),(198,153),(199,153),(200,153),(201,142),(202,142),(203,142),(204,140),(206,205),(207,205),(209,208),(210,208),(211,208),(212,205),(214,213),(215,213),(216,213),(217,205),(219,218),(220,218),(221,218),(222,205),(224,223),(225,223),(226,223),(227,205),(230,229),(231,229),(232,229),(233,228),(234,228),(235,228),(236,228),(237,228),(238,228),(239,228),(240,228),(241,228),(242,228),(243,228),(244,228),(245,228),(246,228),(248,247),(249,247),(250,247),(251,228),(252,205),(254,253),(255,253),(256,253),(257,253),(258,253),(259,253),(260,205),(262,261),(263,261),(264,261),(265,205),(266,205),(268,267),(270,269),(271,269),(272,269),(273,267),(275,274),(276,274),(277,274),(278,267),(279,267),(280,267),(281,267),(282,267),(283,205),(285,284),(286,284),(287,284),(288,205),(290,289),(291,289),(292,289),(293,205),(295,294),(296,294),(297,294),(298,205),(299,205),(300,205),(301,205),(302,205),(303,205),(304,205),(305,205),(306,205),(307,205),(308,205),(309,205),(310,205),(311,205),(312,205),(313,205),(314,205),(315,205),(316,205),(317,205),(318,205),(320,319),(321,319),(322,319),(323,205),(325,324),(326,324),(327,324),(328,205),(331,330),(332,330),(333,330),(334,329),(336,335),(337,335),(338,335),(339,329),(341,340),(342,340),(343,340),(344,329),(345,329),(346,329),(347,329),(348,329),(349,205),(351,350),(352,350),(353,350),(354,205),(356,355),(357,355),(358,355),(359,205),(360,140),(362,361),(363,361),(364,361),(365,140),(366,140),(367,140),(368,30),(371,370),(372,370),(373,370),(374,369),(376,375),(377,375),(378,375),(379,369),(381,380),(382,380),(383,380),(384,369),(386,385),(387,385),(388,385),(389,369),(391,390),(392,390),(393,390),(394,369),(395,369),(396,369),(397,369),(398,369),(399,369),(400,369),(401,369),(402,369),(404,403),(405,403),(406,369),(407,369),(409,408),(410,408),(411,369),(414,413),(415,413),(416,413),(417,412),(419,418),(420,418),(421,418),(422,412),(424,423),(425,423),(426,423),(427,412),(428,412),(429,412),(430,412),(431,412),(432,369),(434,433),(435,433),(436,433),(437,369),(438,30),(439,30),(440,30),(441,30),(442,14),(443,14),(448,447),(449,447),(451,450),(452,450),(453,450),(455,454),(456,454),(457,454);

/*Data for the table dyextn_attribute_record */

/*Data for the table dyextn_attribute_type_info */

insert into dyextn_attribute_type_info (IDENTIFIER,PRIMITIVE_ATTRIBUTE_ID) values (1,3),(2,4),(3,5),(4,7),(5,8),(6,9),(7,11),(8,12),(9,13),(10,17),(11,18),(12,19),(13,20),(14,21),(15,22),(16,23),(17,26),(18,27),(19,28),(20,31),(21,37),(22,38),(23,39),(24,40),(25,41),(26,42),(27,43),(28,45),(29,46),(30,47),(31,50),(32,51),(33,52),(34,55),(35,56),(36,57),(37,60),(38,61),(39,62),(40,65),(41,66),(42,67),(43,72),(44,73),(45,74),(46,77),(47,78),(48,79),(49,82),(50,83),(51,84),(52,87),(53,88),(54,89),(55,92),(56,93),(57,94),(58,97),(59,98),(60,99),(61,100),(62,101),(63,102),(64,103),(65,104),(66,105),(67,106),(68,107),(69,108),(70,109),(71,110),(72,111),(73,112),(74,113),(75,114),(76,115),(77,116),(78,126),(79,127),(80,128),(81,129),(82,132),(83,133),(84,134),(85,136),(86,137),(87,138),(88,141),(89,143),(90,145),(91,146),(92,147),(93,154),(94,155),(95,156),(96,157),(97,158),(98,159),(99,160),(100,168),(101,169),(102,170),(103,173),(104,174),(105,175),(106,180),(107,181),(108,182),(109,185),(110,186),(111,187),(112,188),(113,190),(114,191),(115,192),(116,195),(117,196),(118,197),(119,202),(120,203),(121,209),(122,210),(123,211),(124,214),(125,215),(126,216),(127,219),(128,220),(129,221),(130,224),(131,225),(132,226),(133,230),(134,231),(135,232),(136,235),(137,236),(138,237),(139,238),(140,239),(141,240),(142,241),(143,242),(144,243),(145,244),(146,245),(147,248),(148,249),(149,250),(150,255),(151,256),(152,257),(153,258),(154,259),(155,262),(156,263),(157,264),(158,270),(159,271),(160,272),(161,275),(162,276),(163,277),(164,281),(165,282),(166,285),(167,286),(168,287),(169,290),(170,291),(171,292),(172,295),(173,296),(174,297),(175,304),(176,305),(177,306),(178,307),(179,308),(180,309),(181,310),(182,311),(183,320),(184,321),(185,322),(186,325),(187,326),(188,327),(189,331),(190,332),(191,333),(192,336),(193,337),(194,338),(195,341),(196,342),(197,343),(198,347),(199,348),(200,351),(201,352),(202,353),(203,356),(204,357),(205,358),(206,363),(207,364),(208,371),(209,372),(210,373),(211,376),(212,377),(213,378),(214,381),(215,382),(216,383),(217,386),(218,387),(219,388),(220,391),(221,392),(222,393),(223,395),(224,396),(225,397),(226,398),(227,399),(228,400),(229,401),(230,409),(231,410),(232,414),(233,415),(234,416),(235,419),(236,420),(237,421),(238,424),(239,425),(240,426),(241,428),(242,429),(243,430),(244,431),(245,434),(246,435),(247,436),(248,440),(249,441),(250,443),(251,448),(252,449),(253,451),(254,452),(255,453),(256,455),(257,456),(258,457);

/*Data for the table dyextn_barr_concept_value */

/*Data for the table dyextn_base_abstract_attribute */

insert into dyextn_base_abstract_attribute (IDENTIFIER) values (3),(4),(5),(7),(8),(9),(11),(12),(13),(15),(17),(18),(19),(20),(21),(22),(23),(24),(26),(27),(28),(29),(31),(34),(35),(37),(38),(39),(40),(41),(42),(43),(45),(46),(47),(48),(50),(51),(52),(53),(55),(56),(57),(58),(60),(61),(62),(63),(65),(66),(67),(68),(69),(70),(72),(73),(74),(75),(77),(78),(79),(80),(82),(83),(84),(85),(87),(88),(89),(90),(92),(93),(94),(95),(96),(97),(98),(99),(100),(101),(102),(103),(104),(105),(106),(107),(108),(109),(110),(111),(112),(113),(114),(115),(116),(117),(118),(119),(120),(121),(122),(123),(124),(126),(127),(128),(129),(130),(132),(133),(134),(135),(136),(137),(138),(139),(141),(143),(145),(146),(147),(148),(149),(150),(151),(152),(154),(155),(156),(157),(158),(159),(160),(161),(162),(164),(168),(169),(170),(171),(172),(173),(174),(175),(176),(177),(178),(180),(181),(182),(183),(185),(186),(187),(188),(189),(190),(191),(192),(193),(195),(196),(197),(198),(199),(200),(201),(202),(203),(204),(206),(207),(209),(210),(211),(212),(214),(215),(216),(217),(219),(220),(221),(222),(224),(225),(226),(227),(230),(231),(232),(233),(234),(235),(236),(237),(238),(239),(240),(241),(242),(243),(244),(245),(246),(248),(249),(250),(251),(252),(254),(255),(256),(257),(258),(259),(260),(262),(263),(264),(265),(266),(268),(270),(271),(272),(273),(275),(276),(277),(278),(279),(280),(281),(282),(283),(285),(286),(287),(288),(290),(291),(292),(293),(295),(296),(297),(298),(299),(300),(301),(302),(303),(304),(305),(306),(307),(308),(309),(310),(311),(312),(313),(314),(315),(316),(317),(318),(320),(321),(322),(323),(325),(326),(327),(328),(331),(332),(333),(334),(336),(337),(338),(339),(341),(342),(343),(344),(345),(346),(347),(348),(349),(351),(352),(353),(354),(356),(357),(358),(359),(360),(362),(363),(364),(365),(366),(367),(368),(371),(372),(373),(374),(376),(377),(378),(379),(381),(382),(383),(384),(386),(387),(388),(389),(391),(392),(393),(394),(395),(396),(397),(398),(399),(400),(401),(402),(404),(405),(406),(407),(409),(410),(411),(414),(415),(416),(417),(419),(420),(421),(422),(424),(425),(426),(427),(428),(429),(430),(431),(432),(434),(435),(436),(437),(438),(439),(440),(441),(442),(443),(448),(449),(451),(452),(453),(455),(456),(457);

/*Data for the table dyextn_boolean_concept_value */

/*Data for the table dyextn_boolean_type_info */

/*Data for the table dyextn_byte_array_type_info */

/*Data for the table dyextn_cadsr_value_domain_info */

/*Data for the table dyextn_cadsrde */

/*Data for the table dyextn_cat_asso_ctl */

/*Data for the table dyextn_category */

/*Data for the table dyextn_category_association */

/*Data for the table dyextn_category_attribute */

/*Data for the table dyextn_category_entity */

/*Data for the table dyextn_check_box */

/*Data for the table dyextn_column_properties */
commit;
insert into dyextn_column_properties (IDENTIFIER,PRIMITIVE_ATTRIBUTE_ID,CATEGORY_ATTRIBUTE_ID,CNSTR_KEY_PROP_ID) values (3,3,NULL,NULL),(4,4,NULL,NULL),(5,5,NULL,NULL),(8,7,NULL,NULL),(9,8,NULL,NULL),(10,9,NULL,NULL),(12,NULL,NULL,1),(14,11,NULL,NULL),(15,12,NULL,NULL),(16,13,NULL,NULL),(20,NULL,NULL,2),(23,17,NULL,NULL),(24,18,NULL,NULL),(25,19,NULL,NULL),(26,20,NULL,NULL),(27,21,NULL,NULL),(28,22,NULL,NULL),(29,23,NULL,NULL),(32,NULL,NULL,3),(34,26,NULL,NULL),(35,27,NULL,NULL),(36,28,NULL,NULL),(40,31,NULL,NULL),(49,37,NULL,NULL),(50,38,NULL,NULL),(51,39,NULL,NULL),(52,40,NULL,NULL),(53,41,NULL,NULL),(54,42,NULL,NULL),(55,43,NULL,NULL),(57,NULL,NULL,4),(59,45,NULL,NULL),(60,46,NULL,NULL),(61,47,NULL,NULL),(64,NULL,NULL,5),(66,50,NULL,NULL),(67,51,NULL,NULL),(68,52,NULL,NULL),(71,NULL,NULL,6),(73,55,NULL,NULL),(74,56,NULL,NULL),(75,57,NULL,NULL),(78,NULL,NULL,7),(80,60,NULL,NULL),(81,61,NULL,NULL),(82,62,NULL,NULL),(85,NULL,NULL,8),(87,65,NULL,NULL),(88,66,NULL,NULL),(89,67,NULL,NULL),(94,NULL,NULL,9),(96,72,NULL,NULL),(97,73,NULL,NULL),(98,74,NULL,NULL),(101,NULL,NULL,10),(103,77,NULL,NULL),(104,78,NULL,NULL),(105,79,NULL,NULL),(108,NULL,NULL,11),(110,82,NULL,NULL),(111,83,NULL,NULL),(112,84,NULL,NULL),(115,NULL,NULL,12),(117,87,NULL,NULL),(118,88,NULL,NULL),(119,89,NULL,NULL),(122,NULL,NULL,13),(124,92,NULL,NULL),(125,93,NULL,NULL),(126,94,NULL,NULL),(129,97,NULL,NULL),(130,98,NULL,NULL),(131,99,NULL,NULL),(132,100,NULL,NULL),(133,101,NULL,NULL),(134,102,NULL,NULL),(135,103,NULL,NULL),(136,104,NULL,NULL),(137,105,NULL,NULL),(138,106,NULL,NULL),(139,107,NULL,NULL),(140,108,NULL,NULL),(141,109,NULL,NULL),(142,110,NULL,NULL),(143,111,NULL,NULL),(144,112,NULL,NULL),(145,113,NULL,NULL),(146,114,NULL,NULL),(147,115,NULL,NULL),(148,116,NULL,NULL),(157,NULL,NULL,14),(159,NULL,NULL,15),(161,126,NULL,NULL),(162,127,NULL,NULL),(163,128,NULL,NULL),(164,129,NULL,NULL),(167,NULL,NULL,16),(169,132,NULL,NULL),(170,133,NULL,NULL),(171,134,NULL,NULL),(173,136,NULL,NULL),(174,137,NULL,NULL),(175,138,NULL,NULL),(177,NULL,NULL,17),(180,141,NULL,NULL),(183,143,NULL,NULL),(185,NULL,NULL,18),(187,145,NULL,NULL),(188,146,NULL,NULL),(189,147,NULL,NULL),(191,NULL,NULL,19),(193,NULL,NULL,20),(194,NULL,NULL,21),(196,NULL,NULL,22),(198,NULL,NULL,23),(200,NULL,NULL,24),(203,154,NULL,NULL),(204,155,NULL,NULL),(205,156,NULL,NULL),(206,157,NULL,NULL),(207,158,NULL,NULL),(208,159,NULL,NULL),(209,160,NULL,NULL),(221,168,NULL,NULL),(222,169,NULL,NULL),(223,170,NULL,NULL),(226,173,NULL,NULL),(227,174,NULL,NULL),(228,175,NULL,NULL),(233,NULL,NULL,25),(235,180,NULL,NULL),(236,181,NULL,NULL),(237,182,NULL,NULL),(240,NULL,NULL,26),(242,185,NULL,NULL),(243,186,NULL,NULL),(244,187,NULL,NULL),(245,188,NULL,NULL),(247,190,NULL,NULL),(248,191,NULL,NULL),(249,192,NULL,NULL),(252,NULL,NULL,27),(254,195,NULL,NULL),(255,196,NULL,NULL),(256,197,NULL,NULL),(261,NULL,NULL,28),(262,202,NULL,NULL),(263,203,NULL,NULL),(265,NULL,NULL,29),(266,NULL,NULL,30),(272,NULL,NULL,31),(274,209,NULL,NULL),(275,210,NULL,NULL),(276,211,NULL,NULL),(279,NULL,NULL,32),(281,214,NULL,NULL),(282,215,NULL,NULL),(283,216,NULL,NULL),(286,NULL,NULL,33),(288,219,NULL,NULL),(289,220,NULL,NULL),(290,221,NULL,NULL),(293,NULL,NULL,34),(295,224,NULL,NULL),(296,225,NULL,NULL),(297,226,NULL,NULL),(302,NULL,NULL,35),(304,230,NULL,NULL),(305,231,NULL,NULL),(306,232,NULL,NULL),(309,NULL,NULL,36),(310,235,NULL,NULL),(311,236,NULL,NULL),(312,237,NULL,NULL),(313,238,NULL,NULL),(314,239,NULL,NULL),(315,240,NULL,NULL),(316,241,NULL,NULL),(317,242,NULL,NULL),(318,243,NULL,NULL),(319,244,NULL,NULL),(320,245,NULL,NULL),(323,NULL,NULL,37),(325,248,NULL,NULL),(326,249,NULL,NULL),(327,250,NULL,NULL),(333,255,NULL,NULL),(334,256,NULL,NULL),(335,257,NULL,NULL),(336,258,NULL,NULL),(337,259,NULL,NULL),(340,NULL,NULL,38),(342,262,NULL,NULL),(343,263,NULL,NULL),(344,264,NULL,NULL),(351,NULL,NULL,39),(353,270,NULL,NULL),(354,271,NULL,NULL),(355,272,NULL,NULL),(358,NULL,NULL,40),(360,275,NULL,NULL),(361,276,NULL,NULL),(362,277,NULL,NULL),(366,281,NULL,NULL),(367,282,NULL,NULL),(370,NULL,NULL,41),(372,285,NULL,NULL),(373,286,NULL,NULL),(374,287,NULL,NULL),(377,NULL,NULL,42),(379,290,NULL,NULL),(380,291,NULL,NULL),(381,292,NULL,NULL),(384,NULL,NULL,43),(386,295,NULL,NULL),(387,296,NULL,NULL),(388,297,NULL,NULL),(392,NULL,NULL,44),(394,NULL,NULL,45),(396,NULL,NULL,46),(398,NULL,NULL,47),(399,304,NULL,NULL),(400,305,NULL,NULL),(401,306,NULL,NULL),(402,307,NULL,NULL),(403,308,NULL,NULL),(404,309,NULL,NULL),(405,310,NULL,NULL),(406,311,NULL,NULL),(408,NULL,NULL,48),(410,NULL,NULL,49),(412,NULL,NULL,50),(414,NULL,NULL,51),(416,NULL,NULL,52),(418,NULL,NULL,53),(421,NULL,NULL,54),(423,320,NULL,NULL),(424,321,NULL,NULL),(425,322,NULL,NULL),(428,NULL,NULL,55),(430,325,NULL,NULL),(431,326,NULL,NULL),(432,327,NULL,NULL),(437,NULL,NULL,56),(439,331,NULL,NULL),(440,332,NULL,NULL),(441,333,NULL,NULL),(444,NULL,NULL,57),(446,336,NULL,NULL),(447,337,NULL,NULL),(448,338,NULL,NULL),(451,NULL,NULL,58),(453,341,NULL,NULL),(454,342,NULL,NULL),(455,343,NULL,NULL),(458,NULL,NULL,59),(460,NULL,NULL,60),(461,347,NULL,NULL),(462,348,NULL,NULL),(465,NULL,NULL,61),(467,351,NULL,NULL),(468,352,NULL,NULL),(469,353,NULL,NULL),(472,NULL,NULL,62),(474,356,NULL,NULL),(475,357,NULL,NULL),(476,358,NULL,NULL),(479,NULL,NULL,63),(480,NULL,NULL,64),(484,363,NULL,NULL),(485,364,NULL,NULL),(487,NULL,NULL,65),(488,NULL,NULL,66),(490,NULL,NULL,67),(491,NULL,NULL,68),(493,NULL,NULL,69),(495,NULL,NULL,70),(499,NULL,NULL,71),(501,371,NULL,NULL),(502,372,NULL,NULL),(503,373,NULL,NULL),(506,NULL,NULL,72),(508,376,NULL,NULL),(509,377,NULL,NULL),(510,378,NULL,NULL),(513,NULL,NULL,73),(515,381,NULL,NULL),(516,382,NULL,NULL),(517,383,NULL,NULL),(520,NULL,NULL,74),(522,386,NULL,NULL),(523,387,NULL,NULL),(524,388,NULL,NULL),(527,NULL,NULL,75),(529,391,NULL,NULL),(530,392,NULL,NULL),(531,393,NULL,NULL),(533,395,NULL,NULL),(534,396,NULL,NULL),(535,397,NULL,NULL),(536,398,NULL,NULL),(537,399,NULL,NULL),(538,400,NULL,NULL),(539,401,NULL,NULL),(549,409,NULL,NULL),(550,410,NULL,NULL),(555,NULL,NULL,76),(557,414,NULL,NULL),(558,415,NULL,NULL),(559,416,NULL,NULL),(562,NULL,NULL,77),(564,419,NULL,NULL),(565,420,NULL,NULL),(566,421,NULL,NULL),(569,NULL,NULL,78),(571,424,NULL,NULL),(572,425,NULL,NULL),(573,426,NULL,NULL),(575,428,NULL,NULL),(576,429,NULL,NULL),(577,430,NULL,NULL),(578,431,NULL,NULL),(581,NULL,NULL,79),(583,434,NULL,NULL),(584,435,NULL,NULL),(585,436,NULL,NULL),(588,NULL,NULL,80),(590,NULL,NULL,81),(591,440,NULL,NULL),(592,441,NULL,NULL),(594,NULL,NULL,82),(595,443,NULL,NULL),(604,448,NULL,NULL),(605,449,NULL,NULL),(607,NULL,NULL,83),(609,451,NULL,NULL),(610,452,NULL,NULL),(611,453,NULL,NULL),(613,NULL,NULL,84),(615,455,NULL,NULL),(616,456,NULL,NULL),(617,457,NULL,NULL);

/*Data for the table dyextn_combobox */

insert into dyextn_combobox (IDENTIFIER) values (33),(34),(39),(53),(54),(55),(56),(62),(63),(64),(65),(66),(79),(98),(99),(100),(109),(121),(122),(148),(149),(150),(151),(152),(153),(154),(155),(156),(157),(158),(159),(162),(163),(164),(165),(166),(167),(168),(169),(170),(171),(172),(173),(174),(175),(176),(177),(178),(179),(180),(188),(189),(190),(191),(192),(208),(209),(215),(221),(222),(223),(224),(225),(241),(242),(243),(244),(262),(263),(264),(265),(266),(267),(275),(276),(277),(278),(279),(280),(287),(288),(289),(290),(297),(308),(309),(310),(311),(312),(313),(326),(327),(328),(329),(330),(331),(332),(333),(334),(335),(344),(345),(346),(347),(348),(349),(350),(351),(352);

/*Data for the table dyextn_constraint_properties */

insert into dyextn_constraint_properties (IDENTIFIER,CONSTRAINT_NAME,ASSOCIATION_ID,CATEGORY_ASSOCIATION_ID,ABSTRACT_ENTITY_ID) values (1,'CONSRT_411',NULL,NULL,2),(6,'CONSRT_12',NULL,NULL,6),(11,'CONSRT_406',NULL,NULL,10),(17,'CONSRT_403',NULL,NULL,14),(19,'CONSRT_973',15,NULL,NULL),(21,'CONSRT_157',NULL,NULL,16),(30,'CONSRT_969',24,NULL,NULL),(31,'CONSRT_52',NULL,NULL,25),(37,'CONSRT_965',29,NULL,NULL),(38,'CONSRT_176',NULL,NULL,30),(41,'CONSRT_307',NULL,NULL,32),(43,'CONSRT_264',NULL,NULL,33),(45,'CONSRT_978',34,NULL,NULL),(46,'CONSRT_952',35,NULL,NULL),(47,'CONSRT_370',NULL,NULL,36),(56,'CONSRT_140',NULL,NULL,44),(62,'CONSRT_904',48,NULL,NULL),(63,'CONSRT_242',NULL,NULL,49),(69,'CONSRT_908',53,NULL,NULL),(70,'CONSRT_350',NULL,NULL,54),(76,'CONSRT_912',58,NULL,NULL),(77,'CONSRT_259',NULL,NULL,59),(83,'CONSRT_916',63,NULL,NULL),(84,'CONSRT_62',NULL,NULL,64),(90,'CONSRT_920',68,NULL,NULL),(91,'CONSRT_924',69,NULL,NULL),(92,'CONSRT_900',70,NULL,NULL),(93,'CONSRT_345',NULL,NULL,71),(99,'CONSRT_883',75,NULL,NULL),(100,'CONSRT_152',NULL,NULL,76),(106,'CONSRT_755',80,NULL,NULL),(107,'CONSRT_38',NULL,NULL,81),(113,'CONSRT_751',85,NULL,NULL),(114,'CONSRT_88',NULL,NULL,86),(120,'CONSRT_747',90,NULL,NULL),(121,'CONSRT_112',NULL,NULL,91),(127,'CONSRT_743',95,NULL,NULL),(128,'CONSRT_739',96,NULL,NULL),(149,'CONSRT_719',117,NULL,NULL),(150,'CONSRT_723',118,NULL,NULL),(151,'CONSRT_727',119,NULL,NULL),(152,'CONSRT_731',120,NULL,NULL),(153,'CONSRT_735',121,NULL,NULL),(154,'CONSRT_838',122,NULL,NULL),(155,'CONSRT_834',123,NULL,NULL),(156,'CONSRT_829',124,NULL,NULL),(158,'CONSRT_298',NULL,NULL,125),(165,'CONSRT_825',130,NULL,NULL),(166,'CONSRT_166',NULL,NULL,131),(172,'CONSRT_821',135,NULL,NULL),(176,'CONSRT_816',139,NULL,NULL),(178,'CONSRT_304',NULL,NULL,140),(181,'CONSRT_171',NULL,NULL,142),(184,'CONSRT_365',NULL,NULL,144),(190,'CONSRT_895',148,NULL,NULL),(192,'CONSRT_781',149,NULL,NULL),(195,'CONSRT_771',150,NULL,NULL),(197,'CONSRT_616',151,NULL,NULL),(199,'CONSRT_611',152,NULL,NULL),(201,'CONSRT_126',NULL,NULL,153),(210,'CONSRT_578',161,NULL,NULL),(211,'CONSRT_582',162,NULL,NULL),(212,'CONSRT_73',NULL,NULL,163),(214,'CONSRT_879',164,NULL,NULL),(215,'CONSRT_150',NULL,NULL,165),(217,'CONSRT_107',NULL,NULL,166),(219,'CONSRT_379',NULL,NULL,167),(224,'CONSRT_928',171,NULL,NULL),(225,'CONSRT_574',172,NULL,NULL),(229,'CONSRT_602',176,NULL,NULL),(230,'CONSRT_598',177,NULL,NULL),(231,'CONSRT_594',178,NULL,NULL),(232,'CONSRT_47',NULL,NULL,179),(238,'CONSRT_554',183,NULL,NULL),(239,'CONSRT_67',NULL,NULL,184),(246,'CONSRT_550',189,NULL,NULL),(250,'CONSRT_586',193,NULL,NULL),(251,'CONSRT_145',NULL,NULL,194),(257,'CONSRT_590',198,NULL,NULL),(258,'CONSRT_767',199,NULL,NULL),(259,'CONSRT_875',200,NULL,NULL),(260,'CONSRT_606',201,NULL,NULL),(264,'CONSRT_810',204,NULL,NULL),(267,'CONSRT_2',NULL,NULL,205),(269,'CONSRT_982',206,NULL,NULL),(270,'CONSRT_948',207,NULL,NULL),(271,'CONSRT_391',NULL,NULL,208),(277,'CONSRT_940',212,NULL,NULL),(278,'CONSRT_355',NULL,NULL,213),(284,'CONSRT_887',217,NULL,NULL),(285,'CONSRT_340',NULL,NULL,218),(291,'CONSRT_871',222,NULL,NULL),(292,'CONSRT_330',NULL,NULL,223),(298,'CONSRT_863',227,NULL,NULL),(299,'CONSRT_317',NULL,NULL,228),(301,'CONSRT_384',NULL,NULL,229),(307,'CONSRT_936',233,NULL,NULL),(308,'CONSRT_858',234,NULL,NULL),(321,'CONSRT_850',246,NULL,NULL),(322,'CONSRT_293',NULL,NULL,247),(328,'CONSRT_854',251,NULL,NULL),(329,'CONSRT_846',252,NULL,NULL),(330,'CONSRT_252',NULL,NULL,253),(332,'CONSRT_715',254,NULL,NULL),(338,'CONSRT_711',260,NULL,NULL),(339,'CONSRT_227',NULL,NULL,261),(345,'CONSRT_695',265,NULL,NULL),(346,'CONSRT_691',266,NULL,NULL),(347,'CONSRT_211',NULL,NULL,267),(349,'CONSRT_956',268,NULL,NULL),(350,'CONSRT_335',NULL,NULL,269),(356,'CONSRT_867',273,NULL,NULL),(357,'CONSRT_222',NULL,NULL,274),(363,'CONSRT_687',278,NULL,NULL),(364,'CONSRT_679',279,NULL,NULL),(365,'CONSRT_675',280,NULL,NULL),(368,'CONSRT_671',283,NULL,NULL),(369,'CONSRT_197',NULL,NULL,284),(375,'CONSRT_638',288,NULL,NULL),(376,'CONSRT_186',NULL,NULL,289),(382,'CONSRT_630',293,NULL,NULL),(383,'CONSRT_181',NULL,NULL,294),(389,'CONSRT_626',298,NULL,NULL),(390,'CONSRT_486',299,NULL,NULL),(391,'CONSRT_481',300,NULL,NULL),(393,'CONSRT_476',301,NULL,NULL),(395,'CONSRT_471',302,NULL,NULL),(397,'CONSRT_466',303,NULL,NULL),(407,'CONSRT_490',312,NULL,NULL),(409,'CONSRT_495',313,NULL,NULL),(411,'CONSRT_500',314,NULL,NULL),(413,'CONSRT_505',315,NULL,NULL),(415,'CONSRT_510',316,NULL,NULL),(417,'CONSRT_515',317,NULL,NULL),(419,'CONSRT_520',318,NULL,NULL),(420,'CONSRT_28',NULL,NULL,319),(426,'CONSRT_524',323,NULL,NULL),(427,'CONSRT_33',NULL,NULL,324),(433,'CONSRT_528',328,NULL,NULL),(434,'CONSRT_43',NULL,NULL,329),(436,'CONSRT_102',NULL,NULL,330),(442,'CONSRT_570',334,NULL,NULL),(443,'CONSRT_97',NULL,NULL,335),(449,'CONSRT_566',339,NULL,NULL),(450,'CONSRT_78',NULL,NULL,340),(456,'CONSRT_558',344,NULL,NULL),(457,'CONSRT_541',345,NULL,NULL),(459,'CONSRT_536',346,NULL,NULL),(463,'CONSRT_532',349,NULL,NULL),(464,'CONSRT_57',NULL,NULL,350),(470,'CONSRT_546',354,NULL,NULL),(471,'CONSRT_83',NULL,NULL,355),(477,'CONSRT_562',359,NULL,NULL),(478,'CONSRT_804',360,NULL,NULL),(481,'CONSRT_93',NULL,NULL,361),(483,'CONSRT_763',362,NULL,NULL),(486,'CONSRT_798',365,NULL,NULL),(489,'CONSRT_792',366,NULL,NULL),(492,'CONSRT_787',367,NULL,NULL),(494,'CONSRT_776',368,NULL,NULL),(496,'CONSRT_202',NULL,NULL,369),(498,'CONSRT_360',NULL,NULL,370),(504,'CONSRT_891',374,NULL,NULL),(505,'CONSRT_288',NULL,NULL,375),(511,'CONSRT_759',379,NULL,NULL),(512,'CONSRT_247',NULL,NULL,380),(518,'CONSRT_707',384,NULL,NULL),(519,'CONSRT_232',NULL,NULL,385),(525,'CONSRT_699',389,NULL,NULL),(526,'CONSRT_215',NULL,NULL,390),(532,'CONSRT_683',394,NULL,NULL),(540,'CONSRT_647',402,NULL,NULL),(541,'CONSRT_191',NULL,NULL,403),(543,'CONSRT_932',404,NULL,NULL),(544,'CONSRT_634',405,NULL,NULL),(545,'CONSRT_651',406,NULL,NULL),(546,'CONSRT_655',407,NULL,NULL),(547,'CONSRT_193',NULL,NULL,408),(551,'CONSRT_659',411,NULL,NULL),(552,'CONSRT_22',NULL,NULL,412),(554,'CONSRT_396',NULL,NULL,413),(560,'CONSRT_944',417,NULL,NULL),(561,'CONSRT_312',NULL,NULL,418),(567,'CONSRT_842',422,NULL,NULL),(568,'CONSRT_237',NULL,NULL,423),(574,'CONSRT_703',427,NULL,NULL),(579,'CONSRT_663',432,NULL,NULL),(580,'CONSRT_135',NULL,NULL,433),(586,'CONSRT_667',437,NULL,NULL),(587,'CONSRT_642',438,NULL,NULL),(589,'CONSRT_621',439,NULL,NULL),(593,'CONSRT_960',442,NULL,NULL),(596,'CONSRT_401',NULL,NULL,444),(598,'CONSRT_389',NULL,NULL,445),(600,'CONSRT_286',NULL,NULL,446),(602,'CONSRT_122',NULL,NULL,447),(606,'CONSRT_117',NULL,NULL,450),(612,'CONSRT_17',NULL,NULL,454),(618,'CONSRT_220',NULL,NULL,458);

/*Data for the table dyextn_constraintkey_prop */

insert into dyextn_constraintkey_prop (IDENTIFIER,PRIMARY_ATTRIBUTE_ID,SRC_CONSTRAINT_KEY_ID,TGT_CONSTRAINT_KEY_ID) values (1,7,11,NULL),(2,7,19,NULL),(3,7,31,NULL),(4,7,56,NULL),(5,7,63,NULL),(6,7,70,NULL),(7,7,77,NULL),(8,7,84,NULL),(9,7,93,NULL),(10,7,100,NULL),(11,7,107,NULL),(12,7,114,NULL),(13,7,121,NULL),(14,31,156,NULL),(15,7,158,NULL),(16,7,166,NULL),(17,31,NULL,176),(18,7,184,NULL),(19,143,NULL,190),(20,126,192,NULL),(21,141,192,NULL),(22,143,NULL,195),(23,31,197,NULL),(24,143,NULL,199),(25,7,232,NULL),(26,7,239,NULL),(27,7,251,NULL),(28,143,NULL,260),(29,126,NULL,264),(30,141,NULL,264),(31,7,271,NULL),(32,7,278,NULL),(33,7,285,NULL),(34,7,292,NULL),(35,7,301,NULL),(36,7,308,NULL),(37,7,322,NULL),(38,7,339,NULL),(39,7,350,NULL),(40,7,357,NULL),(41,7,369,NULL),(42,7,376,NULL),(43,7,383,NULL),(44,7,391,NULL),(45,7,393,NULL),(46,7,395,NULL),(47,7,397,NULL),(48,7,407,NULL),(49,7,409,NULL),(50,7,411,NULL),(51,7,413,NULL),(52,7,415,NULL),(53,7,417,NULL),(54,7,420,NULL),(55,7,427,NULL),(56,7,436,NULL),(57,7,443,NULL),(58,7,450,NULL),(59,7,457,NULL),(60,7,459,NULL),(61,7,464,NULL),(62,7,471,NULL),(63,126,NULL,478),(64,141,NULL,478),(65,126,NULL,486),(66,141,NULL,486),(67,126,NULL,489),(68,141,NULL,489),(69,31,492,NULL),(70,31,NULL,494),(71,7,498,NULL),(72,7,505,NULL),(73,7,512,NULL),(74,7,519,NULL),(75,7,526,NULL),(76,7,554,NULL),(77,7,561,NULL),(78,7,568,NULL),(79,7,580,NULL),(80,31,NULL,587),(81,31,NULL,589),(82,31,593,NULL),(83,7,606,NULL),(84,7,612,NULL);

/*Data for the table dyextn_container */

insert into dyextn_container (IDENTIFIER,BUTTON_CSS,CAPTION,ABSTRACT_ENTITY_ID,MAIN_TABLE_CSS,REQUIRED_FIELD_INDICATOR,REQUIRED_FIELD_WARNING_MESSAGE,TITLE_CSS,BASE_CONTAINER_ID,ADD_CAPTION,ENTITY_GROUP_ID,VIEW_ID) values (1,NULL,'MedicalEntityDictionary',6,NULL,'*','indicates required fields.',NULL,NULL,1,1,NULL),(2,NULL,'DiagnosisCodingMethod',335,NULL,'*','indicates required fields.',NULL,1,1,1,NULL),(3,NULL,'CaseIndicator',284,NULL,'*','indicates required fields.',NULL,1,1,1,NULL),(4,NULL,'VipIndicator',208,NULL,'*','indicates required fields.',NULL,1,1,1,NULL),(5,NULL,'UnitsOfMeasure',64,NULL,'*','indicates required fields.',NULL,1,1,1,NULL),(6,NULL,'Units',447,NULL,'*','indicates required fields.',NULL,NULL,1,1,NULL),(7,NULL,'SubstitutionStatus',91,NULL,'*','indicates required fields.',NULL,1,1,1,NULL),(8,NULL,'Status',71,NULL,'*','indicates required fields.',NULL,1,1,1,NULL),(9,NULL,'State',413,NULL,'*','indicates required fields.',NULL,1,1,1,NULL),(10,NULL,'SpecimenType',194,NULL,'*','indicates required fields.',NULL,1,1,1,NULL),(11,NULL,'Service',261,NULL,'*','indicates required fields.',NULL,1,1,1,NULL),(12,NULL,'ResultValue',165,NULL,'*','indicates required fields.',NULL,NULL,1,1,NULL),(13,NULL,'Result',166,NULL,'*','indicates required fields.',NULL,NULL,1,1,NULL),(14,NULL,'Religion',385,NULL,'*','indicates required fields.',NULL,1,1,1,NULL),(15,NULL,'RelationToPerson',229,NULL,'*','indicates required fields.',NULL,1,1,1,NULL),(16,NULL,'Race',390,NULL,'*','indicates required fields.',NULL,1,1,1,NULL),(17,NULL,'ProviderType',25,NULL,'*','indicates required fields.',NULL,1,1,1,NULL),(18,NULL,'Provider',14,NULL,'*','indicates required fields.',NULL,NULL,1,1,NULL),(19,NULL,'ProcedureCode',269,NULL,'*','indicates required fields.',NULL,1,1,1,NULL),(20,NULL,'Procedure',267,NULL,'*','indicates required fields.',NULL,NULL,1,1,NULL),(21,NULL,'Phone',408,NULL,'*','indicates required fields.',NULL,NULL,1,1,NULL),(22,NULL,'PersonName',16,NULL,'*','indicates required fields.',NULL,NULL,1,1,NULL),(23,NULL,'Person',30,NULL,'*','indicates required fields.',NULL,NULL,1,1,NULL),(24,NULL,'Demographics',369,NULL,'*','indicates required fields.',NULL,NULL,1,1,NULL),(25,NULL,'MaritalStatus',433,NULL,'*','indicates required fields.',NULL,1,1,1,NULL),(26,NULL,'Address',412,NULL,'*','indicates required fields.',NULL,NULL,1,1,NULL),(27,NULL,'Country',423,NULL,'*','indicates required fields.',NULL,1,1,1,NULL),(28,NULL,'AddressType',418,NULL,'*','indicates required fields.',NULL,1,1,1,NULL),(29,NULL,'EthnicOrigin',370,NULL,'*','indicates required fields.',NULL,1,1,1,NULL),(30,NULL,'Gender',375,NULL,'*','indicates required fields.',NULL,1,1,1,NULL),(31,NULL,'PatientType',324,NULL,'*','indicates required fields.',NULL,1,1,1,NULL),(32,NULL,'PatientLocation',2,NULL,'*','indicates required fields.',NULL,NULL,1,1,NULL),(33,NULL,'FrequencyWithModifier',10,NULL,'*','indicates required fields.',NULL,1,1,1,NULL),(34,NULL,'FrequencyModifier',81,NULL,'*','indicates required fields.',NULL,1,1,1,NULL),(35,NULL,'Frequency',86,NULL,'*','indicates required fields.',NULL,1,1,1,NULL),(36,NULL,'FinancialClass',223,NULL,'*','indicates required fields.',NULL,1,1,1,NULL),(37,NULL,'FacilityDischargeDisposition',218,NULL,'*','indicates required fields.',NULL,1,1,1,NULL),(38,NULL,'Facility',125,NULL,'*','indicates required fields.',NULL,1,1,1,NULL),(39,NULL,'EncounterDetails',205,NULL,'*','indicates required fields.',NULL,NULL,1,1,NULL),(40,NULL,'Encounter',140,NULL,'*','indicates required fields.',NULL,NULL,1,1,NULL),(41,NULL,'DischargeDisposition',355,NULL,'*','indicates required fields.',NULL,1,1,1,NULL),(42,NULL,'DiagnosticRelatedGroup',213,NULL,'*','indicates required fields.',NULL,1,1,1,NULL),(43,NULL,'AbnormalFlag',179,NULL,'*','indicates required fields.',NULL,1,1,1,NULL),(44,NULL,'AdvancedDirectiveExists',380,NULL,'*','indicates required fields.',NULL,1,1,1,NULL),(45,NULL,'Application',76,NULL,'*','indicates required fields.',NULL,1,1,1,NULL),(46,NULL,'AssociatedPerson',403,NULL,'*','indicates required fields.',NULL,NULL,1,1,NULL),(47,NULL,'ClinicalTrial',253,NULL,'*','indicates required fields.',NULL,NULL,1,1,NULL),(48,NULL,'CptProcedureCode',454,NULL,'*','indicates required fields.',NULL,1,1,1,NULL),(49,NULL,'Diagnosis',329,NULL,'*','indicates required fields.',NULL,NULL,1,1,NULL),(50,NULL,'DiagnosisCode',340,NULL,'*','indicates required fields.',NULL,1,1,1,NULL),(51,NULL,'DiagnosisType',330,NULL,'*','indicates required fields.',NULL,1,1,1,NULL),(52,NULL,'HipaaNotified',289,NULL,'*','indicates required fields.',NULL,1,1,1,NULL),(53,NULL,'Icd9ProcedureCode',450,NULL,'*','indicates required fields.',NULL,1,1,1,NULL),(54,NULL,'InfectionControlCode',294,NULL,'*','indicates required fields.',NULL,1,1,1,NULL),(55,NULL,'Insurance',228,NULL,'*','indicates required fields.',NULL,NULL,1,1,NULL),(56,NULL,'InsurancePlanType',247,NULL,'*','indicates required fields.',NULL,1,1,1,NULL),(57,NULL,'LaboratoryProcedure',142,NULL,'*','indicates required fields.',NULL,NULL,1,1,NULL),(58,NULL,'LaboratoryProcedureDetails',153,NULL,'*','indicates required fields.',NULL,NULL,1,1,NULL),(59,NULL,'LaboratoryProcedureType',144,NULL,'*','indicates required fields.',NULL,1,1,1,NULL),(60,NULL,'LaboratoryResult',163,NULL,'*','indicates required fields.',NULL,NULL,1,1,NULL),(61,NULL,'LaboratoryTestType',184,NULL,'*','indicates required fields.',NULL,1,1,1,NULL),(62,NULL,'MedicalRecordNumber',361,NULL,'*','indicates required fields.',NULL,NULL,1,1,NULL),(63,NULL,'Medication',131,NULL,'*','indicates required fields.',NULL,1,1,1,NULL),(64,NULL,'MedicationComponent',36,NULL,'*','indicates required fields.',NULL,NULL,1,1,NULL),(65,NULL,'MedicationComponentType',49,NULL,'*','indicates required fields.',NULL,1,1,1,NULL),(66,NULL,'MedicationForm',59,NULL,'*','indicates required fields.',NULL,1,1,1,NULL),(67,NULL,'MedicationIngredient',54,NULL,'*','indicates required fields.',NULL,1,1,1,NULL),(68,NULL,'MedicationOrder',32,NULL,'*','indicates required fields.',NULL,NULL,1,1,NULL),(69,NULL,'MedicationOrderDetails',33,NULL,'*','indicates required fields.',NULL,NULL,1,1,NULL),(70,NULL,'MedicationRoute',44,NULL,'*','indicates required fields.',NULL,1,1,1,NULL),(71,NULL,'NormalRange',167,NULL,'*','indicates required fields.',NULL,NULL,1,1,NULL),(72,NULL,'OptOutIndicator',350,NULL,'*','indicates required fields.',NULL,1,1,1,NULL),(73,NULL,'PatientClass',319,NULL,'*','indicates required fields.',NULL,1,1,1,NULL);

/*Data for the table dyextn_containment_control */

insert into dyextn_containment_control (IDENTIFIER) values (38),(83),(91),(95),(96),(97),(104),(108),(110),(111),(119),(120);

/*Data for the table dyextn_control */

insert into dyextn_control (IDENTIFIER,CAPTION,CSS_CLASS,HIDDEN,NAME,SEQUENCE_NUMBER,TOOLTIP,CONTAINER_ID,BASE_ABST_ATR_ID,READ_ONLY) values (1,'id',NULL,NULL,'id',3,NULL,1,7,0),(2,'name',NULL,NULL,'name',2,NULL,1,9,0),(3,'shortName',NULL,NULL,'shortName',1,NULL,1,8,0),(4,'shortName',NULL,NULL,'shortName',3,NULL,2,338,0),(5,'name',NULL,NULL,'name',2,NULL,2,337,0),(6,'id',NULL,NULL,'id',1,NULL,2,336,0),(7,'shortName',NULL,NULL,'shortName',3,NULL,3,287,0),(8,'name',NULL,NULL,'name',2,NULL,3,286,0),(9,'id',NULL,NULL,'id',1,NULL,3,285,0),(10,'shortName',NULL,NULL,'shortName',3,NULL,4,211,0),(11,'name',NULL,NULL,'name',2,NULL,4,210,0),(12,'id',NULL,NULL,'id',1,NULL,4,209,0),(13,'shortName',NULL,NULL,'shortName',3,NULL,5,67,0),(14,'name',NULL,NULL,'name',2,NULL,5,66,0),(15,'id',NULL,NULL,'id',1,NULL,5,65,0),(16,'sourceUnits',NULL,NULL,'sourceUnits',2,NULL,6,449,0),(17,'normalizedUnits',NULL,NULL,'normalizedUnits',1,NULL,6,448,0),(18,'shortName',NULL,NULL,'shortName',3,NULL,7,94,0),(19,'name',NULL,NULL,'name',2,NULL,7,93,0),(20,'id',NULL,NULL,'id',1,NULL,7,92,0),(21,'shortName',NULL,NULL,'shortName',3,NULL,8,74,0),(22,'name',NULL,NULL,'name',2,NULL,8,73,0),(23,'id',NULL,NULL,'id',1,NULL,8,72,0),(24,'shortName',NULL,NULL,'shortName',3,NULL,9,416,0),(25,'name',NULL,NULL,'name',2,NULL,9,415,0),(26,'id',NULL,NULL,'id',1,NULL,9,414,0),(27,'shortName',NULL,NULL,'shortName',3,NULL,10,197,0),(28,'name',NULL,NULL,'name',2,NULL,10,196,0),(29,'id',NULL,NULL,'id',1,NULL,10,195,0),(30,'shortName',NULL,NULL,'shortName',3,NULL,11,264,0),(31,'name',NULL,NULL,'name',2,NULL,11,263,0),(32,'id',NULL,NULL,'id',1,NULL,11,262,0),(33,'AssociationName_1',NULL,NULL,'AssociationName_1',2,NULL,12,177,0),(34,'AssociationName_2',NULL,NULL,'AssociationName_2',1,NULL,12,176,0),(35,'high',NULL,NULL,'high',5,NULL,13,175,0),(36,'low',NULL,NULL,'low',4,NULL,13,174,0),(37,'value',NULL,NULL,'value',3,NULL,13,173,0),(38,'AssociationName_1',NULL,NULL,'AssociationName_1',2,NULL,13,172,0),(39,'AssociationName_2',NULL,NULL,'AssociationName_2',1,NULL,13,171,0),(40,'shortName',NULL,NULL,'shortName',3,NULL,14,388,0),(41,'name',NULL,NULL,'name',2,NULL,14,387,0),(42,'id',NULL,NULL,'id',1,NULL,14,386,0),(43,'shortName',NULL,NULL,'shortName',3,NULL,15,232,0),(44,'name',NULL,NULL,'name',2,NULL,15,231,0),(45,'id',NULL,NULL,'id',1,NULL,15,230,0),(46,'shortName',NULL,NULL,'shortName',3,NULL,16,393,0),(47,'name',NULL,NULL,'name',2,NULL,16,392,0),(48,'id',NULL,NULL,'id',1,NULL,16,391,0),(49,'shortName',NULL,NULL,'shortName',3,NULL,17,28,0),(50,'name',NULL,NULL,'name',2,NULL,17,27,0),(51,'id',NULL,NULL,'id',1,NULL,17,26,0),(52,'facilityId',NULL,NULL,'facilityId',5,NULL,18,443,0),(53,'AssociationName_1',NULL,NULL,'AssociationName_1',4,NULL,18,442,0),(54,'AssociationName_2',NULL,NULL,'AssociationName_2',3,NULL,18,29,0),(55,'AssociationName_3',NULL,NULL,'AssociationName_3',2,NULL,18,24,0),(56,'AssociationName_4',NULL,NULL,'AssociationName_4',1,NULL,18,15,0),(57,'shortName',NULL,NULL,'shortName',3,NULL,19,272,0),(58,'name',NULL,NULL,'name',2,NULL,19,271,0),(59,'id',NULL,NULL,'id',1,NULL,19,270,0),(60,'date',NULL,NULL,'date',7,NULL,20,282,0),(61,'sequence',NULL,NULL,'sequence',6,NULL,20,281,0),(62,'AssociationName_1',NULL,NULL,'AssociationName_1',5,NULL,20,280,0),(63,'AssociationName_2',NULL,NULL,'AssociationName_2',4,NULL,20,279,0),(64,'AssociationName_3',NULL,NULL,'AssociationName_3',3,NULL,20,278,0),(65,'AssociationName_4',NULL,NULL,'AssociationName_4',2,NULL,20,273,0),(66,'AssociationName_5',NULL,NULL,'AssociationName_5',1,NULL,20,268,0),(67,'number',NULL,NULL,'number',2,NULL,21,410,0),(68,'type',NULL,NULL,'type',1,NULL,21,409,0),(69,'firstName',NULL,NULL,'firstName',7,NULL,22,23,0),(70,'middleName',NULL,NULL,'middleName',6,NULL,22,22,0),(71,'lastName',NULL,NULL,'lastName',5,NULL,22,21,0),(72,'lastNameCompressed',NULL,NULL,'lastNameCompressed',4,NULL,22,20,0),(73,'degree',NULL,NULL,'degree',3,NULL,22,19,0),(74,'prefix',NULL,NULL,'prefix',2,NULL,22,18,0),(75,'suffix',NULL,NULL,'suffix',1,NULL,22,17,0),(76,'activeUpiFlag',NULL,NULL,'activeUpiFlag',7,NULL,23,441,0),(77,'personUpi',NULL,NULL,'personUpi',6,NULL,23,31,0),(78,'researchOptOut',NULL,NULL,'researchOptOut',5,NULL,23,440,0),(79,'AssociationName_1',NULL,NULL,'AssociationName_1',4,NULL,23,439,0),(80,'shortName',NULL,NULL,'shortName',3,NULL,25,436,0),(81,'name',NULL,NULL,'name',2,NULL,25,435,0),(82,'id',NULL,NULL,'id',1,NULL,25,434,0),(83,'AssociationName_6',NULL,NULL,'AssociationName_6',18,NULL,24,437,0),(84,'line1',NULL,NULL,'line1',7,NULL,26,431,0),(85,'line2',NULL,NULL,'line2',6,NULL,26,430,0),(86,'city',NULL,NULL,'city',5,NULL,26,429,0),(87,'postalCode',NULL,NULL,'postalCode',4,NULL,26,428,0),(88,'shortName',NULL,NULL,'shortName',3,NULL,27,426,0),(89,'name',NULL,NULL,'name',2,NULL,27,425,0),(90,'id',NULL,NULL,'id',1,NULL,27,424,0),(91,'AssociationName_1',NULL,NULL,'AssociationName_1',3,NULL,26,427,0),(92,'shortName',NULL,NULL,'shortName',3,NULL,28,421,0),(93,'name',NULL,NULL,'name',2,NULL,28,420,0),(94,'id',NULL,NULL,'id',1,NULL,28,419,0),(95,'AssociationName_2',NULL,NULL,'AssociationName_2',2,NULL,26,422,0),(96,'AssociationName_3',NULL,NULL,'AssociationName_3',1,NULL,26,417,0),(97,'AssociationName_5',NULL,NULL,'AssociationName_5',17,NULL,24,432,0),(98,'AssociationName_4',NULL,NULL,'AssociationName_4',16,NULL,24,411,0),(99,'AssociationName_3',NULL,NULL,'AssociationName_3',15,NULL,24,407,0),(100,'AssociationName_2',NULL,NULL,'AssociationName_2',14,NULL,24,406,0),(101,'shortName',NULL,NULL,'shortName',3,NULL,29,373,0),(102,'name',NULL,NULL,'name',2,NULL,29,372,0),(103,'id',NULL,NULL,'id',1,NULL,29,371,0),(104,'AssociationName_11',NULL,NULL,'AssociationName_11',1,NULL,24,374,0),(105,'shortName',NULL,NULL,'shortName',3,NULL,30,378,0),(106,'name',NULL,NULL,'name',2,NULL,30,377,0),(107,'id',NULL,NULL,'id',1,NULL,30,376,0),(108,'AssociationName_10',NULL,NULL,'AssociationName_10',2,NULL,24,379,0),(109,'AssociationName_9',NULL,NULL,'AssociationName_9',3,NULL,24,384,0),(110,'AssociationName_8',NULL,NULL,'AssociationName_8',4,NULL,24,389,0),(111,'AssociationName_7',NULL,NULL,'AssociationName_7',5,NULL,24,394,0),(112,'dateOfBirth',NULL,NULL,'dateOfBirth',6,NULL,24,395,0),(113,'dateOfDeath',NULL,NULL,'dateOfDeath',7,NULL,24,396,0),(114,'mothersMaidenName',NULL,NULL,'mothersMaidenName',8,NULL,24,397,0),(115,'placeOfBirth',NULL,NULL,'placeOfBirth',9,NULL,24,398,0),(116,'socialSecurityNumber',NULL,NULL,'socialSecurityNumber',10,NULL,24,399,0),(117,'effectiveStartTimeStamp',NULL,NULL,'effectiveStartTimeStamp',11,NULL,24,400,0),(118,'effectiveEndTimeStamp',NULL,NULL,'effectiveEndTimeStamp',12,NULL,24,401,0),(119,'AssociationName_1',NULL,NULL,'AssociationName_1',13,NULL,24,402,0),(120,'AssociationName_2',NULL,NULL,'AssociationName_2',3,NULL,23,438,0),(121,'AssociationName_3',NULL,NULL,'AssociationName_3',2,NULL,23,368,0),(122,'AssociationName_4',NULL,NULL,'AssociationName_4',1,NULL,23,139,0),(123,'shortName',NULL,NULL,'shortName',3,NULL,31,327,0),(124,'name',NULL,NULL,'name',2,NULL,31,326,0),(125,'id',NULL,NULL,'id',1,NULL,31,325,0),(126,'location',NULL,NULL,'location',3,NULL,32,5,0),(127,'room',NULL,NULL,'room',2,NULL,32,4,0),(128,'bed',NULL,NULL,'bed',1,NULL,32,3,0),(129,'shortName',NULL,NULL,'shortName',3,NULL,33,13,0),(130,'name',NULL,NULL,'name',2,NULL,33,12,0),(131,'id',NULL,NULL,'id',1,NULL,33,11,0),(132,'shortName',NULL,NULL,'shortName',3,NULL,34,84,0),(133,'name',NULL,NULL,'name',2,NULL,34,83,0),(134,'id',NULL,NULL,'id',1,NULL,34,82,0),(135,'shortName',NULL,NULL,'shortName',3,NULL,35,89,0),(136,'name',NULL,NULL,'name',2,NULL,35,88,0),(137,'id',NULL,NULL,'id',1,NULL,35,87,0),(138,'shortName',NULL,NULL,'shortName',3,NULL,36,226,0),(139,'name',NULL,NULL,'name',2,NULL,36,225,0),(140,'id',NULL,NULL,'id',1,NULL,36,224,0),(141,'shortName',NULL,NULL,'shortName',3,NULL,37,221,0),(142,'name',NULL,NULL,'name',2,NULL,37,220,0),(143,'id',NULL,NULL,'id',1,NULL,37,219,0),(144,'initials',NULL,NULL,'initials',4,NULL,38,129,0),(145,'shortName',NULL,NULL,'shortName',3,NULL,38,128,0),(146,'name',NULL,NULL,'name',2,NULL,38,127,0),(147,'id',NULL,NULL,'id',1,NULL,38,126,0),(148,'AssociationName_17',NULL,NULL,'AssociationName_17',39,NULL,39,359,0),(149,'AssociationName_16',NULL,NULL,'AssociationName_16',38,NULL,39,354,0),(150,'AssociationName_15',NULL,NULL,'AssociationName_15',37,NULL,39,349,0),(151,'AssociationName_14',NULL,NULL,'AssociationName_14',36,NULL,39,328,0),(152,'AssociationName_13',NULL,NULL,'AssociationName_13',35,NULL,39,323,0),(153,'AssociationName_12',NULL,NULL,'AssociationName_12',34,NULL,39,318,0),(154,'AssociationName_11',NULL,NULL,'AssociationName_11',33,NULL,39,317,0),(155,'AssociationName_10',NULL,NULL,'AssociationName_10',32,NULL,39,316,0),(156,'AssociationName_9',NULL,NULL,'AssociationName_9',31,NULL,39,315,0),(157,'AssociationName_8',NULL,NULL,'AssociationName_8',30,NULL,39,314,0),(158,'AssociationName_7',NULL,NULL,'AssociationName_7',29,NULL,39,313,0),(159,'AssociationName_6',NULL,NULL,'AssociationName_6',28,NULL,39,312,0),(160,'ageAtEncounter',NULL,NULL,'ageAtEncounter',27,NULL,39,311,0),(161,'dischargeTimeStamp',NULL,NULL,'dischargeTimeStamp',26,NULL,39,310,0),(162,'AssociationName_19',NULL,NULL,'AssociationName_19',13,NULL,39,293,0),(163,'AssociationName_20',NULL,NULL,'AssociationName_20',12,NULL,39,288,0),(164,'AssociationName_21',NULL,NULL,'AssociationName_21',11,NULL,39,283,0),(165,'AssociationName_22',NULL,NULL,'AssociationName_22',10,NULL,39,266,0),(166,'AssociationName_23',NULL,NULL,'AssociationName_23',9,NULL,39,265,0),(167,'AssociationName_24',NULL,NULL,'AssociationName_24',8,NULL,39,260,0),(168,'AssociationName_25',NULL,NULL,'AssociationName_25',7,NULL,39,252,0),(169,'AssociationName_26',NULL,NULL,'AssociationName_26',6,NULL,39,227,0),(170,'AssociationName_27',NULL,NULL,'AssociationName_27',5,NULL,39,222,0),(171,'AssociationName_28',NULL,NULL,'AssociationName_28',4,NULL,39,217,0),(172,'AssociationName_29',NULL,NULL,'AssociationName_29',3,NULL,39,212,0),(173,'AssociationName_30',NULL,NULL,'AssociationName_30',2,NULL,39,207,0),(174,'AssociationName_31',NULL,NULL,'AssociationName_31',1,NULL,39,206,0),(175,'AssociationName_18',NULL,NULL,'AssociationName_18',14,NULL,39,298,0),(176,'AssociationName_5',NULL,NULL,'AssociationName_5',15,NULL,39,299,0),(177,'AssociationName_4',NULL,NULL,'AssociationName_4',16,NULL,39,300,0),(178,'AssociationName_3',NULL,NULL,'AssociationName_3',17,NULL,39,301,0),(179,'AssociationName_2',NULL,NULL,'AssociationName_2',18,NULL,39,302,0),(180,'AssociationName_1',NULL,NULL,'AssociationName_1',19,NULL,39,303,0),(181,'occupation',NULL,NULL,'occupation',20,NULL,39,304,0),(182,'employer',NULL,NULL,'employer',21,NULL,39,305,0),(183,'teachingTeam',NULL,NULL,'teachingTeam',22,NULL,39,306,0),(184,'registrationTimeStamp',NULL,NULL,'registrationTimeStamp',23,NULL,39,307,0),(185,'effectiveStartTimeStamp',NULL,NULL,'effectiveStartTimeStamp',24,NULL,39,308,0),(186,'effectiveEndTimeStamp',NULL,NULL,'effectiveEndTimeStamp',25,NULL,39,309,0),(187,'patientAccountNumber',NULL,NULL,'patientAccountNumber',6,NULL,40,141,0),(188,'AssociationName_1',NULL,NULL,'AssociationName_1',5,NULL,40,367,0),(189,'AssociationName_2',NULL,NULL,'AssociationName_2',4,NULL,40,366,0),(190,'AssociationName_3',NULL,NULL,'AssociationName_3',3,NULL,40,365,0),(191,'AssociationName_4',NULL,NULL,'AssociationName_4',2,NULL,40,360,0),(192,'AssociationName_5',NULL,NULL,'AssociationName_5',1,NULL,40,204,0),(193,'shortName',NULL,NULL,'shortName',3,NULL,41,358,0),(194,'name',NULL,NULL,'name',2,NULL,41,357,0),(195,'id',NULL,NULL,'id',1,NULL,41,356,0),(196,'shortName',NULL,NULL,'shortName',3,NULL,42,216,0),(197,'name',NULL,NULL,'name',2,NULL,42,215,0),(198,'id',NULL,NULL,'id',1,NULL,42,214,0),(199,'shortName',NULL,NULL,'shortName',3,NULL,43,182,0),(200,'name',NULL,NULL,'name',2,NULL,43,181,0),(201,'id',NULL,NULL,'id',1,NULL,43,180,0),(202,'shortName',NULL,NULL,'shortName',3,NULL,44,383,0),(203,'name',NULL,NULL,'name',2,NULL,44,382,0),(204,'id',NULL,NULL,'id',1,NULL,44,381,0),(205,'shortName',NULL,NULL,'shortName',3,NULL,45,79,0),(206,'name',NULL,NULL,'name',2,NULL,45,78,0),(207,'id',NULL,NULL,'id',1,NULL,45,77,0),(208,'AssociationName_1',NULL,NULL,'AssociationName_1',2,NULL,46,405,0),(209,'AssociationName_2',NULL,NULL,'AssociationName_2',1,NULL,46,404,0),(210,'endTimeStamp',NULL,NULL,'endTimeStamp',6,NULL,47,259,0),(211,'protocolId',NULL,NULL,'protocolId',5,NULL,47,258,0),(212,'startTimeStamp',NULL,NULL,'startTimeStamp',4,NULL,47,257,0),(213,'trailName',NULL,NULL,'trailName',3,NULL,47,256,0),(214,'trialId',NULL,NULL,'trialId',2,NULL,47,255,0),(215,'AssociationName_1',NULL,NULL,'AssociationName_1',1,NULL,47,254,0),(216,'shortName',NULL,NULL,'shortName',3,NULL,48,457,0),(217,'name',NULL,NULL,'name',2,NULL,48,456,0),(218,'id',NULL,NULL,'id',1,NULL,48,455,0),(219,'description',NULL,NULL,'description',7,NULL,49,348,0),(220,'sequence',NULL,NULL,'sequence',6,NULL,49,347,0),(221,'AssociationName_1',NULL,NULL,'AssociationName_1',5,NULL,49,346,0),(222,'AssociationName_2',NULL,NULL,'AssociationName_2',4,NULL,49,345,0),(223,'AssociationName_3',NULL,NULL,'AssociationName_3',3,NULL,49,344,0),(224,'AssociationName_4',NULL,NULL,'AssociationName_4',2,NULL,49,339,0),(225,'AssociationName_5',NULL,NULL,'AssociationName_5',1,NULL,49,334,0),(226,'shortName',NULL,NULL,'shortName',3,NULL,50,343,0),(227,'name',NULL,NULL,'name',2,NULL,50,342,0),(228,'id',NULL,NULL,'id',1,NULL,50,341,0),(229,'shortName',NULL,NULL,'shortName',3,NULL,51,333,0),(230,'name',NULL,NULL,'name',2,NULL,51,332,0),(231,'id',NULL,NULL,'id',1,NULL,51,331,0),(232,'shortName',NULL,NULL,'shortName',3,NULL,52,292,0),(233,'name',NULL,NULL,'name',2,NULL,52,291,0),(234,'id',NULL,NULL,'id',1,NULL,52,290,0),(235,'shortName',NULL,NULL,'shortName',3,NULL,53,453,0),(236,'name',NULL,NULL,'name',2,NULL,53,452,0),(237,'id',NULL,NULL,'id',1,NULL,53,451,0),(238,'shortName',NULL,NULL,'shortName',3,NULL,54,297,0),(239,'name',NULL,NULL,'name',2,NULL,54,296,0),(240,'id',NULL,NULL,'id',1,NULL,54,295,0),(241,'AssociationName_2',NULL,NULL,'AssociationName_2',15,NULL,55,251,0),(242,'AssociationName_1',NULL,NULL,'AssociationName_1',14,NULL,55,246,0),(243,'AssociationName_4',NULL,NULL,'AssociationName_4',1,NULL,55,233,0),(244,'AssociationName_3',NULL,NULL,'AssociationName_3',2,NULL,55,234,0),(245,'companyId',NULL,NULL,'companyId',3,NULL,55,235,0),(246,'groupName',NULL,NULL,'groupName',4,NULL,55,236,0),(247,'groupNumber',NULL,NULL,'groupNumber',5,NULL,55,237,0),(248,'insuredGroupEmpId',NULL,NULL,'insuredGroupEmpId',6,NULL,55,238,0),(249,'insuredGroupEmpName',NULL,NULL,'insuredGroupEmpName',7,NULL,55,239,0),(250,'planEffectiveDate',NULL,NULL,'planEffectiveDate',8,NULL,55,240,0),(251,'planExpirationDate',NULL,NULL,'planExpirationDate',9,NULL,55,241,0),(252,'planId',NULL,NULL,'planId',10,NULL,55,242,0),(253,'policyNumber',NULL,NULL,'policyNumber',11,NULL,55,243,0),(254,'preAdmitCert',NULL,NULL,'preAdmitCert',12,NULL,55,244,0),(255,'sequence',NULL,NULL,'sequence',13,NULL,55,245,0),(256,'shortName',NULL,NULL,'shortName',3,NULL,56,250,0),(257,'name',NULL,NULL,'name',2,NULL,56,249,0),(258,'id',NULL,NULL,'id',1,NULL,56,248,0),(259,'accessionNumber',NULL,NULL,'accessionNumber',9,NULL,57,143,0),(260,'patientAccountNumber',NULL,NULL,'patientAccountNumber',8,NULL,57,203,0),(261,'procedureSynonym',NULL,NULL,'procedureSynonym',7,NULL,57,202,0),(262,'AssociationName_1',NULL,NULL,'AssociationName_1',6,NULL,57,201,0),(263,'AssociationName_2',NULL,NULL,'AssociationName_2',5,NULL,57,152,0),(264,'AssociationName_3',NULL,NULL,'AssociationName_3',4,NULL,57,151,0),(265,'AssociationName_4',NULL,NULL,'AssociationName_4',3,NULL,57,150,0),(266,'AssociationName_5',NULL,NULL,'AssociationName_5',2,NULL,57,149,0),(267,'AssociationName_6',NULL,NULL,'AssociationName_6',1,NULL,57,148,0),(268,'ageAtProcedure',NULL,NULL,'ageAtProcedure',1,NULL,58,154,0),(269,'collectionTimeStamp',NULL,NULL,'collectionTimeStamp',2,NULL,58,155,0),(270,'effectiveEndTimeStamp',NULL,NULL,'effectiveEndTimeStamp',3,NULL,58,156,0),(271,'effectiveStartTimeStamp',NULL,NULL,'effectiveStartTimeStamp',4,NULL,58,157,0),(272,'lastResultTimeStamp',NULL,NULL,'lastResultTimeStamp',5,NULL,58,158,0),(273,'procedureComment',NULL,NULL,'procedureComment',6,NULL,58,159,0),(274,'receivedTimeStamp',NULL,NULL,'receivedTimeStamp',7,NULL,58,160,0),(275,'AssociationName_1',NULL,NULL,'AssociationName_1',8,NULL,58,161,0),(276,'AssociationName_2',NULL,NULL,'AssociationName_2',9,NULL,58,162,0),(277,'AssociationName_3',NULL,NULL,'AssociationName_3',10,NULL,58,193,0),(278,'AssociationName_4',NULL,NULL,'AssociationName_4',11,NULL,58,198,0),(279,'AssociationName_5',NULL,NULL,'AssociationName_5',12,NULL,58,199,0),(280,'AssociationName_6',NULL,NULL,'AssociationName_6',13,NULL,58,200,0),(281,'shortName',NULL,NULL,'shortName',3,NULL,59,147,0),(282,'name',NULL,NULL,'name',2,NULL,59,146,0),(283,'id',NULL,NULL,'id',1,NULL,59,145,0),(284,'resultComments',NULL,NULL,'resultComments',7,NULL,60,192,0),(285,'testSynonym',NULL,NULL,'testSynonym',6,NULL,60,191,0),(286,'resultTimeStamp',NULL,NULL,'resultTimeStamp',5,NULL,60,190,0),(287,'AssociationName_1',NULL,NULL,'AssociationName_1',4,NULL,60,189,0),(288,'AssociationName_2',NULL,NULL,'AssociationName_2',3,NULL,60,183,0),(289,'AssociationName_3',NULL,NULL,'AssociationName_3',2,NULL,60,178,0),(290,'AssociationName_4',NULL,NULL,'AssociationName_4',1,NULL,60,164,0),(291,'standardUnitOfMeasure',NULL,NULL,'standardUnitOfMeasure',4,NULL,61,188,0),(292,'shortName',NULL,NULL,'shortName',3,NULL,61,187,0),(293,'name',NULL,NULL,'name',2,NULL,61,186,0),(294,'id',NULL,NULL,'id',1,NULL,61,185,0),(295,'value',NULL,NULL,'value',3,NULL,62,364,0),(296,'type',NULL,NULL,'type',2,NULL,62,363,0),(297,'AssociationName_1',NULL,NULL,'AssociationName_1',1,NULL,62,362,0),(298,'shortName',NULL,NULL,'shortName',3,NULL,63,134,0),(299,'name',NULL,NULL,'name',2,NULL,63,133,0),(300,'id',NULL,NULL,'id',1,NULL,63,132,0),(301,'medicationText',NULL,NULL,'medicationText',1,NULL,64,37,0),(302,'strength',NULL,NULL,'strength',2,NULL,64,38,0),(303,'strengthMinimum',NULL,NULL,'strengthMinimum',3,NULL,64,39,0),(304,'quantity',NULL,NULL,'quantity',4,NULL,64,40,0),(305,'strengthMaximum',NULL,NULL,'strengthMaximum',5,NULL,64,41,0),(306,'quantityMaximum',NULL,NULL,'quantityMaximum',6,NULL,64,42,0),(307,'quantityMinimum',NULL,NULL,'quantityMinimum',7,NULL,64,43,0),(308,'AssociationName_1',NULL,NULL,'AssociationName_1',8,NULL,64,48,0),(309,'AssociationName_2',NULL,NULL,'AssociationName_2',9,NULL,64,53,0),(310,'AssociationName_3',NULL,NULL,'AssociationName_3',10,NULL,64,58,0),(311,'AssociationName_4',NULL,NULL,'AssociationName_4',11,NULL,64,63,0),(312,'AssociationName_5',NULL,NULL,'AssociationName_5',12,NULL,64,68,0),(313,'AssociationName_6',NULL,NULL,'AssociationName_6',13,NULL,64,69,0),(314,'shortName',NULL,NULL,'shortName',3,NULL,65,52,0),(315,'name',NULL,NULL,'name',2,NULL,65,51,0),(316,'id',NULL,NULL,'id',1,NULL,65,50,0),(317,'shortName',NULL,NULL,'shortName',3,NULL,66,62,0),(318,'name',NULL,NULL,'name',2,NULL,66,61,0),(319,'id',NULL,NULL,'id',1,NULL,66,60,0),(320,'shortName',NULL,NULL,'shortName',3,NULL,67,57,0),(321,'name',NULL,NULL,'name',2,NULL,67,56,0),(322,'id',NULL,NULL,'id',1,NULL,67,55,0),(323,'orderNumber',NULL,NULL,'orderNumber',8,NULL,68,138,0),(324,'patientAccountNumber',NULL,NULL,'patientAccountNumber',7,NULL,68,137,0),(325,'medicationSynonym',NULL,NULL,'medicationSynonym',6,NULL,68,136,0),(326,'AssociationName_1',NULL,NULL,'AssociationName_1',5,NULL,68,135,0),(327,'AssociationName_2',NULL,NULL,'AssociationName_2',4,NULL,68,130,0),(328,'AssociationName_3',NULL,NULL,'AssociationName_3',3,NULL,68,124,0),(329,'AssociationName_4',NULL,NULL,'AssociationName_4',2,NULL,68,123,0),(330,'AssociationName_5',NULL,NULL,'AssociationName_5',1,NULL,68,122,0),(331,'AssociationName_5',NULL,NULL,'AssociationName_5',34,NULL,69,121,0),(332,'AssociationName_4',NULL,NULL,'AssociationName_4',33,NULL,69,120,0),(333,'AssociationName_3',NULL,NULL,'AssociationName_3',32,NULL,69,119,0),(334,'AssociationName_2',NULL,NULL,'AssociationName_2',31,NULL,69,118,0),(335,'AssociationName_1',NULL,NULL,'AssociationName_1',30,NULL,69,117,0),(336,'strengthMaximum',NULL,NULL,'strengthMaximum',29,NULL,69,116,0),(337,'strengthMinimum',NULL,NULL,'strengthMinimum',28,NULL,69,115,0),(338,'ageAtOrder',NULL,NULL,'ageAtOrder',27,NULL,69,114,0),(339,'medicationComments',NULL,NULL,'medicationComments',26,NULL,69,113,0),(340,'orderStartDateTime',NULL,NULL,'orderStartDateTime',13,NULL,69,100,0),(341,'quantity',NULL,NULL,'quantity',12,NULL,69,99,0),(342,'quantityMaximum',NULL,NULL,'quantityMaximum',11,NULL,69,98,0),(343,'quantityMinimum',NULL,NULL,'quantityMinimum',10,NULL,69,97,0),(344,'AssociationName_6',NULL,NULL,'AssociationName_6',9,NULL,69,96,0),(345,'AssociationName_7',NULL,NULL,'AssociationName_7',8,NULL,69,95,0),(346,'AssociationName_8',NULL,NULL,'AssociationName_8',7,NULL,69,90,0),(347,'AssociationName_9',NULL,NULL,'AssociationName_9',6,NULL,69,85,0),(348,'AssociationName_10',NULL,NULL,'AssociationName_10',5,NULL,69,80,0),(349,'AssociationName_11',NULL,NULL,'AssociationName_11',4,NULL,69,75,0),(350,'AssociationName_12',NULL,NULL,'AssociationName_12',3,NULL,69,70,0),(351,'AssociationName_13',NULL,NULL,'AssociationName_13',2,NULL,69,35,0),(352,'AssociationName_14',NULL,NULL,'AssociationName_14',1,NULL,69,34,0),(353,'orderEndDateTime',NULL,NULL,'orderEndDateTime',14,NULL,69,101,0),(354,'numberOfRefills',NULL,NULL,'numberOfRefills',15,NULL,69,102,0),(355,'lastRefillDateTime',NULL,NULL,'lastRefillDateTime',16,NULL,69,103,0),(356,'infusionDuration',NULL,NULL,'infusionDuration',17,NULL,69,104,0),(357,'infusionAmount',NULL,NULL,'infusionAmount',18,NULL,69,105,0),(358,'explicitInterval',NULL,NULL,'explicitInterval',19,NULL,69,106,0),(359,'effectiveStartTimeStamp',NULL,NULL,'effectiveStartTimeStamp',20,NULL,69,107,0),(360,'effectiveEndTimeStamp',NULL,NULL,'effectiveEndTimeStamp',21,NULL,69,108,0),(361,'duration',NULL,NULL,'duration',22,NULL,69,109,0),(362,'specialDispensingInstructions',NULL,NULL,'specialDispensingInstructions',23,NULL,69,110,0),(363,'strength',NULL,NULL,'strength',24,NULL,69,111,0),(364,'infusionHangDuration',NULL,NULL,'infusionHangDuration',25,NULL,69,112,0),(365,'shortName',NULL,NULL,'shortName',3,NULL,70,47,0),(366,'name',NULL,NULL,'name',2,NULL,70,46,0),(367,'id',NULL,NULL,'id',1,NULL,70,45,0),(368,'high',NULL,NULL,'high',3,NULL,71,170,0),(369,'low',NULL,NULL,'low',2,NULL,71,169,0),(370,'value',NULL,NULL,'value',1,NULL,71,168,0),(371,'shortName',NULL,NULL,'shortName',3,NULL,72,353,0),(372,'name',NULL,NULL,'name',2,NULL,72,352,0),(373,'id',NULL,NULL,'id',1,NULL,72,351,0),(374,'shortName',NULL,NULL,'shortName',3,NULL,73,322,0),(375,'name',NULL,NULL,'name',2,NULL,73,321,0),(376,'id',NULL,NULL,'id',1,NULL,73,320,0);

/*Data for the table dyextn_data_element */

/*Data for the table dyextn_data_grid */

/*Data for the table dyextn_database_properties */

insert into dyextn_database_properties (IDENTIFIER,NAME) values (1,NULL),(2,'DE_E_410'),(3,'DE_AT_414'),(4,'DE_AT_413'),(5,'DE_AT_412'),(6,NULL),(7,'DE_E_11'),(8,'DE_AT_13'),(9,'DE_AT_15'),(10,'DE_AT_14'),(11,NULL),(12,'DE_AT_415'),(13,'DE_E_405'),(14,'DE_AT_409'),(15,'DE_AT_408'),(16,'DE_AT_407'),(17,NULL),(18,'DE_E_402'),(19,'DE_AS_970'),(20,'DE_E_S_974'),(21,NULL),(22,'DE_E_156'),(23,'DE_AT_164'),(24,'DE_AT_163'),(25,'DE_AT_162'),(26,'DE_AT_161'),(27,'DE_AT_160'),(28,'DE_AT_159'),(29,'DE_AT_158'),(30,'DE_AS_966'),(31,NULL),(32,'DE_AT_444'),(33,'DE_E_51'),(34,'DE_AT_55'),(35,'DE_AT_54'),(36,'DE_AT_53'),(37,'DE_AS_962'),(38,NULL),(39,'DE_E_175'),(40,'DE_AT_178'),(41,NULL),(42,'DE_E_306'),(43,NULL),(44,'DE_E_263'),(45,'DE_AS_975'),(46,'DE_AS_949'),(47,NULL),(48,'DE_E_369'),(49,'DE_AT_371'),(50,'DE_AT_372'),(51,'DE_AT_373'),(52,'DE_AT_374'),(53,'DE_AT_375'),(54,'DE_AT_376'),(55,'DE_AT_377'),(56,NULL),(57,'DE_AT_449'),(58,'DE_E_139'),(59,'DE_AT_143'),(60,'DE_AT_142'),(61,'DE_AT_141'),(62,'DE_AS_901'),(63,NULL),(64,'DE_AT_461'),(65,'DE_E_241'),(66,'DE_AT_245'),(67,'DE_AT_244'),(68,'DE_AT_243'),(69,'DE_AS_905'),(70,NULL),(71,'DE_AT_422'),(72,'DE_E_349'),(73,'DE_AT_353'),(74,'DE_AT_352'),(75,'DE_AT_351'),(76,'DE_AS_909'),(77,NULL),(78,'DE_AT_431'),(79,'DE_E_258'),(80,'DE_AT_262'),(81,'DE_AT_261'),(82,'DE_AT_260'),(83,'DE_AS_913'),(84,NULL),(85,'DE_AT_446'),(86,'DE_E_61'),(87,'DE_AT_65'),(88,'DE_AT_64'),(89,'DE_AT_63'),(90,'DE_AS_917'),(91,'DE_AS_921'),(92,'DE_AS_897'),(93,NULL),(94,'DE_AT_423'),(95,'DE_E_344'),(96,'DE_AT_348'),(97,'DE_AT_347'),(98,'DE_AT_346'),(99,'DE_AS_880'),(100,NULL),(101,'DE_AT_451'),(102,'DE_E_151'),(103,'DE_AT_155'),(104,'DE_AT_154'),(105,'DE_AT_153'),(106,'DE_AS_752'),(107,NULL),(108,'DE_AT_442'),(109,'DE_E_37'),(110,'DE_AT_41'),(111,'DE_AT_40'),(112,'DE_AT_39'),(113,'DE_AS_748'),(114,NULL),(115,'DE_AT_436'),(116,'DE_E_87'),(117,'DE_AT_91'),(118,'DE_AT_90'),(119,'DE_AT_89'),(120,'DE_AS_744'),(121,NULL),(122,'DE_AT_433'),(123,'DE_E_111'),(124,'DE_AT_115'),(125,'DE_AT_114'),(126,'DE_AT_113'),(127,'DE_AS_740'),(128,'DE_AS_736'),(129,'DE_AT_277'),(130,'DE_AT_276'),(131,'DE_AT_275'),(132,'DE_AT_274'),(133,'DE_AT_273'),(134,'DE_AT_272'),(135,'DE_AT_271'),(136,'DE_AT_270'),(137,'DE_AT_269'),(138,'DE_AT_268'),(139,'DE_AT_267'),(140,'DE_AT_266'),(141,'DE_AT_265'),(142,'DE_AT_278'),(143,'DE_AT_279'),(144,'DE_AT_280'),(145,'DE_AT_281'),(146,'DE_AT_282'),(147,'DE_AT_283'),(148,'DE_AT_284'),(149,'DE_AS_716'),(150,'DE_AS_720'),(151,'DE_AS_724'),(152,'DE_AS_728'),(153,'DE_AS_732'),(154,'DE_AS_835'),(155,'DE_AS_831'),(156,'DE_AS_826'),(157,'DE_E_S_830'),(158,NULL),(159,'DE_AT_428'),(160,'DE_E_297'),(161,'DE_AT_302'),(162,'DE_AT_301'),(163,'DE_AT_300'),(164,'DE_AT_299'),(165,'DE_AS_822'),(166,NULL),(167,'DE_AT_452'),(168,'DE_E_165'),(169,'DE_AT_169'),(170,'DE_AT_168'),(171,'DE_AT_167'),(172,'DE_AS_818'),(173,'DE_AT_310'),(174,'DE_AT_309'),(175,'DE_AT_308'),(176,'DE_AS_813'),(177,'DE_E_T_817'),(178,NULL),(179,'DE_E_303'),(180,'DE_AT_305'),(181,NULL),(182,'DE_E_170'),(183,'DE_AT_172'),(184,NULL),(185,'DE_AT_419'),(186,'DE_E_364'),(187,'DE_AT_368'),(188,'DE_AT_367'),(189,'DE_AT_366'),(190,'DE_AS_892'),(191,'DE_E_T_896'),(192,'DE_AS_778'),(193,'DE_E_S_783'),(194,'DE_E_S_782'),(195,'DE_AS_768'),(196,'DE_E_T_772'),(197,'DE_AS_613'),(198,'DE_E_S_617'),(199,'DE_AS_608'),(200,'DE_E_T_612'),(201,NULL),(202,'DE_E_125'),(203,'DE_AT_127'),(204,'DE_AT_128'),(205,'DE_AT_129'),(206,'DE_AT_130'),(207,'DE_AT_131'),(208,'DE_AT_132'),(209,'DE_AT_133'),(210,'DE_AS_575'),(211,'DE_AS_579'),(212,NULL),(213,'DE_E_72'),(214,'DE_AS_876'),(215,NULL),(216,'DE_E_149'),(217,NULL),(218,'DE_E_106'),(219,NULL),(220,'DE_E_378'),(221,'DE_AT_382'),(222,'DE_AT_381'),(223,'DE_AT_380'),(224,'DE_AS_925'),(225,'DE_AS_571'),(226,'DE_AT_110'),(227,'DE_AT_109'),(228,'DE_AT_108'),(229,'DE_AS_599'),(230,'DE_AS_595'),(231,'DE_AS_591'),(232,NULL),(233,'DE_AT_443'),(234,'DE_E_46'),(235,'DE_AT_50'),(236,'DE_AT_49'),(237,'DE_AT_48'),(238,'DE_AS_551'),(239,NULL),(240,'DE_AT_447'),(241,'DE_E_66'),(242,'DE_AT_71'),(243,'DE_AT_70'),(244,'DE_AT_69'),(245,'DE_AT_68'),(246,'DE_AS_547'),(247,'DE_AT_76'),(248,'DE_AT_75'),(249,'DE_AT_74'),(250,'DE_AS_583'),(251,NULL),(252,'DE_AT_450'),(253,'DE_E_144'),(254,'DE_AT_148'),(255,'DE_AT_147'),(256,'DE_AT_146'),(257,'DE_AS_587'),(258,'DE_AS_764'),(259,'DE_AS_872'),(260,'DE_AS_603'),(261,'DE_E_T_607'),(262,'DE_AT_174'),(263,'DE_AT_173'),(264,'DE_AS_807'),(265,'DE_E_T_812'),(266,'DE_E_T_811'),(267,NULL),(268,'DE_E_1'),(269,'DE_AS_979'),(270,'DE_AS_945'),(271,NULL),(272,'DE_AT_417'),(273,'DE_E_390'),(274,'DE_AT_394'),(275,'DE_AT_393'),(276,'DE_AT_392'),(277,'DE_AS_937'),(278,NULL),(279,'DE_AT_421'),(280,'DE_E_354'),(281,'DE_AT_358'),(282,'DE_AT_357'),(283,'DE_AT_356'),(284,'DE_AS_884'),(285,NULL),(286,'DE_AT_424'),(287,'DE_E_339'),(288,'DE_AT_343'),(289,'DE_AT_342'),(290,'DE_AT_341'),(291,'DE_AS_868'),(292,NULL),(293,'DE_AT_426'),(294,'DE_E_329'),(295,'DE_AT_333'),(296,'DE_AT_332'),(297,'DE_AT_331'),(298,'DE_AS_860'),(299,NULL),(300,'DE_E_316'),(301,NULL),(302,'DE_AT_418'),(303,'DE_E_383'),(304,'DE_AT_387'),(305,'DE_AT_386'),(306,'DE_AT_385'),(307,'DE_AS_933'),(308,'DE_AS_855'),(309,'DE_E_S_859'),(310,'DE_AT_318'),(311,'DE_AT_319'),(312,'DE_AT_320'),(313,'DE_AT_321'),(314,'DE_AT_322'),(315,'DE_AT_323'),(316,'DE_AT_324'),(317,'DE_AT_325'),(318,'DE_AT_326'),(319,'DE_AT_327'),(320,'DE_AT_328'),(321,'DE_AS_847'),(322,NULL),(323,'DE_AT_429'),(324,'DE_E_292'),(325,'DE_AT_296'),(326,'DE_AT_295'),(327,'DE_AT_294'),(328,'DE_AS_851'),(329,'DE_AS_843'),(330,NULL),(331,'DE_E_251'),(332,'DE_AS_712'),(333,'DE_AT_257'),(334,'DE_AT_256'),(335,'DE_AT_255'),(336,'DE_AT_254'),(337,'DE_AT_253'),(338,'DE_AS_708'),(339,NULL),(340,'DE_AT_458'),(341,'DE_E_226'),(342,'DE_AT_230'),(343,'DE_AT_229'),(344,'DE_AT_228'),(345,'DE_AS_692'),(346,'DE_AS_688'),(347,NULL),(348,'DE_E_210'),(349,'DE_AS_953'),(350,NULL),(351,'DE_AT_425'),(352,'DE_E_334'),(353,'DE_AT_338'),(354,'DE_AT_337'),(355,'DE_AT_336'),(356,'DE_AS_864'),(357,NULL),(358,'DE_AT_457'),(359,'DE_E_221'),(360,'DE_AT_225'),(361,'DE_AT_224'),(362,'DE_AT_223'),(363,'DE_AS_684'),(364,'DE_AS_676'),(365,'DE_AS_672'),(366,'DE_AT_213'),(367,'DE_AT_212'),(368,'DE_AS_668'),(369,NULL),(370,'DE_AT_455'),(371,'DE_E_196'),(372,'DE_AT_200'),(373,'DE_AT_199'),(374,'DE_AT_198'),(375,'DE_AS_635'),(376,NULL),(377,'DE_AT_454'),(378,'DE_E_185'),(379,'DE_AT_189'),(380,'DE_AT_188'),(381,'DE_AT_187'),(382,'DE_AS_627'),(383,NULL),(384,'DE_AT_453'),(385,'DE_E_180'),(386,'DE_AT_184'),(387,'DE_AT_183'),(388,'DE_AT_182'),(389,'DE_AS_623'),(390,'DE_AS_483'),(391,'DE_AS_478'),(392,'DE_E_S_482'),(393,'DE_AS_473'),(394,'DE_E_S_477'),(395,'DE_AS_468'),(396,'DE_E_S_472'),(397,'DE_AS_463'),(398,'DE_E_S_467'),(399,'DE_AT_10'),(400,'DE_AT_9'),(401,'DE_AT_8'),(402,'DE_AT_7'),(403,'DE_AT_6'),(404,'DE_AT_5'),(405,'DE_AT_4'),(406,'DE_AT_3'),(407,'DE_AS_487'),(408,'DE_E_S_491'),(409,'DE_AS_492'),(410,'DE_E_S_496'),(411,'DE_AS_497'),(412,'DE_E_S_501'),(413,'DE_AS_502'),(414,'DE_E_S_506'),(415,'DE_AS_507'),(416,'DE_E_S_511'),(417,'DE_AS_512'),(418,'DE_E_S_516'),(419,'DE_AS_517'),(420,NULL),(421,'DE_AT_440'),(422,'DE_E_27'),(423,'DE_AT_31'),(424,'DE_AT_30'),(425,'DE_AT_29'),(426,'DE_AS_521'),(427,NULL),(428,'DE_AT_441'),(429,'DE_E_32'),(430,'DE_AT_36'),(431,'DE_AT_35'),(432,'DE_AT_34'),(433,'DE_AS_525'),(434,NULL),(435,'DE_E_42'),(436,NULL),(437,'DE_AT_434'),(438,'DE_E_101'),(439,'DE_AT_105'),(440,'DE_AT_104'),(441,'DE_AT_103'),(442,'DE_AS_567'),(443,NULL),(444,'DE_AT_435'),(445,'DE_E_96'),(446,'DE_AT_100'),(447,'DE_AT_99'),(448,'DE_AT_98'),(449,'DE_AS_563'),(450,NULL),(451,'DE_AT_438'),(452,'DE_E_77'),(453,'DE_AT_81'),(454,'DE_AT_80'),(455,'DE_AT_79'),(456,'DE_AS_555'),(457,'DE_AS_538'),(458,'DE_E_S_542'),(459,'DE_AS_533'),(460,'DE_E_S_537'),(461,'DE_AT_45'),(462,'DE_AT_44'),(463,'DE_AS_529'),(464,NULL),(465,'DE_AT_445'),(466,'DE_E_56'),(467,'DE_AT_60'),(468,'DE_AT_59'),(469,'DE_AT_58'),(470,'DE_AS_543'),(471,NULL),(472,'DE_AT_437'),(473,'DE_E_82'),(474,'DE_AT_86'),(475,'DE_AT_85'),(476,'DE_AT_84'),(477,'DE_AS_559'),(478,'DE_AS_801'),(479,'DE_E_T_806'),(480,'DE_E_T_805'),(481,NULL),(482,'DE_E_92'),(483,'DE_AS_760'),(484,'DE_AT_95'),(485,'DE_AT_94'),(486,'DE_AS_795'),(487,'DE_E_T_800'),(488,'DE_E_T_799'),(489,'DE_AS_789'),(490,'DE_E_T_794'),(491,'DE_E_T_793'),(492,'DE_AS_784'),(493,'DE_E_S_788'),(494,'DE_AS_773'),(495,'DE_E_T_777'),(496,NULL),(497,'DE_E_201'),(498,NULL),(499,'DE_AT_420'),(500,'DE_E_359'),(501,'DE_AT_363'),(502,'DE_AT_362'),(503,'DE_AT_361'),(504,'DE_AS_888'),(505,NULL),(506,'DE_AT_430'),(507,'DE_E_287'),(508,'DE_AT_291'),(509,'DE_AT_290'),(510,'DE_AT_289'),(511,'DE_AS_756'),(512,NULL),(513,'DE_AT_462'),(514,'DE_E_246'),(515,'DE_AT_250'),(516,'DE_AT_249'),(517,'DE_AT_248'),(518,'DE_AS_704'),(519,NULL),(520,'DE_AT_459'),(521,'DE_E_231'),(522,'DE_AT_235'),(523,'DE_AT_234'),(524,'DE_AT_233'),(525,'DE_AS_696'),(526,NULL),(527,'DE_AT_456'),(528,'DE_E_214'),(529,'DE_AT_218'),(530,'DE_AT_217'),(531,'DE_AT_216'),(532,'DE_AS_680'),(533,'DE_AT_203'),(534,'DE_AT_204'),(535,'DE_AT_205'),(536,'DE_AT_206'),(537,'DE_AT_207'),(538,'DE_AT_208'),(539,'DE_AT_209'),(540,'DE_AS_644'),(541,NULL),(542,'DE_E_190'),(543,'DE_AS_929'),(544,'DE_AS_631'),(545,'DE_AS_648'),(546,'DE_AS_652'),(547,NULL),(548,'DE_E_192'),(549,'DE_AT_195'),(550,'DE_AT_194'),(551,'DE_AS_656'),(552,NULL),(553,'DE_E_21'),(554,NULL),(555,'DE_AT_416'),(556,'DE_E_395'),(557,'DE_AT_399'),(558,'DE_AT_398'),(559,'DE_AT_397'),(560,'DE_AS_941'),(561,NULL),(562,'DE_AT_427'),(563,'DE_E_311'),(564,'DE_AT_315'),(565,'DE_AT_314'),(566,'DE_AT_313'),(567,'DE_AS_839'),(568,NULL),(569,'DE_AT_460'),(570,'DE_E_236'),(571,'DE_AT_240'),(572,'DE_AT_239'),(573,'DE_AT_238'),(574,'DE_AS_700'),(575,'DE_AT_26'),(576,'DE_AT_25'),(577,'DE_AT_24'),(578,'DE_AT_23'),(579,'DE_AS_660'),(580,NULL),(581,'DE_AT_448'),(582,'DE_E_134'),(583,'DE_AT_138'),(584,'DE_AT_137'),(585,'DE_AT_136'),(586,'DE_AS_664'),(587,'DE_AS_639'),(588,'DE_E_T_643'),(589,'DE_AS_618'),(590,'DE_E_T_622'),(591,'DE_AT_179'),(592,'DE_AT_177'),(593,'DE_AS_957'),(594,'DE_E_S_961'),(595,'DE_AT_404'),(596,NULL),(597,'DE_E_400'),(598,NULL),(599,'DE_E_388'),(600,NULL),(601,'DE_E_285'),(602,NULL),(603,'DE_E_121'),(604,'DE_AT_124'),(605,'DE_AT_123'),(606,NULL),(607,'DE_AT_432'),(608,'DE_E_116'),(609,'DE_AT_120'),(610,'DE_AT_119'),(611,'DE_AT_118'),(612,NULL),(613,'DE_AT_439'),(614,'DE_E_16'),(615,'DE_AT_20'),(616,'DE_AT_19'),(617,'DE_AT_18'),(618,NULL),(619,'DE_E_219');

/*Data for the table dyextn_date_concept_value */

insert into dyextn_date_concept_value (IDENTIFIER,VALUE) values (42,NULL),(43,NULL),(44,NULL),(47,NULL),(48,NULL),(65,NULL),(66,NULL),(67,NULL),(68,NULL),(70,NULL),(78,NULL),(100,NULL),(101,NULL),(109,NULL),(111,NULL),(118,NULL),(128,NULL),(129,NULL),(130,NULL),(131,NULL),(159,NULL),(160,NULL),(164,NULL),(165,NULL);

/*Data for the table dyextn_date_type_info */
commit;
insert into dyextn_date_type_info (IDENTIFIER,FORMAT) values (61,'MM-dd-yyyy'),(62,'MM-dd-yyyy'),(64,'MM-dd-yyyy'),(68,'MM-dd-yyyy HH:mm'),(69,'MM-dd-yyyy HH:mm'),(94,'MM-dd-yyyy HH:mm'),(95,'MM-dd-yyyy HH:mm'),(96,'MM-dd-yyyy HH:mm'),(97,'MM-dd-yyyy HH:mm'),(99,'MM-dd-yyyy HH:mm'),(113,'MM-dd-yyyy HH:mm'),(141,'MM-dd-yyyy'),(142,'MM-dd-yyyy'),(152,'MM-dd-yyyy HH:mm'),(154,'MM-dd-yyyy HH:mm'),(165,'MM-dd-yyyy'),(178,'MM-dd-yyyy HH:mm'),(179,'MM-dd-yyyy HH:mm'),(180,'MM-dd-yyyy HH:mm'),(181,'MM-dd-yyyy HH:mm'),(223,'MM-dd-yyyy'),(224,'MM-dd-yyyy'),(228,'MM-dd-yyyy HH:mm'),(229,'MM-dd-yyyy HH:mm');

/*Data for the table dyextn_datepicker */

insert into dyextn_datepicker (IDENTIFIER,DATE_VALUE_TYPE) values (60,NULL),(112,NULL),(113,NULL),(117,NULL),(118,NULL),(161,NULL),(184,NULL),(185,NULL),(186,NULL),(210,NULL),(212,NULL),(250,NULL),(251,NULL),(269,NULL),(270,NULL),(271,NULL),(272,NULL),(274,NULL),(286,NULL),(340,NULL),(353,NULL),(355,NULL),(359,NULL),(360,NULL);

/*Data for the table dyextn_double_concept_value */

/*Data for the table dyextn_double_type_info */

insert into dyextn_double_type_info (IDENTIFIER) values (23),(25),(26),(27),(58),(59),(63),(66),(72),(75),(76),(77),(93),(101),(102),(104),(105),(146),(164),(182),(198);

/*Data for the table dyextn_entity */

insert into dyextn_entity (IDENTIFIER,DATA_TABLE_STATE,ENTITY_GROUP_ID,IS_ABSTRACT,PARENT_ENTITY_ID,INHERITANCE_STRATEGY,DISCRIMINATOR_COLUMN_NAME,DISCRIMINATOR_VALUE) values (2,2,1,0,NULL,3,NULL,NULL),(6,2,1,1,NULL,3,NULL,NULL),(10,2,1,0,6,3,NULL,NULL),(14,2,1,0,NULL,3,NULL,NULL),(16,2,1,0,NULL,3,NULL,NULL),(25,2,1,0,6,3,NULL,NULL),(30,2,1,0,NULL,3,NULL,NULL),(32,2,1,0,NULL,3,NULL,NULL),(33,2,1,0,NULL,3,NULL,NULL),(36,2,1,0,NULL,3,NULL,NULL),(44,2,1,0,6,3,NULL,NULL),(49,2,1,0,6,3,NULL,NULL),(54,2,1,0,6,3,NULL,NULL),(59,2,1,0,6,3,NULL,NULL),(64,2,1,0,6,3,NULL,NULL),(71,2,1,0,6,3,NULL,NULL),(76,2,1,0,6,3,NULL,NULL),(81,2,1,0,6,3,NULL,NULL),(86,2,1,0,6,3,NULL,NULL),(91,2,1,0,6,3,NULL,NULL),(125,2,1,0,6,3,NULL,NULL),(131,2,1,0,6,3,NULL,NULL),(140,2,1,0,NULL,3,NULL,NULL),(142,2,1,0,NULL,3,NULL,NULL),(144,2,1,0,6,3,NULL,NULL),(153,2,1,0,NULL,3,NULL,NULL),(163,2,1,0,NULL,3,NULL,NULL),(165,2,1,0,NULL,3,NULL,NULL),(166,2,1,0,NULL,3,NULL,NULL),(167,2,1,0,NULL,3,NULL,NULL),(179,2,1,0,6,3,NULL,NULL),(184,2,1,0,6,3,NULL,NULL),(194,2,1,0,6,3,NULL,NULL),(205,2,1,0,NULL,3,NULL,NULL),(208,2,1,0,6,3,NULL,NULL),(213,2,1,0,6,3,NULL,NULL),(218,2,1,0,6,3,NULL,NULL),(223,2,1,0,6,3,NULL,NULL),(228,2,1,0,NULL,3,NULL,NULL),(229,2,1,0,6,3,NULL,NULL),(247,2,1,0,6,3,NULL,NULL),(253,2,1,0,NULL,3,NULL,NULL),(261,2,1,0,6,3,NULL,NULL),(267,2,1,0,NULL,3,NULL,NULL),(269,2,1,0,6,3,NULL,NULL),(274,2,1,0,6,3,NULL,NULL),(284,2,1,0,6,3,NULL,NULL),(289,2,1,0,6,3,NULL,NULL),(294,2,1,0,6,3,NULL,NULL),(319,2,1,0,6,3,NULL,NULL),(324,2,1,0,6,3,NULL,NULL),(329,2,1,0,NULL,3,NULL,NULL),(330,2,1,0,6,3,NULL,NULL),(335,2,1,0,6,3,NULL,NULL),(340,2,1,0,6,3,NULL,NULL),(350,2,1,0,6,3,NULL,NULL),(355,2,1,0,6,3,NULL,NULL),(361,2,1,0,NULL,3,NULL,NULL),(369,2,1,0,NULL,3,NULL,NULL),(370,2,1,0,6,3,NULL,NULL),(375,2,1,0,6,3,NULL,NULL),(380,2,1,0,6,3,NULL,NULL),(385,2,1,0,6,3,NULL,NULL),(390,2,1,0,6,3,NULL,NULL),(403,2,1,0,NULL,3,NULL,NULL),(408,2,1,0,NULL,3,NULL,NULL),(412,2,1,0,NULL,3,NULL,NULL),(413,2,1,0,6,3,NULL,NULL),(418,2,1,0,6,3,NULL,NULL),(423,2,1,0,6,3,NULL,NULL),(433,2,1,0,6,3,NULL,NULL),(444,2,1,0,NULL,3,NULL,NULL),(445,2,1,0,NULL,3,NULL,NULL),(446,2,1,0,NULL,3,NULL,NULL),(447,2,1,0,NULL,3,NULL,NULL),(450,2,1,0,6,3,NULL,NULL),(454,2,1,0,6,3,NULL,NULL),(458,2,1,0,NULL,3,NULL,NULL);

/*Data for the table dyextn_entity_group */

insert into dyextn_entity_group (IDENTIFIER,LONG_NAME,SHORT_NAME,VERSION,IS_SYSTEM_GENERATED) values (1,'cider','cider',NULL,0);

/*Data for the table dyextn_entity_map */

/*Data for the table dyextn_entity_map_condns */

/*Data for the table dyextn_entity_map_record */

/*Data for the table dyextn_file_extensions */

/*Data for the table dyextn_file_type_info */

/*Data for the table dyextn_file_upload */

/*Data for the table dyextn_float_concept_value */

/*Data for the table dyextn_float_type_info */

/*Data for the table dyextn_form_context */

/*Data for the table dyextn_id_generator */

insert into dyextn_id_generator (id,next_available_id) values (1,983);

/*Data for the table dyextn_integer_concept_value */

/*Data for the table dyextn_integer_type_info */

insert into dyextn_integer_type_info (IDENTIFIER) values (4),(7),(17),(28),(31),(34),(37),(40),(43),(46),(49),(52),(55),(78),(82),(90),(106),(109),(116),(121),(124),(127),(130),(133),(147),(155),(158),(161),(166),(169),(172),(183),(186),(189),(192),(195),(200),(203),(208),(211),(214),(217),(220),(232),(235),(238),(245),(253),(256);

/*Data for the table dyextn_list_box */

/*Data for the table dyextn_long_concept_value */

/*Data for the table dyextn_long_type_info */

/*Data for the table dyextn_numeric_type_info */

insert into dyextn_numeric_type_info (IDENTIFIER,MEASUREMENT_UNITS,DECIMAL_PLACES,NO_DIGITS) values (4,NULL,0,NULL),(7,NULL,0,NULL),(17,NULL,0,NULL),(23,NULL,15,NULL),(25,NULL,15,NULL),(26,NULL,15,NULL),(27,NULL,15,NULL),(28,NULL,0,NULL),(31,NULL,0,NULL),(34,NULL,0,NULL),(37,NULL,0,NULL),(40,NULL,0,NULL),(43,NULL,0,NULL),(46,NULL,0,NULL),(49,NULL,0,NULL),(52,NULL,0,NULL),(55,NULL,0,NULL),(58,NULL,15,NULL),(59,NULL,15,NULL),(63,NULL,15,NULL),(66,NULL,15,NULL),(72,NULL,15,NULL),(75,NULL,15,NULL),(76,NULL,15,NULL),(77,NULL,15,NULL),(78,NULL,0,NULL),(82,NULL,0,NULL),(90,NULL,0,NULL),(93,NULL,15,NULL),(101,NULL,15,NULL),(102,NULL,15,NULL),(104,NULL,15,NULL),(105,NULL,15,NULL),(106,NULL,0,NULL),(109,NULL,0,NULL),(116,NULL,0,NULL),(121,NULL,0,NULL),(124,NULL,0,NULL),(127,NULL,0,NULL),(130,NULL,0,NULL),(133,NULL,0,NULL),(146,NULL,15,NULL),(147,NULL,0,NULL),(155,NULL,0,NULL),(158,NULL,0,NULL),(161,NULL,0,NULL),(164,NULL,15,NULL),(166,NULL,0,NULL),(169,NULL,0,NULL),(172,NULL,0,NULL),(182,NULL,15,NULL),(183,NULL,0,NULL),(186,NULL,0,NULL),(189,NULL,0,NULL),(192,NULL,0,NULL),(195,NULL,0,NULL),(198,NULL,15,NULL),(200,NULL,0,NULL),(203,NULL,0,NULL),(208,NULL,0,NULL),(211,NULL,0,NULL),(214,NULL,0,NULL),(217,NULL,0,NULL),(220,NULL,0,NULL),(232,NULL,0,NULL),(235,NULL,0,NULL),(238,NULL,0,NULL),(245,NULL,0,NULL),(253,NULL,0,NULL),(256,NULL,0,NULL);

/*Data for the table dyextn_object_type_info */

/*Data for the table dyextn_path */

/*Data for the table dyextn_path_asso_rel */

/*Data for the table dyextn_permissible_value */
commit;
insert into dyextn_permissible_value (IDENTIFIER,DESCRIPTION,CATEGORY_ATTRIBUTE_ID,ATTRIBUTE_TYPE_INFO_ID) values (1,NULL,NULL,1),(2,NULL,NULL,2),(3,NULL,NULL,3),(4,NULL,NULL,5),(5,NULL,NULL,6),(6,NULL,NULL,8),(7,NULL,NULL,9),(8,NULL,NULL,10),(9,NULL,NULL,11),(10,NULL,NULL,12),(11,NULL,NULL,13),(12,NULL,NULL,14),(13,NULL,NULL,15),(14,NULL,NULL,16),(15,NULL,NULL,18),(16,NULL,NULL,19),(17,NULL,NULL,20),(18,NULL,NULL,21),(19,NULL,NULL,22),(20,NULL,NULL,24),(21,NULL,NULL,29),(22,NULL,NULL,30),(23,NULL,NULL,32),(24,NULL,NULL,33),(25,NULL,NULL,35),(26,NULL,NULL,36),(27,NULL,NULL,38),(28,NULL,NULL,39),(29,NULL,NULL,41),(30,NULL,NULL,42),(31,NULL,NULL,44),(32,NULL,NULL,45),(33,NULL,NULL,47),(34,NULL,NULL,48),(35,NULL,NULL,50),(36,NULL,NULL,51),(37,NULL,NULL,53),(38,NULL,NULL,54),(39,NULL,NULL,56),(40,NULL,NULL,57),(41,NULL,NULL,60),(42,NULL,NULL,61),(43,NULL,NULL,62),(44,NULL,NULL,64),(45,NULL,NULL,65),(46,NULL,NULL,67),(47,NULL,NULL,68),(48,NULL,NULL,69),(49,NULL,NULL,70),(50,NULL,NULL,71),(51,NULL,NULL,73),(52,NULL,NULL,74),(53,NULL,NULL,79),(54,NULL,NULL,80),(55,NULL,NULL,81),(56,NULL,NULL,83),(57,NULL,NULL,84),(58,NULL,NULL,85),(59,NULL,NULL,86),(60,NULL,NULL,87),(61,NULL,NULL,88),(62,NULL,NULL,89),(63,NULL,NULL,91),(64,NULL,NULL,92),(65,NULL,NULL,94),(66,NULL,NULL,95),(67,NULL,NULL,96),(68,NULL,NULL,97),(69,NULL,NULL,98),(70,NULL,NULL,99),(71,NULL,NULL,100),(72,NULL,NULL,103),(73,NULL,NULL,107),(74,NULL,NULL,108),(75,NULL,NULL,110),(76,NULL,NULL,111),(77,NULL,NULL,112),(78,NULL,NULL,113),(79,NULL,NULL,114),(80,NULL,NULL,115),(81,NULL,NULL,117),(82,NULL,NULL,118),(83,NULL,NULL,119),(84,NULL,NULL,120),(85,NULL,NULL,122),(86,NULL,NULL,123),(87,NULL,NULL,125),(88,NULL,NULL,126),(89,NULL,NULL,128),(90,NULL,NULL,129),(91,NULL,NULL,131),(92,NULL,NULL,132),(93,NULL,NULL,134),(94,NULL,NULL,135),(95,NULL,NULL,136),(96,NULL,NULL,137),(97,NULL,NULL,138),(98,NULL,NULL,139),(99,NULL,NULL,140),(100,NULL,NULL,141),(101,NULL,NULL,142),(102,NULL,NULL,143),(103,NULL,NULL,144),(104,NULL,NULL,145),(105,NULL,NULL,148),(106,NULL,NULL,149),(107,NULL,NULL,150),(108,NULL,NULL,151),(109,NULL,NULL,152),(110,NULL,NULL,153),(111,NULL,NULL,154),(112,NULL,NULL,156),(113,NULL,NULL,157),(114,NULL,NULL,159),(115,NULL,NULL,160),(116,NULL,NULL,162),(117,NULL,NULL,163),(118,NULL,NULL,165),(119,NULL,NULL,167),(120,NULL,NULL,168),(121,NULL,NULL,170),(122,NULL,NULL,171),(123,NULL,NULL,173),(124,NULL,NULL,174),(125,NULL,NULL,175),(126,NULL,NULL,176),(127,NULL,NULL,177),(128,NULL,NULL,178),(129,NULL,NULL,179),(130,NULL,NULL,180),(131,NULL,NULL,181),(132,NULL,NULL,184),(133,NULL,NULL,185),(134,NULL,NULL,187),(135,NULL,NULL,188),(136,NULL,NULL,190),(137,NULL,NULL,191),(138,NULL,NULL,193),(139,NULL,NULL,194),(140,NULL,NULL,196),(141,NULL,NULL,197),(142,NULL,NULL,199),(143,NULL,NULL,201),(144,NULL,NULL,202),(145,NULL,NULL,204),(146,NULL,NULL,205),(147,NULL,NULL,206),(148,NULL,NULL,207),(149,NULL,NULL,209),(150,NULL,NULL,210),(151,NULL,NULL,212),(152,NULL,NULL,213),(153,NULL,NULL,215),(154,NULL,NULL,216),(155,NULL,NULL,218),(156,NULL,NULL,219),(157,NULL,NULL,221),(158,NULL,NULL,222),(159,NULL,NULL,223),(160,NULL,NULL,224),(161,NULL,NULL,225),(162,NULL,NULL,226),(163,NULL,NULL,227),(164,NULL,NULL,228),(165,NULL,NULL,229),(166,NULL,NULL,230),(167,NULL,NULL,231),(168,NULL,NULL,233),(169,NULL,NULL,234),(170,NULL,NULL,236),(171,NULL,NULL,237),(172,NULL,NULL,239),(173,NULL,NULL,240),(174,NULL,NULL,241),(175,NULL,NULL,242),(176,NULL,NULL,243),(177,NULL,NULL,244),(178,NULL,NULL,246),(179,NULL,NULL,247),(180,NULL,NULL,248),(181,NULL,NULL,249),(182,NULL,NULL,250),(183,NULL,NULL,251),(184,NULL,NULL,252),(185,NULL,NULL,254),(186,NULL,NULL,255),(187,NULL,NULL,257),(188,NULL,NULL,258);

/*Data for the table dyextn_primitive_attribute */

insert into dyextn_primitive_attribute (IDENTIFIER,IS_IDENTIFIED,IS_PRIMARY_KEY,IS_NULLABLE) values (3,1,0,1),(4,1,0,1),(5,1,0,1),(7,NULL,1,0),(8,0,0,1),(9,0,0,1),(11,NULL,0,1),(12,0,0,1),(13,0,0,1),(17,1,0,1),(18,1,0,1),(19,1,0,1),(20,1,0,1),(21,1,0,1),(22,1,0,1),(23,1,0,1),(26,NULL,0,1),(27,0,0,1),(28,0,0,1),(31,1,1,0),(37,0,0,1),(38,0,0,1),(39,NULL,0,1),(40,0,0,1),(41,NULL,0,1),(42,NULL,0,1),(43,NULL,0,1),(45,NULL,0,1),(46,0,0,1),(47,0,0,1),(50,NULL,0,1),(51,0,0,1),(52,0,0,1),(55,NULL,0,1),(56,0,0,1),(57,0,0,1),(60,NULL,0,1),(61,0,0,1),(62,0,0,1),(65,NULL,0,1),(66,0,0,1),(67,0,0,1),(72,NULL,0,1),(73,0,0,1),(74,0,0,1),(77,NULL,0,1),(78,0,0,1),(79,0,0,1),(82,NULL,0,1),(83,0,0,1),(84,0,0,1),(87,NULL,0,1),(88,0,0,1),(89,0,0,1),(92,NULL,0,1),(93,0,0,1),(94,0,0,1),(97,NULL,0,1),(98,NULL,0,1),(99,0,0,1),(100,1,0,1),(101,1,0,1),(102,NULL,0,1),(103,1,0,1),(104,0,0,1),(105,NULL,0,1),(106,0,0,1),(107,0,0,1),(108,0,0,1),(109,0,0,1),(110,0,0,1),(111,NULL,0,1),(112,0,0,1),(113,0,0,1),(114,NULL,0,1),(115,NULL,0,1),(116,NULL,0,1),(126,NULL,0,1),(127,0,0,1),(128,0,0,1),(129,0,0,1),(132,NULL,0,1),(133,0,0,1),(134,0,0,1),(136,0,0,1),(137,1,0,1),(138,1,0,1),(141,1,1,0),(143,0,1,0),(145,NULL,0,1),(146,0,0,1),(147,0,0,1),(154,NULL,0,1),(155,1,0,1),(156,0,0,1),(157,0,0,1),(158,1,0,1),(159,0,0,1),(160,1,0,1),(168,0,0,1),(169,NULL,0,1),(170,NULL,0,1),(173,0,0,1),(174,NULL,0,1),(175,NULL,0,1),(180,NULL,0,1),(181,0,0,1),(182,0,0,1),(185,NULL,0,1),(186,0,0,1),(187,0,0,1),(188,0,0,1),(190,1,0,1),(191,0,0,1),(192,0,0,1),(195,NULL,0,1),(196,0,0,1),(197,0,0,1),(202,0,0,1),(203,1,0,1),(209,NULL,0,1),(210,0,0,1),(211,0,0,1),(214,NULL,0,1),(215,0,0,1),(216,0,0,1),(219,NULL,0,1),(220,0,0,1),(221,0,0,1),(224,NULL,0,1),(225,0,0,1),(226,0,0,1),(230,NULL,0,1),(231,0,0,1),(232,0,0,1),(235,0,0,1),(236,0,0,1),(237,1,0,1),(238,1,0,1),(239,1,0,1),(240,1,0,1),(241,1,0,1),(242,0,0,1),(243,1,0,1),(244,0,0,1),(245,NULL,0,1),(248,NULL,0,1),(249,0,0,1),(250,0,0,1),(255,0,0,1),(256,0,0,1),(257,1,0,1),(258,0,0,1),(259,1,0,1),(262,NULL,0,1),(263,0,0,1),(264,0,0,1),(270,NULL,0,1),(271,0,0,1),(272,0,0,1),(275,NULL,0,1),(276,0,0,1),(277,0,0,1),(281,NULL,0,1),(282,1,0,1),(285,NULL,0,1),(286,0,0,1),(287,0,0,1),(290,NULL,0,1),(291,0,0,1),(292,0,0,1),(295,NULL,0,1),(296,0,0,1),(297,0,0,1),(304,0,0,1),(305,0,0,1),(306,0,0,1),(307,1,0,1),(308,0,0,1),(309,0,0,1),(310,1,0,1),(311,NULL,0,1),(320,NULL,0,1),(321,0,0,1),(322,0,0,1),(325,NULL,0,1),(326,0,0,1),(327,0,0,1),(331,NULL,0,1),(332,0,0,1),(333,0,0,1),(336,NULL,0,1),(337,0,0,1),(338,0,0,1),(341,NULL,0,1),(342,0,0,1),(343,0,0,1),(347,NULL,0,1),(348,0,0,1),(351,NULL,0,1),(352,0,0,1),(353,0,0,1),(356,NULL,0,1),(357,0,0,1),(358,0,0,1),(363,0,0,1),(364,0,0,1),(371,NULL,0,1),(372,0,0,1),(373,0,0,1),(376,NULL,0,1),(377,0,0,1),(378,0,0,1),(381,NULL,0,1),(382,0,0,1),(383,0,0,1),(386,NULL,0,1),(387,0,0,1),(388,0,0,1),(391,NULL,0,1),(392,0,0,1),(393,0,0,1),(395,1,0,1),(396,1,0,1),(397,1,0,1),(398,1,0,1),(399,1,0,1),(400,0,0,1),(401,0,0,1),(409,0,0,1),(410,1,0,1),(414,NULL,0,1),(415,0,0,1),(416,0,0,1),(419,NULL,0,1),(420,0,0,1),(421,0,0,1),(424,NULL,0,1),(425,0,0,1),(426,0,0,1),(428,1,0,1),(429,1,0,1),(430,1,0,1),(431,1,0,1),(434,NULL,0,1),(435,0,0,1),(436,0,0,1),(440,0,0,1),(441,0,0,1),(443,0,0,1),(448,0,0,1),(449,0,0,1),(451,NULL,0,1),(452,0,0,1),(453,0,0,1),(455,NULL,0,1),(456,0,0,1),(457,0,0,1);

/*Data for the table dyextn_radiobutton */

/*Data for the table dyextn_role */

insert into dyextn_role (IDENTIFIER,ASSOCIATION_TYPE,MAX_CARDINALITY,MIN_CARDINALITY,NAME) values (1,'ASSOCIATION',100,0,NULL),(2,'CONTAINTMENT',1,1,'providerType'),(3,'ASSOCIATION',100,0,'provider'),(4,'CONTAINTMENT',1,0,'personName'),(5,'ASSOCIATION',1,1,'provider'),(6,'CONTAINTMENT',1,0,'providerType'),(7,'ASSOCIATION',1,1,'medicationOrderDetails'),(8,'CONTAINTMENT',1,0,'frequencyWithModifier'),(9,'ASSOCIATION',1,1,'medicationOrderDetails'),(10,'CONTAINTMENT',1,0,'orderingProvider'),(11,'ASSOCIATION',1,1,'medicationComponent'),(12,'CONTAINTMENT',1,0,'route'),(13,'ASSOCIATION',1,1,'medicationComponent'),(14,'CONTAINTMENT',1,0,'type'),(15,'ASSOCIATION',1,1,'medicationComponent'),(16,'CONTAINTMENT',1,1,'component'),(17,'ASSOCIATION',1,1,'medicationComponent'),(18,'CONTAINTMENT',1,0,'form'),(19,'ASSOCIATION',1,1,'medicationComponent'),(20,'CONTAINTMENT',1,0,'quantityUnits'),(21,'ASSOCIATION',1,1,'medicationComponent'),(22,'CONTAINTMENT',1,0,'units'),(23,'ASSOCIATION',1,1,'medicationOrderDetails'),(24,'CONTAINTMENT',100,0,'medicationComponentCollection'),(25,'ASSOCIATION',1,1,'medicationOrderDetails'),(26,'CONTAINTMENT',1,0,'orderStatus'),(27,'ASSOCIATION',1,1,'medicationOrderDetails'),(28,'CONTAINTMENT',1,0,'responsiblePharmacy'),(29,'ASSOCIATION',1,1,'medicationOrderDetails'),(30,'CONTAINTMENT',1,0,'frequencyModifier'),(31,'ASSOCIATION',1,1,'medicationOrderDetails'),(32,'CONTAINTMENT',1,0,'frequency'),(33,'ASSOCIATION',1,1,'medicationOrderDetails'),(34,'CONTAINTMENT',1,0,'substitutionStatus'),(35,'ASSOCIATION',1,1,'medicationOrderDetails'),(36,'CONTAINTMENT',1,0,'units'),(37,'ASSOCIATION',1,1,'medicationOrderDetails'),(38,'CONTAINTMENT',1,0,'infusionUnits'),(39,'ASSOCIATION',1,1,'medicationOrderDetails'),(40,'CONTAINTMENT',1,0,'verifiedBy'),(41,'ASSOCIATION',1,1,'medicationOrderDetails'),(42,'CONTAINTMENT',1,0,'MedicationRoute'),(43,'ASSOCIATION',1,1,'medicationOrderDetails'),(44,'CONTAINTMENT',1,0,'medicationForm'),(45,'ASSOCIATION',1,1,'medicationOrderDetails'),(46,'CONTAINTMENT',1,0,'quantityUnits'),(47,'ASSOCIATION',1,1,'medicationOrder'),(48,'CONTAINTMENT',100,1,'medicationOrderDetailsCollection'),(49,'ASSOCIATION',1,1,'medicationOrder'),(50,'CONTAINTMENT',1,1,'application'),(51,'ASSOCIATION',100,0,'medicationOrderCollection'),(52,'ASSOCIATION',1,1,'personUpi'),(53,'ASSOCIATION',1,1,'medicationOrder'),(54,'CONTAINTMENT',1,1,'facility'),(55,'ASSOCIATION',1,1,'medicationOrder'),(56,'CONTAINTMENT',1,1,'medicationCollection'),(57,'ASSOCIATION',1,1,'personUpi'),(58,'ASSOCIATION',100,0,'medicationOrderCollection'),(59,'ASSOCIATION',1,1,'laboratoryProcedure'),(60,'CONTAINTMENT',1,1,'procedure'),(61,'ASSOCIATION',100,0,NULL),(62,'ASSOCIATION',1,1,NULL),(63,'ASSOCIATION',1,1,'laboratoryProcedure'),(64,'CONTAINTMENT',1,1,'facility'),(65,'ASSOCIATION',100,0,'laboratoryProcedure'),(66,'ASSOCIATION',1,1,'personUpi'),(67,'ASSOCIATION',1,1,'laboratoryProcedure'),(68,'CONTAINTMENT',1,1,'application'),(69,'ASSOCIATION',100,0,NULL),(70,'ASSOCIATION',100,0,'procedureId'),(71,'ASSOCIATION',100,0,NULL),(72,'ASSOCIATION',100,0,'procedureStatus'),(73,'ASSOCIATION',1,1,'laboratoryResults'),(74,'CONTAINTMENT',1,0,'resultStatus'),(75,'ASSOCIATION',1,1,'result'),(76,'CONTAINTMENT',1,0,'normalRange'),(77,'CONTAINTMENT',1,1,'result'),(78,'CONTAINTMENT',1,1,'units'),(79,'ASSOCIATION',1,1,'resultValue'),(80,'CONTAINTMENT',1,1,'normalizedResult'),(81,'ASSOCIATION',1,1,'resultValue'),(82,'CONTAINTMENT',1,1,'sourceResult'),(83,'ASSOCIATION',1,1,'laboratoryResults'),(84,'CONTAINTMENT',1,0,'resultValue'),(85,'ASSOCIATION',1,1,'laboratoryResults'),(86,'CONTAINTMENT',100,0,'abnormalFlagCollection'),(87,'ASSOCIATION',1,1,'laboratoryResults'),(88,'CONTAINTMENT',1,1,'test'),(89,'ASSOCIATION',1,1,'LaboratoryProcedureDetails'),(90,'CONTAINTMENT',100,0,'laboratoryResultCollection'),(91,'ASSOCIATION',1,1,'laboratoryProcedureDetails'),(92,'CONTAINTMENT',1,0,'specimenType'),(93,'ASSOCIATION',1,1,'laboratoryProcedureDetails'),(94,'CONTAINTMENT',1,1,'performingFacility'),(95,'ASSOCIATION',1,1,'laboratoryProcedureDetails'),(96,'CONTAINTMENT',1,1,'procedureStatus'),(97,'ASSOCIATION',1,1,'laboratoryProcedure'),(98,'CONTAINTMENT',100,1,'laboratoryProcedureDetailsCollection'),(99,'ASSOCIATION',1,1,NULL),(100,'ASSOCIATION',100,0,NULL),(101,'ASSOCIATION',1,1,'encounterDetails'),(102,'CONTAINTMENT',1,0,'patientLocation'),(103,'ASSOCIATION',1,1,'encounterDetails'),(104,'CONTAINTMENT',100,0,'providerCollection'),(105,'ASSOCIATION',1,1,'encounterDetails'),(106,'CONTAINTMENT',1,0,'vipIndicator'),(107,'ASSOCIATION',1,1,'encounterDetails'),(108,'CONTAINTMENT',1,0,'diagnosticRelatedGroup'),(109,'ASSOCIATION',1,1,'encounterDetails'),(110,'CONTAINTMENT',1,0,'facilityDischargeDisposition'),(111,'ASSOCIATION',1,1,'encounterDetails'),(112,'CONTAINTMENT',1,0,'financialClass'),(113,'ASSOCIATION',1,1,'insurance'),(114,'CONTAINTMENT',1,0,'insuredRelationshipToPatient'),(115,'ASSOCIATION',100,0,NULL),(116,'CONTAINTMENT',1,1,'insuredRelationShipToPatient'),(117,'ASSOCIATION',1,1,'insurance'),(118,'CONTAINTMENT',1,0,'nameOfInsured'),(119,'ASSOCIATION',1,1,'insurance'),(120,'CONTAINTMENT',1,1,'planType'),(121,'ASSOCIATION',1,1,'encounterDetails'),(122,'CONTAINTMENT',100,0,'insuranceCollection'),(123,'ASSOCIATION',1,1,'clinicalTrial'),(124,'CONTAINTMENT',1,0,'principalInvestigator'),(125,'ASSOCIATION',1,1,'encounterDetails'),(126,'CONTAINTMENT',100,0,'clinicalTrailCollection'),(127,'ASSOCIATION',1,1,'encounterDetails'),(128,'CONTAINTMENT',1,0,'dischargeService'),(129,'ASSOCIATION',1,1,'encounterDetails'),(130,'CONTAINTMENT',1,0,'admittingService'),(131,'ASSOCIATION',1,1,'procedure'),(132,'CONTAINTMENT',1,1,'provider'),(133,'ASSOCIATION',1,1,'procedure'),(134,'CONTAINTMENT',1,1,'code'),(135,'ASSOCIATION',1,1,'procedure'),(136,'CONTAINTMENT',1,1,'type'),(137,'ASSOCIATION',1,1,NULL),(138,'CONTAINTMENT',1,1,'type'),(139,'ASSOCIATION',1,1,NULL),(140,'CONTAINTMENT',1,1,'code'),(141,'ASSOCIATION',1,1,'encounterDetails'),(142,'CONTAINTMENT',100,0,'procedureCollection'),(143,'ASSOCIATION',1,1,'encounter'),(144,'CONTAINTMENT',1,0,'caseIndicator'),(145,'ASSOCIATION',1,1,'encounterDetails'),(146,'CONTAINTMENT',1,0,'hippaNotified'),(147,'ASSOCIATION',1,1,'encounterDetails'),(148,'CONTAINTMENT',100,0,'infectionControlCodeCollection'),(149,'ASSOCIATION',100,0,NULL),(150,'CONTAINTMENT',100,0,'infectionControlCodes'),(151,'ASSOCIATION',100,0,NULL),(152,'CONTAINTMENT',1,1,'optOutIndicator'),(153,'ASSOCIATION',100,0,NULL),(154,'CONTAINTMENT',1,1,'hipaaNotified'),(155,'ASSOCIATION',100,0,NULL),(156,'CONTAINTMENT',1,1,'vipIndicator'),(157,'ASSOCIATION',100,0,NULL),(158,'CONTAINTMENT',1,1,'dischargeService'),(159,'ASSOCIATION',100,0,NULL),(160,'CONTAINTMENT',1,1,'facilityDischargeDisposition'),(161,'ASSOCIATION',100,0,NULL),(162,'CONTAINTMENT',1,1,'financialClass'),(163,'ASSOCIATION',100,0,NULL),(164,'CONTAINTMENT',1,0,'diagnosticRelatedGroup'),(165,'ASSOCIATION',100,0,NULL),(166,'CONTAINTMENT',1,1,'dischargeDisposition'),(167,'ASSOCIATION',100,0,NULL),(168,'CONTAINTMENT',1,1,'patientType'),(169,'ASSOCIATION',100,0,NULL),(170,'CONTAINTMENT',1,1,'admittingService'),(171,'ASSOCIATION',1,1,NULL),(172,'CONTAINTMENT',1,1,'patientClass'),(173,'ASSOCIATION',1,1,'encounterDetails'),(174,'CONTAINTMENT',1,0,'patientClass'),(175,'ASSOCIATION',1,1,'encounterDetails'),(176,'CONTAINTMENT',1,0,'patientType'),(177,'ASSOCIATION',1,1,'diagnosis'),(178,'CONTAINTMENT',1,0,'type'),(179,'ASSOCIATION',1,1,'diagnosis'),(180,'CONTAINTMENT',1,0,'diagnosisCodingMethod'),(181,'ASSOCIATION',1,1,'diagnosis'),(182,'CONTAINTMENT',1,0,'code'),(183,'ASSOCIATION',100,0,NULL),(184,'CONTAINTMENT',1,1,'type'),(185,'ASSOCIATION',100,0,NULL),(186,'CONTAINTMENT',1,1,'code'),(187,'ASSOCIATION',1,1,'encounterDetails'),(188,'CONTAINTMENT',100,0,'diagnosisCollection'),(189,'ASSOCIATION',1,1,'encounterDetails'),(190,'CONTAINTMENT',1,0,'optOutIndicator'),(191,'ASSOCIATION',1,1,'encounterDetails'),(192,'CONTAINTMENT',1,0,'dischargeDisposition'),(193,'ASSOCIATION',1,1,'encounter'),(194,'CONTAINTMENT',100,1,'encounterDetailsCollection'),(195,'ASSOCIATION',1,1,'medicalRecordNumber'),(196,'CONTAINTMENT',1,1,'facility'),(197,'ASSOCIATION',1,1,'encounter'),(198,'CONTAINTMENT',1,1,'medicalRecordNumber'),(199,'ASSOCIATION',1,1,'encounter'),(200,'CONTAINTMENT',1,1,'facility'),(201,'ASSOCIATION',100,0,'encounterCollection'),(202,'ASSOCIATION',1,1,'personUpi'),(203,'ASSOCIATION',1,1,'personUpi'),(204,'ASSOCIATION',100,0,'encounterCollection'),(205,'CONTAINTMENT',100,0,'demographicsCollection'),(206,'CONTAINTMENT',100,0,'ethnicOriginCollection'),(207,'CONTAINTMENT',100,0,'demographicsCollection'),(208,'CONTAINTMENT',1,0,'gender'),(209,'ASSOCIATION',100,0,'demographics'),(210,'CONTAINTMENT',1,0,'advancedDirectiveExists'),(211,'CONTAINTMENT',100,0,'demographicsCollection'),(212,'CONTAINTMENT',1,0,'religion'),(213,'CONTAINTMENT',100,0,'demographicsCollection'),(214,'CONTAINTMENT',100,0,'raceCollection'),(215,'CONTAINTMENT',1,1,'demographics'),(216,'CONTAINTMENT',1,1,'personName'),(217,'ASSOCIATION',100,0,'associatedPerson'),(218,'CONTAINTMENT',1,1,'relationToPerson'),(219,'ASSOCIATION',1,1,'associatedPerson'),(220,'ASSOCIATION',1,1,'associatedPersonUpi'),(221,'ASSOCIATION',1,1,'demographics'),(222,'CONTAINTMENT',100,0,'associatedPersonCollection'),(223,'ASSOCIATION',1,1,'demographics'),(224,'CONTAINTMENT',1,0,'nextOfKin'),(225,'ASSOCIATION',1,1,'demographics'),(226,'CONTAINTMENT',100,0,'phoneCollection'),(227,'CONTAINTMENT',1,1,'address'),(228,'CONTAINTMENT',1,0,'state'),(229,'CONTAINTMENT',1,1,'address'),(230,'CONTAINTMENT',1,0,'type'),(231,'CONTAINTMENT',1,1,'address'),(232,'CONTAINTMENT',1,0,'country'),(233,'CONTAINTMENT',1,1,'demographics'),(234,'CONTAINTMENT',100,0,'addressCollection'),(235,'CONTAINTMENT',100,0,'demographicsCollection'),(236,'CONTAINTMENT',1,0,'maritalStatus'),(237,'CONTAINTMENT',1,1,'personUpi'),(238,'CONTAINTMENT',100,1,'demographicsCollection'),(239,'ASSOCIATION',1,1,'personUpi'),(240,'ASSOCIATION',100,0,'laboratoryProcedureCollection'),(241,'ASSOCIATION',100,0,'providerCollection'),(242,'ASSOCIATION',1,0,'personUpi');

/*Data for the table dyextn_rule */

insert into dyextn_rule (IDENTIFIER,NAME,IS_IMPLICIT,ATTRIBUTE_ID,CATEGORY_ATTR_ID) values (1,'textLength',1,3,NULL),(2,'textLength',1,4,NULL),(3,'textLength',1,5,NULL),(4,'number',1,7,NULL),(5,'textLength',1,8,NULL),(6,'textLength',1,9,NULL),(7,'number',1,11,NULL),(8,'textLength',1,12,NULL),(9,'textLength',1,13,NULL),(10,'textLength',1,17,NULL),(11,'textLength',1,18,NULL),(12,'textLength',1,19,NULL),(13,'textLength',1,20,NULL),(14,'textLength',1,21,NULL),(15,'textLength',1,22,NULL),(16,'textLength',1,23,NULL),(17,'number',1,26,NULL),(18,'textLength',1,27,NULL),(19,'textLength',1,28,NULL),(20,'textLength',1,31,NULL),(21,'textLength',1,37,NULL),(22,'textLength',1,38,NULL),(23,'number',1,39,NULL),(24,'textLength',1,40,NULL),(25,'number',1,41,NULL),(26,'number',1,42,NULL),(27,'number',1,43,NULL),(28,'number',1,45,NULL),(29,'textLength',1,46,NULL),(30,'textLength',1,47,NULL),(31,'number',1,50,NULL),(32,'textLength',1,51,NULL),(33,'textLength',1,52,NULL),(34,'number',1,55,NULL),(35,'textLength',1,56,NULL),(36,'textLength',1,57,NULL),(37,'number',1,60,NULL),(38,'textLength',1,61,NULL),(39,'textLength',1,62,NULL),(40,'number',1,65,NULL),(41,'textLength',1,66,NULL),(42,'textLength',1,67,NULL),(43,'number',1,72,NULL),(44,'textLength',1,73,NULL),(45,'textLength',1,74,NULL),(46,'number',1,77,NULL),(47,'textLength',1,78,NULL),(48,'textLength',1,79,NULL),(49,'number',1,82,NULL),(50,'textLength',1,83,NULL),(51,'textLength',1,84,NULL),(52,'number',1,87,NULL),(53,'textLength',1,88,NULL),(54,'textLength',1,89,NULL),(55,'number',1,92,NULL),(56,'textLength',1,93,NULL),(57,'textLength',1,94,NULL),(58,'number',1,97,NULL),(59,'number',1,98,NULL),(60,'textLength',1,99,NULL),(61,'date',1,100,NULL),(62,'date',1,101,NULL),(63,'number',1,102,NULL),(64,'date',1,103,NULL),(65,'textLength',1,104,NULL),(66,'number',1,105,NULL),(67,'textLength',1,106,NULL),(68,'date',1,107,NULL),(69,'date',1,108,NULL),(70,'textLength',1,109,NULL),(71,'textLength',1,110,NULL),(72,'number',1,111,NULL),(73,'textLength',1,112,NULL),(74,'textLength',1,113,NULL),(75,'number',1,114,NULL),(76,'number',1,115,NULL),(77,'number',1,116,NULL),(78,'number',1,126,NULL),(79,'textLength',1,127,NULL),(80,'textLength',1,128,NULL),(81,'textLength',1,129,NULL),(82,'number',1,132,NULL),(83,'textLength',1,133,NULL),(84,'textLength',1,134,NULL),(85,'textLength',1,136,NULL),(86,'textLength',1,137,NULL),(87,'textLength',1,138,NULL),(88,'textLength',1,141,NULL),(89,'textLength',1,143,NULL),(90,'number',1,145,NULL),(91,'textLength',1,146,NULL),(92,'textLength',1,147,NULL),(93,'number',1,154,NULL),(94,'date',1,155,NULL),(95,'date',1,156,NULL),(96,'date',1,157,NULL),(97,'date',1,158,NULL),(98,'textLength',1,159,NULL),(99,'date',1,160,NULL),(100,'textLength',1,168,NULL),(101,'number',1,169,NULL),(102,'number',1,170,NULL),(103,'textLength',1,173,NULL),(104,'number',1,174,NULL),(105,'number',1,175,NULL),(106,'number',1,180,NULL),(107,'textLength',1,181,NULL),(108,'textLength',1,182,NULL),(109,'number',1,185,NULL),(110,'textLength',1,186,NULL),(111,'textLength',1,187,NULL),(112,'textLength',1,188,NULL),(113,'date',1,190,NULL),(114,'textLength',1,191,NULL),(115,'textLength',1,192,NULL),(116,'number',1,195,NULL),(117,'textLength',1,196,NULL),(118,'textLength',1,197,NULL),(119,'textLength',1,202,NULL),(120,'textLength',1,203,NULL),(121,'number',1,209,NULL),(122,'textLength',1,210,NULL),(123,'textLength',1,211,NULL),(124,'number',1,214,NULL),(125,'textLength',1,215,NULL),(126,'textLength',1,216,NULL),(127,'number',1,219,NULL),(128,'textLength',1,220,NULL),(129,'textLength',1,221,NULL),(130,'number',1,224,NULL),(131,'textLength',1,225,NULL),(132,'textLength',1,226,NULL),(133,'number',1,230,NULL),(134,'textLength',1,231,NULL),(135,'textLength',1,232,NULL),(136,'textLength',1,235,NULL),(137,'textLength',1,236,NULL),(138,'textLength',1,237,NULL),(139,'textLength',1,238,NULL),(140,'textLength',1,239,NULL),(141,'date',1,240,NULL),(142,'date',1,241,NULL),(143,'textLength',1,242,NULL),(144,'textLength',1,243,NULL),(145,'textLength',1,244,NULL),(146,'number',1,245,NULL),(147,'number',1,248,NULL),(148,'textLength',1,249,NULL),(149,'textLength',1,250,NULL),(150,'textLength',1,255,NULL),(151,'textLength',1,256,NULL),(152,'date',1,257,NULL),(153,'textLength',1,258,NULL),(154,'date',1,259,NULL),(155,'number',1,262,NULL),(156,'textLength',1,263,NULL),(157,'textLength',1,264,NULL),(158,'number',1,270,NULL),(159,'textLength',1,271,NULL),(160,'textLength',1,272,NULL),(161,'number',1,275,NULL),(162,'textLength',1,276,NULL),(163,'textLength',1,277,NULL),(164,'number',1,281,NULL),(165,'date',1,282,NULL),(166,'number',1,285,NULL),(167,'textLength',1,286,NULL),(168,'textLength',1,287,NULL),(169,'number',1,290,NULL),(170,'textLength',1,291,NULL),(171,'textLength',1,292,NULL),(172,'number',1,295,NULL),(173,'textLength',1,296,NULL),(174,'textLength',1,297,NULL),(175,'textLength',1,304,NULL),(176,'textLength',1,305,NULL),(177,'textLength',1,306,NULL),(178,'date',1,307,NULL),(179,'date',1,308,NULL),(180,'date',1,309,NULL),(181,'date',1,310,NULL),(182,'number',1,311,NULL),(183,'number',1,320,NULL),(184,'textLength',1,321,NULL),(185,'textLength',1,322,NULL),(186,'number',1,325,NULL),(187,'textLength',1,326,NULL),(188,'textLength',1,327,NULL),(189,'number',1,331,NULL),(190,'textLength',1,332,NULL),(191,'textLength',1,333,NULL),(192,'number',1,336,NULL),(193,'textLength',1,337,NULL),(194,'textLength',1,338,NULL),(195,'number',1,341,NULL),(196,'textLength',1,342,NULL),(197,'textLength',1,343,NULL),(198,'number',1,347,NULL),(199,'textLength',1,348,NULL),(200,'number',1,351,NULL),(201,'textLength',1,352,NULL),(202,'textLength',1,353,NULL),(203,'number',1,356,NULL),(204,'textLength',1,357,NULL),(205,'textLength',1,358,NULL),(206,'textLength',1,363,NULL),(207,'textLength',1,364,NULL),(208,'number',1,371,NULL),(209,'textLength',1,372,NULL),(210,'textLength',1,373,NULL),(211,'number',1,376,NULL),(212,'textLength',1,377,NULL),(213,'textLength',1,378,NULL),(214,'number',1,381,NULL),(215,'textLength',1,382,NULL),(216,'textLength',1,383,NULL),(217,'number',1,386,NULL),(218,'textLength',1,387,NULL),(219,'textLength',1,388,NULL),(220,'number',1,391,NULL),(221,'textLength',1,392,NULL),(222,'textLength',1,393,NULL),(223,'date',1,395,NULL),(224,'date',1,396,NULL),(225,'textLength',1,397,NULL),(226,'textLength',1,398,NULL),(227,'textLength',1,399,NULL),(228,'date',1,400,NULL),(229,'date',1,401,NULL),(230,'textLength',1,409,NULL),(231,'textLength',1,410,NULL),(232,'number',1,414,NULL),(233,'textLength',1,415,NULL),(234,'textLength',1,416,NULL),(235,'number',1,419,NULL),(236,'textLength',1,420,NULL),(237,'textLength',1,421,NULL),(238,'number',1,424,NULL),(239,'textLength',1,425,NULL),(240,'textLength',1,426,NULL),(241,'textLength',1,428,NULL),(242,'textLength',1,429,NULL),(243,'textLength',1,430,NULL),(244,'textLength',1,431,NULL),(245,'number',1,434,NULL),(246,'textLength',1,435,NULL),(247,'textLength',1,436,NULL),(248,'textLength',1,440,NULL),(249,'textLength',1,441,NULL),(250,'textLength',1,443,NULL),(251,'textLength',1,448,NULL),(252,'textLength',1,449,NULL),(253,'number',1,451,NULL),(254,'textLength',1,452,NULL),(255,'textLength',1,453,NULL),(256,'number',1,455,NULL),(257,'textLength',1,456,NULL),(258,'textLength',1,457,NULL);

/*Data for the table dyextn_rule_parameter */

/*Data for the table dyextn_select_control */

insert into dyextn_select_control (IDENTIFIER,SEPARATOR_STRING) values (33,NULL),(34,NULL),(39,NULL),(53,NULL),(54,NULL),(55,NULL),(56,NULL),(62,NULL),(63,NULL),(64,NULL),(65,NULL),(66,NULL),(79,NULL),(98,NULL),(99,NULL),(100,NULL),(109,NULL),(121,NULL),(122,NULL),(148,NULL),(149,NULL),(150,NULL),(151,NULL),(152,NULL),(153,NULL),(154,NULL),(155,NULL),(156,NULL),(157,NULL),(158,NULL),(159,NULL),(162,NULL),(163,NULL),(164,NULL),(165,NULL),(166,NULL),(167,NULL),(168,NULL),(169,NULL),(170,NULL),(171,NULL),(172,NULL),(173,NULL),(174,NULL),(175,NULL),(176,NULL),(177,NULL),(178,NULL),(179,NULL),(180,NULL),(188,NULL),(189,NULL),(190,NULL),(191,NULL),(192,NULL),(208,NULL),(209,NULL),(215,NULL),(221,NULL),(222,NULL),(223,NULL),(224,NULL),(225,NULL),(241,NULL),(242,NULL),(243,NULL),(244,NULL),(262,NULL),(263,NULL),(264,NULL),(265,NULL),(266,NULL),(267,NULL),(275,NULL),(276,NULL),(277,NULL),(278,NULL),(279,NULL),(280,NULL),(287,NULL),(288,NULL),(289,NULL),(290,NULL),(297,NULL),(308,NULL),(309,NULL),(310,NULL),(311,NULL),(312,NULL),(313,NULL),(326,NULL),(327,NULL),(328,NULL),(329,NULL),(330,NULL),(331,NULL),(332,NULL),(333,NULL),(334,NULL),(335,NULL),(344,NULL),(345,NULL),(346,NULL),(347,NULL),(348,NULL),(349,NULL),(350,NULL),(351,NULL),(352,NULL);

/*Data for the table dyextn_semantic_property */

/*Data for the table dyextn_short_concept_value */

/*Data for the table dyextn_short_type_info */

/*Data for the table dyextn_sql_audit */

/*Data for the table dyextn_string_concept_value */

insert into dyextn_string_concept_value (IDENTIFIER,VALUE) values (1,''),(2,''),(3,''),(4,''),(5,''),(6,''),(7,''),(8,''),(9,''),(10,''),(11,''),(12,''),(13,''),(14,''),(15,''),(16,''),(17,''),(18,''),(19,''),(20,''),(21,''),(22,''),(23,''),(24,''),(25,''),(26,''),(27,''),(28,''),(29,''),(30,''),(31,''),(32,''),(33,''),(34,''),(35,''),(36,''),(37,''),(38,''),(39,''),(40,''),(41,''),(45,''),(46,''),(49,''),(50,''),(51,''),(52,''),(53,''),(54,''),(55,''),(56,''),(57,''),(58,''),(59,''),(60,''),(61,''),(62,''),(63,''),(64,''),(69,''),(71,''),(72,''),(73,''),(74,''),(75,''),(76,''),(77,''),(79,''),(80,''),(81,''),(82,''),(83,''),(84,''),(85,''),(86,''),(87,''),(88,''),(89,''),(90,''),(91,''),(92,''),(93,''),(94,''),(95,''),(96,''),(97,''),(98,''),(99,''),(102,''),(103,''),(104,''),(105,''),(106,''),(107,''),(108,''),(110,''),(112,''),(113,''),(114,''),(115,''),(116,''),(117,''),(119,''),(120,''),(121,''),(122,''),(123,''),(124,''),(125,''),(126,''),(127,''),(132,''),(133,''),(134,''),(135,''),(136,''),(137,''),(138,''),(139,''),(140,''),(141,''),(142,''),(143,''),(144,''),(145,''),(146,''),(147,''),(148,''),(149,''),(150,''),(151,''),(152,''),(153,''),(154,''),(155,''),(156,''),(157,''),(158,''),(161,''),(162,''),(163,''),(166,''),(167,''),(168,''),(169,''),(170,''),(171,''),(172,''),(173,''),(174,''),(175,''),(176,''),(177,''),(178,''),(179,''),(180,''),(181,''),(182,''),(183,''),(184,''),(185,''),(186,''),(187,''),(188,'');

/*Data for the table dyextn_string_type_info */
commit;
insert into dyextn_string_type_info (IDENTIFIER,MAX_SIZE) values (1,10),(2,10),(3,20),(5,255),(6,255),(8,255),(9,255),(10,10),(11,10),(12,10),(13,50),(14,50),(15,30),(16,30),(18,255),(19,255),(20,24),(21,200),(22,255),(24,255),(29,255),(30,255),(32,255),(33,255),(35,255),(36,255),(38,255),(39,255),(41,255),(42,255),(44,255),(45,255),(47,255),(48,255),(50,255),(51,255),(53,255),(54,255),(56,255),(57,255),(60,255),(65,15),(67,30),(70,30),(71,200),(73,15),(74,255),(79,255),(80,255),(81,20),(83,255),(84,255),(85,130),(86,20),(87,30),(88,255),(89,30),(91,255),(92,255),(98,999),(100,100),(103,999),(107,255),(108,255),(110,255),(111,255),(112,100),(114,130),(115,999),(117,255),(118,255),(119,130),(120,20),(122,255),(123,255),(125,255),(126,255),(128,255),(129,255),(131,255),(132,255),(134,255),(135,255),(136,30),(137,200),(138,30),(139,30),(140,200),(143,30),(144,30),(145,50),(148,255),(149,255),(150,50),(151,200),(153,50),(156,255),(157,255),(159,255),(160,255),(162,255),(163,255),(167,255),(168,255),(170,255),(171,255),(173,255),(174,255),(175,255),(176,255),(177,30),(184,255),(185,255),(187,255),(188,255),(190,255),(191,255),(193,255),(194,255),(196,255),(197,255),(199,200),(201,255),(202,255),(204,255),(205,255),(206,1),(207,20),(209,255),(210,255),(212,255),(213,255),(215,255),(216,255),(218,255),(219,255),(221,255),(222,255),(225,50),(226,100),(227,11),(230,8),(231,20),(233,255),(234,255),(236,255),(237,255),(239,255),(240,255),(241,15),(242,50),(243,50),(244,50),(246,255),(247,255),(248,1),(249,1),(250,30),(251,255),(252,255),(254,255),(255,255),(257,255),(258,255);

/*Data for the table dyextn_table_properties */

insert into dyextn_table_properties (IDENTIFIER,ABSTRACT_ENTITY_ID) values (2,2),(7,6),(13,10),(18,14),(22,16),(33,25),(39,30),(42,32),(44,33),(48,36),(58,44),(65,49),(72,54),(79,59),(86,64),(95,71),(102,76),(109,81),(116,86),(123,91),(160,125),(168,131),(179,140),(182,142),(186,144),(202,153),(213,163),(216,165),(218,166),(220,167),(234,179),(241,184),(253,194),(268,205),(273,208),(280,213),(287,218),(294,223),(300,228),(303,229),(324,247),(331,253),(341,261),(348,267),(352,269),(359,274),(371,284),(378,289),(385,294),(422,319),(429,324),(435,329),(438,330),(445,335),(452,340),(466,350),(473,355),(482,361),(497,369),(500,370),(507,375),(514,380),(521,385),(528,390),(542,403),(548,408),(553,412),(556,413),(563,418),(570,423),(582,433),(597,444),(599,445),(601,446),(603,447),(608,450),(614,454),(619,458);

/*Data for the table dyextn_tagged_value */
commit;
insert into dyextn_tagged_value (IDENTIFIER,T_KEY,T_VALUE,ABSTRACT_METADATA_ID) values (1,'MetadataEntityGroup','MetadataEntityGroup',1),(2,'caB2BEntityGroup','caB2BEntityGroup',1),(3,'PackageName','edu.wustl.cider.domain',1),(4,'PrimaryKey','MedicalEntityDictionary.id',6),(5,'DEFAULT_CONDITION','In!=!FACILITY_ID',7),(6,'VI_HIDDEN','VI_HIDDEN',7),(7,'NOT_SEARCHABLE','NOT_SEARCHABLE',8),(8,'NOT_VIEWABLE','NOT_VIEWABLE',8),(9,'VI_IGNORE_PREDICATE','VI_IGNORE_PREDICATE',9),(10,'PREDEFINED_VIEW','PREDEFINED_VIEW',9),(11,'PV_FILTER','synonym like ''T_HL7_L_0007^%''',10),(12,'PV_VIEW','MED_LOOKUP_VIEW',10),(13,'DEFAULT_CONDITION','In!=!FACILITY_ID',11),(14,'Inherited','Inherited',11),(15,'Inherited','Inherited',11),(16,'Inherited','Inherited',11),(17,'Inherited','Inherited',11),(18,'Inherited','Inherited',11),(19,'Inherited','Inherited',11),(20,'Inherited','Inherited',11),(21,'Inherited','Inherited',11),(22,'Inherited','Inherited',11),(23,'Inherited','Inherited',11),(24,'Inherited','Inherited',11),(25,'Inherited','Inherited',11),(26,'Inherited','Inherited',11),(27,'Inherited','Inherited',11),(28,'Inherited','Inherited',11),(29,'Inherited','Inherited',11),(30,'Inherited','Inherited',11),(31,'Inherited','Inherited',11),(32,'Inherited','Inherited',11),(33,'Inherited','Inherited',11),(34,'Inherited','Inherited',11),(35,'Inherited','Inherited',11),(36,'Inherited','Inherited',11),(37,'Inherited','Inherited',11),(38,'Inherited','Inherited',11),(39,'Inherited','Inherited',11),(40,'Inherited','Inherited',11),(41,'Inherited','Inherited',11),(42,'Inherited','Inherited',11),(43,'Inherited','Inherited',11),(44,'Inherited','Inherited',11),(45,'Inherited','Inherited',11),(46,'Inherited','Inherited',11),(47,'Inherited','Inherited',11),(48,'Inherited','Inherited',11),(49,'Inherited','Inherited',11),(50,'Inherited','Inherited',11),(51,'Inherited','Inherited',11),(52,'Inherited','Inherited',11),(53,'Inherited','Inherited',11),(54,'Inherited','Inherited',11),(55,'Inherited','Inherited',11),(56,'Inherited','Inherited',11),(57,'Inherited','Inherited',11),(58,'Inherited','Inherited',11),(59,'Inherited','Inherited',11),(60,'Inherited','Inherited',11),(61,'Inherited','Inherited',11),(62,'VI_HIDDEN','VI_HIDDEN',11),(63,'VI_IGNORE_PREDICATE','VI_IGNORE_PREDICATE',12),(64,'Inherited','Inherited',12),(65,'Inherited','Inherited',12),(66,'Inherited','Inherited',12),(67,'Inherited','Inherited',12),(68,'Inherited','Inherited',12),(69,'Inherited','Inherited',12),(70,'Inherited','Inherited',12),(71,'Inherited','Inherited',12),(72,'Inherited','Inherited',12),(73,'Inherited','Inherited',12),(74,'Inherited','Inherited',12),(75,'Inherited','Inherited',12),(76,'Inherited','Inherited',12),(77,'Inherited','Inherited',12),(78,'Inherited','Inherited',12),(79,'Inherited','Inherited',12),(80,'Inherited','Inherited',12),(81,'Inherited','Inherited',12),(82,'Inherited','Inherited',12),(83,'Inherited','Inherited',12),(84,'Inherited','Inherited',12),(85,'Inherited','Inherited',12),(86,'Inherited','Inherited',12),(87,'Inherited','Inherited',12),(88,'Inherited','Inherited',12),(89,'Inherited','Inherited',12),(90,'Inherited','Inherited',12),(91,'Inherited','Inherited',12),(92,'Inherited','Inherited',12),(93,'Inherited','Inherited',12),(94,'Inherited','Inherited',12),(95,'Inherited','Inherited',12),(96,'Inherited','Inherited',12),(97,'Inherited','Inherited',12),(98,'Inherited','Inherited',12),(99,'Inherited','Inherited',12),(100,'Inherited','Inherited',12),(101,'Inherited','Inherited',12),(102,'Inherited','Inherited',12),(103,'Inherited','Inherited',12),(104,'Inherited','Inherited',12),(105,'Inherited','Inherited',12),(106,'Inherited','Inherited',12),(107,'Inherited','Inherited',12),(108,'Inherited','Inherited',12),(109,'Inherited','Inherited',12),(110,'Inherited','Inherited',12),(111,'Inherited','Inherited',12),(112,'PREDEFINED_VIEW','PREDEFINED_VIEW',12),(113,'NOT_SEARCHABLE','NOT_SEARCHABLE',13),(114,'Inherited','Inherited',13),(115,'Inherited','Inherited',13),(116,'Inherited','Inherited',13),(117,'Inherited','Inherited',13),(118,'Inherited','Inherited',13),(119,'Inherited','Inherited',13),(120,'Inherited','Inherited',13),(121,'Inherited','Inherited',13),(122,'Inherited','Inherited',13),(123,'Inherited','Inherited',13),(124,'Inherited','Inherited',13),(125,'Inherited','Inherited',13),(126,'Inherited','Inherited',13),(127,'Inherited','Inherited',13),(128,'Inherited','Inherited',13),(129,'Inherited','Inherited',13),(130,'Inherited','Inherited',13),(131,'Inherited','Inherited',13),(132,'Inherited','Inherited',13),(133,'Inherited','Inherited',13),(134,'Inherited','Inherited',13),(135,'Inherited','Inherited',13),(136,'Inherited','Inherited',13),(137,'Inherited','Inherited',13),(138,'Inherited','Inherited',13),(139,'Inherited','Inherited',13),(140,'Inherited','Inherited',13),(141,'Inherited','Inherited',13),(142,'Inherited','Inherited',13),(143,'Inherited','Inherited',13),(144,'Inherited','Inherited',13),(145,'Inherited','Inherited',13),(146,'Inherited','Inherited',13),(147,'Inherited','Inherited',13),(148,'Inherited','Inherited',13),(149,'Inherited','Inherited',13),(150,'Inherited','Inherited',13),(151,'Inherited','Inherited',13),(152,'Inherited','Inherited',13),(153,'Inherited','Inherited',13),(154,'Inherited','Inherited',13),(155,'Inherited','Inherited',13),(156,'Inherited','Inherited',13),(157,'Inherited','Inherited',13),(158,'Inherited','Inherited',13),(159,'Inherited','Inherited',13),(160,'Inherited','Inherited',13),(161,'Inherited','Inherited',13),(162,'NOT_VIEWABLE','NOT_VIEWABLE',13),(163,'PREDEFINED_VIEW','PREDEFINED_VIEW',16),(164,'resultview','resultview',16),(165,'resultview','1',21),(166,'PREDEFINED_VIEW','PREDEFINED_VIEW',21),(167,'PREDEFINED_VIEW','PREDEFINED_VIEW',23),(168,'resultview','2',23),(169,'PV_FILTER','synonym like ''T_HL7_U_0443^%''',25),(170,'PV_VIEW','MED_LOOKUP_VIEW',25),(171,'DEFAULT_CONDITION','In!=!FACILITY_ID',26),(172,'VI_HIDDEN','VI_HIDDEN',26),(173,'Inherited','Inherited',26),(174,'Inherited','Inherited',26),(175,'Inherited','Inherited',26),(176,'Inherited','Inherited',26),(177,'Inherited','Inherited',26),(178,'Inherited','Inherited',26),(179,'VI_IGNORE_PREDICATE','VI_IGNORE_PREDICATE',27),(180,'PREDEFINED_VIEW','PREDEFINED_VIEW',27),(181,'Inherited','Inherited',27),(182,'Inherited','Inherited',27),(183,'Inherited','Inherited',27),(184,'Inherited','Inherited',27),(185,'Inherited','Inherited',27),(186,'Inherited','Inherited',27),(187,'NOT_SEARCHABLE','NOT_SEARCHABLE',28),(188,'NOT_VIEWABLE','NOT_VIEWABLE',28),(189,'Inherited','Inherited',28),(190,'Inherited','Inherited',28),(191,'Inherited','Inherited',28),(192,'Inherited','Inherited',28),(193,'Inherited','Inherited',28),(194,'Inherited','Inherited',28),(195,'BASE_MAIN_ENTITY','BASE_MAIN_ENTITY',30),(196,'DEFAULT_CONDITION','DEFAULT_CONDITION',30),(197,'MAIN_ENTITY','MAIN_ENTITY',30),(198,'PREDEFINED_VIEW','PREDEFINED_VIEW',30),(199,'PREDEFINED_VIEW','PREDEFINED_VIEW',30),(200,'PrimaryKey','Person.personUpi',30),(201,'resultview','%s, %s (%s)',30),(202,'PREDEFINED_VIEW','PREDEFINED_VIEW',31),(203,'resultview','0',31),(204,'PARAMETERIZED','PARAMETERIZED',31),(205,'MAIN_ENTITY','MAIN_ENTITY',32),(206,'DEFAULT_CONDITION','DEFAULT_CONDITION',33),(207,'PREDEFINED_VIEW','PREDEFINED_VIEW',33),(208,'VERSION','VERSION',33),(209,'PV_FILTER','synonym like ''T_HL7_U_0086^%''',44),(210,'PV_VIEW','MED_LOOKUP_VIEW',44),(211,'DEFAULT_CONDITION','In!=!FACILITY_ID',45),(212,'VI_HIDDEN','VI_HIDDEN',45),(213,'Inherited','Inherited',45),(214,'Inherited','Inherited',45),(215,'Inherited','Inherited',45),(216,'Inherited','Inherited',45),(217,'Inherited','Inherited',45),(218,'Inherited','Inherited',45),(219,'Inherited','Inherited',45),(220,'Inherited','Inherited',45),(221,'Inherited','Inherited',45),(222,'Inherited','Inherited',45),(223,'Inherited','Inherited',45),(224,'Inherited','Inherited',45),(225,'Inherited','Inherited',45),(226,'Inherited','Inherited',45),(227,'Inherited','Inherited',45),(228,'Inherited','Inherited',45),(229,'Inherited','Inherited',45),(230,'Inherited','Inherited',45),(231,'VI_IGNORE_PREDICATE','VI_IGNORE_PREDICATE',46),(232,'PREDEFINED_VIEW','PREDEFINED_VIEW',46),(233,'Inherited','Inherited',46),(234,'Inherited','Inherited',46),(235,'Inherited','Inherited',46),(236,'Inherited','Inherited',46),(237,'Inherited','Inherited',46),(238,'Inherited','Inherited',46),(239,'Inherited','Inherited',46),(240,'Inherited','Inherited',46),(241,'Inherited','Inherited',46),(242,'Inherited','Inherited',46),(243,'Inherited','Inherited',46),(244,'Inherited','Inherited',46),(245,'Inherited','Inherited',46),(246,'Inherited','Inherited',46),(247,'Inherited','Inherited',46),(248,'Inherited','Inherited',46),(249,'Inherited','Inherited',46),(250,'Inherited','Inherited',46),(251,'NOT_SEARCHABLE','NOT_SEARCHABLE',47),(252,'NOT_VIEWABLE','NOT_VIEWABLE',47),(253,'Inherited','Inherited',47),(254,'Inherited','Inherited',47),(255,'Inherited','Inherited',47),(256,'Inherited','Inherited',47),(257,'Inherited','Inherited',47),(258,'Inherited','Inherited',47),(259,'Inherited','Inherited',47),(260,'Inherited','Inherited',47),(261,'Inherited','Inherited',47),(262,'Inherited','Inherited',47),(263,'Inherited','Inherited',47),(264,'Inherited','Inherited',47),(265,'Inherited','Inherited',47),(266,'Inherited','Inherited',47),(267,'Inherited','Inherited',47),(268,'Inherited','Inherited',47),(269,'Inherited','Inherited',47),(270,'Inherited','Inherited',47),(271,'PV_FILTER','synonym like ''T_HL7_S_0166^%''',49),(272,'PV_VIEW','MED_LOOKUP_VIEW',49),(273,'DEFAULT_CONDITION','In!=!FACILITY_ID',50),(274,'VI_HIDDEN','VI_HIDDEN',50),(275,'Inherited','Inherited',50),(276,'Inherited','Inherited',50),(277,'Inherited','Inherited',50),(278,'Inherited','Inherited',50),(279,'Inherited','Inherited',50),(280,'Inherited','Inherited',50),(281,'Inherited','Inherited',50),(282,'Inherited','Inherited',50),(283,'Inherited','Inherited',50),(284,'Inherited','Inherited',50),(285,'Inherited','Inherited',50),(286,'Inherited','Inherited',50),(287,'Inherited','Inherited',50),(288,'Inherited','Inherited',50),(289,'Inherited','Inherited',50),(290,'Inherited','Inherited',50),(291,'Inherited','Inherited',50),(292,'Inherited','Inherited',50),(293,'Inherited','Inherited',50),(294,'Inherited','Inherited',50),(295,'Inherited','Inherited',50),(296,'Inherited','Inherited',50),(297,'Inherited','Inherited',50),(298,'Inherited','Inherited',50),(299,'Inherited','Inherited',50),(300,'Inherited','Inherited',50),(301,'Inherited','Inherited',50),(302,'Inherited','Inherited',50),(303,'Inherited','Inherited',50),(304,'Inherited','Inherited',50),(305,'VI_IGNORE_PREDICATE','VI_IGNORE_PREDICATE',51),(306,'PREDEFINED_VIEW','PREDEFINED_VIEW',51),(307,'Inherited','Inherited',51),(308,'Inherited','Inherited',51),(309,'Inherited','Inherited',51),(310,'Inherited','Inherited',51),(311,'Inherited','Inherited',51),(312,'Inherited','Inherited',51),(313,'Inherited','Inherited',51),(314,'Inherited','Inherited',51),(315,'Inherited','Inherited',51),(316,'Inherited','Inherited',51),(317,'Inherited','Inherited',51),(318,'Inherited','Inherited',51),(319,'Inherited','Inherited',51),(320,'Inherited','Inherited',51),(321,'Inherited','Inherited',51),(322,'Inherited','Inherited',51),(323,'Inherited','Inherited',51),(324,'Inherited','Inherited',51),(325,'Inherited','Inherited',51),(326,'Inherited','Inherited',51),(327,'Inherited','Inherited',51),(328,'Inherited','Inherited',51),(329,'Inherited','Inherited',51),(330,'Inherited','Inherited',51),(331,'Inherited','Inherited',51),(332,'Inherited','Inherited',51),(333,'Inherited','Inherited',51),(334,'Inherited','Inherited',51),(335,'Inherited','Inherited',51),(336,'Inherited','Inherited',51),(337,'NOT_SEARCHABLE','NOT_SEARCHABLE',52),(338,'NOT_VIEWABLE','NOT_VIEWABLE',52),(339,'Inherited','Inherited',52),(340,'Inherited','Inherited',52),(341,'Inherited','Inherited',52),(342,'Inherited','Inherited',52),(343,'Inherited','Inherited',52),(344,'Inherited','Inherited',52),(345,'Inherited','Inherited',52),(346,'Inherited','Inherited',52),(347,'Inherited','Inherited',52),(348,'Inherited','Inherited',52),(349,'Inherited','Inherited',52),(350,'Inherited','Inherited',52),(351,'Inherited','Inherited',52),(352,'Inherited','Inherited',52),(353,'Inherited','Inherited',52),(354,'Inherited','Inherited',52),(355,'Inherited','Inherited',52),(356,'Inherited','Inherited',52),(357,'Inherited','Inherited',52),(358,'Inherited','Inherited',52),(359,'Inherited','Inherited',52),(360,'Inherited','Inherited',52),(361,'Inherited','Inherited',52),(362,'Inherited','Inherited',52),(363,'Inherited','Inherited',52),(364,'Inherited','Inherited',52),(365,'Inherited','Inherited',52),(366,'Inherited','Inherited',52),(367,'Inherited','Inherited',52),(368,'Inherited','Inherited',52),(369,'PV_VIEW','MEDICATIONS_VIEW',54),(370,'DEFAULT_CONDITION','In!=!FACILITY_ID',55),(371,'VI_HIDDEN','VI_HIDDEN',55),(372,'Inherited','Inherited',55),(373,'Inherited','Inherited',55),(374,'Inherited','Inherited',55),(375,'Inherited','Inherited',55),(376,'Inherited','Inherited',55),(377,'Inherited','Inherited',55),(378,'Inherited','Inherited',55),(379,'Inherited','Inherited',55),(380,'Inherited','Inherited',55),(381,'Inherited','Inherited',55),(382,'Inherited','Inherited',55),(383,'Inherited','Inherited',55),(384,'Inherited','Inherited',55),(385,'Inherited','Inherited',55),(386,'Inherited','Inherited',55),(387,'Inherited','Inherited',55),(388,'Inherited','Inherited',55),(389,'Inherited','Inherited',55),(390,'Inherited','Inherited',55),(391,'Inherited','Inherited',55),(392,'Inherited','Inherited',55),(393,'Inherited','Inherited',55),(394,'Inherited','Inherited',55),(395,'Inherited','Inherited',55),(396,'Inherited','Inherited',55),(397,'Inherited','Inherited',55),(398,'Inherited','Inherited',55),(399,'Inherited','Inherited',55),(400,'Inherited','Inherited',55),(401,'Inherited','Inherited',55),(402,'Inherited','Inherited',55),(403,'Inherited','Inherited',55),(404,'Inherited','Inherited',55),(405,'Inherited','Inherited',55),(406,'Inherited','Inherited',55),(407,'Inherited','Inherited',55),(408,'Inherited','Inherited',55),(409,'Inherited','Inherited',55),(410,'Inherited','Inherited',55),(411,'Inherited','Inherited',55),(412,'Inherited','Inherited',55),(413,'VI_IGNORE_PREDICATE','VI_IGNORE_PREDICATE',56),(414,'PREDEFINED_VIEW','PREDEFINED_VIEW',56),(415,'Inherited','Inherited',56),(416,'Inherited','Inherited',56),(417,'Inherited','Inherited',56),(418,'Inherited','Inherited',56),(419,'Inherited','Inherited',56),(420,'Inherited','Inherited',56),(421,'Inherited','Inherited',56),(422,'Inherited','Inherited',56),(423,'Inherited','Inherited',56),(424,'Inherited','Inherited',56),(425,'Inherited','Inherited',56),(426,'Inherited','Inherited',56),(427,'Inherited','Inherited',56),(428,'Inherited','Inherited',56),(429,'Inherited','Inherited',56),(430,'Inherited','Inherited',56),(431,'Inherited','Inherited',56),(432,'Inherited','Inherited',56),(433,'Inherited','Inherited',56),(434,'Inherited','Inherited',56),(435,'Inherited','Inherited',56),(436,'Inherited','Inherited',56),(437,'Inherited','Inherited',56),(438,'Inherited','Inherited',56),(439,'Inherited','Inherited',56),(440,'Inherited','Inherited',56),(441,'Inherited','Inherited',56),(442,'Inherited','Inherited',56),(443,'Inherited','Inherited',56),(444,'Inherited','Inherited',56),(445,'Inherited','Inherited',56),(446,'Inherited','Inherited',56),(447,'Inherited','Inherited',56),(448,'Inherited','Inherited',56),(449,'Inherited','Inherited',56),(450,'Inherited','Inherited',56),(451,'Inherited','Inherited',56),(452,'Inherited','Inherited',56),(453,'Inherited','Inherited',56),(454,'Inherited','Inherited',56),(455,'Inherited','Inherited',56),(456,'NOT_SEARCHABLE','NOT_SEARCHABLE',57),(457,'NOT_VIEWABLE','NOT_VIEWABLE',57),(458,'Inherited','Inherited',57),(459,'Inherited','Inherited',57),(460,'Inherited','Inherited',57),(461,'Inherited','Inherited',57),(462,'Inherited','Inherited',57),(463,'Inherited','Inherited',57),(464,'Inherited','Inherited',57),(465,'Inherited','Inherited',57),(466,'Inherited','Inherited',57),(467,'Inherited','Inherited',57),(468,'Inherited','Inherited',57),(469,'Inherited','Inherited',57),(470,'Inherited','Inherited',57),(471,'Inherited','Inherited',57),(472,'Inherited','Inherited',57),(473,'Inherited','Inherited',57),(474,'Inherited','Inherited',57),(475,'Inherited','Inherited',57),(476,'Inherited','Inherited',57),(477,'Inherited','Inherited',57),(478,'Inherited','Inherited',57),(479,'Inherited','Inherited',57),(480,'Inherited','Inherited',57),(481,'Inherited','Inherited',57),(482,'Inherited','Inherited',57),(483,'Inherited','Inherited',57),(484,'Inherited','Inherited',57),(485,'Inherited','Inherited',57),(486,'Inherited','Inherited',57),(487,'Inherited','Inherited',57),(488,'Inherited','Inherited',57),(489,'Inherited','Inherited',57),(490,'Inherited','Inherited',57),(491,'Inherited','Inherited',57),(492,'Inherited','Inherited',57),(493,'Inherited','Inherited',57),(494,'Inherited','Inherited',57),(495,'Inherited','Inherited',57),(496,'Inherited','Inherited',57),(497,'Inherited','Inherited',57),(498,'Inherited','Inherited',57),(499,'PV_FILTER','CONCEPT_NAME like ''DOSAGE_FORM->^%''',59),(500,'PV_VIEW','MED_LOOKUP_VIEW',59),(501,'DEFAULT_CONDITION','In!=!FACILITY_ID',60),(502,'VI_HIDDEN','VI_HIDDEN',60),(503,'Inherited','Inherited',60),(504,'Inherited','Inherited',60),(505,'Inherited','Inherited',60),(506,'Inherited','Inherited',60),(507,'Inherited','Inherited',60),(508,'Inherited','Inherited',60),(509,'Inherited','Inherited',60),(510,'Inherited','Inherited',60),(511,'Inherited','Inherited',60),(512,'Inherited','Inherited',60),(513,'Inherited','Inherited',60),(514,'Inherited','Inherited',60),(515,'Inherited','Inherited',60),(516,'Inherited','Inherited',60),(517,'Inherited','Inherited',60),(518,'Inherited','Inherited',60),(519,'Inherited','Inherited',60),(520,'Inherited','Inherited',60),(521,'Inherited','Inherited',60),(522,'Inherited','Inherited',60),(523,'Inherited','Inherited',60),(524,'Inherited','Inherited',60),(525,'Inherited','Inherited',60),(526,'Inherited','Inherited',60),(527,'Inherited','Inherited',60),(528,'Inherited','Inherited',60),(529,'Inherited','Inherited',60),(530,'Inherited','Inherited',60),(531,'Inherited','Inherited',60),(532,'Inherited','Inherited',60),(533,'Inherited','Inherited',60),(534,'Inherited','Inherited',60),(535,'VI_IGNORE_PREDICATE','VI_IGNORE_PREDICATE',61),(536,'PREDEFINED_VIEW','PREDEFINED_VIEW',61),(537,'Inherited','Inherited',61),(538,'Inherited','Inherited',61),(539,'Inherited','Inherited',61),(540,'Inherited','Inherited',61),(541,'Inherited','Inherited',61),(542,'Inherited','Inherited',61),(543,'Inherited','Inherited',61),(544,'Inherited','Inherited',61),(545,'Inherited','Inherited',61),(546,'Inherited','Inherited',61),(547,'Inherited','Inherited',61),(548,'Inherited','Inherited',61),(549,'Inherited','Inherited',61),(550,'Inherited','Inherited',61),(551,'Inherited','Inherited',61),(552,'Inherited','Inherited',61),(553,'Inherited','Inherited',61),(554,'Inherited','Inherited',61),(555,'Inherited','Inherited',61),(556,'Inherited','Inherited',61),(557,'Inherited','Inherited',61),(558,'Inherited','Inherited',61),(559,'Inherited','Inherited',61),(560,'Inherited','Inherited',61),(561,'Inherited','Inherited',61),(562,'Inherited','Inherited',61),(563,'Inherited','Inherited',61),(564,'Inherited','Inherited',61),(565,'Inherited','Inherited',61),(566,'Inherited','Inherited',61),(567,'Inherited','Inherited',61),(568,'Inherited','Inherited',61),(569,'NOT_SEARCHABLE','NOT_SEARCHABLE',62),(570,'NOT_VIEWABLE','NOT_VIEWABLE',62),(571,'Inherited','Inherited',62),(572,'Inherited','Inherited',62),(573,'Inherited','Inherited',62),(574,'Inherited','Inherited',62),(575,'Inherited','Inherited',62),(576,'Inherited','Inherited',62),(577,'Inherited','Inherited',62),(578,'Inherited','Inherited',62),(579,'Inherited','Inherited',62),(580,'Inherited','Inherited',62),(581,'Inherited','Inherited',62),(582,'Inherited','Inherited',62),(583,'Inherited','Inherited',62),(584,'Inherited','Inherited',62),(585,'Inherited','Inherited',62),(586,'Inherited','Inherited',62),(587,'Inherited','Inherited',62),(588,'Inherited','Inherited',62),(589,'Inherited','Inherited',62),(590,'Inherited','Inherited',62),(591,'Inherited','Inherited',62),(592,'Inherited','Inherited',62),(593,'Inherited','Inherited',62),(594,'Inherited','Inherited',62),(595,'Inherited','Inherited',62),(596,'Inherited','Inherited',62),(597,'Inherited','Inherited',62),(598,'Inherited','Inherited',62),(599,'Inherited','Inherited',62),(600,'Inherited','Inherited',62),(601,'Inherited','Inherited',62),(602,'Inherited','Inherited',62),(603,'PV_FILTER','CONCEPT_NAME like ''UNIT->^%''',64),(604,'PV_VIEW','MED_LOOKUP_VIEW',64),(605,'DEFAULT_CONDITION','In!=!FACILITY_ID',65),(606,'VI_HIDDEN','VI_HIDDEN',65),(607,'Inherited','Inherited',65),(608,'Inherited','Inherited',65),(609,'Inherited','Inherited',65),(610,'Inherited','Inherited',65),(611,'Inherited','Inherited',65),(612,'Inherited','Inherited',65),(613,'Inherited','Inherited',65),(614,'Inherited','Inherited',65),(615,'VI_IGNORE_PREDICATE','VI_IGNORE_PREDICATE',66),(616,'PREDEFINED_VIEW','PREDEFINED_VIEW',66),(617,'Inherited','Inherited',66),(618,'Inherited','Inherited',66),(619,'Inherited','Inherited',66),(620,'Inherited','Inherited',66),(621,'Inherited','Inherited',66),(622,'Inherited','Inherited',66),(623,'Inherited','Inherited',66),(624,'Inherited','Inherited',66),(625,'NOT_SEARCHABLE','NOT_SEARCHABLE',67),(626,'NOT_VIEWABLE','NOT_VIEWABLE',67),(627,'Inherited','Inherited',67),(628,'Inherited','Inherited',67),(629,'Inherited','Inherited',67),(630,'Inherited','Inherited',67),(631,'Inherited','Inherited',67),(632,'Inherited','Inherited',67),(633,'Inherited','Inherited',67),(634,'Inherited','Inherited',67),(635,'PV_FILTER','synonym like ''T_HL7_S_0123^%''',71),(636,'PV_VIEW','MED_LOOKUP_VIEW',71),(637,'DEFAULT_CONDITION','In!=!FACILITY_ID',72),(638,'VI_HIDDEN','VI_HIDDEN',72),(639,'Inherited','Inherited',72),(640,'Inherited','Inherited',72),(641,'Inherited','Inherited',72),(642,'Inherited','Inherited',72),(643,'Inherited','Inherited',72),(644,'Inherited','Inherited',72),(645,'Inherited','Inherited',72),(646,'Inherited','Inherited',72),(647,'Inherited','Inherited',72),(648,'Inherited','Inherited',72),(649,'Inherited','Inherited',72),(650,'Inherited','Inherited',72),(651,'Inherited','Inherited',72),(652,'Inherited','Inherited',72),(653,'Inherited','Inherited',72),(654,'Inherited','Inherited',72),(655,'Inherited','Inherited',72),(656,'Inherited','Inherited',72),(657,'Inherited','Inherited',72),(658,'Inherited','Inherited',72),(659,'Inherited','Inherited',72),(660,'Inherited','Inherited',72),(661,'Inherited','Inherited',72),(662,'Inherited','Inherited',72),(663,'Inherited','Inherited',72),(664,'Inherited','Inherited',72),(665,'Inherited','Inherited',72),(666,'Inherited','Inherited',72),(667,'Inherited','Inherited',72),(668,'Inherited','Inherited',72),(669,'Inherited','Inherited',72),(670,'Inherited','Inherited',72),(671,'Inherited','Inherited',72),(672,'Inherited','Inherited',72),(673,'Inherited','Inherited',72),(674,'Inherited','Inherited',72),(675,'Inherited','Inherited',72),(676,'Inherited','Inherited',72),(677,'Inherited','Inherited',72),(678,'Inherited','Inherited',72),(679,'VI_IGNORE_PREDICATE','VI_IGNORE_PREDICATE',73),(680,'PREDEFINED_VIEW','PREDEFINED_VIEW',73),(681,'Inherited','Inherited',73),(682,'Inherited','Inherited',73),(683,'Inherited','Inherited',73),(684,'Inherited','Inherited',73),(685,'Inherited','Inherited',73),(686,'Inherited','Inherited',73),(687,'Inherited','Inherited',73),(688,'Inherited','Inherited',73),(689,'Inherited','Inherited',73),(690,'Inherited','Inherited',73),(691,'Inherited','Inherited',73),(692,'Inherited','Inherited',73),(693,'Inherited','Inherited',73),(694,'Inherited','Inherited',73),(695,'Inherited','Inherited',73),(696,'Inherited','Inherited',73),(697,'Inherited','Inherited',73),(698,'Inherited','Inherited',73),(699,'Inherited','Inherited',73),(700,'Inherited','Inherited',73),(701,'Inherited','Inherited',73),(702,'Inherited','Inherited',73),(703,'Inherited','Inherited',73),(704,'Inherited','Inherited',73),(705,'Inherited','Inherited',73),(706,'Inherited','Inherited',73),(707,'Inherited','Inherited',73),(708,'Inherited','Inherited',73),(709,'Inherited','Inherited',73),(710,'Inherited','Inherited',73),(711,'Inherited','Inherited',73),(712,'Inherited','Inherited',73),(713,'Inherited','Inherited',73),(714,'Inherited','Inherited',73),(715,'Inherited','Inherited',73),(716,'Inherited','Inherited',73),(717,'Inherited','Inherited',73),(718,'Inherited','Inherited',73),(719,'Inherited','Inherited',73),(720,'Inherited','Inherited',73),(721,'NOT_SEARCHABLE','NOT_SEARCHABLE',74),(722,'NOT_VIEWABLE','NOT_VIEWABLE',74),(723,'Inherited','Inherited',74),(724,'Inherited','Inherited',74),(725,'Inherited','Inherited',74),(726,'Inherited','Inherited',74),(727,'Inherited','Inherited',74),(728,'Inherited','Inherited',74),(729,'Inherited','Inherited',74),(730,'Inherited','Inherited',74),(731,'Inherited','Inherited',74),(732,'Inherited','Inherited',74),(733,'Inherited','Inherited',74),(734,'Inherited','Inherited',74),(735,'Inherited','Inherited',74),(736,'Inherited','Inherited',74),(737,'Inherited','Inherited',74),(738,'Inherited','Inherited',74),(739,'Inherited','Inherited',74),(740,'Inherited','Inherited',74),(741,'Inherited','Inherited',74),(742,'Inherited','Inherited',74),(743,'Inherited','Inherited',74),(744,'Inherited','Inherited',74),(745,'Inherited','Inherited',74),(746,'Inherited','Inherited',74),(747,'Inherited','Inherited',74),(748,'Inherited','Inherited',74),(749,'Inherited','Inherited',74),(750,'Inherited','Inherited',74),(751,'Inherited','Inherited',74),(752,'Inherited','Inherited',74),(753,'Inherited','Inherited',74),(754,'Inherited','Inherited',74),(755,'Inherited','Inherited',74),(756,'Inherited','Inherited',74),(757,'Inherited','Inherited',74),(758,'Inherited','Inherited',74),(759,'Inherited','Inherited',74),(760,'Inherited','Inherited',74),(761,'Inherited','Inherited',74),(762,'Inherited','Inherited',74),(763,'NOT_SEARCHABLE','NOT_SEARCHABLE',76),(764,'PV_FILTER','synonym like ''T_HL7_I_0003^%''',76),(765,'PV_VIEW','MED_LOOKUP_VIEW',76),(766,'DEFAULT_CONDITION','In!=!FACILITY_ID',77),(767,'VI_HIDDEN','VI_HIDDEN',77),(768,'Inherited','Inherited',77),(769,'Inherited','Inherited',77),(770,'Inherited','Inherited',77),(771,'Inherited','Inherited',77),(772,'Inherited','Inherited',77),(773,'Inherited','Inherited',77),(774,'Inherited','Inherited',77),(775,'Inherited','Inherited',77),(776,'Inherited','Inherited',77),(777,'Inherited','Inherited',77),(778,'Inherited','Inherited',77),(779,'Inherited','Inherited',77),(780,'Inherited','Inherited',77),(781,'Inherited','Inherited',77),(782,'Inherited','Inherited',77),(783,'Inherited','Inherited',77),(784,'Inherited','Inherited',77),(785,'Inherited','Inherited',77),(786,'Inherited','Inherited',77),(787,'Inherited','Inherited',77),(788,'VI_IGNORE_PREDICATE','VI_IGNORE_PREDICATE',78),(789,'PREDEFINED_VIEW','PREDEFINED_VIEW',78),(790,'Inherited','Inherited',78),(791,'Inherited','Inherited',78),(792,'Inherited','Inherited',78),(793,'Inherited','Inherited',78),(794,'Inherited','Inherited',78),(795,'Inherited','Inherited',78),(796,'Inherited','Inherited',78),(797,'Inherited','Inherited',78),(798,'Inherited','Inherited',78),(799,'Inherited','Inherited',78),(800,'Inherited','Inherited',78),(801,'Inherited','Inherited',78),(802,'Inherited','Inherited',78),(803,'Inherited','Inherited',78),(804,'Inherited','Inherited',78),(805,'Inherited','Inherited',78),(806,'Inherited','Inherited',78),(807,'Inherited','Inherited',78),(808,'Inherited','Inherited',78),(809,'Inherited','Inherited',78),(810,'NOT_SEARCHABLE','NOT_SEARCHABLE',79),(811,'NOT_VIEWABLE','NOT_VIEWABLE',79),(812,'Inherited','Inherited',79),(813,'Inherited','Inherited',79),(814,'Inherited','Inherited',79),(815,'Inherited','Inherited',79),(816,'Inherited','Inherited',79),(817,'Inherited','Inherited',79),(818,'Inherited','Inherited',79),(819,'Inherited','Inherited',79),(820,'Inherited','Inherited',79),(821,'Inherited','Inherited',79),(822,'Inherited','Inherited',79),(823,'Inherited','Inherited',79),(824,'Inherited','Inherited',79),(825,'Inherited','Inherited',79),(826,'Inherited','Inherited',79),(827,'Inherited','Inherited',79),(828,'Inherited','Inherited',79),(829,'Inherited','Inherited',79),(830,'Inherited','Inherited',79),(831,'Inherited','Inherited',79),(832,'PV_FILTER','CONCEPT_NAME like ''PHARMACY_FREQUENCY_MODIFIER->^%''',81),(833,'PV_VIEW','MED_LOOKUP_VIEW',81),(834,'DEFAULT_CONDITION','In!=!FACILITY_ID',82),(835,'VI_HIDDEN','VI_HIDDEN',82),(836,'Inherited','Inherited',82),(837,'Inherited','Inherited',82),(838,'Inherited','Inherited',82),(839,'Inherited','Inherited',82),(840,'VI_IGNORE_PREDICATE','VI_IGNORE_PREDICATE',83),(841,'PREDEFINED_VIEW','PREDEFINED_VIEW',83),(842,'Inherited','Inherited',83),(843,'Inherited','Inherited',83),(844,'Inherited','Inherited',83),(845,'Inherited','Inherited',83),(846,'NOT_SEARCHABLE','NOT_SEARCHABLE',84),(847,'NOT_VIEWABLE','NOT_VIEWABLE',84),(848,'Inherited','Inherited',84),(849,'Inherited','Inherited',84),(850,'Inherited','Inherited',84),(851,'Inherited','Inherited',84),(852,'PV_FILTER','CONCEPT_NAME like ''PHARMACY_FREQUENCY->^%''',86),(853,'PV_VIEW','MED_LOOKUP_VIEW',86),(854,'DEFAULT_CONDITION','In!=!FACILITY_ID',87),(855,'Inherited','Inherited',87),(856,'Inherited','Inherited',87),(857,'Inherited','Inherited',87),(858,'Inherited','Inherited',87),(859,'Inherited','Inherited',87),(860,'Inherited','Inherited',87),(861,'Inherited','Inherited',87),(862,'Inherited','Inherited',87),(863,'Inherited','Inherited',87),(864,'Inherited','Inherited',87),(865,'Inherited','Inherited',87),(866,'Inherited','Inherited',87),(867,'VI_HIDDEN','VI_HIDDEN',87),(868,'VI_IGNORE_PREDICATE','VI_IGNORE_PREDICATE',88),(869,'Inherited','Inherited',88),(870,'Inherited','Inherited',88),(871,'Inherited','Inherited',88),(872,'Inherited','Inherited',88),(873,'Inherited','Inherited',88),(874,'Inherited','Inherited',88),(875,'Inherited','Inherited',88),(876,'Inherited','Inherited',88),(877,'Inherited','Inherited',88),(878,'Inherited','Inherited',88),(879,'Inherited','Inherited',88),(880,'Inherited','Inherited',88),(881,'PREDEFINED_VIEW','PREDEFINED_VIEW',88),(882,'NOT_SEARCHABLE','NOT_SEARCHABLE',89),(883,'Inherited','Inherited',89),(884,'Inherited','Inherited',89),(885,'Inherited','Inherited',89),(886,'Inherited','Inherited',89),(887,'Inherited','Inherited',89),(888,'Inherited','Inherited',89),(889,'Inherited','Inherited',89),(890,'Inherited','Inherited',89),(891,'Inherited','Inherited',89),(892,'Inherited','Inherited',89),(893,'Inherited','Inherited',89),(894,'Inherited','Inherited',89),(895,'NOT_VIEWABLE','NOT_VIEWABLE',89),(896,'PV_FILTER','synonym like ''T_HL7_U_0167^%''',91),(897,'PV_VIEW','MED_LOOKUP_VIEW',91),(898,'DEFAULT_CONDITION','In!=!FACILITY_ID',92),(899,'VI_HIDDEN','VI_HIDDEN',92),(900,'Inherited','Inherited',92),(901,'Inherited','Inherited',92),(902,'Inherited','Inherited',92),(903,'Inherited','Inherited',92),(904,'Inherited','Inherited',92),(905,'Inherited','Inherited',92),(906,'Inherited','Inherited',92),(907,'Inherited','Inherited',92),(908,'Inherited','Inherited',92),(909,'Inherited','Inherited',92),(910,'Inherited','Inherited',92),(911,'Inherited','Inherited',92),(912,'Inherited','Inherited',92),(913,'Inherited','Inherited',92),(914,'Inherited','Inherited',92),(915,'VI_IGNORE_PREDICATE','VI_IGNORE_PREDICATE',93),(916,'PREDEFINED_VIEW','PREDEFINED_VIEW',93),(917,'Inherited','Inherited',93),(918,'Inherited','Inherited',93),(919,'Inherited','Inherited',93),(920,'Inherited','Inherited',93),(921,'Inherited','Inherited',93),(922,'Inherited','Inherited',93),(923,'Inherited','Inherited',93),(924,'Inherited','Inherited',93),(925,'Inherited','Inherited',93),(926,'Inherited','Inherited',93),(927,'Inherited','Inherited',93),(928,'Inherited','Inherited',93),(929,'Inherited','Inherited',93),(930,'Inherited','Inherited',93),(931,'Inherited','Inherited',93),(932,'NOT_SEARCHABLE','NOT_SEARCHABLE',94),(933,'NOT_VIEWABLE','NOT_VIEWABLE',94),(934,'Inherited','Inherited',94),(935,'Inherited','Inherited',94),(936,'Inherited','Inherited',94),(937,'Inherited','Inherited',94),(938,'Inherited','Inherited',94),(939,'Inherited','Inherited',94),(940,'Inherited','Inherited',94),(941,'Inherited','Inherited',94),(942,'Inherited','Inherited',94),(943,'Inherited','Inherited',94),(944,'Inherited','Inherited',94),(945,'Inherited','Inherited',94),(946,'Inherited','Inherited',94),(947,'Inherited','Inherited',94),(948,'Inherited','Inherited',94),(949,'PREDEFINED_VIEW','PREDEFINED_VIEW',99),(950,'PREDEFINED_VIEW','PREDEFINED_VIEW',100),(951,'PREDEFINED_VIEW','PREDEFINED_VIEW',101),(952,'NOT_SEARCHABLE','NOT_SEARCHABLE',107),(953,'NOT_VIEWABLE','NOT_VIEWABLE',107),(954,'DEFAULT_CONDITION','Less than or Equal to!=!CURRENT_DATE',107),(955,'NOT_SEARCHABLE','NOT_SEARCHABLE',108),(956,'NOT_VIEWABLE','NOT_VIEWABLE',108),(957,'DEFAULT_CONDITION','Greater than or Equal to!=!CURRENT_DATE',108),(958,'PREDEFINED_VIEW','PREDEFINED_VIEW',109),(959,'PREDEFINED_VIEW','PREDEFINED_VIEW',111),(960,'DEFAULT_CONDITION','DEFAULT_CONDITION',125),(961,'PREDEFINED_VIEW','PREDEFINED_VIEW',125),(962,'PV_FILTER','synonym like ''T_HL7_I_0002^%''',125),(963,'PV_VIEW','MED_LOOKUP_VIEW',125),(964,'DEFAULT_CONDITION','In!=!FACILITY_ID',126),(965,'VI_HIDDEN','VI_HIDDEN',126),(966,'Inherited','Inherited',126),(967,'Inherited','Inherited',126),(968,'Inherited','Inherited',126),(969,'Inherited','Inherited',126),(970,'Inherited','Inherited',126),(971,'Inherited','Inherited',126),(972,'Inherited','Inherited',126),(973,'Inherited','Inherited',126),(974,'Inherited','Inherited',126),(975,'Inherited','Inherited',126),(976,'Inherited','Inherited',126),(977,'Inherited','Inherited',126),(978,'Inherited','Inherited',126),(979,'Inherited','Inherited',126),(980,'Inherited','Inherited',126),(981,'Inherited','Inherited',126),(982,'Inherited','Inherited',126),(983,'Inherited','Inherited',126),(984,'Inherited','Inherited',126),(985,'Inherited','Inherited',126),(986,'Inherited','Inherited',126),(987,'Inherited','Inherited',126),(988,'Inherited','Inherited',126),(989,'Inherited','Inherited',126),(990,'Inherited','Inherited',126),(991,'Inherited','Inherited',126),(992,'Inherited','Inherited',126),(993,'Inherited','Inherited',126),(994,'Inherited','Inherited',126),(995,'Inherited','Inherited',126),(996,'Inherited','Inherited',126),(997,'Inherited','Inherited',126),(998,'Inherited','Inherited',126),(999,'Inherited','Inherited',126),(1000,'Inherited','Inherited',126),(1001,'VI_IGNORE_PREDICATE','VI_IGNORE_PREDICATE',127),(1002,'PREDEFINED_VIEW','PREDEFINED_VIEW',127),(1003,'Inherited','Inherited',127),(1004,'Inherited','Inherited',127),(1005,'Inherited','Inherited',127),(1006,'Inherited','Inherited',127),(1007,'Inherited','Inherited',127),(1008,'Inherited','Inherited',127),(1009,'Inherited','Inherited',127),(1010,'Inherited','Inherited',127),(1011,'Inherited','Inherited',127),(1012,'Inherited','Inherited',127),(1013,'Inherited','Inherited',127),(1014,'Inherited','Inherited',127),(1015,'Inherited','Inherited',127),(1016,'Inherited','Inherited',127),(1017,'Inherited','Inherited',127),(1018,'Inherited','Inherited',127),(1019,'Inherited','Inherited',127),(1020,'Inherited','Inherited',127),(1021,'Inherited','Inherited',127),(1022,'Inherited','Inherited',127),(1023,'Inherited','Inherited',127),(1024,'Inherited','Inherited',127),(1025,'Inherited','Inherited',127),(1026,'Inherited','Inherited',127),(1027,'Inherited','Inherited',127),(1028,'Inherited','Inherited',127),(1029,'Inherited','Inherited',127),(1030,'Inherited','Inherited',127),(1031,'Inherited','Inherited',127),(1032,'Inherited','Inherited',127),(1033,'Inherited','Inherited',127),(1034,'Inherited','Inherited',127),(1035,'Inherited','Inherited',127),(1036,'Inherited','Inherited',127),(1037,'Inherited','Inherited',127),(1038,'NOT_SEARCHABLE','NOT_SEARCHABLE',128),(1039,'NOT_VIEWABLE','NOT_VIEWABLE',128),(1040,'Inherited','Inherited',128),(1041,'Inherited','Inherited',128),(1042,'Inherited','Inherited',128),(1043,'Inherited','Inherited',128),(1044,'Inherited','Inherited',128),(1045,'Inherited','Inherited',128),(1046,'Inherited','Inherited',128),(1047,'Inherited','Inherited',128),(1048,'Inherited','Inherited',128),(1049,'Inherited','Inherited',128),(1050,'Inherited','Inherited',128),(1051,'Inherited','Inherited',128),(1052,'Inherited','Inherited',128),(1053,'Inherited','Inherited',128),(1054,'Inherited','Inherited',128),(1055,'Inherited','Inherited',128),(1056,'Inherited','Inherited',128),(1057,'Inherited','Inherited',128),(1058,'Inherited','Inherited',128),(1059,'Inherited','Inherited',128),(1060,'Inherited','Inherited',128),(1061,'Inherited','Inherited',128),(1062,'Inherited','Inherited',128),(1063,'Inherited','Inherited',128),(1064,'Inherited','Inherited',128),(1065,'Inherited','Inherited',128),(1066,'Inherited','Inherited',128),(1067,'Inherited','Inherited',128),(1068,'Inherited','Inherited',128),(1069,'Inherited','Inherited',128),(1070,'Inherited','Inherited',128),(1071,'Inherited','Inherited',128),(1072,'Inherited','Inherited',128),(1073,'Inherited','Inherited',128),(1074,'Inherited','Inherited',128),(1075,'PREDEFINED_VIEW','PREDEFINED_VIEW',131),(1076,'PV_VIEW','MEDICATIONS_VIEW',131),(1077,'DEFAULT_CONDITION','In!=!FACILITY_ID',132),(1078,'VI_HIDDEN','VI_HIDDEN',132),(1079,'Inherited','Inherited',132),(1080,'Inherited','Inherited',132),(1081,'Inherited','Inherited',132),(1082,'Inherited','Inherited',132),(1083,'Inherited','Inherited',132),(1084,'Inherited','Inherited',132),(1085,'Inherited','Inherited',132),(1086,'Inherited','Inherited',132),(1087,'Inherited','Inherited',132),(1088,'Inherited','Inherited',132),(1089,'Inherited','Inherited',132),(1090,'Inherited','Inherited',132),(1091,'Inherited','Inherited',132),(1092,'Inherited','Inherited',132),(1093,'Inherited','Inherited',132),(1094,'Inherited','Inherited',132),(1095,'Inherited','Inherited',132),(1096,'Inherited','Inherited',132),(1097,'Inherited','Inherited',132),(1098,'Inherited','Inherited',132),(1099,'Inherited','Inherited',132),(1100,'VI_IGNORE_PREDICATE','VI_IGNORE_PREDICATE',133),(1101,'PREDEFINED_VIEW','PREDEFINED_VIEW',133),(1102,'Inherited','Inherited',133),(1103,'Inherited','Inherited',133),(1104,'Inherited','Inherited',133),(1105,'Inherited','Inherited',133),(1106,'Inherited','Inherited',133),(1107,'Inherited','Inherited',133),(1108,'Inherited','Inherited',133),(1109,'Inherited','Inherited',133),(1110,'Inherited','Inherited',133),(1111,'Inherited','Inherited',133),(1112,'Inherited','Inherited',133),(1113,'Inherited','Inherited',133),(1114,'Inherited','Inherited',133),(1115,'Inherited','Inherited',133),(1116,'Inherited','Inherited',133),(1117,'Inherited','Inherited',133),(1118,'Inherited','Inherited',133),(1119,'Inherited','Inherited',133),(1120,'Inherited','Inherited',133),(1121,'Inherited','Inherited',133),(1122,'Inherited','Inherited',133),(1123,'NOT_SEARCHABLE','NOT_SEARCHABLE',134),(1124,'NOT_VIEWABLE','NOT_VIEWABLE',134),(1125,'Inherited','Inherited',134),(1126,'Inherited','Inherited',134),(1127,'Inherited','Inherited',134),(1128,'Inherited','Inherited',134),(1129,'Inherited','Inherited',134),(1130,'Inherited','Inherited',134),(1131,'Inherited','Inherited',134),(1132,'Inherited','Inherited',134),(1133,'Inherited','Inherited',134),(1134,'Inherited','Inherited',134),(1135,'Inherited','Inherited',134),(1136,'Inherited','Inherited',134),(1137,'Inherited','Inherited',134),(1138,'Inherited','Inherited',134),(1139,'Inherited','Inherited',134),(1140,'Inherited','Inherited',134),(1141,'Inherited','Inherited',134),(1142,'Inherited','Inherited',134),(1143,'Inherited','Inherited',134),(1144,'Inherited','Inherited',134),(1145,'Inherited','Inherited',134),(1146,'NOT_VIEWABLE','NOT_VIEWABLE',136),(1147,'NOT_SEARCHABLE','NOT_SEARCHABLE',136),(1148,'MAIN_ENTITY','MAIN_ENTITY',140),(1149,'PrimaryKey','Encounter.patientAccountNumber,Facility.id',140),(1150,'MAIN_ENTITY','MAIN_ENTITY',142),(1151,'PrimaryKey','LaboratoryProcedure.accessionNumber',142),(1152,'PV_VIEW','LAB_TESTS_VIEW',144),(1153,'DEFAULT_CONDITION','In!=!FACILITY_ID',145),(1154,'VI_HIDDEN','VI_HIDDEN',145),(1155,'Inherited','Inherited',145),(1156,'Inherited','Inherited',145),(1157,'Inherited','Inherited',145),(1158,'Inherited','Inherited',145),(1159,'Inherited','Inherited',145),(1160,'Inherited','Inherited',145),(1161,'Inherited','Inherited',145),(1162,'Inherited','Inherited',145),(1163,'Inherited','Inherited',145),(1164,'Inherited','Inherited',145),(1165,'Inherited','Inherited',145),(1166,'Inherited','Inherited',145),(1167,'Inherited','Inherited',145),(1168,'Inherited','Inherited',145),(1169,'Inherited','Inherited',145),(1170,'Inherited','Inherited',145),(1171,'Inherited','Inherited',145),(1172,'Inherited','Inherited',145),(1173,'Inherited','Inherited',145),(1174,'Inherited','Inherited',145),(1175,'Inherited','Inherited',145),(1176,'Inherited','Inherited',145),(1177,'Inherited','Inherited',145),(1178,'Inherited','Inherited',145),(1179,'Inherited','Inherited',145),(1180,'Inherited','Inherited',145),(1181,'Inherited','Inherited',145),(1182,'Inherited','Inherited',145),(1183,'Inherited','Inherited',145),(1184,'Inherited','Inherited',145),(1185,'Inherited','Inherited',145),(1186,'Inherited','Inherited',145),(1187,'Inherited','Inherited',145),(1188,'Inherited','Inherited',145),(1189,'Inherited','Inherited',145),(1190,'Inherited','Inherited',145),(1191,'Inherited','Inherited',145),(1192,'Inherited','Inherited',145),(1193,'Inherited','Inherited',145),(1194,'Inherited','Inherited',145),(1195,'Inherited','Inherited',145),(1196,'Inherited','Inherited',145),(1197,'Inherited','Inherited',145),(1198,'Inherited','Inherited',145),(1199,'VI_IGNORE_PREDICATE','VI_IGNORE_PREDICATE',146),(1200,'PREDEFINED_VIEW','PREDEFINED_VIEW',146),(1201,'Inherited','Inherited',146),(1202,'Inherited','Inherited',146),(1203,'Inherited','Inherited',146),(1204,'Inherited','Inherited',146),(1205,'Inherited','Inherited',146),(1206,'Inherited','Inherited',146),(1207,'Inherited','Inherited',146),(1208,'Inherited','Inherited',146),(1209,'Inherited','Inherited',146),(1210,'Inherited','Inherited',146),(1211,'Inherited','Inherited',146),(1212,'Inherited','Inherited',146),(1213,'Inherited','Inherited',146),(1214,'Inherited','Inherited',146),(1215,'Inherited','Inherited',146),(1216,'Inherited','Inherited',146),(1217,'Inherited','Inherited',146),(1218,'Inherited','Inherited',146),(1219,'Inherited','Inherited',146),(1220,'Inherited','Inherited',146),(1221,'Inherited','Inherited',146),(1222,'Inherited','Inherited',146),(1223,'Inherited','Inherited',146),(1224,'Inherited','Inherited',146),(1225,'Inherited','Inherited',146),(1226,'Inherited','Inherited',146),(1227,'Inherited','Inherited',146),(1228,'Inherited','Inherited',146),(1229,'Inherited','Inherited',146),(1230,'Inherited','Inherited',146),(1231,'Inherited','Inherited',146),(1232,'Inherited','Inherited',146),(1233,'Inherited','Inherited',146),(1234,'Inherited','Inherited',146),(1235,'Inherited','Inherited',146),(1236,'Inherited','Inherited',146),(1237,'Inherited','Inherited',146),(1238,'Inherited','Inherited',146),(1239,'Inherited','Inherited',146),(1240,'Inherited','Inherited',146),(1241,'Inherited','Inherited',146),(1242,'Inherited','Inherited',146),(1243,'Inherited','Inherited',146),(1244,'Inherited','Inherited',146),(1245,'NOT_SEARCHABLE','NOT_SEARCHABLE',147),(1246,'NOT_VIEWABLE','NOT_VIEWABLE',147),(1247,'Inherited','Inherited',147),(1248,'Inherited','Inherited',147),(1249,'Inherited','Inherited',147),(1250,'Inherited','Inherited',147),(1251,'Inherited','Inherited',147),(1252,'Inherited','Inherited',147),(1253,'Inherited','Inherited',147),(1254,'Inherited','Inherited',147),(1255,'Inherited','Inherited',147),(1256,'Inherited','Inherited',147),(1257,'Inherited','Inherited',147),(1258,'Inherited','Inherited',147),(1259,'Inherited','Inherited',147),(1260,'Inherited','Inherited',147),(1261,'Inherited','Inherited',147),(1262,'Inherited','Inherited',147),(1263,'Inherited','Inherited',147),(1264,'Inherited','Inherited',147),(1265,'Inherited','Inherited',147),(1266,'Inherited','Inherited',147),(1267,'Inherited','Inherited',147),(1268,'Inherited','Inherited',147),(1269,'Inherited','Inherited',147),(1270,'Inherited','Inherited',147),(1271,'Inherited','Inherited',147),(1272,'Inherited','Inherited',147),(1273,'Inherited','Inherited',147),(1274,'Inherited','Inherited',147),(1275,'Inherited','Inherited',147),(1276,'Inherited','Inherited',147),(1277,'Inherited','Inherited',147),(1278,'Inherited','Inherited',147),(1279,'Inherited','Inherited',147),(1280,'Inherited','Inherited',147),(1281,'Inherited','Inherited',147),(1282,'Inherited','Inherited',147),(1283,'Inherited','Inherited',147),(1284,'Inherited','Inherited',147),(1285,'Inherited','Inherited',147),(1286,'Inherited','Inherited',147),(1287,'Inherited','Inherited',147),(1288,'Inherited','Inherited',147),(1289,'Inherited','Inherited',147),(1290,'Inherited','Inherited',147),(1291,'DEFAULT_CONDITION','DEFAULT_CONDITION',153),(1292,'PREDEFINED_VIEW','PREDEFINED_VIEW',153),(1293,'VERSION','VERSION',153),(1294,'PREDEFINED_VIEW','PREDEFINED_VIEW',154),(1295,'PREDEFINED_VIEW','PREDEFINED_VIEW',155),(1296,'NOT_SEARCHABLE','NOT_SEARCHABLE',156),(1297,'NOT_VIEWABLE','NOT_VIEWABLE',156),(1298,'DEFAULT_CONDITION','Greater than or Equal to!=!CURRENT_DATE',156),(1299,'NOT_VIEWABLE','NOT_VIEWABLE',157),(1300,'DEFAULT_CONDITION','Less than or Equal to!=!CURRENT_DATE',157),(1301,'NOT_SEARCHABLE','NOT_SEARCHABLE',157),(1302,'PREDEFINED_VIEW','PREDEFINED_VIEW',166),(1303,'PREDEFINED_VIEW','PREDEFINED_VIEW',173),(1304,'PREDEFINED_VIEW','PREDEFINED_VIEW',179),(1305,'PV_FILTER','synonym like ''T_HL7_S_0078^%''',179),(1306,'PV_VIEW','MED_LOOKUP_VIEW',179),(1307,'DEFAULT_CONDITION','In!=!FACILITY_ID',180),(1308,'VI_HIDDEN','VI_HIDDEN',180),(1309,'Inherited','Inherited',180),(1310,'Inherited','Inherited',180),(1311,'Inherited','Inherited',180),(1312,'Inherited','Inherited',180),(1313,'Inherited','Inherited',180),(1314,'VI_IGNORE_PREDICATE','VI_IGNORE_PREDICATE',181),(1315,'PREDEFINED_VIEW','PREDEFINED_VIEW',181),(1316,'Inherited','Inherited',181),(1317,'Inherited','Inherited',181),(1318,'Inherited','Inherited',181),(1319,'Inherited','Inherited',181),(1320,'Inherited','Inherited',181),(1321,'NOT_SEARCHABLE','NOT_SEARCHABLE',182),(1322,'NOT_VIEWABLE','NOT_VIEWABLE',182),(1323,'Inherited','Inherited',182),(1324,'Inherited','Inherited',182),(1325,'Inherited','Inherited',182),(1326,'Inherited','Inherited',182),(1327,'Inherited','Inherited',182),(1328,'PREDEFINED_VIEW','PREDEFINED_VIEW',184),(1329,'PV_VIEW','LAB_TESTS_VIEW',184),(1330,'DEFAULT_CONDITION','In!=!FACILITY_ID',185),(1331,'VI_HIDDEN','VI_HIDDEN',185),(1332,'Inherited','Inherited',185),(1333,'Inherited','Inherited',185),(1334,'Inherited','Inherited',185),(1335,'Inherited','Inherited',185),(1336,'Inherited','Inherited',185),(1337,'Inherited','Inherited',185),(1338,'Inherited','Inherited',185),(1339,'Inherited','Inherited',185),(1340,'Inherited','Inherited',185),(1341,'VI_IGNORE_PREDICATE','VI_IGNORE_PREDICATE',186),(1342,'PREDEFINED_VIEW','PREDEFINED_VIEW',186),(1343,'Inherited','Inherited',186),(1344,'Inherited','Inherited',186),(1345,'Inherited','Inherited',186),(1346,'Inherited','Inherited',186),(1347,'Inherited','Inherited',186),(1348,'Inherited','Inherited',186),(1349,'Inherited','Inherited',186),(1350,'Inherited','Inherited',186),(1351,'Inherited','Inherited',186),(1352,'NOT_SEARCHABLE','NOT_SEARCHABLE',187),(1353,'NOT_VIEWABLE','NOT_VIEWABLE',187),(1354,'Inherited','Inherited',187),(1355,'Inherited','Inherited',187),(1356,'Inherited','Inherited',187),(1357,'Inherited','Inherited',187),(1358,'Inherited','Inherited',187),(1359,'Inherited','Inherited',187),(1360,'Inherited','Inherited',187),(1361,'Inherited','Inherited',187),(1362,'Inherited','Inherited',187),(1363,'NOT_SEARCHABLE','NOT_SEARCHABLE',191),(1364,'NOT_VIEWABLE','NOT_VIEWABLE',191),(1365,'PREDEFINED_VIEW','PREDEFINED_VIEW',194),(1366,'PV_FILTER','synonym like ''99805^%''  or synonym like ''99812^%''',194),(1367,'PV_VIEW','MED_LOOKUP_VIEW',194),(1368,'DEFAULT_CONDITION','In!=!FACILITY_ID',195),(1369,'VI_HIDDEN','VI_HIDDEN',195),(1370,'Inherited','Inherited',195),(1371,'Inherited','Inherited',195),(1372,'Inherited','Inherited',195),(1373,'Inherited','Inherited',195),(1374,'Inherited','Inherited',195),(1375,'Inherited','Inherited',195),(1376,'Inherited','Inherited',195),(1377,'Inherited','Inherited',195),(1378,'Inherited','Inherited',195),(1379,'Inherited','Inherited',195),(1380,'Inherited','Inherited',195),(1381,'Inherited','Inherited',195),(1382,'Inherited','Inherited',195),(1383,'Inherited','Inherited',195),(1384,'Inherited','Inherited',195),(1385,'Inherited','Inherited',195),(1386,'Inherited','Inherited',195),(1387,'Inherited','Inherited',195),(1388,'Inherited','Inherited',195),(1389,'VI_IGNORE_PREDICATE','VI_IGNORE_PREDICATE',196),(1390,'PREDEFINED_VIEW','PREDEFINED_VIEW',196),(1391,'Inherited','Inherited',196),(1392,'Inherited','Inherited',196),(1393,'Inherited','Inherited',196),(1394,'Inherited','Inherited',196),(1395,'Inherited','Inherited',196),(1396,'Inherited','Inherited',196),(1397,'Inherited','Inherited',196),(1398,'Inherited','Inherited',196),(1399,'Inherited','Inherited',196),(1400,'Inherited','Inherited',196),(1401,'Inherited','Inherited',196),(1402,'Inherited','Inherited',196),(1403,'Inherited','Inherited',196),(1404,'Inherited','Inherited',196),(1405,'Inherited','Inherited',196),(1406,'Inherited','Inherited',196),(1407,'Inherited','Inherited',196),(1408,'Inherited','Inherited',196),(1409,'Inherited','Inherited',196),(1410,'NOT_SEARCHABLE','NOT_SEARCHABLE',197),(1411,'NOT_VIEWABLE','NOT_VIEWABLE',197),(1412,'Inherited','Inherited',197),(1413,'Inherited','Inherited',197),(1414,'Inherited','Inherited',197),(1415,'Inherited','Inherited',197),(1416,'Inherited','Inherited',197),(1417,'Inherited','Inherited',197),(1418,'Inherited','Inherited',197),(1419,'Inherited','Inherited',197),(1420,'Inherited','Inherited',197),(1421,'Inherited','Inherited',197),(1422,'Inherited','Inherited',197),(1423,'Inherited','Inherited',197),(1424,'Inherited','Inherited',197),(1425,'Inherited','Inherited',197),(1426,'Inherited','Inherited',197),(1427,'Inherited','Inherited',197),(1428,'Inherited','Inherited',197),(1429,'Inherited','Inherited',197),(1430,'Inherited','Inherited',197),(1431,'NOT_VIEWABLE','NOT_VIEWABLE',202),(1432,'NOT_SEARCHABLE','NOT_SEARCHABLE',202),(1433,'DEFAULT_CONDITION','DEFAULT_CONDITION',205),(1434,'PREDEFINED_VIEW','PREDEFINED_VIEW',205),(1435,'VERSION','VERSION',205),(1436,'PV_FILTER','synonym like ''T_HL7_U_0099^%''',208),(1437,'PV_VIEW','MED_LOOKUP_VIEW',208),(1438,'DEFAULT_CONDITION','In!=!FACILITY_ID',209),(1439,'VI_HIDDEN','VI_HIDDEN',209),(1440,'Inherited','Inherited',209),(1441,'Inherited','Inherited',209),(1442,'Inherited','Inherited',209),(1443,'Inherited','Inherited',209),(1444,'Inherited','Inherited',209),(1445,'Inherited','Inherited',209),(1446,'Inherited','Inherited',209),(1447,'Inherited','Inherited',209),(1448,'Inherited','Inherited',209),(1449,'Inherited','Inherited',209),(1450,'Inherited','Inherited',209),(1451,'Inherited','Inherited',209),(1452,'Inherited','Inherited',209),(1453,'Inherited','Inherited',209),(1454,'Inherited','Inherited',209),(1455,'Inherited','Inherited',209),(1456,'Inherited','Inherited',209),(1457,'Inherited','Inherited',209),(1458,'Inherited','Inherited',209),(1459,'Inherited','Inherited',209),(1460,'Inherited','Inherited',209),(1461,'Inherited','Inherited',209),(1462,'Inherited','Inherited',209),(1463,'Inherited','Inherited',209),(1464,'Inherited','Inherited',209),(1465,'Inherited','Inherited',209),(1466,'Inherited','Inherited',209),(1467,'Inherited','Inherited',209),(1468,'Inherited','Inherited',209),(1469,'Inherited','Inherited',209),(1470,'Inherited','Inherited',209),(1471,'Inherited','Inherited',209),(1472,'Inherited','Inherited',209),(1473,'Inherited','Inherited',209),(1474,'Inherited','Inherited',209),(1475,'Inherited','Inherited',209),(1476,'Inherited','Inherited',209),(1477,'Inherited','Inherited',209),(1478,'Inherited','Inherited',209),(1479,'Inherited','Inherited',209),(1480,'Inherited','Inherited',209),(1481,'Inherited','Inherited',209),(1482,'Inherited','Inherited',209),(1483,'Inherited','Inherited',209),(1484,'Inherited','Inherited',209),(1485,'Inherited','Inherited',209),(1486,'VI_IGNORE_PREDICATE','VI_IGNORE_PREDICATE',210),(1487,'PREDEFINED_VIEW','PREDEFINED_VIEW',210),(1488,'Inherited','Inherited',210),(1489,'Inherited','Inherited',210),(1490,'Inherited','Inherited',210),(1491,'Inherited','Inherited',210),(1492,'Inherited','Inherited',210),(1493,'Inherited','Inherited',210),(1494,'Inherited','Inherited',210),(1495,'Inherited','Inherited',210),(1496,'Inherited','Inherited',210),(1497,'Inherited','Inherited',210),(1498,'Inherited','Inherited',210),(1499,'Inherited','Inherited',210),(1500,'Inherited','Inherited',210),(1501,'Inherited','Inherited',210),(1502,'Inherited','Inherited',210),(1503,'Inherited','Inherited',210),(1504,'Inherited','Inherited',210),(1505,'Inherited','Inherited',210),(1506,'Inherited','Inherited',210),(1507,'Inherited','Inherited',210),(1508,'Inherited','Inherited',210),(1509,'Inherited','Inherited',210),(1510,'Inherited','Inherited',210),(1511,'Inherited','Inherited',210),(1512,'Inherited','Inherited',210),(1513,'Inherited','Inherited',210),(1514,'Inherited','Inherited',210),(1515,'Inherited','Inherited',210),(1516,'Inherited','Inherited',210),(1517,'Inherited','Inherited',210),(1518,'Inherited','Inherited',210),(1519,'Inherited','Inherited',210),(1520,'Inherited','Inherited',210),(1521,'Inherited','Inherited',210),(1522,'Inherited','Inherited',210),(1523,'Inherited','Inherited',210),(1524,'Inherited','Inherited',210),(1525,'Inherited','Inherited',210),(1526,'Inherited','Inherited',210),(1527,'Inherited','Inherited',210),(1528,'Inherited','Inherited',210),(1529,'Inherited','Inherited',210),(1530,'Inherited','Inherited',210),(1531,'Inherited','Inherited',210),(1532,'Inherited','Inherited',210),(1533,'Inherited','Inherited',210),(1534,'NOT_SEARCHABLE','NOT_SEARCHABLE',211),(1535,'NOT_VIEWABLE','NOT_VIEWABLE',211),(1536,'Inherited','Inherited',211),(1537,'Inherited','Inherited',211),(1538,'Inherited','Inherited',211),(1539,'Inherited','Inherited',211),(1540,'Inherited','Inherited',211),(1541,'Inherited','Inherited',211),(1542,'Inherited','Inherited',211),(1543,'Inherited','Inherited',211),(1544,'Inherited','Inherited',211),(1545,'Inherited','Inherited',211),(1546,'Inherited','Inherited',211),(1547,'Inherited','Inherited',211),(1548,'Inherited','Inherited',211),(1549,'Inherited','Inherited',211),(1550,'Inherited','Inherited',211),(1551,'Inherited','Inherited',211),(1552,'Inherited','Inherited',211),(1553,'Inherited','Inherited',211),(1554,'Inherited','Inherited',211),(1555,'Inherited','Inherited',211),(1556,'Inherited','Inherited',211),(1557,'Inherited','Inherited',211),(1558,'Inherited','Inherited',211),(1559,'Inherited','Inherited',211),(1560,'Inherited','Inherited',211),(1561,'Inherited','Inherited',211),(1562,'Inherited','Inherited',211),(1563,'Inherited','Inherited',211),(1564,'Inherited','Inherited',211),(1565,'Inherited','Inherited',211),(1566,'Inherited','Inherited',211),(1567,'Inherited','Inherited',211),(1568,'Inherited','Inherited',211),(1569,'Inherited','Inherited',211),(1570,'Inherited','Inherited',211),(1571,'Inherited','Inherited',211),(1572,'Inherited','Inherited',211),(1573,'Inherited','Inherited',211),(1574,'Inherited','Inherited',211),(1575,'Inherited','Inherited',211),(1576,'Inherited','Inherited',211),(1577,'Inherited','Inherited',211),(1578,'Inherited','Inherited',211),(1579,'Inherited','Inherited',211),(1580,'Inherited','Inherited',211),(1581,'Inherited','Inherited',211),(1582,'PV_FILTER','synonym like ''99603^%''',213),(1583,'PV_VIEW','MED_LOOKUP_VIEW',213),(1584,'DEFAULT_CONDITION','In!=!FACILITY_ID',214),(1585,'VI_HIDDEN','VI_HIDDEN',214),(1586,'Inherited','Inherited',214),(1587,'Inherited','Inherited',214),(1588,'Inherited','Inherited',214),(1589,'Inherited','Inherited',214),(1590,'Inherited','Inherited',214),(1591,'Inherited','Inherited',214),(1592,'Inherited','Inherited',214),(1593,'Inherited','Inherited',214),(1594,'Inherited','Inherited',214),(1595,'Inherited','Inherited',214),(1596,'Inherited','Inherited',214),(1597,'Inherited','Inherited',214),(1598,'Inherited','Inherited',214),(1599,'Inherited','Inherited',214),(1600,'Inherited','Inherited',214),(1601,'Inherited','Inherited',214),(1602,'Inherited','Inherited',214),(1603,'Inherited','Inherited',214),(1604,'Inherited','Inherited',214),(1605,'Inherited','Inherited',214),(1606,'Inherited','Inherited',214),(1607,'Inherited','Inherited',214),(1608,'Inherited','Inherited',214),(1609,'Inherited','Inherited',214),(1610,'Inherited','Inherited',214),(1611,'Inherited','Inherited',214),(1612,'Inherited','Inherited',214),(1613,'Inherited','Inherited',214),(1614,'Inherited','Inherited',214),(1615,'Inherited','Inherited',214),(1616,'Inherited','Inherited',214),(1617,'Inherited','Inherited',214),(1618,'Inherited','Inherited',214),(1619,'Inherited','Inherited',214),(1620,'Inherited','Inherited',214),(1621,'Inherited','Inherited',214),(1622,'Inherited','Inherited',214),(1623,'Inherited','Inherited',214),(1624,'Inherited','Inherited',214),(1625,'Inherited','Inherited',214),(1626,'Inherited','Inherited',214),(1627,'Inherited','Inherited',214),(1628,'VI_IGNORE_PREDICATE','VI_IGNORE_PREDICATE',215),(1629,'PREDEFINED_VIEW','PREDEFINED_VIEW',215),(1630,'Inherited','Inherited',215),(1631,'Inherited','Inherited',215),(1632,'Inherited','Inherited',215),(1633,'Inherited','Inherited',215),(1634,'Inherited','Inherited',215),(1635,'Inherited','Inherited',215),(1636,'Inherited','Inherited',215),(1637,'Inherited','Inherited',215),(1638,'Inherited','Inherited',215),(1639,'Inherited','Inherited',215),(1640,'Inherited','Inherited',215),(1641,'Inherited','Inherited',215),(1642,'Inherited','Inherited',215),(1643,'Inherited','Inherited',215),(1644,'Inherited','Inherited',215),(1645,'Inherited','Inherited',215),(1646,'Inherited','Inherited',215),(1647,'Inherited','Inherited',215),(1648,'Inherited','Inherited',215),(1649,'Inherited','Inherited',215),(1650,'Inherited','Inherited',215),(1651,'Inherited','Inherited',215),(1652,'Inherited','Inherited',215),(1653,'Inherited','Inherited',215),(1654,'Inherited','Inherited',215),(1655,'Inherited','Inherited',215),(1656,'Inherited','Inherited',215),(1657,'Inherited','Inherited',215),(1658,'Inherited','Inherited',215),(1659,'Inherited','Inherited',215),(1660,'Inherited','Inherited',215),(1661,'Inherited','Inherited',215),(1662,'Inherited','Inherited',215),(1663,'Inherited','Inherited',215),(1664,'Inherited','Inherited',215),(1665,'Inherited','Inherited',215),(1666,'Inherited','Inherited',215),(1667,'Inherited','Inherited',215),(1668,'Inherited','Inherited',215),(1669,'Inherited','Inherited',215),(1670,'Inherited','Inherited',215),(1671,'Inherited','Inherited',215),(1672,'NOT_SEARCHABLE','NOT_SEARCHABLE',216),(1673,'NOT_VIEWABLE','NOT_VIEWABLE',216),(1674,'Inherited','Inherited',216),(1675,'Inherited','Inherited',216),(1676,'Inherited','Inherited',216),(1677,'Inherited','Inherited',216),(1678,'Inherited','Inherited',216),(1679,'Inherited','Inherited',216),(1680,'Inherited','Inherited',216),(1681,'Inherited','Inherited',216),(1682,'Inherited','Inherited',216),(1683,'Inherited','Inherited',216),(1684,'Inherited','Inherited',216),(1685,'Inherited','Inherited',216),(1686,'Inherited','Inherited',216),(1687,'Inherited','Inherited',216),(1688,'Inherited','Inherited',216),(1689,'Inherited','Inherited',216),(1690,'Inherited','Inherited',216),(1691,'Inherited','Inherited',216),(1692,'Inherited','Inherited',216),(1693,'Inherited','Inherited',216),(1694,'Inherited','Inherited',216),(1695,'Inherited','Inherited',216),(1696,'Inherited','Inherited',216),(1697,'Inherited','Inherited',216),(1698,'Inherited','Inherited',216),(1699,'Inherited','Inherited',216),(1700,'Inherited','Inherited',216),(1701,'Inherited','Inherited',216),(1702,'Inherited','Inherited',216),(1703,'Inherited','Inherited',216),(1704,'Inherited','Inherited',216),(1705,'Inherited','Inherited',216),(1706,'Inherited','Inherited',216),(1707,'Inherited','Inherited',216),(1708,'Inherited','Inherited',216),(1709,'Inherited','Inherited',216),(1710,'Inherited','Inherited',216),(1711,'Inherited','Inherited',216),(1712,'Inherited','Inherited',216),(1713,'Inherited','Inherited',216),(1714,'Inherited','Inherited',216),(1715,'Inherited','Inherited',216),(1716,'PV_FILTER','synonym like ''99702^%''',218),(1717,'PV_VIEW','MED_LOOKUP_VIEW',218),(1718,'DEFAULT_CONDITION','In!=!FACILITY_ID',219),(1719,'VI_HIDDEN','VI_HIDDEN',219),(1720,'Inherited','Inherited',219),(1721,'Inherited','Inherited',219),(1722,'Inherited','Inherited',219),(1723,'Inherited','Inherited',219),(1724,'Inherited','Inherited',219),(1725,'Inherited','Inherited',219),(1726,'Inherited','Inherited',219),(1727,'Inherited','Inherited',219),(1728,'Inherited','Inherited',219),(1729,'Inherited','Inherited',219),(1730,'Inherited','Inherited',219),(1731,'Inherited','Inherited',219),(1732,'Inherited','Inherited',219),(1733,'Inherited','Inherited',219),(1734,'Inherited','Inherited',219),(1735,'Inherited','Inherited',219),(1736,'Inherited','Inherited',219),(1737,'Inherited','Inherited',219),(1738,'Inherited','Inherited',219),(1739,'Inherited','Inherited',219),(1740,'Inherited','Inherited',219),(1741,'Inherited','Inherited',219),(1742,'Inherited','Inherited',219),(1743,'Inherited','Inherited',219),(1744,'Inherited','Inherited',219),(1745,'Inherited','Inherited',219),(1746,'Inherited','Inherited',219),(1747,'Inherited','Inherited',219),(1748,'Inherited','Inherited',219),(1749,'Inherited','Inherited',219),(1750,'Inherited','Inherited',219),(1751,'Inherited','Inherited',219),(1752,'Inherited','Inherited',219),(1753,'Inherited','Inherited',219),(1754,'Inherited','Inherited',219),(1755,'Inherited','Inherited',219),(1756,'Inherited','Inherited',219),(1757,'Inherited','Inherited',219),(1758,'Inherited','Inherited',219),(1759,'VI_IGNORE_PREDICATE','VI_IGNORE_PREDICATE',220),(1760,'PREDEFINED_VIEW','PREDEFINED_VIEW',220),(1761,'Inherited','Inherited',220),(1762,'Inherited','Inherited',220),(1763,'Inherited','Inherited',220),(1764,'Inherited','Inherited',220),(1765,'Inherited','Inherited',220),(1766,'Inherited','Inherited',220),(1767,'Inherited','Inherited',220),(1768,'Inherited','Inherited',220),(1769,'Inherited','Inherited',220),(1770,'Inherited','Inherited',220),(1771,'Inherited','Inherited',220),(1772,'Inherited','Inherited',220),(1773,'Inherited','Inherited',220),(1774,'Inherited','Inherited',220),(1775,'Inherited','Inherited',220),(1776,'Inherited','Inherited',220),(1777,'Inherited','Inherited',220),(1778,'Inherited','Inherited',220),(1779,'Inherited','Inherited',220),(1780,'Inherited','Inherited',220),(1781,'Inherited','Inherited',220),(1782,'Inherited','Inherited',220),(1783,'Inherited','Inherited',220),(1784,'Inherited','Inherited',220),(1785,'Inherited','Inherited',220),(1786,'Inherited','Inherited',220),(1787,'Inherited','Inherited',220),(1788,'Inherited','Inherited',220),(1789,'Inherited','Inherited',220),(1790,'Inherited','Inherited',220),(1791,'Inherited','Inherited',220),(1792,'Inherited','Inherited',220),(1793,'Inherited','Inherited',220),(1794,'Inherited','Inherited',220),(1795,'Inherited','Inherited',220),(1796,'Inherited','Inherited',220),(1797,'Inherited','Inherited',220),(1798,'Inherited','Inherited',220),(1799,'Inherited','Inherited',220),(1800,'NOT_SEARCHABLE','NOT_SEARCHABLE',221),(1801,'NOT_VIEWABLE','NOT_VIEWABLE',221),(1802,'Inherited','Inherited',221),(1803,'Inherited','Inherited',221),(1804,'Inherited','Inherited',221),(1805,'Inherited','Inherited',221),(1806,'Inherited','Inherited',221),(1807,'Inherited','Inherited',221),(1808,'Inherited','Inherited',221),(1809,'Inherited','Inherited',221),(1810,'Inherited','Inherited',221),(1811,'Inherited','Inherited',221),(1812,'Inherited','Inherited',221),(1813,'Inherited','Inherited',221),(1814,'Inherited','Inherited',221),(1815,'Inherited','Inherited',221),(1816,'Inherited','Inherited',221),(1817,'Inherited','Inherited',221),(1818,'Inherited','Inherited',221),(1819,'Inherited','Inherited',221),(1820,'Inherited','Inherited',221),(1821,'Inherited','Inherited',221),(1822,'Inherited','Inherited',221),(1823,'Inherited','Inherited',221),(1824,'Inherited','Inherited',221),(1825,'Inherited','Inherited',221),(1826,'Inherited','Inherited',221),(1827,'Inherited','Inherited',221),(1828,'Inherited','Inherited',221),(1829,'Inherited','Inherited',221),(1830,'Inherited','Inherited',221),(1831,'Inherited','Inherited',221),(1832,'Inherited','Inherited',221),(1833,'Inherited','Inherited',221),(1834,'Inherited','Inherited',221),(1835,'Inherited','Inherited',221),(1836,'Inherited','Inherited',221),(1837,'Inherited','Inherited',221),(1838,'Inherited','Inherited',221),(1839,'Inherited','Inherited',221),(1840,'Inherited','Inherited',221),(1841,'PV_FILTER','synonym like ''99700^%''',223),(1842,'PV_VIEW','MED_LOOKUP_VIEW',223),(1843,'DEFAULT_CONDITION','In!=!FACILITY_ID',224),(1844,'VI_HIDDEN','VI_HIDDEN',224),(1845,'Inherited','Inherited',224),(1846,'Inherited','Inherited',224),(1847,'Inherited','Inherited',224),(1848,'Inherited','Inherited',224),(1849,'Inherited','Inherited',224),(1850,'Inherited','Inherited',224),(1851,'Inherited','Inherited',224),(1852,'Inherited','Inherited',224),(1853,'Inherited','Inherited',224),(1854,'Inherited','Inherited',224),(1855,'Inherited','Inherited',224),(1856,'Inherited','Inherited',224),(1857,'Inherited','Inherited',224),(1858,'Inherited','Inherited',224),(1859,'Inherited','Inherited',224),(1860,'Inherited','Inherited',224),(1861,'Inherited','Inherited',224),(1862,'Inherited','Inherited',224),(1863,'Inherited','Inherited',224),(1864,'Inherited','Inherited',224),(1865,'Inherited','Inherited',224),(1866,'Inherited','Inherited',224),(1867,'Inherited','Inherited',224),(1868,'Inherited','Inherited',224),(1869,'Inherited','Inherited',224),(1870,'Inherited','Inherited',224),(1871,'Inherited','Inherited',224),(1872,'Inherited','Inherited',224),(1873,'Inherited','Inherited',224),(1874,'Inherited','Inherited',224),(1875,'Inherited','Inherited',224),(1876,'Inherited','Inherited',224),(1877,'Inherited','Inherited',224),(1878,'Inherited','Inherited',224),(1879,'Inherited','Inherited',224),(1880,'Inherited','Inherited',224),(1881,'Inherited','Inherited',224),(1882,'VI_IGNORE_PREDICATE','VI_IGNORE_PREDICATE',225),(1883,'PREDEFINED_VIEW','PREDEFINED_VIEW',225),(1884,'Inherited','Inherited',225),(1885,'Inherited','Inherited',225),(1886,'Inherited','Inherited',225),(1887,'Inherited','Inherited',225),(1888,'Inherited','Inherited',225),(1889,'Inherited','Inherited',225),(1890,'Inherited','Inherited',225),(1891,'Inherited','Inherited',225),(1892,'Inherited','Inherited',225),(1893,'Inherited','Inherited',225),(1894,'Inherited','Inherited',225),(1895,'Inherited','Inherited',225),(1896,'Inherited','Inherited',225),(1897,'Inherited','Inherited',225),(1898,'Inherited','Inherited',225),(1899,'Inherited','Inherited',225),(1900,'Inherited','Inherited',225),(1901,'Inherited','Inherited',225),(1902,'Inherited','Inherited',225),(1903,'Inherited','Inherited',225),(1904,'Inherited','Inherited',225),(1905,'Inherited','Inherited',225),(1906,'Inherited','Inherited',225),(1907,'Inherited','Inherited',225),(1908,'Inherited','Inherited',225),(1909,'Inherited','Inherited',225),(1910,'Inherited','Inherited',225),(1911,'Inherited','Inherited',225),(1912,'Inherited','Inherited',225),(1913,'Inherited','Inherited',225),(1914,'Inherited','Inherited',225),(1915,'Inherited','Inherited',225),(1916,'Inherited','Inherited',225),(1917,'Inherited','Inherited',225),(1918,'Inherited','Inherited',225),(1919,'Inherited','Inherited',225),(1920,'Inherited','Inherited',225),(1921,'NOT_SEARCHABLE','NOT_SEARCHABLE',226),(1922,'NOT_VIEWABLE','NOT_VIEWABLE',226),(1923,'Inherited','Inherited',226),(1924,'Inherited','Inherited',226),(1925,'Inherited','Inherited',226),(1926,'Inherited','Inherited',226),(1927,'Inherited','Inherited',226),(1928,'Inherited','Inherited',226),(1929,'Inherited','Inherited',226),(1930,'Inherited','Inherited',226),(1931,'Inherited','Inherited',226),(1932,'Inherited','Inherited',226),(1933,'Inherited','Inherited',226),(1934,'Inherited','Inherited',226),(1935,'Inherited','Inherited',226),(1936,'Inherited','Inherited',226),(1937,'Inherited','Inherited',226),(1938,'Inherited','Inherited',226),(1939,'Inherited','Inherited',226),(1940,'Inherited','Inherited',226),(1941,'Inherited','Inherited',226),(1942,'Inherited','Inherited',226),(1943,'Inherited','Inherited',226),(1944,'Inherited','Inherited',226),(1945,'Inherited','Inherited',226),(1946,'Inherited','Inherited',226),(1947,'Inherited','Inherited',226),(1948,'Inherited','Inherited',226),(1949,'Inherited','Inherited',226),(1950,'Inherited','Inherited',226),(1951,'Inherited','Inherited',226),(1952,'Inherited','Inherited',226),(1953,'Inherited','Inherited',226),(1954,'Inherited','Inherited',226),(1955,'Inherited','Inherited',226),(1956,'Inherited','Inherited',226),(1957,'Inherited','Inherited',226),(1958,'Inherited','Inherited',226),(1959,'Inherited','Inherited',226),(1960,'PV_FILTER','synonym like ''T_HL7_U_0063^%''',229),(1961,'PV_VIEW','MED_LOOKUP_VIEW',229),(1962,'DEFAULT_CONDITION','In!=!FACILITY_ID',230),(1963,'VI_HIDDEN','VI_HIDDEN',230),(1964,'Inherited','Inherited',230),(1965,'Inherited','Inherited',230),(1966,'Inherited','Inherited',230),(1967,'Inherited','Inherited',230),(1968,'Inherited','Inherited',230),(1969,'Inherited','Inherited',230),(1970,'Inherited','Inherited',230),(1971,'Inherited','Inherited',230),(1972,'Inherited','Inherited',230),(1973,'Inherited','Inherited',230),(1974,'Inherited','Inherited',230),(1975,'Inherited','Inherited',230),(1976,'Inherited','Inherited',230),(1977,'Inherited','Inherited',230),(1978,'Inherited','Inherited',230),(1979,'Inherited','Inherited',230),(1980,'Inherited','Inherited',230),(1981,'Inherited','Inherited',230),(1982,'Inherited','Inherited',230),(1983,'Inherited','Inherited',230),(1984,'Inherited','Inherited',230),(1985,'Inherited','Inherited',230),(1986,'Inherited','Inherited',230),(1987,'Inherited','Inherited',230),(1988,'Inherited','Inherited',230),(1989,'Inherited','Inherited',230),(1990,'Inherited','Inherited',230),(1991,'Inherited','Inherited',230),(1992,'Inherited','Inherited',230),(1993,'Inherited','Inherited',230),(1994,'Inherited','Inherited',230),(1995,'Inherited','Inherited',230),(1996,'Inherited','Inherited',230),(1997,'Inherited','Inherited',230),(1998,'Inherited','Inherited',230),(1999,'Inherited','Inherited',230),(2000,'Inherited','Inherited',230),(2001,'Inherited','Inherited',230),(2002,'Inherited','Inherited',230),(2003,'Inherited','Inherited',230),(2004,'Inherited','Inherited',230),(2005,'Inherited','Inherited',230),(2006,'Inherited','Inherited',230),(2007,'Inherited','Inherited',230),(2008,'Inherited','Inherited',230),(2009,'VI_IGNORE_PREDICATE','VI_IGNORE_PREDICATE',231),(2010,'PREDEFINED_VIEW','PREDEFINED_VIEW',231),(2011,'Inherited','Inherited',231),(2012,'Inherited','Inherited',231),(2013,'Inherited','Inherited',231),(2014,'Inherited','Inherited',231),(2015,'Inherited','Inherited',231),(2016,'Inherited','Inherited',231),(2017,'Inherited','Inherited',231),(2018,'Inherited','Inherited',231),(2019,'Inherited','Inherited',231),(2020,'Inherited','Inherited',231),(2021,'Inherited','Inherited',231),(2022,'Inherited','Inherited',231),(2023,'Inherited','Inherited',231),(2024,'Inherited','Inherited',231),(2025,'Inherited','Inherited',231),(2026,'Inherited','Inherited',231),(2027,'Inherited','Inherited',231),(2028,'Inherited','Inherited',231),(2029,'Inherited','Inherited',231),(2030,'Inherited','Inherited',231),(2031,'Inherited','Inherited',231),(2032,'Inherited','Inherited',231),(2033,'Inherited','Inherited',231),(2034,'Inherited','Inherited',231),(2035,'Inherited','Inherited',231),(2036,'Inherited','Inherited',231),(2037,'Inherited','Inherited',231),(2038,'Inherited','Inherited',231),(2039,'Inherited','Inherited',231),(2040,'Inherited','Inherited',231),(2041,'Inherited','Inherited',231),(2042,'Inherited','Inherited',231),(2043,'Inherited','Inherited',231),(2044,'Inherited','Inherited',231),(2045,'Inherited','Inherited',231),(2046,'Inherited','Inherited',231),(2047,'Inherited','Inherited',231),(2048,'Inherited','Inherited',231),(2049,'Inherited','Inherited',231),(2050,'Inherited','Inherited',231),(2051,'Inherited','Inherited',231),(2052,'Inherited','Inherited',231),(2053,'Inherited','Inherited',231),(2054,'Inherited','Inherited',231),(2055,'Inherited','Inherited',231),(2056,'NOT_SEARCHABLE','NOT_SEARCHABLE',232),(2057,'NOT_VIEWABLE','NOT_VIEWABLE',232),(2058,'Inherited','Inherited',232),(2059,'Inherited','Inherited',232),(2060,'Inherited','Inherited',232),(2061,'Inherited','Inherited',232),(2062,'Inherited','Inherited',232),(2063,'Inherited','Inherited',232),(2064,'Inherited','Inherited',232),(2065,'Inherited','Inherited',232),(2066,'Inherited','Inherited',232),(2067,'Inherited','Inherited',232),(2068,'Inherited','Inherited',232),(2069,'Inherited','Inherited',232),(2070,'Inherited','Inherited',232),(2071,'Inherited','Inherited',232),(2072,'Inherited','Inherited',232),(2073,'Inherited','Inherited',232),(2074,'Inherited','Inherited',232),(2075,'Inherited','Inherited',232),(2076,'Inherited','Inherited',232),(2077,'Inherited','Inherited',232),(2078,'Inherited','Inherited',232),(2079,'Inherited','Inherited',232),(2080,'Inherited','Inherited',232),(2081,'Inherited','Inherited',232),(2082,'Inherited','Inherited',232),(2083,'Inherited','Inherited',232),(2084,'Inherited','Inherited',232),(2085,'Inherited','Inherited',232),(2086,'Inherited','Inherited',232),(2087,'Inherited','Inherited',232),(2088,'Inherited','Inherited',232),(2089,'Inherited','Inherited',232),(2090,'Inherited','Inherited',232),(2091,'Inherited','Inherited',232),(2092,'Inherited','Inherited',232),(2093,'Inherited','Inherited',232),(2094,'Inherited','Inherited',232),(2095,'Inherited','Inherited',232),(2096,'Inherited','Inherited',232),(2097,'Inherited','Inherited',232),(2098,'Inherited','Inherited',232),(2099,'Inherited','Inherited',232),(2100,'Inherited','Inherited',232),(2101,'Inherited','Inherited',232),(2102,'Inherited','Inherited',232),(2103,'PV_FILTER','synonym like ''T_HL7_U_0086^%''',247),(2104,'PV_VIEW','MED_LOOKUP_VIEW',247),(2105,'DEFAULT_CONDITION','In!=!FACILITY_ID',248),(2106,'VI_HIDDEN','VI_HIDDEN',248),(2107,'Inherited','Inherited',248),(2108,'Inherited','Inherited',248),(2109,'Inherited','Inherited',248),(2110,'Inherited','Inherited',248),(2111,'Inherited','Inherited',248),(2112,'Inherited','Inherited',248),(2113,'Inherited','Inherited',248),(2114,'Inherited','Inherited',248),(2115,'Inherited','Inherited',248),(2116,'Inherited','Inherited',248),(2117,'Inherited','Inherited',248),(2118,'Inherited','Inherited',248),(2119,'Inherited','Inherited',248),(2120,'Inherited','Inherited',248),(2121,'Inherited','Inherited',248),(2122,'Inherited','Inherited',248),(2123,'Inherited','Inherited',248),(2124,'Inherited','Inherited',248),(2125,'Inherited','Inherited',248),(2126,'Inherited','Inherited',248),(2127,'Inherited','Inherited',248),(2128,'Inherited','Inherited',248),(2129,'Inherited','Inherited',248),(2130,'Inherited','Inherited',248),(2131,'Inherited','Inherited',248),(2132,'Inherited','Inherited',248),(2133,'Inherited','Inherited',248),(2134,'Inherited','Inherited',248),(2135,'Inherited','Inherited',248),(2136,'Inherited','Inherited',248),(2137,'Inherited','Inherited',248),(2138,'Inherited','Inherited',248),(2139,'Inherited','Inherited',248),(2140,'Inherited','Inherited',248),(2141,'VI_IGNORE_PREDICATE','VI_IGNORE_PREDICATE',249),(2142,'PREDEFINED_VIEW','PREDEFINED_VIEW',249),(2143,'Inherited','Inherited',249),(2144,'Inherited','Inherited',249),(2145,'Inherited','Inherited',249),(2146,'Inherited','Inherited',249),(2147,'Inherited','Inherited',249),(2148,'Inherited','Inherited',249),(2149,'Inherited','Inherited',249),(2150,'Inherited','Inherited',249),(2151,'Inherited','Inherited',249),(2152,'Inherited','Inherited',249),(2153,'Inherited','Inherited',249),(2154,'Inherited','Inherited',249),(2155,'Inherited','Inherited',249),(2156,'Inherited','Inherited',249),(2157,'Inherited','Inherited',249),(2158,'Inherited','Inherited',249),(2159,'Inherited','Inherited',249),(2160,'Inherited','Inherited',249),(2161,'Inherited','Inherited',249),(2162,'Inherited','Inherited',249),(2163,'Inherited','Inherited',249),(2164,'Inherited','Inherited',249),(2165,'Inherited','Inherited',249),(2166,'Inherited','Inherited',249),(2167,'Inherited','Inherited',249),(2168,'Inherited','Inherited',249),(2169,'Inherited','Inherited',249),(2170,'Inherited','Inherited',249),(2171,'Inherited','Inherited',249),(2172,'Inherited','Inherited',249),(2173,'Inherited','Inherited',249),(2174,'Inherited','Inherited',249),(2175,'Inherited','Inherited',249),(2176,'Inherited','Inherited',249),(2177,'NOT_SEARCHABLE','NOT_SEARCHABLE',250),(2178,'NOT_VIEWABLE','NOT_VIEWABLE',250),(2179,'Inherited','Inherited',250),(2180,'Inherited','Inherited',250),(2181,'Inherited','Inherited',250),(2182,'Inherited','Inherited',250),(2183,'Inherited','Inherited',250),(2184,'Inherited','Inherited',250),(2185,'Inherited','Inherited',250),(2186,'Inherited','Inherited',250),(2187,'Inherited','Inherited',250),(2188,'Inherited','Inherited',250),(2189,'Inherited','Inherited',250),(2190,'Inherited','Inherited',250),(2191,'Inherited','Inherited',250),(2192,'Inherited','Inherited',250),(2193,'Inherited','Inherited',250),(2194,'Inherited','Inherited',250),(2195,'Inherited','Inherited',250),(2196,'Inherited','Inherited',250),(2197,'Inherited','Inherited',250),(2198,'Inherited','Inherited',250),(2199,'Inherited','Inherited',250),(2200,'Inherited','Inherited',250),(2201,'Inherited','Inherited',250),(2202,'Inherited','Inherited',250),(2203,'Inherited','Inherited',250),(2204,'Inherited','Inherited',250),(2205,'Inherited','Inherited',250),(2206,'Inherited','Inherited',250),(2207,'Inherited','Inherited',250),(2208,'Inherited','Inherited',250),(2209,'Inherited','Inherited',250),(2210,'Inherited','Inherited',250),(2211,'Inherited','Inherited',250),(2212,'Inherited','Inherited',250),(2213,'PREDEFINED_VIEW','PREDEFINED_VIEW',261),(2214,'PV_FILTER','synonym like ''T_HL7_U_0069^%''',261),(2215,'PV_VIEW','MED_LOOKUP_VIEW',261),(2216,'DEFAULT_CONDITION','In!=!FACILITY_ID',262),(2217,'VI_HIDDEN','VI_HIDDEN',262),(2218,'Inherited','Inherited',262),(2219,'Inherited','Inherited',262),(2220,'Inherited','Inherited',262),(2221,'Inherited','Inherited',262),(2222,'Inherited','Inherited',262),(2223,'Inherited','Inherited',262),(2224,'Inherited','Inherited',262),(2225,'Inherited','Inherited',262),(2226,'Inherited','Inherited',262),(2227,'Inherited','Inherited',262),(2228,'Inherited','Inherited',262),(2229,'Inherited','Inherited',262),(2230,'Inherited','Inherited',262),(2231,'Inherited','Inherited',262),(2232,'Inherited','Inherited',262),(2233,'Inherited','Inherited',262),(2234,'Inherited','Inherited',262),(2235,'Inherited','Inherited',262),(2236,'Inherited','Inherited',262),(2237,'Inherited','Inherited',262),(2238,'Inherited','Inherited',262),(2239,'Inherited','Inherited',262),(2240,'Inherited','Inherited',262),(2241,'Inherited','Inherited',262),(2242,'Inherited','Inherited',262),(2243,'Inherited','Inherited',262),(2244,'Inherited','Inherited',262),(2245,'VI_IGNORE_PREDICATE','VI_IGNORE_PREDICATE',263),(2246,'PREDEFINED_VIEW','PREDEFINED_VIEW',263),(2247,'Inherited','Inherited',263),(2248,'Inherited','Inherited',263),(2249,'Inherited','Inherited',263),(2250,'Inherited','Inherited',263),(2251,'Inherited','Inherited',263),(2252,'Inherited','Inherited',263),(2253,'Inherited','Inherited',263),(2254,'Inherited','Inherited',263),(2255,'Inherited','Inherited',263),(2256,'Inherited','Inherited',263),(2257,'Inherited','Inherited',263),(2258,'Inherited','Inherited',263),(2259,'Inherited','Inherited',263),(2260,'Inherited','Inherited',263),(2261,'Inherited','Inherited',263),(2262,'Inherited','Inherited',263),(2263,'Inherited','Inherited',263),(2264,'Inherited','Inherited',263),(2265,'Inherited','Inherited',263),(2266,'Inherited','Inherited',263),(2267,'Inherited','Inherited',263),(2268,'Inherited','Inherited',263),(2269,'Inherited','Inherited',263),(2270,'Inherited','Inherited',263),(2271,'Inherited','Inherited',263),(2272,'Inherited','Inherited',263),(2273,'Inherited','Inherited',263),(2274,'NOT_SEARCHABLE','NOT_SEARCHABLE',264),(2275,'NOT_VIEWABLE','NOT_VIEWABLE',264),(2276,'Inherited','Inherited',264),(2277,'Inherited','Inherited',264),(2278,'Inherited','Inherited',264),(2279,'Inherited','Inherited',264),(2280,'Inherited','Inherited',264),(2281,'Inherited','Inherited',264),(2282,'Inherited','Inherited',264),(2283,'Inherited','Inherited',264),(2284,'Inherited','Inherited',264),(2285,'Inherited','Inherited',264),(2286,'Inherited','Inherited',264),(2287,'Inherited','Inherited',264),(2288,'Inherited','Inherited',264),(2289,'Inherited','Inherited',264),(2290,'Inherited','Inherited',264),(2291,'Inherited','Inherited',264),(2292,'Inherited','Inherited',264),(2293,'Inherited','Inherited',264),(2294,'Inherited','Inherited',264),(2295,'Inherited','Inherited',264),(2296,'Inherited','Inherited',264),(2297,'Inherited','Inherited',264),(2298,'Inherited','Inherited',264),(2299,'Inherited','Inherited',264),(2300,'Inherited','Inherited',264),(2301,'Inherited','Inherited',264),(2302,'Inherited','Inherited',264),(2303,'PV_FILTER','synonym like ''99601^%'' or synonym like ''99602^%''',269),(2304,'PV_VIEW','MED_LOOKUP_VIEW',269),(2305,'DEFAULT_CONDITION','In!=!FACILITY_ID',270),(2306,'VI_HIDDEN','VI_HIDDEN',270),(2307,'Inherited','Inherited',270),(2308,'Inherited','Inherited',270),(2309,'Inherited','Inherited',270),(2310,'Inherited','Inherited',270),(2311,'Inherited','Inherited',270),(2312,'Inherited','Inherited',270),(2313,'Inherited','Inherited',270),(2314,'Inherited','Inherited',270),(2315,'Inherited','Inherited',270),(2316,'Inherited','Inherited',270),(2317,'Inherited','Inherited',270),(2318,'Inherited','Inherited',270),(2319,'Inherited','Inherited',270),(2320,'Inherited','Inherited',270),(2321,'Inherited','Inherited',270),(2322,'Inherited','Inherited',270),(2323,'Inherited','Inherited',270),(2324,'Inherited','Inherited',270),(2325,'Inherited','Inherited',270),(2326,'Inherited','Inherited',270),(2327,'Inherited','Inherited',270),(2328,'Inherited','Inherited',270),(2329,'Inherited','Inherited',270),(2330,'Inherited','Inherited',270),(2331,'Inherited','Inherited',270),(2332,'Inherited','Inherited',270),(2333,'Inherited','Inherited',270),(2334,'Inherited','Inherited',270),(2335,'Inherited','Inherited',270),(2336,'Inherited','Inherited',270),(2337,'Inherited','Inherited',270),(2338,'Inherited','Inherited',270),(2339,'Inherited','Inherited',270),(2340,'Inherited','Inherited',270),(2341,'Inherited','Inherited',270),(2342,'Inherited','Inherited',270),(2343,'Inherited','Inherited',270),(2344,'Inherited','Inherited',270),(2345,'VI_IGNORE_PREDICATE','VI_IGNORE_PREDICATE',271),(2346,'PREDEFINED_VIEW','PREDEFINED_VIEW',271),(2347,'Inherited','Inherited',271),(2348,'Inherited','Inherited',271),(2349,'Inherited','Inherited',271),(2350,'Inherited','Inherited',271),(2351,'Inherited','Inherited',271),(2352,'Inherited','Inherited',271),(2353,'Inherited','Inherited',271),(2354,'Inherited','Inherited',271),(2355,'Inherited','Inherited',271),(2356,'Inherited','Inherited',271),(2357,'Inherited','Inherited',271),(2358,'Inherited','Inherited',271),(2359,'Inherited','Inherited',271),(2360,'Inherited','Inherited',271),(2361,'Inherited','Inherited',271),(2362,'Inherited','Inherited',271),(2363,'Inherited','Inherited',271),(2364,'Inherited','Inherited',271),(2365,'Inherited','Inherited',271),(2366,'Inherited','Inherited',271),(2367,'Inherited','Inherited',271),(2368,'Inherited','Inherited',271),(2369,'Inherited','Inherited',271),(2370,'Inherited','Inherited',271),(2371,'Inherited','Inherited',271),(2372,'Inherited','Inherited',271),(2373,'Inherited','Inherited',271),(2374,'Inherited','Inherited',271),(2375,'Inherited','Inherited',271),(2376,'Inherited','Inherited',271),(2377,'Inherited','Inherited',271),(2378,'Inherited','Inherited',271),(2379,'Inherited','Inherited',271),(2380,'Inherited','Inherited',271),(2381,'Inherited','Inherited',271),(2382,'Inherited','Inherited',271),(2383,'Inherited','Inherited',271),(2384,'Inherited','Inherited',271),(2385,'NOT_SEARCHABLE','NOT_SEARCHABLE',272),(2386,'NOT_VIEWABLE','NOT_VIEWABLE',272),(2387,'Inherited','Inherited',272),(2388,'Inherited','Inherited',272),(2389,'Inherited','Inherited',272),(2390,'Inherited','Inherited',272),(2391,'Inherited','Inherited',272),(2392,'Inherited','Inherited',272),(2393,'Inherited','Inherited',272),(2394,'Inherited','Inherited',272),(2395,'Inherited','Inherited',272),(2396,'Inherited','Inherited',272),(2397,'Inherited','Inherited',272),(2398,'Inherited','Inherited',272),(2399,'Inherited','Inherited',272),(2400,'Inherited','Inherited',272),(2401,'Inherited','Inherited',272),(2402,'Inherited','Inherited',272),(2403,'Inherited','Inherited',272),(2404,'Inherited','Inherited',272),(2405,'Inherited','Inherited',272),(2406,'Inherited','Inherited',272),(2407,'Inherited','Inherited',272),(2408,'Inherited','Inherited',272),(2409,'Inherited','Inherited',272),(2410,'Inherited','Inherited',272),(2411,'Inherited','Inherited',272),(2412,'Inherited','Inherited',272),(2413,'Inherited','Inherited',272),(2414,'Inherited','Inherited',272),(2415,'Inherited','Inherited',272),(2416,'Inherited','Inherited',272),(2417,'Inherited','Inherited',272),(2418,'Inherited','Inherited',272),(2419,'Inherited','Inherited',272),(2420,'Inherited','Inherited',272),(2421,'Inherited','Inherited',272),(2422,'Inherited','Inherited',272),(2423,'Inherited','Inherited',272),(2424,'Inherited','Inherited',272),(2425,'PV_FILTER','synonym like ''T_HL7_U_0089^%''',274),(2426,'PV_VIEW','MED_LOOKUP_VIEW',274),(2427,'DEFAULT_CONDITION','In!=!FACILITY_ID',275),(2428,'VI_HIDDEN','VI_HIDDEN',275),(2429,'Inherited','Inherited',275),(2430,'Inherited','Inherited',275),(2431,'Inherited','Inherited',275),(2432,'Inherited','Inherited',275),(2433,'Inherited','Inherited',275),(2434,'Inherited','Inherited',275),(2435,'Inherited','Inherited',275),(2436,'Inherited','Inherited',275),(2437,'Inherited','Inherited',275),(2438,'Inherited','Inherited',275),(2439,'Inherited','Inherited',275),(2440,'Inherited','Inherited',275),(2441,'Inherited','Inherited',275),(2442,'Inherited','Inherited',275),(2443,'Inherited','Inherited',275),(2444,'Inherited','Inherited',275),(2445,'Inherited','Inherited',275),(2446,'Inherited','Inherited',275),(2447,'Inherited','Inherited',275),(2448,'Inherited','Inherited',275),(2449,'Inherited','Inherited',275),(2450,'Inherited','Inherited',275),(2451,'Inherited','Inherited',275),(2452,'Inherited','Inherited',275),(2453,'Inherited','Inherited',275),(2454,'Inherited','Inherited',275),(2455,'VI_IGNORE_PREDICATE','VI_IGNORE_PREDICATE',276),(2456,'PREDEFINED_VIEW','PREDEFINED_VIEW',276),(2457,'Inherited','Inherited',276),(2458,'Inherited','Inherited',276),(2459,'Inherited','Inherited',276),(2460,'Inherited','Inherited',276),(2461,'Inherited','Inherited',276),(2462,'Inherited','Inherited',276),(2463,'Inherited','Inherited',276),(2464,'Inherited','Inherited',276),(2465,'Inherited','Inherited',276),(2466,'Inherited','Inherited',276),(2467,'Inherited','Inherited',276),(2468,'Inherited','Inherited',276),(2469,'Inherited','Inherited',276),(2470,'Inherited','Inherited',276),(2471,'Inherited','Inherited',276),(2472,'Inherited','Inherited',276),(2473,'Inherited','Inherited',276),(2474,'Inherited','Inherited',276),(2475,'Inherited','Inherited',276),(2476,'Inherited','Inherited',276),(2477,'Inherited','Inherited',276),(2478,'Inherited','Inherited',276),(2479,'Inherited','Inherited',276),(2480,'Inherited','Inherited',276),(2481,'Inherited','Inherited',276),(2482,'Inherited','Inherited',276),(2483,'NOT_SEARCHABLE','NOT_SEARCHABLE',277),(2484,'NOT_VIEWABLE','NOT_VIEWABLE',277),(2485,'Inherited','Inherited',277),(2486,'Inherited','Inherited',277),(2487,'Inherited','Inherited',277),(2488,'Inherited','Inherited',277),(2489,'Inherited','Inherited',277),(2490,'Inherited','Inherited',277),(2491,'Inherited','Inherited',277),(2492,'Inherited','Inherited',277),(2493,'Inherited','Inherited',277),(2494,'Inherited','Inherited',277),(2495,'Inherited','Inherited',277),(2496,'Inherited','Inherited',277),(2497,'Inherited','Inherited',277),(2498,'Inherited','Inherited',277),(2499,'Inherited','Inherited',277),(2500,'Inherited','Inherited',277),(2501,'Inherited','Inherited',277),(2502,'Inherited','Inherited',277),(2503,'Inherited','Inherited',277),(2504,'Inherited','Inherited',277),(2505,'Inherited','Inherited',277),(2506,'Inherited','Inherited',277),(2507,'Inherited','Inherited',277),(2508,'Inherited','Inherited',277),(2509,'Inherited','Inherited',277),(2510,'Inherited','Inherited',277),(2511,'PV_FILTER','synonym like ''T_HL7_U_0130^% ''',284),(2512,'PV_VIEW','MED_LOOKUP_VIEW',284),(2513,'DEFAULT_CONDITION','In!=!FACILITY_ID',285),(2514,'Inherited','Inherited',285),(2515,'Inherited','Inherited',285),(2516,'Inherited','Inherited',285),(2517,'Inherited','Inherited',285),(2518,'Inherited','Inherited',285),(2519,'Inherited','Inherited',285),(2520,'Inherited','Inherited',285),(2521,'Inherited','Inherited',285),(2522,'Inherited','Inherited',285),(2523,'Inherited','Inherited',285),(2524,'Inherited','Inherited',285),(2525,'Inherited','Inherited',285),(2526,'Inherited','Inherited',285),(2527,'Inherited','Inherited',285),(2528,'Inherited','Inherited',285),(2529,'Inherited','Inherited',285),(2530,'Inherited','Inherited',285),(2531,'Inherited','Inherited',285),(2532,'Inherited','Inherited',285),(2533,'Inherited','Inherited',285),(2534,'Inherited','Inherited',285),(2535,'Inherited','Inherited',285),(2536,'Inherited','Inherited',285),(2537,'Inherited','Inherited',285),(2538,'VI_HIDDEN','VI_HIDDEN',285),(2539,'VI_IGNORE_PREDICATE','VI_IGNORE_PREDICATE',286),(2540,'Inherited','Inherited',286),(2541,'Inherited','Inherited',286),(2542,'Inherited','Inherited',286),(2543,'Inherited','Inherited',286),(2544,'Inherited','Inherited',286),(2545,'Inherited','Inherited',286),(2546,'Inherited','Inherited',286),(2547,'Inherited','Inherited',286),(2548,'Inherited','Inherited',286),(2549,'Inherited','Inherited',286),(2550,'Inherited','Inherited',286),(2551,'Inherited','Inherited',286),(2552,'Inherited','Inherited',286),(2553,'Inherited','Inherited',286),(2554,'Inherited','Inherited',286),(2555,'Inherited','Inherited',286),(2556,'Inherited','Inherited',286),(2557,'Inherited','Inherited',286),(2558,'Inherited','Inherited',286),(2559,'Inherited','Inherited',286),(2560,'Inherited','Inherited',286),(2561,'Inherited','Inherited',286),(2562,'Inherited','Inherited',286),(2563,'Inherited','Inherited',286),(2564,'PREDEFINED_VIEW','PREDEFINED_VIEW',286),(2565,'NOT_SEARCHABLE','NOT_SEARCHABLE',287),(2566,'Inherited','Inherited',287),(2567,'Inherited','Inherited',287),(2568,'Inherited','Inherited',287),(2569,'Inherited','Inherited',287),(2570,'Inherited','Inherited',287),(2571,'Inherited','Inherited',287),(2572,'Inherited','Inherited',287),(2573,'Inherited','Inherited',287),(2574,'Inherited','Inherited',287),(2575,'Inherited','Inherited',287),(2576,'Inherited','Inherited',287),(2577,'Inherited','Inherited',287),(2578,'Inherited','Inherited',287),(2579,'Inherited','Inherited',287),(2580,'Inherited','Inherited',287),(2581,'Inherited','Inherited',287),(2582,'Inherited','Inherited',287),(2583,'Inherited','Inherited',287),(2584,'Inherited','Inherited',287),(2585,'Inherited','Inherited',287),(2586,'Inherited','Inherited',287),(2587,'Inherited','Inherited',287),(2588,'Inherited','Inherited',287),(2589,'Inherited','Inherited',287),(2590,'NOT_VIEWABLE','NOT_VIEWABLE',287),(2591,'PV_FILTER','synonym like ''T_HL7_Z_0003^%''',289),(2592,'PV_VIEW','MED_LOOKUP_VIEW',289),(2593,'Inherited','Inherited',290),(2594,'Inherited','Inherited',290),(2595,'Inherited','Inherited',290),(2596,'Inherited','Inherited',290),(2597,'Inherited','Inherited',290),(2598,'Inherited','Inherited',290),(2599,'Inherited','Inherited',290),(2600,'Inherited','Inherited',290),(2601,'Inherited','Inherited',290),(2602,'Inherited','Inherited',290),(2603,'Inherited','Inherited',290),(2604,'Inherited','Inherited',290),(2605,'Inherited','Inherited',290),(2606,'Inherited','Inherited',290),(2607,'Inherited','Inherited',290),(2608,'Inherited','Inherited',290),(2609,'Inherited','Inherited',290),(2610,'Inherited','Inherited',290),(2611,'Inherited','Inherited',290),(2612,'Inherited','Inherited',290),(2613,'Inherited','Inherited',290),(2614,'Inherited','Inherited',290),(2615,'Inherited','Inherited',290),(2616,'VI_HIDDEN','VI_HIDDEN',290),(2617,'DEFAULT_CONDITION','In!=!FACILITY_ID',290),(2618,'Inherited','Inherited',291),(2619,'Inherited','Inherited',291),(2620,'Inherited','Inherited',291),(2621,'Inherited','Inherited',291),(2622,'Inherited','Inherited',291),(2623,'Inherited','Inherited',291),(2624,'Inherited','Inherited',291),(2625,'Inherited','Inherited',291),(2626,'Inherited','Inherited',291),(2627,'Inherited','Inherited',291),(2628,'Inherited','Inherited',291),(2629,'Inherited','Inherited',291),(2630,'Inherited','Inherited',291),(2631,'Inherited','Inherited',291),(2632,'Inherited','Inherited',291),(2633,'Inherited','Inherited',291),(2634,'Inherited','Inherited',291),(2635,'Inherited','Inherited',291),(2636,'Inherited','Inherited',291),(2637,'Inherited','Inherited',291),(2638,'Inherited','Inherited',291),(2639,'Inherited','Inherited',291),(2640,'Inherited','Inherited',291),(2641,'PREDEFINED_VIEW','PREDEFINED_VIEW',291),(2642,'VI_IGNORE_PREDICATE','VI_IGNORE_PREDICATE',291),(2643,'Inherited','Inherited',292),(2644,'Inherited','Inherited',292),(2645,'Inherited','Inherited',292),(2646,'Inherited','Inherited',292),(2647,'Inherited','Inherited',292),(2648,'Inherited','Inherited',292),(2649,'Inherited','Inherited',292),(2650,'Inherited','Inherited',292),(2651,'Inherited','Inherited',292),(2652,'Inherited','Inherited',292),(2653,'Inherited','Inherited',292),(2654,'Inherited','Inherited',292),(2655,'Inherited','Inherited',292),(2656,'Inherited','Inherited',292),(2657,'Inherited','Inherited',292),(2658,'Inherited','Inherited',292),(2659,'Inherited','Inherited',292),(2660,'Inherited','Inherited',292),(2661,'Inherited','Inherited',292),(2662,'Inherited','Inherited',292),(2663,'Inherited','Inherited',292),(2664,'Inherited','Inherited',292),(2665,'Inherited','Inherited',292),(2666,'NOT_VIEWABLE','NOT_VIEWABLE',292),(2667,'NOT_SEARCHABLE','NOT_SEARCHABLE',292),(2668,'PV_FILTER','synonym like ''T_HL7_L_0007^%''',294),(2669,'PV_VIEW','MED_LOOKUP_VIEW',294),(2670,'DEFAULT_CONDITION','In!=!FACILITY_ID',295),(2671,'VI_HIDDEN','VI_HIDDEN',295),(2672,'Inherited','Inherited',295),(2673,'Inherited','Inherited',295),(2674,'Inherited','Inherited',295),(2675,'Inherited','Inherited',295),(2676,'Inherited','Inherited',295),(2677,'Inherited','Inherited',295),(2678,'Inherited','Inherited',295),(2679,'Inherited','Inherited',295),(2680,'Inherited','Inherited',295),(2681,'Inherited','Inherited',295),(2682,'Inherited','Inherited',295),(2683,'Inherited','Inherited',295),(2684,'Inherited','Inherited',295),(2685,'Inherited','Inherited',295),(2686,'Inherited','Inherited',295),(2687,'Inherited','Inherited',295),(2688,'Inherited','Inherited',295),(2689,'Inherited','Inherited',295),(2690,'Inherited','Inherited',295),(2691,'Inherited','Inherited',295),(2692,'Inherited','Inherited',295),(2693,'Inherited','Inherited',295),(2694,'VI_IGNORE_PREDICATE','VI_IGNORE_PREDICATE',296),(2695,'PREDEFINED_VIEW','PREDEFINED_VIEW',296),(2696,'Inherited','Inherited',296),(2697,'Inherited','Inherited',296),(2698,'Inherited','Inherited',296),(2699,'Inherited','Inherited',296),(2700,'Inherited','Inherited',296),(2701,'Inherited','Inherited',296),(2702,'Inherited','Inherited',296),(2703,'Inherited','Inherited',296),(2704,'Inherited','Inherited',296),(2705,'Inherited','Inherited',296),(2706,'Inherited','Inherited',296),(2707,'Inherited','Inherited',296),(2708,'Inherited','Inherited',296),(2709,'Inherited','Inherited',296),(2710,'Inherited','Inherited',296),(2711,'Inherited','Inherited',296),(2712,'Inherited','Inherited',296),(2713,'Inherited','Inherited',296),(2714,'Inherited','Inherited',296),(2715,'Inherited','Inherited',296),(2716,'Inherited','Inherited',296),(2717,'Inherited','Inherited',296),(2718,'NOT_SEARCHABLE','NOT_SEARCHABLE',297),(2719,'NOT_VIEWABLE','NOT_VIEWABLE',297),(2720,'Inherited','Inherited',297),(2721,'Inherited','Inherited',297),(2722,'Inherited','Inherited',297),(2723,'Inherited','Inherited',297),(2724,'Inherited','Inherited',297),(2725,'Inherited','Inherited',297),(2726,'Inherited','Inherited',297),(2727,'Inherited','Inherited',297),(2728,'Inherited','Inherited',297),(2729,'Inherited','Inherited',297),(2730,'Inherited','Inherited',297),(2731,'Inherited','Inherited',297),(2732,'Inherited','Inherited',297),(2733,'Inherited','Inherited',297),(2734,'Inherited','Inherited',297),(2735,'Inherited','Inherited',297),(2736,'Inherited','Inherited',297),(2737,'Inherited','Inherited',297),(2738,'Inherited','Inherited',297),(2739,'Inherited','Inherited',297),(2740,'Inherited','Inherited',297),(2741,'Inherited','Inherited',297),(2742,'PREDEFINED_VIEW','PREDEFINED_VIEW',307),(2743,'DEFAULT_CONDITION','Less than or Equal to!=!CURRENT_DATE',308),(2744,'NOT_VIEWABLE','NOT_VIEWABLE',308),(2745,'NOT_SEARCHABLE','NOT_SEARCHABLE',308),(2746,'DEFAULT_CONDITION','Greater than or Equal to!=!CURRENT_DATE',309),(2747,'NOT_SEARCHABLE','NOT_SEARCHABLE',309),(2748,'NOT_VIEWABLE','NOT_VIEWABLE',309),(2749,'PREDEFINED_VIEW','PREDEFINED_VIEW',310),(2750,'PREDEFINED_VIEW','PREDEFINED_VIEW',311),(2751,'PREDEFINED_VIEW','PREDEFINED_VIEW',319),(2752,'PV_FILTER','synonym like ''T_HL7_U_0004^%''',319),(2753,'PV_VIEW','MED_LOOKUP_VIEW',319),(2754,'DEFAULT_CONDITION','In!=!FACILITY_ID',320),(2755,'VI_HIDDEN','VI_HIDDEN',320),(2756,'Inherited','Inherited',320),(2757,'Inherited','Inherited',320),(2758,'VI_IGNORE_PREDICATE','VI_IGNORE_PREDICATE',321),(2759,'PREDEFINED_VIEW','PREDEFINED_VIEW',321),(2760,'Inherited','Inherited',321),(2761,'Inherited','Inherited',321),(2762,'NOT_SEARCHABLE','NOT_SEARCHABLE',322),(2763,'NOT_VIEWABLE','NOT_VIEWABLE',322),(2764,'Inherited','Inherited',322),(2765,'Inherited','Inherited',322),(2766,'PV_FILTER','synonym like ''99703^%''',324),(2767,'PV_VIEW','MED_LOOKUP_VIEW',324),(2768,'DEFAULT_CONDITION','In!=!FACILITY_ID',325),(2769,'VI_HIDDEN','VI_HIDDEN',325),(2770,'Inherited','Inherited',325),(2771,'Inherited','Inherited',325),(2772,'Inherited','Inherited',325),(2773,'VI_IGNORE_PREDICATE','VI_IGNORE_PREDICATE',326),(2774,'PREDEFINED_VIEW','PREDEFINED_VIEW',326),(2775,'Inherited','Inherited',326),(2776,'Inherited','Inherited',326),(2777,'Inherited','Inherited',326),(2778,'NOT_SEARCHABLE','NOT_SEARCHABLE',327),(2779,'NOT_VIEWABLE','NOT_VIEWABLE',327),(2780,'Inherited','Inherited',327),(2781,'Inherited','Inherited',327),(2782,'Inherited','Inherited',327),(2783,'NOT_SEARCHABLE','NOT_SEARCHABLE',329),(2784,'PV_FILTER','synonym like ''T_HL7_U_0052^%''',330),(2785,'PV_VIEW','MED_LOOKUP_VIEW',330),(2786,'DEFAULT_CONDITION','In!=!FACILITY_ID',331),(2787,'VI_HIDDEN','VI_HIDDEN',331),(2788,'Inherited','Inherited',331),(2789,'Inherited','Inherited',331),(2790,'Inherited','Inherited',331),(2791,'Inherited','Inherited',331),(2792,'Inherited','Inherited',331),(2793,'Inherited','Inherited',331),(2794,'Inherited','Inherited',331),(2795,'Inherited','Inherited',331),(2796,'Inherited','Inherited',331),(2797,'Inherited','Inherited',331),(2798,'Inherited','Inherited',331),(2799,'Inherited','Inherited',331),(2800,'Inherited','Inherited',331),(2801,'Inherited','Inherited',331),(2802,'VI_IGNORE_PREDICATE','VI_IGNORE_PREDICATE',332),(2803,'PREDEFINED_VIEW','PREDEFINED_VIEW',332),(2804,'Inherited','Inherited',332),(2805,'Inherited','Inherited',332),(2806,'Inherited','Inherited',332),(2807,'Inherited','Inherited',332),(2808,'Inherited','Inherited',332),(2809,'Inherited','Inherited',332),(2810,'Inherited','Inherited',332),(2811,'Inherited','Inherited',332),(2812,'Inherited','Inherited',332),(2813,'Inherited','Inherited',332),(2814,'Inherited','Inherited',332),(2815,'Inherited','Inherited',332),(2816,'Inherited','Inherited',332),(2817,'Inherited','Inherited',332),(2818,'NOT_SEARCHABLE','NOT_SEARCHABLE',333),(2819,'NOT_VIEWABLE','NOT_VIEWABLE',333),(2820,'Inherited','Inherited',333),(2821,'Inherited','Inherited',333),(2822,'Inherited','Inherited',333),(2823,'Inherited','Inherited',333),(2824,'Inherited','Inherited',333),(2825,'Inherited','Inherited',333),(2826,'Inherited','Inherited',333),(2827,'Inherited','Inherited',333),(2828,'Inherited','Inherited',333),(2829,'Inherited','Inherited',333),(2830,'Inherited','Inherited',333),(2831,'Inherited','Inherited',333),(2832,'Inherited','Inherited',333),(2833,'Inherited','Inherited',333),(2834,'PV_FILTER','synonym like ''T_HL7_U_0053^%''',335),(2835,'PV_VIEW','MED_LOOKUP_VIEW',335),(2836,'DEFAULT_CONDITION','In!=!FACILITY_ID',336),(2837,'VI_HIDDEN','VI_HIDDEN',336),(2838,'Inherited','Inherited',336),(2839,'Inherited','Inherited',336),(2840,'Inherited','Inherited',336),(2841,'Inherited','Inherited',336),(2842,'Inherited','Inherited',336),(2843,'Inherited','Inherited',336),(2844,'Inherited','Inherited',336),(2845,'Inherited','Inherited',336),(2846,'Inherited','Inherited',336),(2847,'Inherited','Inherited',336),(2848,'Inherited','Inherited',336),(2849,'Inherited','Inherited',336),(2850,'Inherited','Inherited',336),(2851,'VI_IGNORE_PREDICATE','VI_IGNORE_PREDICATE',337),(2852,'PREDEFINED_VIEW','PREDEFINED_VIEW',337),(2853,'Inherited','Inherited',337),(2854,'Inherited','Inherited',337),(2855,'Inherited','Inherited',337),(2856,'Inherited','Inherited',337),(2857,'Inherited','Inherited',337),(2858,'Inherited','Inherited',337),(2859,'Inherited','Inherited',337),(2860,'Inherited','Inherited',337),(2861,'Inherited','Inherited',337),(2862,'Inherited','Inherited',337),(2863,'Inherited','Inherited',337),(2864,'Inherited','Inherited',337),(2865,'Inherited','Inherited',337),(2866,'NOT_SEARCHABLE','NOT_SEARCHABLE',338),(2867,'NOT_VIEWABLE','NOT_VIEWABLE',338),(2868,'Inherited','Inherited',338),(2869,'Inherited','Inherited',338),(2870,'Inherited','Inherited',338),(2871,'Inherited','Inherited',338),(2872,'Inherited','Inherited',338),(2873,'Inherited','Inherited',338),(2874,'Inherited','Inherited',338),(2875,'Inherited','Inherited',338),(2876,'Inherited','Inherited',338),(2877,'Inherited','Inherited',338),(2878,'Inherited','Inherited',338),(2879,'Inherited','Inherited',338),(2880,'Inherited','Inherited',338),(2881,'PV_FILTER','synonym like ''99600^%''',340),(2882,'PV_VIEW','MED_LOOKUP_VIEW',340),(2883,'DEFAULT_CONDITION','In!=!FACILITY_ID',341),(2884,'VI_HIDDEN','VI_HIDDEN',341),(2885,'Inherited','Inherited',341),(2886,'Inherited','Inherited',341),(2887,'Inherited','Inherited',341),(2888,'Inherited','Inherited',341),(2889,'Inherited','Inherited',341),(2890,'Inherited','Inherited',341),(2891,'Inherited','Inherited',341),(2892,'Inherited','Inherited',341),(2893,'Inherited','Inherited',341),(2894,'Inherited','Inherited',341),(2895,'VI_IGNORE_PREDICATE','VI_IGNORE_PREDICATE',342),(2896,'PREDEFINED_VIEW','PREDEFINED_VIEW',342),(2897,'Inherited','Inherited',342),(2898,'Inherited','Inherited',342),(2899,'Inherited','Inherited',342),(2900,'Inherited','Inherited',342),(2901,'Inherited','Inherited',342),(2902,'Inherited','Inherited',342),(2903,'Inherited','Inherited',342),(2904,'Inherited','Inherited',342),(2905,'Inherited','Inherited',342),(2906,'Inherited','Inherited',342),(2907,'NOT_SEARCHABLE','NOT_SEARCHABLE',343),(2908,'NOT_VIEWABLE','NOT_VIEWABLE',343),(2909,'Inherited','Inherited',343),(2910,'Inherited','Inherited',343),(2911,'Inherited','Inherited',343),(2912,'Inherited','Inherited',343),(2913,'Inherited','Inherited',343),(2914,'Inherited','Inherited',343),(2915,'Inherited','Inherited',343),(2916,'Inherited','Inherited',343),(2917,'Inherited','Inherited',343),(2918,'Inherited','Inherited',343),(2919,'PV_FILTER','synonym like ''T_HL7_Z_0003^%''',350),(2920,'PV_VIEW','MED_LOOKUP_VIEW',350),(2921,'DEFAULT_CONDITION','In!=!FACILITY_ID',351),(2922,'VI_HIDDEN','VI_HIDDEN',351),(2923,'Inherited','Inherited',351),(2924,'Inherited','Inherited',351),(2925,'Inherited','Inherited',351),(2926,'Inherited','Inherited',351),(2927,'Inherited','Inherited',351),(2928,'Inherited','Inherited',351),(2929,'Inherited','Inherited',351),(2930,'VI_IGNORE_PREDICATE','VI_IGNORE_PREDICATE',352),(2931,'PREDEFINED_VIEW','PREDEFINED_VIEW',352),(2932,'Inherited','Inherited',352),(2933,'Inherited','Inherited',352),(2934,'Inherited','Inherited',352),(2935,'Inherited','Inherited',352),(2936,'Inherited','Inherited',352),(2937,'Inherited','Inherited',352),(2938,'Inherited','Inherited',352),(2939,'NOT_SEARCHABLE','NOT_SEARCHABLE',353),(2940,'NOT_VIEWABLE','NOT_VIEWABLE',353),(2941,'Inherited','Inherited',353),(2942,'Inherited','Inherited',353),(2943,'Inherited','Inherited',353),(2944,'Inherited','Inherited',353),(2945,'Inherited','Inherited',353),(2946,'Inherited','Inherited',353),(2947,'Inherited','Inherited',353),(2948,'PREDEFINED_VIEW','PREDEFINED_VIEW',355),(2949,'PV_FILTER','synonym like ''T_HL7_U_0112^%''',355),(2950,'PV_VIEW','MED_LOOKUP_VIEW',355),(2951,'Inherited','Inherited',356),(2952,'Inherited','Inherited',356),(2953,'Inherited','Inherited',356),(2954,'Inherited','Inherited',356),(2955,'Inherited','Inherited',356),(2956,'Inherited','Inherited',356),(2957,'Inherited','Inherited',356),(2958,'Inherited','Inherited',356),(2959,'Inherited','Inherited',356),(2960,'Inherited','Inherited',356),(2961,'Inherited','Inherited',356),(2962,'VI_HIDDEN','VI_HIDDEN',356),(2963,'DEFAULT_CONDITION','In!=!FACILITY_ID',356),(2964,'Inherited','Inherited',357),(2965,'Inherited','Inherited',357),(2966,'Inherited','Inherited',357),(2967,'Inherited','Inherited',357),(2968,'Inherited','Inherited',357),(2969,'Inherited','Inherited',357),(2970,'Inherited','Inherited',357),(2971,'Inherited','Inherited',357),(2972,'Inherited','Inherited',357),(2973,'Inherited','Inherited',357),(2974,'Inherited','Inherited',357),(2975,'PREDEFINED_VIEW','PREDEFINED_VIEW',357),(2976,'VI_IGNORE_PREDICATE','VI_IGNORE_PREDICATE',357),(2977,'Inherited','Inherited',358),(2978,'Inherited','Inherited',358),(2979,'Inherited','Inherited',358),(2980,'Inherited','Inherited',358),(2981,'Inherited','Inherited',358),(2982,'Inherited','Inherited',358),(2983,'Inherited','Inherited',358),(2984,'Inherited','Inherited',358),(2985,'Inherited','Inherited',358),(2986,'Inherited','Inherited',358),(2987,'Inherited','Inherited',358),(2988,'NOT_VIEWABLE','NOT_VIEWABLE',358),(2989,'NOT_SEARCHABLE','NOT_SEARCHABLE',358),(2990,'NOT_SEARCHABLE','NOT_SEARCHABLE',363),(2991,'NOT_VIEWABLE','NOT_VIEWABLE',363),(2992,'DEFAULT_CONDITION','DEFAULT_CONDITION',369),(2993,'ITABLE_ATTRIBUTES','ITABLE_ATTRIBUTES',369),(2994,'PREDEFINED_VIEW','PREDEFINED_VIEW',369),(2995,'SECURE_CONDITION','SECURE_CONDITION',369),(2996,'VERSION','VERSION',369),(2997,'PREDEFINED_VIEW','PREDEFINED_VIEW',370),(2998,'PV_FILTER','synonym like ''T_HL7_U_0189^%''',370),(2999,'PV_VIEW','MED_LOOKUP_VIEW',370),(3000,'DEFAULT_CONDITION','In!=!FACILITY_ID',371),(3001,'VI_HIDDEN','VI_HIDDEN',371),(3002,'Inherited','Inherited',371),(3003,'Inherited','Inherited',371),(3004,'Inherited','Inherited',371),(3005,'Inherited','Inherited',371),(3006,'Inherited','Inherited',371),(3007,'Inherited','Inherited',371),(3008,'Inherited','Inherited',371),(3009,'Inherited','Inherited',371),(3010,'Inherited','Inherited',371),(3011,'Inherited','Inherited',371),(3012,'Inherited','Inherited',371),(3013,'Inherited','Inherited',371),(3014,'Inherited','Inherited',371),(3015,'Inherited','Inherited',371),(3016,'Inherited','Inherited',371),(3017,'Inherited','Inherited',371),(3018,'Inherited','Inherited',371),(3019,'Inherited','Inherited',371),(3020,'Inherited','Inherited',371),(3021,'Inherited','Inherited',371),(3022,'Inherited','Inherited',371),(3023,'Inherited','Inherited',371),(3024,'Inherited','Inherited',371),(3025,'Inherited','Inherited',371),(3026,'Inherited','Inherited',371),(3027,'Inherited','Inherited',371),(3028,'Inherited','Inherited',371),(3029,'Inherited','Inherited',371),(3030,'Inherited','Inherited',371),(3031,'Inherited','Inherited',371),(3032,'Inherited','Inherited',371),(3033,'Inherited','Inherited',371),(3034,'Inherited','Inherited',371),(3035,'Inherited','Inherited',371),(3036,'Inherited','Inherited',371),(3037,'Inherited','Inherited',371),(3038,'Inherited','Inherited',371),(3039,'Inherited','Inherited',371),(3040,'Inherited','Inherited',371),(3041,'Inherited','Inherited',371),(3042,'Inherited','Inherited',371),(3043,'Inherited','Inherited',371),(3044,'Inherited','Inherited',371),(3045,'VI_IGNORE_PREDICATE','VI_IGNORE_PREDICATE',372),(3046,'PREDEFINED_VIEW','PREDEFINED_VIEW',372),(3047,'Inherited','Inherited',372),(3048,'Inherited','Inherited',372),(3049,'Inherited','Inherited',372),(3050,'Inherited','Inherited',372),(3051,'Inherited','Inherited',372),(3052,'Inherited','Inherited',372),(3053,'Inherited','Inherited',372),(3054,'Inherited','Inherited',372),(3055,'Inherited','Inherited',372),(3056,'Inherited','Inherited',372),(3057,'Inherited','Inherited',372),(3058,'Inherited','Inherited',372),(3059,'Inherited','Inherited',372),(3060,'Inherited','Inherited',372),(3061,'Inherited','Inherited',372),(3062,'Inherited','Inherited',372),(3063,'Inherited','Inherited',372),(3064,'Inherited','Inherited',372),(3065,'Inherited','Inherited',372),(3066,'Inherited','Inherited',372),(3067,'Inherited','Inherited',372),(3068,'Inherited','Inherited',372),(3069,'Inherited','Inherited',372),(3070,'Inherited','Inherited',372),(3071,'Inherited','Inherited',372),(3072,'Inherited','Inherited',372),(3073,'Inherited','Inherited',372),(3074,'Inherited','Inherited',372),(3075,'Inherited','Inherited',372),(3076,'Inherited','Inherited',372),(3077,'Inherited','Inherited',372),(3078,'Inherited','Inherited',372),(3079,'Inherited','Inherited',372),(3080,'Inherited','Inherited',372),(3081,'Inherited','Inherited',372),(3082,'Inherited','Inherited',372),(3083,'Inherited','Inherited',372),(3084,'Inherited','Inherited',372),(3085,'Inherited','Inherited',372),(3086,'Inherited','Inherited',372),(3087,'Inherited','Inherited',372),(3088,'Inherited','Inherited',372),(3089,'Inherited','Inherited',372),(3090,'NOT_SEARCHABLE','NOT_SEARCHABLE',373),(3091,'NOT_VIEWABLE','NOT_VIEWABLE',373),(3092,'Inherited','Inherited',373),(3093,'Inherited','Inherited',373),(3094,'Inherited','Inherited',373),(3095,'Inherited','Inherited',373),(3096,'Inherited','Inherited',373),(3097,'Inherited','Inherited',373),(3098,'Inherited','Inherited',373),(3099,'Inherited','Inherited',373),(3100,'Inherited','Inherited',373),(3101,'Inherited','Inherited',373),(3102,'Inherited','Inherited',373),(3103,'Inherited','Inherited',373),(3104,'Inherited','Inherited',373),(3105,'Inherited','Inherited',373),(3106,'Inherited','Inherited',373),(3107,'Inherited','Inherited',373),(3108,'Inherited','Inherited',373),(3109,'Inherited','Inherited',373),(3110,'Inherited','Inherited',373),(3111,'Inherited','Inherited',373),(3112,'Inherited','Inherited',373),(3113,'Inherited','Inherited',373),(3114,'Inherited','Inherited',373),(3115,'Inherited','Inherited',373),(3116,'Inherited','Inherited',373),(3117,'Inherited','Inherited',373),(3118,'Inherited','Inherited',373),(3119,'Inherited','Inherited',373),(3120,'Inherited','Inherited',373),(3121,'Inherited','Inherited',373),(3122,'Inherited','Inherited',373),(3123,'Inherited','Inherited',373),(3124,'Inherited','Inherited',373),(3125,'Inherited','Inherited',373),(3126,'Inherited','Inherited',373),(3127,'Inherited','Inherited',373),(3128,'Inherited','Inherited',373),(3129,'Inherited','Inherited',373),(3130,'Inherited','Inherited',373),(3131,'Inherited','Inherited',373),(3132,'Inherited','Inherited',373),(3133,'Inherited','Inherited',373),(3134,'Inherited','Inherited',373),(3135,'PREDEFINED_VIEW','PREDEFINED_VIEW',375),(3136,'PV_FILTER','synonym like ''T_HL7_S_0001^%''',375),(3137,'PV_VIEW','MED_LOOKUP_VIEW',375),(3138,'DEFAULT_CONDITION','In!=!FACILITY_ID',376),(3139,'VI_HIDDEN','VI_HIDDEN',376),(3140,'Inherited','Inherited',376),(3141,'Inherited','Inherited',376),(3142,'Inherited','Inherited',376),(3143,'Inherited','Inherited',376),(3144,'Inherited','Inherited',376),(3145,'Inherited','Inherited',376),(3146,'Inherited','Inherited',376),(3147,'Inherited','Inherited',376),(3148,'Inherited','Inherited',376),(3149,'Inherited','Inherited',376),(3150,'Inherited','Inherited',376),(3151,'Inherited','Inherited',376),(3152,'Inherited','Inherited',376),(3153,'Inherited','Inherited',376),(3154,'Inherited','Inherited',376),(3155,'Inherited','Inherited',376),(3156,'Inherited','Inherited',376),(3157,'Inherited','Inherited',376),(3158,'Inherited','Inherited',376),(3159,'Inherited','Inherited',376),(3160,'Inherited','Inherited',376),(3161,'Inherited','Inherited',376),(3162,'Inherited','Inherited',376),(3163,'Inherited','Inherited',376),(3164,'Inherited','Inherited',376),(3165,'Inherited','Inherited',376),(3166,'Inherited','Inherited',376),(3167,'Inherited','Inherited',376),(3168,'Inherited','Inherited',376),(3169,'Inherited','Inherited',376),(3170,'Inherited','Inherited',376),(3171,'Inherited','Inherited',376),(3172,'Inherited','Inherited',376),(3173,'VI_IGNORE_PREDICATE','VI_IGNORE_PREDICATE',377),(3174,'PREDEFINED_VIEW','PREDEFINED_VIEW',377),(3175,'Inherited','Inherited',377),(3176,'Inherited','Inherited',377),(3177,'Inherited','Inherited',377),(3178,'Inherited','Inherited',377),(3179,'Inherited','Inherited',377),(3180,'Inherited','Inherited',377),(3181,'Inherited','Inherited',377),(3182,'Inherited','Inherited',377),(3183,'Inherited','Inherited',377),(3184,'Inherited','Inherited',377),(3185,'Inherited','Inherited',377),(3186,'Inherited','Inherited',377),(3187,'Inherited','Inherited',377),(3188,'Inherited','Inherited',377),(3189,'Inherited','Inherited',377),(3190,'Inherited','Inherited',377),(3191,'Inherited','Inherited',377),(3192,'Inherited','Inherited',377),(3193,'Inherited','Inherited',377),(3194,'Inherited','Inherited',377),(3195,'Inherited','Inherited',377),(3196,'Inherited','Inherited',377),(3197,'Inherited','Inherited',377),(3198,'Inherited','Inherited',377),(3199,'Inherited','Inherited',377),(3200,'Inherited','Inherited',377),(3201,'Inherited','Inherited',377),(3202,'Inherited','Inherited',377),(3203,'Inherited','Inherited',377),(3204,'Inherited','Inherited',377),(3205,'Inherited','Inherited',377),(3206,'Inherited','Inherited',377),(3207,'Inherited','Inherited',377),(3208,'NOT_SEARCHABLE','NOT_SEARCHABLE',378),(3209,'NOT_VIEWABLE','NOT_VIEWABLE',378),(3210,'Inherited','Inherited',378),(3211,'Inherited','Inherited',378),(3212,'Inherited','Inherited',378),(3213,'Inherited','Inherited',378),(3214,'Inherited','Inherited',378),(3215,'Inherited','Inherited',378),(3216,'Inherited','Inherited',378),(3217,'Inherited','Inherited',378),(3218,'Inherited','Inherited',378),(3219,'Inherited','Inherited',378),(3220,'Inherited','Inherited',378),(3221,'Inherited','Inherited',378),(3222,'Inherited','Inherited',378),(3223,'Inherited','Inherited',378),(3224,'Inherited','Inherited',378),(3225,'Inherited','Inherited',378),(3226,'Inherited','Inherited',378),(3227,'Inherited','Inherited',378),(3228,'Inherited','Inherited',378),(3229,'Inherited','Inherited',378),(3230,'Inherited','Inherited',378),(3231,'Inherited','Inherited',378),(3232,'Inherited','Inherited',378),(3233,'Inherited','Inherited',378),(3234,'Inherited','Inherited',378),(3235,'Inherited','Inherited',378),(3236,'Inherited','Inherited',378),(3237,'Inherited','Inherited',378),(3238,'Inherited','Inherited',378),(3239,'Inherited','Inherited',378),(3240,'Inherited','Inherited',378),(3241,'Inherited','Inherited',378),(3242,'Inherited','Inherited',378),(3243,'PV_FILTER','synonym like ''T_HL7_Z_0002^%''',380),(3244,'PV_VIEW','MED_LOOKUP_VIEW',380),(3245,'DEFAULT_CONDITION','In!=!FACILITY_ID',381),(3246,'VI_HIDDEN','VI_HIDDEN',381),(3247,'Inherited','Inherited',381),(3248,'Inherited','Inherited',381),(3249,'Inherited','Inherited',381),(3250,'Inherited','Inherited',381),(3251,'Inherited','Inherited',381),(3252,'Inherited','Inherited',381),(3253,'Inherited','Inherited',381),(3254,'Inherited','Inherited',381),(3255,'Inherited','Inherited',381),(3256,'Inherited','Inherited',381),(3257,'Inherited','Inherited',381),(3258,'Inherited','Inherited',381),(3259,'Inherited','Inherited',381),(3260,'Inherited','Inherited',381),(3261,'Inherited','Inherited',381),(3262,'Inherited','Inherited',381),(3263,'Inherited','Inherited',381),(3264,'Inherited','Inherited',381),(3265,'Inherited','Inherited',381),(3266,'Inherited','Inherited',381),(3267,'Inherited','Inherited',381),(3268,'Inherited','Inherited',381),(3269,'Inherited','Inherited',381),(3270,'Inherited','Inherited',381),(3271,'Inherited','Inherited',381),(3272,'Inherited','Inherited',381),(3273,'Inherited','Inherited',381),(3274,'Inherited','Inherited',381),(3275,'Inherited','Inherited',381),(3276,'Inherited','Inherited',381),(3277,'Inherited','Inherited',381),(3278,'VI_IGNORE_PREDICATE','VI_IGNORE_PREDICATE',382),(3279,'PREDEFINED_VIEW','PREDEFINED_VIEW',382),(3280,'Inherited','Inherited',382),(3281,'Inherited','Inherited',382),(3282,'Inherited','Inherited',382),(3283,'Inherited','Inherited',382),(3284,'Inherited','Inherited',382),(3285,'Inherited','Inherited',382),(3286,'Inherited','Inherited',382),(3287,'Inherited','Inherited',382),(3288,'Inherited','Inherited',382),(3289,'Inherited','Inherited',382),(3290,'Inherited','Inherited',382),(3291,'Inherited','Inherited',382),(3292,'Inherited','Inherited',382),(3293,'Inherited','Inherited',382),(3294,'Inherited','Inherited',382),(3295,'Inherited','Inherited',382),(3296,'Inherited','Inherited',382),(3297,'Inherited','Inherited',382),(3298,'Inherited','Inherited',382),(3299,'Inherited','Inherited',382),(3300,'Inherited','Inherited',382),(3301,'Inherited','Inherited',382),(3302,'Inherited','Inherited',382),(3303,'Inherited','Inherited',382),(3304,'Inherited','Inherited',382),(3305,'Inherited','Inherited',382),(3306,'Inherited','Inherited',382),(3307,'Inherited','Inherited',382),(3308,'Inherited','Inherited',382),(3309,'Inherited','Inherited',382),(3310,'Inherited','Inherited',382),(3311,'NOT_SEARCHABLE','NOT_SEARCHABLE',383),(3312,'NOT_VIEWABLE','NOT_VIEWABLE',383),(3313,'Inherited','Inherited',383),(3314,'Inherited','Inherited',383),(3315,'Inherited','Inherited',383),(3316,'Inherited','Inherited',383),(3317,'Inherited','Inherited',383),(3318,'Inherited','Inherited',383),(3319,'Inherited','Inherited',383),(3320,'Inherited','Inherited',383),(3321,'Inherited','Inherited',383),(3322,'Inherited','Inherited',383),(3323,'Inherited','Inherited',383),(3324,'Inherited','Inherited',383),(3325,'Inherited','Inherited',383),(3326,'Inherited','Inherited',383),(3327,'Inherited','Inherited',383),(3328,'Inherited','Inherited',383),(3329,'Inherited','Inherited',383),(3330,'Inherited','Inherited',383),(3331,'Inherited','Inherited',383),(3332,'Inherited','Inherited',383),(3333,'Inherited','Inherited',383),(3334,'Inherited','Inherited',383),(3335,'Inherited','Inherited',383),(3336,'Inherited','Inherited',383),(3337,'Inherited','Inherited',383),(3338,'Inherited','Inherited',383),(3339,'Inherited','Inherited',383),(3340,'Inherited','Inherited',383),(3341,'Inherited','Inherited',383),(3342,'Inherited','Inherited',383),(3343,'Inherited','Inherited',383),(3344,'PREDEFINED_VIEW','PREDEFINED_VIEW',385),(3345,'PV_FILTER','synonym like ''T_HL7_U_0006^%''',385),(3346,'PV_VIEW','MED_LOOKUP_VIEW',385),(3347,'DEFAULT_CONDITION','In!=!FACILITY_ID',386),(3348,'VI_HIDDEN','VI_HIDDEN',386),(3349,'Inherited','Inherited',386),(3350,'Inherited','Inherited',386),(3351,'Inherited','Inherited',386),(3352,'Inherited','Inherited',386),(3353,'Inherited','Inherited',386),(3354,'Inherited','Inherited',386),(3355,'Inherited','Inherited',386),(3356,'Inherited','Inherited',386),(3357,'Inherited','Inherited',386),(3358,'Inherited','Inherited',386),(3359,'Inherited','Inherited',386),(3360,'Inherited','Inherited',386),(3361,'Inherited','Inherited',386),(3362,'Inherited','Inherited',386),(3363,'Inherited','Inherited',386),(3364,'Inherited','Inherited',386),(3365,'Inherited','Inherited',386),(3366,'Inherited','Inherited',386),(3367,'Inherited','Inherited',386),(3368,'Inherited','Inherited',386),(3369,'Inherited','Inherited',386),(3370,'Inherited','Inherited',386),(3371,'Inherited','Inherited',386),(3372,'Inherited','Inherited',386),(3373,'Inherited','Inherited',386),(3374,'Inherited','Inherited',386),(3375,'Inherited','Inherited',386),(3376,'Inherited','Inherited',386),(3377,'VI_IGNORE_PREDICATE','VI_IGNORE_PREDICATE',387),(3378,'PREDEFINED_VIEW','PREDEFINED_VIEW',387),(3379,'Inherited','Inherited',387),(3380,'Inherited','Inherited',387),(3381,'Inherited','Inherited',387),(3382,'Inherited','Inherited',387),(3383,'Inherited','Inherited',387),(3384,'Inherited','Inherited',387),(3385,'Inherited','Inherited',387),(3386,'Inherited','Inherited',387),(3387,'Inherited','Inherited',387),(3388,'Inherited','Inherited',387),(3389,'Inherited','Inherited',387),(3390,'Inherited','Inherited',387),(3391,'Inherited','Inherited',387),(3392,'Inherited','Inherited',387),(3393,'Inherited','Inherited',387),(3394,'Inherited','Inherited',387),(3395,'Inherited','Inherited',387),(3396,'Inherited','Inherited',387),(3397,'Inherited','Inherited',387),(3398,'Inherited','Inherited',387),(3399,'Inherited','Inherited',387),(3400,'Inherited','Inherited',387),(3401,'Inherited','Inherited',387),(3402,'Inherited','Inherited',387),(3403,'Inherited','Inherited',387),(3404,'Inherited','Inherited',387),(3405,'Inherited','Inherited',387),(3406,'Inherited','Inherited',387),(3407,'NOT_SEARCHABLE','NOT_SEARCHABLE',388),(3408,'NOT_VIEWABLE','NOT_VIEWABLE',388),(3409,'Inherited','Inherited',388),(3410,'Inherited','Inherited',388),(3411,'Inherited','Inherited',388),(3412,'Inherited','Inherited',388),(3413,'Inherited','Inherited',388),(3414,'Inherited','Inherited',388),(3415,'Inherited','Inherited',388),(3416,'Inherited','Inherited',388),(3417,'Inherited','Inherited',388),(3418,'Inherited','Inherited',388),(3419,'Inherited','Inherited',388),(3420,'Inherited','Inherited',388),(3421,'Inherited','Inherited',388),(3422,'Inherited','Inherited',388),(3423,'Inherited','Inherited',388),(3424,'Inherited','Inherited',388),(3425,'Inherited','Inherited',388),(3426,'Inherited','Inherited',388),(3427,'Inherited','Inherited',388),(3428,'Inherited','Inherited',388),(3429,'Inherited','Inherited',388),(3430,'Inherited','Inherited',388),(3431,'Inherited','Inherited',388),(3432,'Inherited','Inherited',388),(3433,'Inherited','Inherited',388),(3434,'Inherited','Inherited',388),(3435,'Inherited','Inherited',388),(3436,'Inherited','Inherited',388),(3437,'PREDEFINED_VIEW','PREDEFINED_VIEW',390),(3438,'PV_FILTER','synonym like ''T_HL7_U_0005^%''',390),(3439,'PV_VIEW','MED_LOOKUP_VIEW',390),(3440,'DEFAULT_CONDITION','In!=!FACILITY_ID',391),(3441,'VI_HIDDEN','VI_HIDDEN',391),(3442,'Inherited','Inherited',391),(3443,'Inherited','Inherited',391),(3444,'Inherited','Inherited',391),(3445,'Inherited','Inherited',391),(3446,'Inherited','Inherited',391),(3447,'Inherited','Inherited',391),(3448,'Inherited','Inherited',391),(3449,'Inherited','Inherited',391),(3450,'Inherited','Inherited',391),(3451,'Inherited','Inherited',391),(3452,'Inherited','Inherited',391),(3453,'Inherited','Inherited',391),(3454,'Inherited','Inherited',391),(3455,'Inherited','Inherited',391),(3456,'Inherited','Inherited',391),(3457,'Inherited','Inherited',391),(3458,'Inherited','Inherited',391),(3459,'Inherited','Inherited',391),(3460,'Inherited','Inherited',391),(3461,'Inherited','Inherited',391),(3462,'Inherited','Inherited',391),(3463,'Inherited','Inherited',391),(3464,'Inherited','Inherited',391),(3465,'Inherited','Inherited',391),(3466,'Inherited','Inherited',391),(3467,'VI_IGNORE_PREDICATE','VI_IGNORE_PREDICATE',392),(3468,'PREDEFINED_VIEW','PREDEFINED_VIEW',392),(3469,'Inherited','Inherited',392),(3470,'Inherited','Inherited',392),(3471,'Inherited','Inherited',392),(3472,'Inherited','Inherited',392),(3473,'Inherited','Inherited',392),(3474,'Inherited','Inherited',392),(3475,'Inherited','Inherited',392),(3476,'Inherited','Inherited',392),(3477,'Inherited','Inherited',392),(3478,'Inherited','Inherited',392),(3479,'Inherited','Inherited',392),(3480,'Inherited','Inherited',392),(3481,'Inherited','Inherited',392),(3482,'Inherited','Inherited',392),(3483,'Inherited','Inherited',392),(3484,'Inherited','Inherited',392),(3485,'Inherited','Inherited',392),(3486,'Inherited','Inherited',392),(3487,'Inherited','Inherited',392),(3488,'Inherited','Inherited',392),(3489,'Inherited','Inherited',392),(3490,'Inherited','Inherited',392),(3491,'Inherited','Inherited',392),(3492,'Inherited','Inherited',392),(3493,'Inherited','Inherited',392),(3494,'NOT_SEARCHABLE','NOT_SEARCHABLE',393),(3495,'NOT_VIEWABLE','NOT_VIEWABLE',393),(3496,'Inherited','Inherited',393),(3497,'Inherited','Inherited',393),(3498,'Inherited','Inherited',393),(3499,'Inherited','Inherited',393),(3500,'Inherited','Inherited',393),(3501,'Inherited','Inherited',393),(3502,'Inherited','Inherited',393),(3503,'Inherited','Inherited',393),(3504,'Inherited','Inherited',393),(3505,'Inherited','Inherited',393),(3506,'Inherited','Inherited',393),(3507,'Inherited','Inherited',393),(3508,'Inherited','Inherited',393),(3509,'Inherited','Inherited',393),(3510,'Inherited','Inherited',393),(3511,'Inherited','Inherited',393),(3512,'Inherited','Inherited',393),(3513,'Inherited','Inherited',393),(3514,'Inherited','Inherited',393),(3515,'Inherited','Inherited',393),(3516,'Inherited','Inherited',393),(3517,'Inherited','Inherited',393),(3518,'Inherited','Inherited',393),(3519,'Inherited','Inherited',393),(3520,'Inherited','Inherited',393),(3521,'PREDEFINED_VIEW','PREDEFINED_VIEW',395),(3522,'DEFAULT_CONDITION','Less than or Equal to!=!RULES_MINOR',395),(3523,'SECURE_CONDITION','Greater than or Equal to!=!AGE',395),(3524,'ITABLE_ATTRIBUTES','ITABLE_ATTRIBUTES',395),(3525,'LIMITED_PRIVILEGE','LIMITED_PRIVILEGE',398),(3526,'NOT_VIEWABLE','NOT_VIEWABLE',400),(3527,'DEFAULT_CONDITION','Less than or Equal to!=!CURRENT_DATE',400),(3528,'NOT_SEARCHABLE','NOT_SEARCHABLE',400),(3529,'NOT_VIEWABLE','NOT_VIEWABLE',401),(3530,'NOT_SEARCHABLE','NOT_SEARCHABLE',401),(3531,'DEFAULT_CONDITION','Greater than or Equal to!=!CURRENT_DATE',401),(3532,'PREDEFINED_VIEW','PREDEFINED_VIEW',412),(3533,'PV_FILTER','synonym like ''T_HL7_I_0014^%''',413),(3534,'PV_VIEW','MED_LOOKUP_VIEW',413),(3535,'Inherited','Inherited',414),(3536,'Inherited','Inherited',414),(3537,'Inherited','Inherited',414),(3538,'Inherited','Inherited',414),(3539,'Inherited','Inherited',414),(3540,'Inherited','Inherited',414),(3541,'Inherited','Inherited',414),(3542,'Inherited','Inherited',414),(3543,'Inherited','Inherited',414),(3544,'Inherited','Inherited',414),(3545,'Inherited','Inherited',414),(3546,'Inherited','Inherited',414),(3547,'Inherited','Inherited',414),(3548,'Inherited','Inherited',414),(3549,'Inherited','Inherited',414),(3550,'Inherited','Inherited',414),(3551,'Inherited','Inherited',414),(3552,'Inherited','Inherited',414),(3553,'Inherited','Inherited',414),(3554,'Inherited','Inherited',414),(3555,'Inherited','Inherited',414),(3556,'Inherited','Inherited',414),(3557,'Inherited','Inherited',414),(3558,'Inherited','Inherited',414),(3559,'Inherited','Inherited',414),(3560,'Inherited','Inherited',414),(3561,'Inherited','Inherited',414),(3562,'Inherited','Inherited',414),(3563,'Inherited','Inherited',414),(3564,'Inherited','Inherited',414),(3565,'Inherited','Inherited',414),(3566,'Inherited','Inherited',414),(3567,'Inherited','Inherited',414),(3568,'Inherited','Inherited',414),(3569,'Inherited','Inherited',414),(3570,'Inherited','Inherited',414),(3571,'Inherited','Inherited',414),(3572,'Inherited','Inherited',414),(3573,'Inherited','Inherited',414),(3574,'Inherited','Inherited',414),(3575,'Inherited','Inherited',414),(3576,'Inherited','Inherited',414),(3577,'Inherited','Inherited',414),(3578,'Inherited','Inherited',414),(3579,'Inherited','Inherited',414),(3580,'Inherited','Inherited',414),(3581,'Inherited','Inherited',414),(3582,'VI_HIDDEN','VI_HIDDEN',414),(3583,'DEFAULT_CONDITION','In!=!FACILITY_ID',414),(3584,'Inherited','Inherited',415),(3585,'Inherited','Inherited',415),(3586,'Inherited','Inherited',415),(3587,'Inherited','Inherited',415),(3588,'Inherited','Inherited',415),(3589,'Inherited','Inherited',415),(3590,'Inherited','Inherited',415),(3591,'Inherited','Inherited',415),(3592,'Inherited','Inherited',415),(3593,'Inherited','Inherited',415),(3594,'Inherited','Inherited',415),(3595,'Inherited','Inherited',415),(3596,'Inherited','Inherited',415),(3597,'Inherited','Inherited',415),(3598,'Inherited','Inherited',415),(3599,'Inherited','Inherited',415),(3600,'Inherited','Inherited',415),(3601,'Inherited','Inherited',415),(3602,'Inherited','Inherited',415),(3603,'Inherited','Inherited',415),(3604,'Inherited','Inherited',415),(3605,'Inherited','Inherited',415),(3606,'Inherited','Inherited',415),(3607,'Inherited','Inherited',415),(3608,'Inherited','Inherited',415),(3609,'Inherited','Inherited',415),(3610,'Inherited','Inherited',415),(3611,'Inherited','Inherited',415),(3612,'Inherited','Inherited',415),(3613,'Inherited','Inherited',415),(3614,'Inherited','Inherited',415),(3615,'Inherited','Inherited',415),(3616,'Inherited','Inherited',415),(3617,'Inherited','Inherited',415),(3618,'Inherited','Inherited',415),(3619,'Inherited','Inherited',415),(3620,'Inherited','Inherited',415),(3621,'Inherited','Inherited',415),(3622,'Inherited','Inherited',415),(3623,'Inherited','Inherited',415),(3624,'Inherited','Inherited',415),(3625,'Inherited','Inherited',415),(3626,'Inherited','Inherited',415),(3627,'Inherited','Inherited',415),(3628,'Inherited','Inherited',415),(3629,'Inherited','Inherited',415),(3630,'Inherited','Inherited',415),(3631,'PREDEFINED_VIEW','PREDEFINED_VIEW',415),(3632,'VI_IGNORE_PREDICATE','VI_IGNORE_PREDICATE',415),(3633,'Inherited','Inherited',416),(3634,'Inherited','Inherited',416),(3635,'Inherited','Inherited',416),(3636,'Inherited','Inherited',416),(3637,'Inherited','Inherited',416),(3638,'Inherited','Inherited',416),(3639,'Inherited','Inherited',416),(3640,'Inherited','Inherited',416),(3641,'Inherited','Inherited',416),(3642,'Inherited','Inherited',416),(3643,'Inherited','Inherited',416),(3644,'Inherited','Inherited',416),(3645,'Inherited','Inherited',416),(3646,'Inherited','Inherited',416),(3647,'Inherited','Inherited',416),(3648,'Inherited','Inherited',416),(3649,'Inherited','Inherited',416),(3650,'Inherited','Inherited',416),(3651,'Inherited','Inherited',416),(3652,'Inherited','Inherited',416),(3653,'Inherited','Inherited',416),(3654,'Inherited','Inherited',416),(3655,'Inherited','Inherited',416),(3656,'Inherited','Inherited',416),(3657,'Inherited','Inherited',416),(3658,'Inherited','Inherited',416),(3659,'Inherited','Inherited',416),(3660,'Inherited','Inherited',416),(3661,'Inherited','Inherited',416),(3662,'Inherited','Inherited',416),(3663,'Inherited','Inherited',416),(3664,'Inherited','Inherited',416),(3665,'Inherited','Inherited',416),(3666,'Inherited','Inherited',416),(3667,'Inherited','Inherited',416),(3668,'Inherited','Inherited',416),(3669,'Inherited','Inherited',416),(3670,'Inherited','Inherited',416),(3671,'Inherited','Inherited',416),(3672,'Inherited','Inherited',416),(3673,'Inherited','Inherited',416),(3674,'Inherited','Inherited',416),(3675,'Inherited','Inherited',416),(3676,'Inherited','Inherited',416),(3677,'Inherited','Inherited',416),(3678,'Inherited','Inherited',416),(3679,'Inherited','Inherited',416),(3680,'NOT_VIEWABLE','NOT_VIEWABLE',416),(3681,'NOT_SEARCHABLE','NOT_SEARCHABLE',416),(3682,'PV_FILTER','synonym like ''T_HL7_S_0190^%''',418),(3683,'PV_VIEW','MED_LOOKUP_VIEW',418),(3684,'DEFAULT_CONDITION','In!=!FACILITY_ID',419),(3685,'VI_HIDDEN','VI_HIDDEN',419),(3686,'Inherited','Inherited',419),(3687,'Inherited','Inherited',419),(3688,'Inherited','Inherited',419),(3689,'Inherited','Inherited',419),(3690,'Inherited','Inherited',419),(3691,'Inherited','Inherited',419),(3692,'Inherited','Inherited',419),(3693,'Inherited','Inherited',419),(3694,'Inherited','Inherited',419),(3695,'Inherited','Inherited',419),(3696,'Inherited','Inherited',419),(3697,'Inherited','Inherited',419),(3698,'Inherited','Inherited',419),(3699,'Inherited','Inherited',419),(3700,'Inherited','Inherited',419),(3701,'Inherited','Inherited',419),(3702,'Inherited','Inherited',419),(3703,'Inherited','Inherited',419),(3704,'Inherited','Inherited',419),(3705,'Inherited','Inherited',419),(3706,'Inherited','Inherited',419),(3707,'Inherited','Inherited',419),(3708,'Inherited','Inherited',419),(3709,'Inherited','Inherited',419),(3710,'Inherited','Inherited',419),(3711,'Inherited','Inherited',419),(3712,'Inherited','Inherited',419),(3713,'Inherited','Inherited',419),(3714,'Inherited','Inherited',419),(3715,'Inherited','Inherited',419),(3716,'Inherited','Inherited',419),(3717,'Inherited','Inherited',419),(3718,'Inherited','Inherited',419),(3719,'Inherited','Inherited',419),(3720,'Inherited','Inherited',419),(3721,'Inherited','Inherited',419),(3722,'VI_IGNORE_PREDICATE','VI_IGNORE_PREDICATE',420),(3723,'PREDEFINED_VIEW','PREDEFINED_VIEW',420),(3724,'Inherited','Inherited',420),(3725,'Inherited','Inherited',420),(3726,'Inherited','Inherited',420),(3727,'Inherited','Inherited',420),(3728,'Inherited','Inherited',420),(3729,'Inherited','Inherited',420),(3730,'Inherited','Inherited',420),(3731,'Inherited','Inherited',420),(3732,'Inherited','Inherited',420),(3733,'Inherited','Inherited',420),(3734,'Inherited','Inherited',420),(3735,'Inherited','Inherited',420),(3736,'Inherited','Inherited',420),(3737,'Inherited','Inherited',420),(3738,'Inherited','Inherited',420),(3739,'Inherited','Inherited',420),(3740,'Inherited','Inherited',420),(3741,'Inherited','Inherited',420),(3742,'Inherited','Inherited',420),(3743,'Inherited','Inherited',420),(3744,'Inherited','Inherited',420),(3745,'Inherited','Inherited',420),(3746,'Inherited','Inherited',420),(3747,'Inherited','Inherited',420),(3748,'Inherited','Inherited',420),(3749,'Inherited','Inherited',420),(3750,'Inherited','Inherited',420),(3751,'Inherited','Inherited',420),(3752,'Inherited','Inherited',420),(3753,'Inherited','Inherited',420),(3754,'Inherited','Inherited',420),(3755,'Inherited','Inherited',420),(3756,'Inherited','Inherited',420),(3757,'Inherited','Inherited',420),(3758,'Inherited','Inherited',420),(3759,'Inherited','Inherited',420),(3760,'NOT_SEARCHABLE','NOT_SEARCHABLE',421),(3761,'NOT_VIEWABLE','NOT_VIEWABLE',421),(3762,'Inherited','Inherited',421),(3763,'Inherited','Inherited',421),(3764,'Inherited','Inherited',421),(3765,'Inherited','Inherited',421),(3766,'Inherited','Inherited',421),(3767,'Inherited','Inherited',421),(3768,'Inherited','Inherited',421),(3769,'Inherited','Inherited',421),(3770,'Inherited','Inherited',421),(3771,'Inherited','Inherited',421),(3772,'Inherited','Inherited',421),(3773,'Inherited','Inherited',421),(3774,'Inherited','Inherited',421),(3775,'Inherited','Inherited',421),(3776,'Inherited','Inherited',421),(3777,'Inherited','Inherited',421),(3778,'Inherited','Inherited',421),(3779,'Inherited','Inherited',421),(3780,'Inherited','Inherited',421),(3781,'Inherited','Inherited',421),(3782,'Inherited','Inherited',421),(3783,'Inherited','Inherited',421),(3784,'Inherited','Inherited',421),(3785,'Inherited','Inherited',421),(3786,'Inherited','Inherited',421),(3787,'Inherited','Inherited',421),(3788,'Inherited','Inherited',421),(3789,'Inherited','Inherited',421),(3790,'Inherited','Inherited',421),(3791,'Inherited','Inherited',421),(3792,'Inherited','Inherited',421),(3793,'Inherited','Inherited',421),(3794,'Inherited','Inherited',421),(3795,'Inherited','Inherited',421),(3796,'Inherited','Inherited',421),(3797,'Inherited','Inherited',421),(3798,'PV_FILTER','synonym like ''T_HL7_U_0171^%''',423),(3799,'PV_VIEW','MED_LOOKUP_VIEW',423),(3800,'DEFAULT_CONDITION','In!=!FACILITY_ID',424),(3801,'VI_HIDDEN','VI_HIDDEN',424),(3802,'Inherited','Inherited',424),(3803,'Inherited','Inherited',424),(3804,'Inherited','Inherited',424),(3805,'Inherited','Inherited',424),(3806,'Inherited','Inherited',424),(3807,'Inherited','Inherited',424),(3808,'Inherited','Inherited',424),(3809,'Inherited','Inherited',424),(3810,'Inherited','Inherited',424),(3811,'Inherited','Inherited',424),(3812,'Inherited','Inherited',424),(3813,'Inherited','Inherited',424),(3814,'Inherited','Inherited',424),(3815,'Inherited','Inherited',424),(3816,'Inherited','Inherited',424),(3817,'Inherited','Inherited',424),(3818,'Inherited','Inherited',424),(3819,'Inherited','Inherited',424),(3820,'Inherited','Inherited',424),(3821,'Inherited','Inherited',424),(3822,'Inherited','Inherited',424),(3823,'Inherited','Inherited',424),(3824,'Inherited','Inherited',424),(3825,'Inherited','Inherited',424),(3826,'Inherited','Inherited',424),(3827,'Inherited','Inherited',424),(3828,'Inherited','Inherited',424),(3829,'Inherited','Inherited',424),(3830,'Inherited','Inherited',424),(3831,'VI_IGNORE_PREDICATE','VI_IGNORE_PREDICATE',425),(3832,'PREDEFINED_VIEW','PREDEFINED_VIEW',425),(3833,'Inherited','Inherited',425),(3834,'Inherited','Inherited',425),(3835,'Inherited','Inherited',425),(3836,'Inherited','Inherited',425),(3837,'Inherited','Inherited',425),(3838,'Inherited','Inherited',425),(3839,'Inherited','Inherited',425),(3840,'Inherited','Inherited',425),(3841,'Inherited','Inherited',425),(3842,'Inherited','Inherited',425),(3843,'Inherited','Inherited',425),(3844,'Inherited','Inherited',425),(3845,'Inherited','Inherited',425),(3846,'Inherited','Inherited',425),(3847,'Inherited','Inherited',425),(3848,'Inherited','Inherited',425),(3849,'Inherited','Inherited',425),(3850,'Inherited','Inherited',425),(3851,'Inherited','Inherited',425),(3852,'Inherited','Inherited',425),(3853,'Inherited','Inherited',425),(3854,'Inherited','Inherited',425),(3855,'Inherited','Inherited',425),(3856,'Inherited','Inherited',425),(3857,'Inherited','Inherited',425),(3858,'Inherited','Inherited',425),(3859,'Inherited','Inherited',425),(3860,'Inherited','Inherited',425),(3861,'Inherited','Inherited',425),(3862,'NOT_SEARCHABLE','NOT_SEARCHABLE',426),(3863,'NOT_VIEWABLE','NOT_VIEWABLE',426),(3864,'Inherited','Inherited',426),(3865,'Inherited','Inherited',426),(3866,'Inherited','Inherited',426),(3867,'Inherited','Inherited',426),(3868,'Inherited','Inherited',426),(3869,'Inherited','Inherited',426),(3870,'Inherited','Inherited',426),(3871,'Inherited','Inherited',426),(3872,'Inherited','Inherited',426),(3873,'Inherited','Inherited',426),(3874,'Inherited','Inherited',426),(3875,'Inherited','Inherited',426),(3876,'Inherited','Inherited',426),(3877,'Inherited','Inherited',426),(3878,'Inherited','Inherited',426),(3879,'Inherited','Inherited',426),(3880,'Inherited','Inherited',426),(3881,'Inherited','Inherited',426),(3882,'Inherited','Inherited',426),(3883,'Inherited','Inherited',426),(3884,'Inherited','Inherited',426),(3885,'Inherited','Inherited',426),(3886,'Inherited','Inherited',426),(3887,'Inherited','Inherited',426),(3888,'Inherited','Inherited',426),(3889,'Inherited','Inherited',426),(3890,'Inherited','Inherited',426),(3891,'Inherited','Inherited',426),(3892,'Inherited','Inherited',426),(3893,'PREDEFINED_VIEW','PREDEFINED_VIEW',428),(3894,'LIMITED_PRIVILEGE','LIMITED_PRIVILEGE',428),(3895,'LIMITED_PRIVILEGE','LIMITED_PRIVILEGE',429),(3896,'PREDEFINED_VIEW','PREDEFINED_VIEW',433),(3897,'PV_FILTER','synonym like ''T_HL7_U_0002^%''',433),(3898,'PV_VIEW','MED_LOOKUP_VIEW',433),(3899,'DEFAULT_CONDITION','In!=!FACILITY_ID',434),(3900,'VI_HIDDEN','VI_HIDDEN',434),(3901,'Inherited','Inherited',434),(3902,'Inherited','Inherited',434),(3903,'Inherited','Inherited',434),(3904,'Inherited','Inherited',434),(3905,'Inherited','Inherited',434),(3906,'Inherited','Inherited',434),(3907,'Inherited','Inherited',434),(3908,'Inherited','Inherited',434),(3909,'Inherited','Inherited',434),(3910,'Inherited','Inherited',434),(3911,'Inherited','Inherited',434),(3912,'Inherited','Inherited',434),(3913,'Inherited','Inherited',434),(3914,'Inherited','Inherited',434),(3915,'Inherited','Inherited',434),(3916,'Inherited','Inherited',434),(3917,'Inherited','Inherited',434),(3918,'VI_IGNORE_PREDICATE','VI_IGNORE_PREDICATE',435),(3919,'PREDEFINED_VIEW','PREDEFINED_VIEW',435),(3920,'Inherited','Inherited',435),(3921,'Inherited','Inherited',435),(3922,'Inherited','Inherited',435),(3923,'Inherited','Inherited',435),(3924,'Inherited','Inherited',435),(3925,'Inherited','Inherited',435),(3926,'Inherited','Inherited',435),(3927,'Inherited','Inherited',435),(3928,'Inherited','Inherited',435),(3929,'Inherited','Inherited',435),(3930,'Inherited','Inherited',435),(3931,'Inherited','Inherited',435),(3932,'Inherited','Inherited',435),(3933,'Inherited','Inherited',435),(3934,'Inherited','Inherited',435),(3935,'Inherited','Inherited',435),(3936,'Inherited','Inherited',435),(3937,'NOT_SEARCHABLE','NOT_SEARCHABLE',436),(3938,'NOT_VIEWABLE','NOT_VIEWABLE',436),(3939,'Inherited','Inherited',436),(3940,'Inherited','Inherited',436),(3941,'Inherited','Inherited',436),(3942,'Inherited','Inherited',436),(3943,'Inherited','Inherited',436),(3944,'Inherited','Inherited',436),(3945,'Inherited','Inherited',436),(3946,'Inherited','Inherited',436),(3947,'Inherited','Inherited',436),(3948,'Inherited','Inherited',436),(3949,'Inherited','Inherited',436),(3950,'Inherited','Inherited',436),(3951,'Inherited','Inherited',436),(3952,'Inherited','Inherited',436),(3953,'Inherited','Inherited',436),(3954,'Inherited','Inherited',436),(3955,'Inherited','Inherited',436),(3956,'DEFAULT_CONDITION','In!=!RULES_OPT_OUT',440),(3957,'NOT_VIEWABLE','NOT_VIEWABLE',440),(3958,'NOT_SEARCHABLE','NOT_SEARCHABLE',440),(3959,'NOT_SEARCHABLE','NOT_SEARCHABLE',441),(3960,'NOT_VIEWABLE','NOT_VIEWABLE',441),(3961,'DEFAULT_CONDITION','In!=!A',441),(3962,'NOT_SEARCHABLE','NOT_SEARCHABLE',444),(3963,'NOT_SEARCHABLE','NOT_SEARCHABLE',445),(3964,'NOT_SEARCHABLE','NOT_SEARCHABLE',446),(3965,'PV_FILTER','synonym like ''99601^% ''',450),(3966,'PV_VIEW','MED_LOOKUP_VIEW',450),(3967,'DEFAULT_CONDITION','In!=!FACILITY_ID',451),(3968,'VI_HIDDEN','VI_HIDDEN',451),(3969,'Inherited','Inherited',451),(3970,'Inherited','Inherited',451),(3971,'Inherited','Inherited',451),(3972,'Inherited','Inherited',451),(3973,'Inherited','Inherited',451),(3974,'Inherited','Inherited',451),(3975,'Inherited','Inherited',451),(3976,'Inherited','Inherited',451),(3977,'Inherited','Inherited',451),(3978,'Inherited','Inherited',451),(3979,'Inherited','Inherited',451),(3980,'Inherited','Inherited',451),(3981,'Inherited','Inherited',451),(3982,'Inherited','Inherited',451),(3983,'Inherited','Inherited',451),(3984,'Inherited','Inherited',451),(3985,'VI_IGNORE_PREDICATE','VI_IGNORE_PREDICATE',452),(3986,'PREDEFINED_VIEW','PREDEFINED_VIEW',452),(3987,'Inherited','Inherited',452),(3988,'Inherited','Inherited',452),(3989,'Inherited','Inherited',452),(3990,'Inherited','Inherited',452),(3991,'Inherited','Inherited',452),(3992,'Inherited','Inherited',452),(3993,'Inherited','Inherited',452),(3994,'Inherited','Inherited',452),(3995,'Inherited','Inherited',452),(3996,'Inherited','Inherited',452),(3997,'Inherited','Inherited',452),(3998,'Inherited','Inherited',452),(3999,'Inherited','Inherited',452),(4000,'Inherited','Inherited',452),(4001,'Inherited','Inherited',452),(4002,'Inherited','Inherited',452),(4003,'NOT_SEARCHABLE','NOT_SEARCHABLE',453),(4004,'NOT_VIEWABLE','NOT_VIEWABLE',453),(4005,'Inherited','Inherited',453),(4006,'Inherited','Inherited',453),(4007,'Inherited','Inherited',453),(4008,'Inherited','Inherited',453),(4009,'Inherited','Inherited',453),(4010,'Inherited','Inherited',453),(4011,'Inherited','Inherited',453),(4012,'Inherited','Inherited',453),(4013,'Inherited','Inherited',453),(4014,'Inherited','Inherited',453),(4015,'Inherited','Inherited',453),(4016,'Inherited','Inherited',453),(4017,'Inherited','Inherited',453),(4018,'Inherited','Inherited',453),(4019,'Inherited','Inherited',453),(4020,'Inherited','Inherited',453),(4021,'PV_FILTER','synonym like ''99602^%''',454),(4022,'PV_VIEW','MED_LOOKUP_VIEW',454),(4023,'DEFAULT_CONDITION','In!=!FACILITY_ID',455),(4024,'VI_HIDDEN','VI_HIDDEN',455),(4025,'Inherited','Inherited',455),(4026,'VI_IGNORE_PREDICATE','VI_IGNORE_PREDICATE',456),(4027,'PREDEFINED_VIEW','PREDEFINED_VIEW',456),(4028,'Inherited','Inherited',456),(4029,'NOT_SEARCHABLE','NOT_SEARCHABLE',457),(4030,'NOT_VIEWABLE','NOT_VIEWABLE',457),(4031,'Inherited','Inherited',457),(4032,'NOT_SEARCHABLE','NOT_SEARCHABLE',458);
insert into dyextn_tagged_value (IDENTIFIER,T_KEY,T_VALUE,ABSTRACT_METADATA_ID) values (4033,'resultview','%s (%s)',142);
insert into dyextn_tagged_value (IDENTIFIER,T_KEY,T_VALUE,ABSTRACT_METADATA_ID) values (4034,'resultview','0',143);
insert into dyextn_tagged_value (IDENTIFIER,T_KEY,T_VALUE,ABSTRACT_METADATA_ID) values (4035,'resultview','3',125);
insert into dyextn_tagged_value (IDENTIFIER,T_KEY,T_VALUE,ABSTRACT_METADATA_ID) values (4036,'resultview','3',126);
insert into dyextn_tagged_value (IDENTIFIER,T_KEY,T_VALUE,ABSTRACT_METADATA_ID) values (4037,'resultview','1',144);
insert into dyextn_tagged_value (IDENTIFIER,T_KEY,T_VALUE,ABSTRACT_METADATA_ID) values (4038,'resultview','1',145);
insert into dyextn_tagged_value (IDENTIFIER,T_KEY,T_VALUE,ABSTRACT_METADATA_ID) values (4039,'resultview','resultview',153);
insert into dyextn_tagged_value (IDENTIFIER,T_KEY,T_VALUE,ABSTRACT_METADATA_ID) values (4040,'resultview','2',154);
insert into dyextn_tagged_value (IDENTIFIER,T_KEY,T_VALUE,ABSTRACT_METADATA_ID) values (4041,'resultview','resultview',7);

insert into dyextn_tagged_value (IDENTIFIER,T_KEY,T_VALUE,ABSTRACT_METADATA_ID) values (4042,'resultview','%s (%s)',140);
insert into dyextn_tagged_value (IDENTIFIER,T_KEY,T_VALUE,ABSTRACT_METADATA_ID) values (4043,'resultview','0',141);
insert into dyextn_tagged_value (IDENTIFIER,T_KEY,T_VALUE,ABSTRACT_METADATA_ID) values (4044,'resultview','3',125);
insert into dyextn_tagged_value (IDENTIFIER,T_KEY,T_VALUE,ABSTRACT_METADATA_ID) values (4045,'resultview','3',126);
insert into dyextn_tagged_value (IDENTIFIER,T_KEY,T_VALUE,ABSTRACT_METADATA_ID) values (4046,'resultview','1',261);
insert into dyextn_tagged_value (IDENTIFIER,T_KEY,T_VALUE,ABSTRACT_METADATA_ID) values (4047,'resultview','1',262);
insert into dyextn_tagged_value (IDENTIFIER,T_KEY,T_VALUE,ABSTRACT_METADATA_ID) values (4048,'resultview','2',311);
insert into dyextn_tagged_value (IDENTIFIER,T_KEY,T_VALUE,ABSTRACT_METADATA_ID) values (4049,'resultview','resultview',205);

insert into dyextn_tagged_value (IDENTIFIER,T_KEY,T_VALUE,ABSTRACT_METADATA_ID) values (4050,'resultview','%s',32);
insert into dyextn_tagged_value (IDENTIFIER,T_KEY,T_VALUE,ABSTRACT_METADATA_ID) values (4051,'resultview','resultview',33);
insert into dyextn_tagged_value (IDENTIFIER,T_KEY,T_VALUE,ABSTRACT_METADATA_ID) values (4052,'resultview','0',114);
/*Data for the table dyextn_textarea */
commit;
/*Data for the table dyextn_textfield */

insert into dyextn_textfield (IDENTIFIER,NO_OF_COLUMNS,IS_PASSWORD,IS_URL) values (1,10,NULL,NULL),(2,20,0,0),(3,20,0,0),(4,20,0,0),(5,20,0,0),(6,10,NULL,NULL),(7,20,0,0),(8,20,0,0),(9,10,NULL,NULL),(10,20,0,0),(11,20,0,0),(12,10,NULL,NULL),(13,20,0,0),(14,20,0,0),(15,10,NULL,NULL),(16,20,0,0),(17,20,0,0),(18,20,0,0),(19,20,0,0),(20,10,NULL,NULL),(21,20,0,0),(22,20,0,0),(23,10,NULL,NULL),(24,20,0,0),(25,20,0,0),(26,10,NULL,NULL),(27,20,0,0),(28,20,0,0),(29,10,NULL,NULL),(30,20,0,0),(31,20,0,0),(32,10,NULL,NULL),(35,10,NULL,NULL),(36,10,NULL,NULL),(37,20,0,0),(40,20,0,0),(41,20,0,0),(42,10,NULL,NULL),(43,20,0,0),(44,20,0,0),(45,10,NULL,NULL),(46,20,0,0),(47,20,0,0),(48,10,NULL,NULL),(49,20,0,0),(50,20,0,0),(51,10,NULL,NULL),(52,20,0,0),(57,20,0,0),(58,20,0,0),(59,10,NULL,NULL),(61,10,NULL,NULL),(67,20,0,0),(68,20,0,0),(69,20,0,0),(70,20,0,0),(71,20,0,0),(72,20,0,0),(73,20,0,0),(74,20,0,0),(75,20,0,0),(76,20,0,0),(77,20,0,0),(78,20,0,0),(80,20,0,0),(81,20,0,0),(82,10,NULL,NULL),(84,20,0,0),(85,20,0,0),(86,20,0,0),(87,20,0,0),(88,20,0,0),(89,20,0,0),(90,10,NULL,NULL),(92,20,0,0),(93,20,0,0),(94,10,NULL,NULL),(101,20,0,0),(102,20,0,0),(103,10,NULL,NULL),(105,20,0,0),(106,20,0,0),(107,10,NULL,NULL),(114,20,0,0),(115,20,0,0),(116,20,0,0),(123,20,0,0),(124,20,0,0),(125,10,NULL,NULL),(126,20,0,0),(127,20,0,0),(128,20,0,0),(129,20,0,0),(130,20,0,0),(131,10,NULL,NULL),(132,20,0,0),(133,20,0,0),(134,10,NULL,NULL),(135,20,0,0),(136,20,0,0),(137,10,NULL,NULL),(138,20,0,0),(139,20,0,0),(140,10,NULL,NULL),(141,20,0,0),(142,20,0,0),(143,10,NULL,NULL),(144,20,0,0),(145,20,0,0),(146,20,0,0),(147,10,NULL,NULL),(160,10,NULL,NULL),(181,20,0,0),(182,20,0,0),(183,20,0,0),(187,20,0,0),(193,20,0,0),(194,20,0,0),(195,10,NULL,NULL),(196,20,0,0),(197,20,0,0),(198,10,NULL,NULL),(199,20,0,0),(200,20,0,0),(201,10,NULL,NULL),(202,20,0,0),(203,20,0,0),(204,10,NULL,NULL),(205,20,0,0),(206,20,0,0),(207,10,NULL,NULL),(211,20,0,0),(213,20,0,0),(214,20,0,0),(216,20,0,0),(217,20,0,0),(218,10,NULL,NULL),(219,20,0,0),(220,10,NULL,NULL),(226,20,0,0),(227,20,0,0),(228,10,NULL,NULL),(229,20,0,0),(230,20,0,0),(231,10,NULL,NULL),(232,20,0,0),(233,20,0,0),(234,10,NULL,NULL),(235,20,0,0),(236,20,0,0),(237,10,NULL,NULL),(238,20,0,0),(239,20,0,0),(240,10,NULL,NULL),(245,20,0,0),(246,20,0,0),(247,20,0,0),(248,20,0,0),(249,20,0,0),(252,20,0,0),(253,20,0,0),(254,20,0,0),(255,10,NULL,NULL),(256,20,0,0),(257,20,0,0),(258,10,NULL,NULL),(259,20,0,0),(260,20,0,0),(261,20,0,0),(268,10,NULL,NULL),(273,20,0,0),(281,20,0,0),(282,20,0,0),(283,10,NULL,NULL),(284,20,0,0),(285,20,0,0),(291,20,0,0),(292,20,0,0),(293,20,0,0),(294,10,NULL,NULL),(295,20,0,0),(296,20,0,0),(298,20,0,0),(299,20,0,0),(300,10,NULL,NULL),(301,20,0,0),(302,20,0,0),(303,10,NULL,NULL),(304,20,0,0),(305,10,NULL,NULL),(306,10,NULL,NULL),(307,10,NULL,NULL),(314,20,0,0),(315,20,0,0),(316,10,NULL,NULL),(317,20,0,0),(318,20,0,0),(319,10,NULL,NULL),(320,20,0,0),(321,20,0,0),(322,10,NULL,NULL),(323,20,0,0),(324,20,0,0),(325,20,0,0),(336,10,NULL,NULL),(337,10,NULL,NULL),(338,10,NULL,NULL),(339,20,0,0),(341,20,0,0),(342,10,NULL,NULL),(343,10,NULL,NULL),(354,10,NULL,NULL),(356,20,0,0),(357,10,NULL,NULL),(358,20,0,0),(361,20,0,0),(362,20,0,0),(363,10,NULL,NULL),(364,20,0,0),(365,20,0,0),(366,20,0,0),(367,10,NULL,NULL),(368,10,NULL,NULL),(369,10,NULL,NULL),(370,20,0,0),(371,20,0,0),(372,20,0,0),(373,10,NULL,NULL),(374,20,0,0),(375,20,0,0),(376,10,NULL,NULL);

/*Data for the table intra_model_association */
commit;
insert into intra_model_association (ASSOCIATION_ID,DE_ASSOCIATION_ID) values (1,427),(2,422),(3,417),(4,405),(5,439),(6,201),(7,200),(8,199),(9,198),(10,193),(11,189),(12,183),(13,178),(14,177),(15,172),(16,171),(17,176),(18,164),(19,162),(20,161),(21,152),(22,151),(23,438),(24,437),(25,432),(26,411),(27,407),(28,404),(29,406),(30,402),(31,394),(32,389),(33,384),(34,379),(35,374),(36,368),(37,367),(38,139),(39,135),(40,130),(41,124),(42,123),(43,122),(44,121),(45,34),(46,35),(47,442),(48,29),(49,24),(50,15),(51,70),(52,69),(53,68),(54,63),(55,58),(56,53),(57,48),(58,75),(59,80),(60,85),(61,90),(62,95),(63,96),(64,117),(65,118),(66,119),(67,120),(68,366),(69,365),(70,362),(71,360),(72,359),(73,354),(74,349),(75,346),(76,345),(77,344),(78,339),(79,334),(80,328),(81,323),(82,318),(83,293),(84,288),(85,283),(86,280),(87,279),(88,278),(89,273),(90,268),(91,266),(92,265),(93,260),(94,254),(95,252),(96,251),(97,246),(98,234),(99,233),(100,227),(101,222),(102,217),(103,212),(104,207),(105,206),(106,298),(107,299),(108,300),(109,301),(110,302),(111,303),(112,312),(113,313),(114,314),(115,315),(116,316),(117,317),(118,204),(119,150),(120,149),(121,148);

/*Data for the table path */

insert into path (PATH_ID,FIRST_ENTITY_ID,INTERMEDIATE_PATH,LAST_ENTITY_ID) values (1,412,'1',423),(2,412,'2',418),(3,412,'3',413),(4,403,'4',30),(5,30,'5',142),(6,142,'6',153),(7,153,'7',71),(8,153,'8',125),(9,153,'9',194),(10,153,'10',163),(11,163,'11',184),(12,163,'12',179),(13,163,'13',165),(14,165,'14',166),(15,166,'15',64),(16,166,'16',167),(17,165,'17',166),(18,163,'18',71),(19,153,'19',6),(20,153,'20',6),(21,142,'21',76),(22,142,'22',30),(23,30,'23',369),(24,369,'24',433),(25,369,'25',412),(26,369,'26',408),(27,369,'27',403),(28,403,'28',229),(29,369,'29',403),(30,369,'30',16),(31,369,'31',390),(32,369,'32',385),(33,369,'33',380),(34,369,'34',375),(35,369,'35',370),(36,30,'36',140),(37,140,'37',30),(38,30,'38',32),(39,32,'39',131),(40,32,'40',125),(41,32,'41',30),(42,32,'42',76),(43,32,'43',33),(44,33,'44',64),(45,33,'45',10),(46,33,'46',14),(47,14,'47',30),(48,14,'48',25),(49,14,'49',16),(50,14,'50',6),(51,33,'51',36),(52,36,'52',64),(53,36,'53',64),(54,36,'54',59),(55,36,'55',54),(56,36,'56',49),(57,36,'57',44),(58,33,'58',71),(59,33,'59',76),(60,33,'60',81),(61,33,'61',86),(62,33,'62',91),(63,33,'63',64),(64,33,'64',64),(65,33,'65',16),(66,33,'66',44),(67,33,'67',59),(68,140,'68',125),(69,140,'69',361),(70,361,'70',125),(71,140,'71',205),(72,205,'72',355),(73,205,'73',350),(74,205,'74',329),(75,329,'75',6),(76,329,'76',6),(77,329,'77',340),(78,329,'78',335),(79,329,'79',330),(80,205,'80',324),(81,205,'81',319),(82,205,'82',6),(83,205,'83',289),(84,205,'84',284),(85,205,'85',267),(86,267,'86',6),(87,267,'87',6),(88,267,'88',274),(89,267,'89',269),(90,267,'90',14),(91,205,'91',261),(92,205,'92',261),(93,205,'93',253),(94,253,'94',16),(95,205,'95',228),(96,228,'96',247),(97,228,'97',16),(98,228,'98',6),(99,228,'99',229),(100,205,'100',223),(101,205,'101',218),(102,205,'102',213),(103,205,'103',208),(104,205,'104',14),(105,205,'105',2),(106,205,'106',294),(107,205,'107',6),(108,205,'108',6),(109,205,'109',6),(110,205,'110',6),(111,205,'111',6),(112,205,'112',6),(113,205,'113',6),(114,205,'114',6),(115,205,'115',6),(116,205,'116',6),(117,205,'117',6),(118,140,'118',142),(119,142,'119',125),(120,142,'120',140),(121,142,'121',144);

/*ends*/
alter table DE_COLL_ATTR_RECORD_VALUES add constraint FK847DA57775255CA5 foreign key (COLLECTION_ATTR_RECORD_ID) references DYEXTN_ATTRIBUTE_RECORD;
alter table DE_FILE_ATTR_RECORD_VALUES add constraint FKE68334E74EB991B2 foreign key (RECORD_ID) references DYEXTN_ATTRIBUTE_RECORD;
alter table DE_OBJECT_ATTR_RECORD_VALUES add constraint FK504EADC44EB991B2 foreign key (RECORD_ID) references DYEXTN_ATTRIBUTE_RECORD;
alter table DYEXTN_ABSTRACT_ENTITY add constraint FKA4A164E3D3027A30 foreign key (id) references DYEXTN_ABSTRACT_METADATA;
alter table DYEXTN_ABSTR_CONTAIN_CTR add constraint FK9EB9020A40F198C2 foreign key (IDENTIFIER) references DYEXTN_CONTROL;
alter table DYEXTN_ABSTR_CONTAIN_CTR add constraint FK9EB9020A69935DD6 foreign key (CONTAINER_ID) references DYEXTN_CONTAINER;
alter table DYEXTN_ASSOCIATION add constraint FK1046842439780F7A foreign key (SOURCE_ROLE_ID) references DYEXTN_ROLE;
alter table DYEXTN_ASSOCIATION add constraint FK104684242BD842F0 foreign key (TARGET_ROLE_ID) references DYEXTN_ROLE;
alter table DYEXTN_ASSOCIATION add constraint FK1046842440738A50 foreign key (TARGET_ENTITY_ID) references DYEXTN_ENTITY;
alter table DYEXTN_ASSOCIATION add constraint FK104684246D19A21F foreign key (IDENTIFIER) references DYEXTN_ATTRIBUTE;
alter table DYEXTN_ASSO_DISPLAY_ATTR add constraint FKD12FD3827FD29CDD foreign key (SELECT_CONTROL_ID) references DYEXTN_SELECT_CONTROL;
alter table DYEXTN_ASSO_DISPLAY_ATTR add constraint FKD12FD38235D6E973 foreign key (DISPLAY_ATTRIBUTE_ID) references DYEXTN_PRIMITIVE_ATTRIBUTE;
alter table DYEXTN_ATTRIBUTE add constraint FK37F1E2FFF99EA906 foreign key (ENTIY_ID) references DYEXTN_ENTITY;
alter table DYEXTN_ATTRIBUTE add constraint FK37F1E2FF5CC8694E foreign key (IDENTIFIER) references DYEXTN_BASE_ABSTRACT_ATTRIBUTE;
alter table DYEXTN_ATTRIBUTE_RECORD add constraint FK9B20ED914AC41F7E foreign key (ENTITY_ID) references DYEXTN_ENTITY;
alter table DYEXTN_ATTRIBUTE_RECORD add constraint FK9B20ED914DC2CD16 foreign key (ATTRIBUTE_ID) references DYEXTN_PRIMITIVE_ATTRIBUTE;
alter table DYEXTN_ATTRIBUTE_TYPE_INFO add constraint FK62596D531333996E foreign key (PRIMITIVE_ATTRIBUTE_ID) references DYEXTN_PRIMITIVE_ATTRIBUTE;
alter table DYEXTN_BARR_CONCEPT_VALUE add constraint FK89D27DF74641D513 foreign key (IDENTIFIER) references DYEXTN_PERMISSIBLE_VALUE;
alter table DYEXTN_BASE_ABSTRACT_ATTRIBUTE add constraint FK14BA6610728B19BE foreign key (IDENTIFIER) references DYEXTN_ABSTRACT_METADATA;
alter table DYEXTN_BOOLEAN_CONCEPT_VALUE add constraint FK57B6C4A64641D513 foreign key (IDENTIFIER) references DYEXTN_PERMISSIBLE_VALUE;
alter table DYEXTN_BOOLEAN_TYPE_INFO add constraint FK28F1809FE5294FA3 foreign key (IDENTIFIER) references DYEXTN_ATTRIBUTE_TYPE_INFO;
alter table DYEXTN_BYTE_ARRAY_TYPE_INFO add constraint FK18BDA73E5294FA3 foreign key (IDENTIFIER) references DYEXTN_ATTRIBUTE_TYPE_INFO;
alter table DYEXTN_CADSRDE add constraint FK588A250953CC4A77 foreign key (IDENTIFIER) references DYEXTN_DATA_ELEMENT;
alter table DYEXTN_CADSR_VALUE_DOMAIN_INFO add constraint FK1C9AA3641333996E foreign key (PRIMITIVE_ATTRIBUTE_ID) references DYEXTN_PRIMITIVE_ATTRIBUTE;
alter table DYEXTN_CATEGORY add constraint FKD33DE81B54A9F59D foreign key (ROOT_CATEGORY_ELEMENT) references DYEXTN_CATEGORY_ENTITY;
alter table DYEXTN_CATEGORY add constraint FKD33DE81B728B19BE foreign key (IDENTIFIER) references DYEXTN_ABSTRACT_METADATA;
alter table DYEXTN_CATEGORY add constraint FKD33DE81B854AC01B foreign key (CATEGORY_ENTITY_ID) references DYEXTN_CATEGORY_ENTITY;
alter table DYEXTN_CATEGORY_ASSOCIATION add constraint FK1B7C663DCAC769C5 foreign key (CATEGORY_ENTIY_ID) references DYEXTN_CATEGORY_ENTITY;
alter table DYEXTN_CATEGORY_ASSOCIATION add constraint FK1B7C663D5CC8694E foreign key (IDENTIFIER) references DYEXTN_BASE_ABSTRACT_ATTRIBUTE;
alter table DYEXTN_CATEGORY_ASSOCIATION add constraint FK1B7C663D854AC01B foreign key (CATEGORY_ENTITY_ID) references DYEXTN_CATEGORY_ENTITY;
alter table DYEXTN_CATEGORY_ATTRIBUTE add constraint FKEF3B7758CAC769C5 foreign key (CATEGORY_ENTIY_ID) references DYEXTN_CATEGORY_ENTITY;
alter table DYEXTN_CATEGORY_ATTRIBUTE add constraint FKEF3B77587769A811 foreign key (ABSTRACT_ATTRIBUTE_ID) references DYEXTN_ATTRIBUTE;
alter table DYEXTN_CATEGORY_ATTRIBUTE add constraint FKEF3B77585CC8694E foreign key (IDENTIFIER) references DYEXTN_BASE_ABSTRACT_ATTRIBUTE;
alter table DYEXTN_CATEGORY_ATTRIBUTE add constraint FKEF3B7758854AC01B foreign key (CATEGORY_ENTITY_ID) references DYEXTN_CATEGORY_ENTITY;
alter table DYEXTN_CATEGORY_ENTITY add constraint FK9F2DA887FB6EB979 foreign key (CATEGORY_ASSOCIATION_ID) references DYEXTN_CATEGORY_ASSOCIATION;
alter table DYEXTN_CATEGORY_ENTITY add constraint FK9F2DA887D06EE657 foreign key (OWN_PARENT_CATEGORY_ENTITY_ID) references DYEXTN_CATEGORY_ENTITY;
alter table DYEXTN_CATEGORY_ENTITY add constraint FK9F2DA887A52559D0 foreign key (PARENT_CATEGORY_ENTITY_ID) references DYEXTN_CATEGORY_ENTITY;
alter table DYEXTN_CATEGORY_ENTITY add constraint FK9F2DA887743AC3F2 foreign key (IDENTIFIER) references DYEXTN_ABSTRACT_ENTITY;
alter table DYEXTN_CATEGORY_ENTITY add constraint FK9F2DA8874AC41F7E foreign key (ENTITY_ID) references DYEXTN_ENTITY;
alter table DYEXTN_CATEGORY_ENTITY add constraint FK9F2DA887F5A32608 foreign key (REL_ATTR_CAT_ENTITY_ID) references DYEXTN_CATEGORY;
alter table DYEXTN_CATEGORY_ENTITY add constraint FK9F2DA887A8103C6F foreign key (TREE_PARENT_CATEGORY_ENTITY_ID) references DYEXTN_CATEGORY_ENTITY;
alter table DYEXTN_CAT_ASSO_CTL add constraint FK281FAB50C45A8CFA foreign key (IDENTIFIER) references DYEXTN_ABSTR_CONTAIN_CTR;
alter table DYEXTN_CHECK_BOX add constraint FK4EFF925740F198C2 foreign key (IDENTIFIER) references DYEXTN_CONTROL;
alter table DYEXTN_COLUMN_PROPERTIES add constraint FK8FCE2B3F67F8B59 foreign key (CATEGORY_ATTRIBUTE_ID) references DYEXTN_CATEGORY_ATTRIBUTE;
alter table DYEXTN_COLUMN_PROPERTIES add constraint FK8FCE2B3F4953F037 foreign key (CNSTR_KEY_PROP_ID) references DYEXTN_CONSTRAINTKEY_PROP;
alter table DYEXTN_COLUMN_PROPERTIES add constraint FK8FCE2B3F3AB6A1D3 foreign key (IDENTIFIER) references DYEXTN_DATABASE_PROPERTIES;
alter table DYEXTN_COLUMN_PROPERTIES add constraint FK8FCE2B3F1333996E foreign key (PRIMITIVE_ATTRIBUTE_ID) references DYEXTN_PRIMITIVE_ATTRIBUTE;
alter table DYEXTN_COMBOBOX add constraint FKABBC649ABF67AB26 foreign key (IDENTIFIER) references DYEXTN_SELECT_CONTROL;
alter table DYEXTN_CONSTRAINTKEY_PROP add constraint FK80C9511D6B558E0E foreign key (SRC_CONSTRAINT_KEY_ID) references DYEXTN_CONSTRAINT_PROPERTIES;
alter table DYEXTN_CONSTRAINTKEY_PROP add constraint FK80C9511D2C4ACB4B foreign key (TGT_CONSTRAINT_KEY_ID) references DYEXTN_CONSTRAINT_PROPERTIES;
alter table DYEXTN_CONSTRAINTKEY_PROP add constraint FK80C9511DF3077C33 foreign key (PRIMARY_ATTRIBUTE_ID) references DYEXTN_PRIMITIVE_ATTRIBUTE;
alter table DYEXTN_CONSTRAINT_PROPERTIES add constraint FK82886CD8FB6EB979 foreign key (CATEGORY_ASSOCIATION_ID) references DYEXTN_CATEGORY_ASSOCIATION;
alter table DYEXTN_CONSTRAINT_PROPERTIES add constraint FK82886CD87EE87FF6 foreign key (ASSOCIATION_ID) references DYEXTN_ASSOCIATION;
alter table DYEXTN_CONSTRAINT_PROPERTIES add constraint FK82886CD83AB6A1D3 foreign key (IDENTIFIER) references DYEXTN_DATABASE_PROPERTIES;
alter table DYEXTN_CONSTRAINT_PROPERTIES add constraint FK82886CD81DCC9E63 foreign key (ABSTRACT_ENTITY_ID) references DYEXTN_ABSTRACT_ENTITY;
alter table DYEXTN_CONTAINER add constraint FK1EAB84E488C075EF foreign key (ENTITY_GROUP_ID) references DYEXTN_ENTITY_GROUP;
alter table DYEXTN_CONTAINER add constraint FK1EAB84E4BF901C84 foreign key (BASE_CONTAINER_ID) references DYEXTN_CONTAINER;
alter table DYEXTN_CONTAINER add constraint FK1EAB84E41DCC9E63 foreign key (ABSTRACT_ENTITY_ID) references DYEXTN_ABSTRACT_ENTITY;
alter table DYEXTN_CONTAINER add constraint FK1EAB84E4178865E foreign key (VIEW_ID) references DYEXTN_VIEW;
alter table DYEXTN_CONTAINMENT_CONTROL add constraint FK3F9D4AD3C45A8CFA foreign key (IDENTIFIER) references DYEXTN_ABSTR_CONTAIN_CTR;
alter table DYEXTN_CONTROL add constraint FK70FB5E807792A78F foreign key (BASE_ABST_ATR_ID) references DYEXTN_BASE_ABSTRACT_ATTRIBUTE;
alter table DYEXTN_CONTROL add constraint FK70FB5E8069935DD6 foreign key (CONTAINER_ID) references DYEXTN_CONTAINER;
alter table DYEXTN_DATA_ELEMENT add constraint FKB1153E4AA208204 foreign key (ATTRIBUTE_TYPE_INFO_ID) references DYEXTN_ATTRIBUTE_TYPE_INFO;
alter table DYEXTN_DATA_ELEMENT add constraint FKB1153E467F8B59 foreign key (CATEGORY_ATTRIBUTE_ID) references DYEXTN_CATEGORY_ATTRIBUTE;
alter table DYEXTN_DATA_GRID add constraint FK233EB73E40F198C2 foreign key (IDENTIFIER) references DYEXTN_CONTROL;
alter table DYEXTN_DATEPICKER add constraint FKFEADD19940F198C2 foreign key (IDENTIFIER) references DYEXTN_CONTROL;
alter table DYEXTN_DATE_CONCEPT_VALUE add constraint FK45F598A64641D513 foreign key (IDENTIFIER) references DYEXTN_PERMISSIBLE_VALUE;
alter table DYEXTN_DATE_TYPE_INFO add constraint FKFBA549FE5294FA3 foreign key (IDENTIFIER) references DYEXTN_ATTRIBUTE_TYPE_INFO;
alter table DYEXTN_DOUBLE_CONCEPT_VALUE add constraint FKB94E64494641D513 foreign key (IDENTIFIER) references DYEXTN_PERMISSIBLE_VALUE;
alter table DYEXTN_DOUBLE_TYPE_INFO add constraint FKC83869C2BA4AE008 foreign key (IDENTIFIER) references DYEXTN_NUMERIC_TYPE_INFO;
alter table DYEXTN_ENTITY add constraint FK8B24364088C075EF foreign key (ENTITY_GROUP_ID) references DYEXTN_ENTITY_GROUP;
alter table DYEXTN_ENTITY add constraint FK8B2436402264D629 foreign key (PARENT_ENTITY_ID) references DYEXTN_ENTITY;
alter table DYEXTN_ENTITY add constraint FK8B243640743AC3F2 foreign key (IDENTIFIER) references DYEXTN_ABSTRACT_ENTITY;
alter table DYEXTN_ENTITY_GROUP add constraint FK105DE7A0728B19BE foreign key (IDENTIFIER) references DYEXTN_ABSTRACT_METADATA;
alter table DYEXTN_ENTITY_MAP_CONDNS add constraint FK2A9D6029CFA08B13 foreign key (FORM_CONTEXT_ID) references DYEXTN_FORM_CONTEXT;
alter table DYEXTN_ENTITY_MAP_RECORD add constraint FK43A45013CFA08B13 foreign key (FORM_CONTEXT_ID) references DYEXTN_FORM_CONTEXT;
alter table DYEXTN_FILE_EXTENSIONS add constraint FKD49834FA56AF0834 foreign key (ATTRIBUTE_ID) references DYEXTN_FILE_TYPE_INFO;
alter table DYEXTN_FILE_TYPE_INFO add constraint FKA00F0EDE5294FA3 foreign key (IDENTIFIER) references DYEXTN_ATTRIBUTE_TYPE_INFO;
alter table DYEXTN_FILE_UPLOAD add constraint FK2FAD41E740F198C2 foreign key (IDENTIFIER) references DYEXTN_CONTROL;
alter table DYEXTN_FLOAT_CONCEPT_VALUE add constraint FK6785309A4641D513 foreign key (IDENTIFIER) references DYEXTN_PERMISSIBLE_VALUE;
alter table DYEXTN_FLOAT_TYPE_INFO add constraint FK7E1C0693BA4AE008 foreign key (IDENTIFIER) references DYEXTN_NUMERIC_TYPE_INFO;
alter table DYEXTN_FORM_CONTEXT add constraint FKE56CCDB12B784475 foreign key (ENTITY_MAP_ID) references DYEXTN_ENTITY_MAP;
alter table DYEXTN_INTEGER_CONCEPT_VALUE add constraint FKFBA33B3C4641D513 foreign key (IDENTIFIER) references DYEXTN_PERMISSIBLE_VALUE;
alter table DYEXTN_INTEGER_TYPE_INFO add constraint FK5F9CB235BA4AE008 foreign key (IDENTIFIER) references DYEXTN_NUMERIC_TYPE_INFO;
alter table DYEXTN_LIST_BOX add constraint FK208395A7BF67AB26 foreign key (IDENTIFIER) references DYEXTN_SELECT_CONTROL;
alter table DYEXTN_LONG_CONCEPT_VALUE add constraint FK3E1A6EF44641D513 foreign key (IDENTIFIER) references DYEXTN_PERMISSIBLE_VALUE;
alter table DYEXTN_LONG_TYPE_INFO add constraint FK257281EDBA4AE008 foreign key (IDENTIFIER) references DYEXTN_NUMERIC_TYPE_INFO;
alter table DYEXTN_NUMERIC_TYPE_INFO add constraint FK4DEC9544E5294FA3 foreign key (IDENTIFIER) references DYEXTN_ATTRIBUTE_TYPE_INFO;
alter table DYEXTN_OBJECT_TYPE_INFO add constraint FK74819FB0E5294FA3 foreign key (IDENTIFIER) references DYEXTN_ATTRIBUTE_TYPE_INFO;
alter table DYEXTN_PATH add constraint FKC26ADC2854AC01B foreign key (CATEGORY_ENTITY_ID) references DYEXTN_CATEGORY_ENTITY;
alter table DYEXTN_PATH_ASSO_REL add constraint FK1E1260A580C8F93E foreign key (PATH_ID) references DYEXTN_PATH;
alter table DYEXTN_PATH_ASSO_REL add constraint FK1E1260A57EE87FF6 foreign key (ASSOCIATION_ID) references DYEXTN_ASSOCIATION;
alter table DYEXTN_PERMISSIBLE_VALUE add constraint FK136264E0AA208204 foreign key (ATTRIBUTE_TYPE_INFO_ID) references DYEXTN_ATTRIBUTE_TYPE_INFO;
alter table DYEXTN_PERMISSIBLE_VALUE add constraint FK136264E067F8B59 foreign key (CATEGORY_ATTRIBUTE_ID) references DYEXTN_CATEGORY_ATTRIBUTE;
alter table DYEXTN_PRIMITIVE_ATTRIBUTE add constraint FKA9F765C76D19A21F foreign key (IDENTIFIER) references DYEXTN_ATTRIBUTE;
alter table DYEXTN_RADIOBUTTON add constraint FK16F5BA9040F198C2 foreign key (IDENTIFIER) references DYEXTN_CONTROL;
alter table DYEXTN_RULE add constraint FKC27E099F8DDEC02 foreign key (CATEGORY_ATTR_ID) references DYEXTN_CATEGORY_ATTRIBUTE;
alter table DYEXTN_RULE add constraint FKC27E09990F96714 foreign key (ATTRIBUTE_ID) references DYEXTN_ATTRIBUTE;
alter table DYEXTN_RULE_PARAMETER add constraint FK2256736395D4A5AE foreign key (RULE_ID) references DYEXTN_RULE;
alter table DYEXTN_SELECT_CONTROL add constraint FKDFEBB65740F198C2 foreign key (IDENTIFIER) references DYEXTN_CONTROL;
alter table DYEXTN_SEMANTIC_PROPERTY add constraint FKD2A0B5B15EB60E90 foreign key (ABSTRACT_VALUE_ID) references DYEXTN_PERMISSIBLE_VALUE;
alter table DYEXTN_SEMANTIC_PROPERTY add constraint FKD2A0B5B19AEB0CA3 foreign key (ABSTRACT_METADATA_ID) references DYEXTN_ABSTRACT_METADATA;
alter table DYEXTN_SHORT_CONCEPT_VALUE add constraint FKC1945ABA4641D513 foreign key (IDENTIFIER) references DYEXTN_PERMISSIBLE_VALUE;
alter table DYEXTN_SHORT_TYPE_INFO add constraint FK99540B3BA4AE008 foreign key (IDENTIFIER) references DYEXTN_NUMERIC_TYPE_INFO;
alter table DYEXTN_STRING_CONCEPT_VALUE add constraint FKADE7D8894641D513 foreign key (IDENTIFIER) references DYEXTN_PERMISSIBLE_VALUE;
alter table DYEXTN_STRING_TYPE_INFO add constraint FKDA35FE02E5294FA3 foreign key (IDENTIFIER) references DYEXTN_ATTRIBUTE_TYPE_INFO;
alter table DYEXTN_TABLE_PROPERTIES add constraint FKE608E0813AB6A1D3 foreign key (IDENTIFIER) references DYEXTN_DATABASE_PROPERTIES;
alter table DYEXTN_TABLE_PROPERTIES add constraint FKE608E0811DCC9E63 foreign key (ABSTRACT_ENTITY_ID) references DYEXTN_ABSTRACT_ENTITY;
alter table DYEXTN_TAGGED_VALUE add constraint FKF79D055B9AEB0CA3 foreign key (ABSTRACT_METADATA_ID) references DYEXTN_ABSTRACT_METADATA;
alter table DYEXTN_TEXTAREA add constraint FK946EE25740F198C2 foreign key (IDENTIFIER) references DYEXTN_CONTROL;
alter table DYEXTN_TEXTFIELD add constraint FKF9AFC85040F198C2 foreign key (IDENTIFIER) references DYEXTN_CONTROL;
alter table DYEXTN_USERDEFINED_DE add constraint FK630761FF53CC4A77 foreign key (IDENTIFIER) references DYEXTN_DATA_ELEMENT;
alter table DYEXTN_USERDEF_DE_VALUE_REL add constraint FK3EE58DCF49BDD67 foreign key (PERMISSIBLE_VALUE_ID) references DYEXTN_PERMISSIBLE_VALUE;
alter table DYEXTN_USERDEF_DE_VALUE_REL add constraint FK3EE58DCF5521B106 foreign key (USER_DEF_DE_ID) references DYEXTN_USERDEFINED_DE;
alter table DYEXT_ENTIY_COMPOSITE_KEY_REL add constraint FKD2168AAA4AC41F7E foreign key (ENTITY_ID) references DYEXTN_ENTITY;
alter table DYEXT_ENTIY_COMPOSITE_KEY_REL add constraint FKD2168AAA4DC2CD16 foreign key (ATTRIBUTE_ID) references DYEXTN_PRIMITIVE_ATTRIBUTE;
