DROP TABLE CSM_APPLICATION;


CREATE TABLE CSM_APPLICATION (
  APPLICATION_ID DECIMAL(31) NOT NULL,
  APPLICATION_NAME varchar(255) NOT NULL default '',
  APPLICATION_DESCRIPTION varchar(200) NOT NULL default '',
  DECLARATIVE_FLAG DECIMAL(1,0) default NULL,
  ACTIVE_FLAG DECIMAL(1,0) NOT NULL default 0,
  UPDATE_DATE date NOT NULL default current date,
  DATABASE_URL varchar(100) default NULL,
  DATABASE_USER_NAME varchar(100) default NULL,
  DATABASE_PASSWORD varchar(100) default NULL,
  DATABASE_DIALECT varchar(100) default NULL,
  DATABASE_DRIVER varchar(100) default NULL,
  PRIMARY KEY  (APPLICATION_ID),
  CONSTRAINT UQ_APPLICATION_NAME UNIQUE  (APPLICATION_NAME) 
);


/* Dumping data for table csm_application*/

INSERT INTO CSM_APPLICATION (APPLICATION_ID,APPLICATION_NAME,APPLICATION_DESCRIPTION,DECLARATIVE_FLAG,ACTIVE_FLAG,UPDATE_DATE,DATABASE_URL,DATABASE_USER_NAME,DATABASE_PASSWORD,DATABASE_DIALECT,DATABASE_DRIVER) values (1,'catissuecore','caTISSUE Core',0,0,'2005-08-22',NULL,NULL,NULL,NULL,NULL);

/* Table Objects for table csm_group*/


DROP TABLE CSM_GROUP;


CREATE TABLE CSM_GROUP (
  GROUP_ID DECIMAL(31) NOT NULL,
  GROUP_NAME varchar(255) NOT NULL default '',
  GROUP_DESC varchar(200) default NULL,
  UPDATE_DATE date NOT NULL default '2005-01-01',
  APPLICATION_ID DECIMAL(31) NOT NULL default 0,
  PRIMARY KEY  (GROUP_ID),
  CONSTRAINT UQ_GROUP_GROUP_NAME UNIQUE (APPLICATION_ID,GROUP_NAME)
);
CREATE INDEX IDX_APPLICATION_ID ON CSM_GROUP(APPLICATION_ID);

/* Dumping data for table csm_group*/
/* Default date CURRENT DATE is replaced by CURRENT DATE */

INSERT INTO CSM_GROUP (GROUP_ID,GROUP_NAME,GROUP_DESC,UPDATE_DATE,APPLICATION_ID) VALUES (1,'ADMINISTRATOR_GROUP','Group of Administrators',CURRENT DATE,1);
INSERT INTO CSM_GROUP (GROUP_ID,GROUP_NAME,GROUP_DESC,UPDATE_DATE,APPLICATION_ID) VALUES (2,'SUPERVISOR_GROUP','Group of Supervisors',CURRENT DATE,1);
INSERT INTO CSM_GROUP (GROUP_ID,GROUP_NAME,GROUP_DESC,UPDATE_DATE,APPLICATION_ID) VALUES (3,'TECHNICIAN_GROUP','Group of Technicians',CURRENT DATE,1);
INSERT INTO CSM_GROUP (GROUP_ID,GROUP_NAME,GROUP_DESC,UPDATE_DATE,APPLICATION_ID) VALUES (4,'PUBLIC_GROUP','Group of Public Users',CURRENT DATE,1);

/* Table Objects for table csm_pg_pe*/


DROP TABLE  CSM_PG_PE;

CREATE TABLE CSM_PG_PE (
  PG_PE_ID DECIMAL(31) NOT NULL ,
  PROTECTION_GROUP_ID DECIMAL(31) NOT NULL default 0,
  PROTECTION_ELEMENT_ID DECIMAL(31) NOT NULL default 0,
  UPDATE_DATE date default NULL,
  PRIMARY KEY  (PG_PE_ID),
  CONSTRAINT  UQ_PROTECTION_GROUP_PROTECTION_ELEMENT_PROTECTION_GROUP_ID UNIQUE (PROTECTION_ELEMENT_ID,PROTECTION_GROUP_ID)
) ;
CREATE INDEX IDX_PROTECTION_ELEMENT_ID ON CSM_PG_PE(PROTECTION_ELEMENT_ID);
CREATE INDEX IDX_PROTECTION_GROUP_ID ON CSM_PG_PE(PROTECTION_GROUP_ID);

/* Dumping data for table csm_pg_pe*/


INSERT INTO CSM_PG_PE (PG_PE_ID,PROTECTION_GROUP_ID,PROTECTION_ELEMENT_ID,UPDATE_DATE) VALUES (16,21,9,NULL);
INSERT INTO CSM_PG_PE (PG_PE_ID,PROTECTION_GROUP_ID,PROTECTION_ELEMENT_ID,UPDATE_DATE) VALUES (17,2,10,NULL);
INSERT INTO CSM_PG_PE (PG_PE_ID,PROTECTION_GROUP_ID,PROTECTION_ELEMENT_ID,UPDATE_DATE) VALUES (19,2,11,NULL);
INSERT INTO CSM_PG_PE (PG_PE_ID,PROTECTION_GROUP_ID,PROTECTION_ELEMENT_ID,UPDATE_DATE) VALUES (20,2,12,NULL);
INSERT INTO CSM_PG_PE (PG_PE_ID,PROTECTION_GROUP_ID,PROTECTION_ELEMENT_ID,UPDATE_DATE) VALUES (21,2,13,NULL);
INSERT INTO CSM_PG_PE (PG_PE_ID,PROTECTION_GROUP_ID,PROTECTION_ELEMENT_ID,UPDATE_DATE) VALUES (22,2,14,NULL);
INSERT INTO CSM_PG_PE (PG_PE_ID,PROTECTION_GROUP_ID,PROTECTION_ELEMENT_ID,UPDATE_DATE) VALUES (23,3,15,NULL);
INSERT INTO CSM_PG_PE (PG_PE_ID,PROTECTION_GROUP_ID,PROTECTION_ELEMENT_ID,UPDATE_DATE) VALUES (24,3,16,NULL);
INSERT INTO CSM_PG_PE (PG_PE_ID,PROTECTION_GROUP_ID,PROTECTION_ELEMENT_ID,UPDATE_DATE) VALUES (25,3,17,NULL);
INSERT INTO CSM_PG_PE (PG_PE_ID,PROTECTION_GROUP_ID,PROTECTION_ELEMENT_ID,UPDATE_DATE) VALUES (26,3,18,NULL);
INSERT INTO CSM_PG_PE (PG_PE_ID,PROTECTION_GROUP_ID,PROTECTION_ELEMENT_ID,UPDATE_DATE) VALUES (27,3,19,NULL);
INSERT INTO CSM_PG_PE (PG_PE_ID,PROTECTION_GROUP_ID,PROTECTION_ELEMENT_ID,UPDATE_DATE) VALUES (28,1,20,NULL);
INSERT INTO CSM_PG_PE (PG_PE_ID,PROTECTION_GROUP_ID,PROTECTION_ELEMENT_ID,UPDATE_DATE) VALUES (29,3,21,NULL);
INSERT INTO CSM_PG_PE (PG_PE_ID,PROTECTION_GROUP_ID,PROTECTION_ELEMENT_ID,UPDATE_DATE) VALUES (30,3,22,NULL);
INSERT INTO CSM_PG_PE (PG_PE_ID,PROTECTION_GROUP_ID,PROTECTION_ELEMENT_ID,UPDATE_DATE) VALUES (31,3,23,NULL);
INSERT INTO CSM_PG_PE (PG_PE_ID,PROTECTION_GROUP_ID,PROTECTION_ELEMENT_ID,UPDATE_DATE) VALUES (32,3,24,NULL);
INSERT INTO CSM_PG_PE (PG_PE_ID,PROTECTION_GROUP_ID,PROTECTION_ELEMENT_ID,UPDATE_DATE) VALUES (33,3,25,NULL);
INSERT INTO CSM_PG_PE (PG_PE_ID,PROTECTION_GROUP_ID,PROTECTION_ELEMENT_ID,UPDATE_DATE) VALUES (34,3,26,NULL);
INSERT INTO CSM_PG_PE (PG_PE_ID,PROTECTION_GROUP_ID,PROTECTION_ELEMENT_ID,UPDATE_DATE) VALUES (35,3,27,NULL);
INSERT INTO CSM_PG_PE (PG_PE_ID,PROTECTION_GROUP_ID,PROTECTION_ELEMENT_ID,UPDATE_DATE) VALUES (36,3,28,NULL);
INSERT INTO CSM_PG_PE (PG_PE_ID,PROTECTION_GROUP_ID,PROTECTION_ELEMENT_ID,UPDATE_DATE) VALUES (37,3,29,NULL);
INSERT INTO CSM_PG_PE (PG_PE_ID,PROTECTION_GROUP_ID,PROTECTION_ELEMENT_ID,UPDATE_DATE) VALUES (38,3,30,NULL);
INSERT INTO CSM_PG_PE (PG_PE_ID,PROTECTION_GROUP_ID,PROTECTION_ELEMENT_ID,UPDATE_DATE) VALUES (39,3,31,NULL);
INSERT INTO CSM_PG_PE (PG_PE_ID,PROTECTION_GROUP_ID,PROTECTION_ELEMENT_ID,UPDATE_DATE) VALUES (40,3,32,NULL);
INSERT INTO CSM_PG_PE (PG_PE_ID,PROTECTION_GROUP_ID,PROTECTION_ELEMENT_ID,UPDATE_DATE) VALUES (41,3,33,NULL);
INSERT INTO CSM_PG_PE (PG_PE_ID,PROTECTION_GROUP_ID,PROTECTION_ELEMENT_ID,UPDATE_DATE) VALUES (42,3,34,NULL);
INSERT INTO CSM_PG_PE (PG_PE_ID,PROTECTION_GROUP_ID,PROTECTION_ELEMENT_ID,UPDATE_DATE) VALUES (43,3,35,NULL);
INSERT INTO CSM_PG_PE (PG_PE_ID,PROTECTION_GROUP_ID,PROTECTION_ELEMENT_ID,UPDATE_DATE) VALUES (44,3,36,NULL);
INSERT INTO CSM_PG_PE (PG_PE_ID,PROTECTION_GROUP_ID,PROTECTION_ELEMENT_ID,UPDATE_DATE) VALUES (45,3,37,NULL);
INSERT INTO CSM_PG_PE (PG_PE_ID,PROTECTION_GROUP_ID,PROTECTION_ELEMENT_ID,UPDATE_DATE) VALUES (46,3,38,NULL);
INSERT INTO CSM_PG_PE (PG_PE_ID,PROTECTION_GROUP_ID,PROTECTION_ELEMENT_ID,UPDATE_DATE) VALUES (47,3,39,NULL);
INSERT INTO CSM_PG_PE (PG_PE_ID,PROTECTION_GROUP_ID,PROTECTION_ELEMENT_ID,UPDATE_DATE) VALUES (48,3,40,NULL);
INSERT INTO CSM_PG_PE (PG_PE_ID,PROTECTION_GROUP_ID,PROTECTION_ELEMENT_ID,UPDATE_DATE) VALUES (49,1,41,NULL);
INSERT INTO CSM_PG_PE (PG_PE_ID,PROTECTION_GROUP_ID,PROTECTION_ELEMENT_ID,UPDATE_DATE) VALUES (50,1,42,NULL);
INSERT INTO CSM_PG_PE (PG_PE_ID,PROTECTION_GROUP_ID,PROTECTION_ELEMENT_ID,UPDATE_DATE) VALUES (51,1,43,NULL);
INSERT INTO CSM_PG_PE (PG_PE_ID,PROTECTION_GROUP_ID,PROTECTION_ELEMENT_ID,UPDATE_DATE) VALUES (52,1,44,NULL);
INSERT INTO CSM_PG_PE (PG_PE_ID,PROTECTION_GROUP_ID,PROTECTION_ELEMENT_ID,UPDATE_DATE) VALUES (53,1,45,NULL);
INSERT INTO CSM_PG_PE (PG_PE_ID,PROTECTION_GROUP_ID,PROTECTION_ELEMENT_ID,UPDATE_DATE) VALUES (54,1,46,NULL);
INSERT INTO CSM_PG_PE (PG_PE_ID,PROTECTION_GROUP_ID,PROTECTION_ELEMENT_ID,UPDATE_DATE) VALUES (55,1,47,NULL);
INSERT INTO CSM_PG_PE (PG_PE_ID,PROTECTION_GROUP_ID,PROTECTION_ELEMENT_ID,UPDATE_DATE) VALUES (56,1,48,NULL);
INSERT INTO CSM_PG_PE (PG_PE_ID,PROTECTION_GROUP_ID,PROTECTION_ELEMENT_ID,UPDATE_DATE) VALUES (58,1,50,NULL);
INSERT INTO CSM_PG_PE (PG_PE_ID,PROTECTION_GROUP_ID,PROTECTION_ELEMENT_ID,UPDATE_DATE) VALUES (59,1,51,NULL);
INSERT INTO CSM_PG_PE (PG_PE_ID,PROTECTION_GROUP_ID,PROTECTION_ELEMENT_ID,UPDATE_DATE) VALUES (60,3,52,NULL);
INSERT INTO CSM_PG_PE (PG_PE_ID,PROTECTION_GROUP_ID,PROTECTION_ELEMENT_ID,UPDATE_DATE) VALUES (61,3,53,NULL);
INSERT INTO CSM_PG_PE (PG_PE_ID,PROTECTION_GROUP_ID,PROTECTION_ELEMENT_ID,UPDATE_DATE) VALUES (62,6,54,NULL);
INSERT INTO CSM_PG_PE (PG_PE_ID,PROTECTION_GROUP_ID,PROTECTION_ELEMENT_ID,UPDATE_DATE) VALUES (63,6,55,NULL);
INSERT INTO CSM_PG_PE (PG_PE_ID,PROTECTION_GROUP_ID,PROTECTION_ELEMENT_ID,UPDATE_DATE) VALUES (64,5,56,NULL);
INSERT INTO CSM_PG_PE (PG_PE_ID,PROTECTION_GROUP_ID,PROTECTION_ELEMENT_ID,UPDATE_DATE) VALUES (65,5,57,NULL);
INSERT INTO CSM_PG_PE (PG_PE_ID,PROTECTION_GROUP_ID,PROTECTION_ELEMENT_ID,UPDATE_DATE) VALUES (66,6,57,NULL);

/*Gautam : Changed the PROTECTION_GROUP_ID to PARTICIPANT_DATA_PROTECTED_ATTRIBUTES group_id(13).(Because of identified data)*/

INSERT INTO CSM_PG_PE (PG_PE_ID,PROTECTION_GROUP_ID,PROTECTION_ELEMENT_ID,UPDATE_DATE) VALUES (77,13,63,NULL);
INSERT INTO CSM_PG_PE (PG_PE_ID,PROTECTION_GROUP_ID,PROTECTION_ELEMENT_ID,UPDATE_DATE) VALUES (78,13,64,NULL);
INSERT INTO CSM_PG_PE (PG_PE_ID,PROTECTION_GROUP_ID,PROTECTION_ELEMENT_ID,UPDATE_DATE) VALUES (79,13,65,NULL);
INSERT INTO CSM_PG_PE (PG_PE_ID,PROTECTION_GROUP_ID,PROTECTION_ELEMENT_ID,UPDATE_DATE) VALUES (80,13,66,NULL);
INSERT INTO CSM_PG_PE (PG_PE_ID,PROTECTION_GROUP_ID,PROTECTION_ELEMENT_ID,UPDATE_DATE) VALUES (81,13,67,NULL);

INSERT INTO CSM_PG_PE (PG_PE_ID,PROTECTION_GROUP_ID,PROTECTION_ELEMENT_ID,UPDATE_DATE) VALUES (82,14,68,NULL);
INSERT INTO CSM_PG_PE (PG_PE_ID,PROTECTION_GROUP_ID,PROTECTION_ELEMENT_ID,UPDATE_DATE) VALUES (83,14,69,NULL);
INSERT INTO CSM_PG_PE (PG_PE_ID,PROTECTION_GROUP_ID,PROTECTION_ELEMENT_ID,UPDATE_DATE) VALUES (84,14,70,NULL);
INSERT INTO CSM_PG_PE (PG_PE_ID,PROTECTION_GROUP_ID,PROTECTION_ELEMENT_ID,UPDATE_DATE) VALUES (85,14,71,NULL);

/*Gautam : Changed the PROTECTION_GROUP_ID to PARTICIPANT_DATA_PROTECTED_ATTRIBUTES group_id(13).(Because of identified data)*/

INSERT INTO CSM_PG_PE (PG_PE_ID,PROTECTION_GROUP_ID,PROTECTION_ELEMENT_ID,UPDATE_DATE) VALUES (86,13,72,NULL);

INSERT INTO CSM_PG_PE (PG_PE_ID,PROTECTION_GROUP_ID,PROTECTION_ELEMENT_ID,UPDATE_DATE) VALUES (87,14,73,NULL);

/*Gautam : Changed the PROTECTION_GROUP_ID to PARTICIPANT_DATA_PROTECTED_ATTRIBUTES group_id(13).(Because of identified data)*/

INSERT INTO CSM_PG_PE (PG_PE_ID,PROTECTION_GROUP_ID,PROTECTION_ELEMENT_ID,UPDATE_DATE) VALUES (88,13,74,NULL);
INSERT INTO CSM_PG_PE (PG_PE_ID,PROTECTION_GROUP_ID,PROTECTION_ELEMENT_ID,UPDATE_DATE) VALUES (89,13,75,NULL);
INSERT INTO CSM_PG_PE (PG_PE_ID,PROTECTION_GROUP_ID,PROTECTION_ELEMENT_ID,UPDATE_DATE) VALUES (90,13,76,NULL);
INSERT INTO CSM_PG_PE (PG_PE_ID,PROTECTION_GROUP_ID,PROTECTION_ELEMENT_ID,UPDATE_DATE) VALUES (91,13,77,NULL);

INSERT INTO CSM_PG_PE (PG_PE_ID,PROTECTION_GROUP_ID,PROTECTION_ELEMENT_ID,UPDATE_DATE) VALUES (92,14,78,NULL);
INSERT INTO CSM_PG_PE (PG_PE_ID,PROTECTION_GROUP_ID,PROTECTION_ELEMENT_ID,UPDATE_DATE) VALUES (93,14,79,NULL);
INSERT INTO CSM_PG_PE (PG_PE_ID,PROTECTION_GROUP_ID,PROTECTION_ELEMENT_ID,UPDATE_DATE) VALUES (94,14,80,NULL);
INSERT INTO CSM_PG_PE (PG_PE_ID,PROTECTION_GROUP_ID,PROTECTION_ELEMENT_ID,UPDATE_DATE) VALUES (95,14,81,NULL);
INSERT INTO CSM_PG_PE (PG_PE_ID,PROTECTION_GROUP_ID,PROTECTION_ELEMENT_ID,UPDATE_DATE) VALUES (96,16,82,NULL);
INSERT INTO CSM_PG_PE (PG_PE_ID,PROTECTION_GROUP_ID,PROTECTION_ELEMENT_ID,UPDATE_DATE) VALUES (97,16,83,NULL);

/*Gautam : Changed the PROTECTION_GROUP_ID to PARTICIPANT_DATA_PROTECTED_ATTRIBUTES group_id(13).(Because of identified data)*/

INSERT INTO CSM_PG_PE (PG_PE_ID,PROTECTION_GROUP_ID,PROTECTION_ELEMENT_ID,UPDATE_DATE) VALUES (98,13,84,NULL);
INSERT INTO CSM_PG_PE (PG_PE_ID,PROTECTION_GROUP_ID,PROTECTION_ELEMENT_ID,UPDATE_DATE) VALUES (99,13,85,NULL);
INSERT INTO CSM_PG_PE (PG_PE_ID,PROTECTION_GROUP_ID,PROTECTION_ELEMENT_ID,UPDATE_DATE) VALUES (100,13,86,NULL);

INSERT INTO CSM_PG_PE (PG_PE_ID,PROTECTION_GROUP_ID,PROTECTION_ELEMENT_ID,UPDATE_DATE) VALUES (102,16,87,NULL);
INSERT INTO CSM_PG_PE (PG_PE_ID,PROTECTION_GROUP_ID,PROTECTION_ELEMENT_ID,UPDATE_DATE) VALUES (103,16,89,NULL);
INSERT INTO CSM_PG_PE (PG_PE_ID,PROTECTION_GROUP_ID,PROTECTION_ELEMENT_ID,UPDATE_DATE) VALUES (105,16,90,NULL);
INSERT INTO CSM_PG_PE (PG_PE_ID,PROTECTION_GROUP_ID,PROTECTION_ELEMENT_ID,UPDATE_DATE) VALUES (106,16,91,NULL);
INSERT INTO CSM_PG_PE (PG_PE_ID,PROTECTION_GROUP_ID,PROTECTION_ELEMENT_ID,UPDATE_DATE) VALUES (107,16,92,NULL);
INSERT INTO CSM_PG_PE (PG_PE_ID,PROTECTION_GROUP_ID,PROTECTION_ELEMENT_ID,UPDATE_DATE) VALUES (108,16,93,NULL);
INSERT INTO CSM_PG_PE (PG_PE_ID,PROTECTION_GROUP_ID,PROTECTION_ELEMENT_ID,UPDATE_DATE) VALUES (109,16,94,NULL);
INSERT INTO CSM_PG_PE (PG_PE_ID,PROTECTION_GROUP_ID,PROTECTION_ELEMENT_ID,UPDATE_DATE) VALUES (110,16,95,NULL);
INSERT INTO CSM_PG_PE (PG_PE_ID,PROTECTION_GROUP_ID,PROTECTION_ELEMENT_ID,UPDATE_DATE) VALUES (111,16,96,NULL);
INSERT INTO CSM_PG_PE (PG_PE_ID,PROTECTION_GROUP_ID,PROTECTION_ELEMENT_ID,UPDATE_DATE) VALUES (112,16,97,NULL);
INSERT INTO CSM_PG_PE (PG_PE_ID,PROTECTION_GROUP_ID,PROTECTION_ELEMENT_ID,UPDATE_DATE) VALUES (113,16,98,NULL);
INSERT INTO CSM_PG_PE (PG_PE_ID,PROTECTION_GROUP_ID,PROTECTION_ELEMENT_ID,UPDATE_DATE) VALUES (114,16,99,NULL);
INSERT INTO CSM_PG_PE (PG_PE_ID,PROTECTION_GROUP_ID,PROTECTION_ELEMENT_ID,UPDATE_DATE) VALUES (115,16,100,NULL);
INSERT INTO CSM_PG_PE (PG_PE_ID,PROTECTION_GROUP_ID,PROTECTION_ELEMENT_ID,UPDATE_DATE) VALUES (116,16,101,NULL);
INSERT INTO CSM_PG_PE (PG_PE_ID,PROTECTION_GROUP_ID,PROTECTION_ELEMENT_ID,UPDATE_DATE) VALUES (117,16,102,NULL);
INSERT INTO CSM_PG_PE (PG_PE_ID,PROTECTION_GROUP_ID,PROTECTION_ELEMENT_ID,UPDATE_DATE) VALUES (118,16,103,NULL);
INSERT INTO CSM_PG_PE (PG_PE_ID,PROTECTION_GROUP_ID,PROTECTION_ELEMENT_ID,UPDATE_DATE) VALUES (119,16,104,NULL);
INSERT INTO CSM_PG_PE (PG_PE_ID,PROTECTION_GROUP_ID,PROTECTION_ELEMENT_ID,UPDATE_DATE) VALUES (120,16,105,NULL);
INSERT INTO CSM_PG_PE (PG_PE_ID,PROTECTION_GROUP_ID,PROTECTION_ELEMENT_ID,UPDATE_DATE) VALUES (121,16,106,NULL);
INSERT INTO CSM_PG_PE (PG_PE_ID,PROTECTION_GROUP_ID,PROTECTION_ELEMENT_ID,UPDATE_DATE) VALUES (122,16,107,NULL);
INSERT INTO CSM_PG_PE (PG_PE_ID,PROTECTION_GROUP_ID,PROTECTION_ELEMENT_ID,UPDATE_DATE) VALUES (123,16,108,NULL);
INSERT INTO CSM_PG_PE (PG_PE_ID,PROTECTION_GROUP_ID,PROTECTION_ELEMENT_ID,UPDATE_DATE) VALUES (124,16,109,NULL);
INSERT INTO CSM_PG_PE (PG_PE_ID,PROTECTION_GROUP_ID,PROTECTION_ELEMENT_ID,UPDATE_DATE) VALUES (125,16,110,NULL);
INSERT INTO CSM_PG_PE (PG_PE_ID,PROTECTION_GROUP_ID,PROTECTION_ELEMENT_ID,UPDATE_DATE) VALUES (126,16,111,NULL);
INSERT INTO CSM_PG_PE (PG_PE_ID,PROTECTION_GROUP_ID,PROTECTION_ELEMENT_ID,UPDATE_DATE) VALUES (127,16,112,NULL);
INSERT INTO CSM_PG_PE (PG_PE_ID,PROTECTION_GROUP_ID,PROTECTION_ELEMENT_ID,UPDATE_DATE) VALUES (128,16,113,NULL);
INSERT INTO CSM_PG_PE (PG_PE_ID,PROTECTION_GROUP_ID,PROTECTION_ELEMENT_ID,UPDATE_DATE) VALUES (129,16,114,NULL);
INSERT INTO CSM_PG_PE (PG_PE_ID,PROTECTION_GROUP_ID,PROTECTION_ELEMENT_ID,UPDATE_DATE) VALUES (130,16,115,NULL);
INSERT INTO CSM_PG_PE (PG_PE_ID,PROTECTION_GROUP_ID,PROTECTION_ELEMENT_ID,UPDATE_DATE) VALUES (131,16,116,NULL);
INSERT INTO CSM_PG_PE (PG_PE_ID,PROTECTION_GROUP_ID,PROTECTION_ELEMENT_ID,UPDATE_DATE) VALUES (132,16,117,NULL);
INSERT INTO CSM_PG_PE (PG_PE_ID,PROTECTION_GROUP_ID,PROTECTION_ELEMENT_ID,UPDATE_DATE) VALUES (133,16,118,NULL);
INSERT INTO CSM_PG_PE (PG_PE_ID,PROTECTION_GROUP_ID,PROTECTION_ELEMENT_ID,UPDATE_DATE) VALUES (134,16,119,NULL);
INSERT INTO CSM_PG_PE (PG_PE_ID,PROTECTION_GROUP_ID,PROTECTION_ELEMENT_ID,UPDATE_DATE) VALUES (135,16,120,NULL);
INSERT INTO CSM_PG_PE (PG_PE_ID,PROTECTION_GROUP_ID,PROTECTION_ELEMENT_ID,UPDATE_DATE) VALUES (136,16,121,NULL);
INSERT INTO CSM_PG_PE (PG_PE_ID,PROTECTION_GROUP_ID,PROTECTION_ELEMENT_ID,UPDATE_DATE) VALUES (137,16,122,NULL);
INSERT INTO CSM_PG_PE (PG_PE_ID,PROTECTION_GROUP_ID,PROTECTION_ELEMENT_ID,UPDATE_DATE) VALUES (138,16,123,NULL);
INSERT INTO CSM_PG_PE (PG_PE_ID,PROTECTION_GROUP_ID,PROTECTION_ELEMENT_ID,UPDATE_DATE) VALUES (139,16,124,NULL);
INSERT INTO CSM_PG_PE (PG_PE_ID,PROTECTION_GROUP_ID,PROTECTION_ELEMENT_ID,UPDATE_DATE) VALUES (140,16,125,NULL);
INSERT INTO CSM_PG_PE (PG_PE_ID,PROTECTION_GROUP_ID,PROTECTION_ELEMENT_ID,UPDATE_DATE) VALUES (141,16,126,NULL);
INSERT INTO CSM_PG_PE (PG_PE_ID,PROTECTION_GROUP_ID,PROTECTION_ELEMENT_ID,UPDATE_DATE) VALUES (142,16,127,NULL);
INSERT INTO CSM_PG_PE (PG_PE_ID,PROTECTION_GROUP_ID,PROTECTION_ELEMENT_ID,UPDATE_DATE) VALUES (143,16,128,NULL);
INSERT INTO CSM_PG_PE (PG_PE_ID,PROTECTION_GROUP_ID,PROTECTION_ELEMENT_ID,UPDATE_DATE) VALUES (144,16,129,NULL);
INSERT INTO CSM_PG_PE (PG_PE_ID,PROTECTION_GROUP_ID,PROTECTION_ELEMENT_ID,UPDATE_DATE) VALUES (145,16,130,NULL);
INSERT INTO CSM_PG_PE (PG_PE_ID,PROTECTION_GROUP_ID,PROTECTION_ELEMENT_ID,UPDATE_DATE) VALUES (146,16,131,NULL);
INSERT INTO CSM_PG_PE (PG_PE_ID,PROTECTION_GROUP_ID,PROTECTION_ELEMENT_ID,UPDATE_DATE) VALUES (147,16,132,NULL);
INSERT INTO CSM_PG_PE (PG_PE_ID,PROTECTION_GROUP_ID,PROTECTION_ELEMENT_ID,UPDATE_DATE) VALUES (148,16,133,NULL);
INSERT INTO CSM_PG_PE (PG_PE_ID,PROTECTION_GROUP_ID,PROTECTION_ELEMENT_ID,UPDATE_DATE) VALUES (149,16,134,NULL);
INSERT INTO CSM_PG_PE (PG_PE_ID,PROTECTION_GROUP_ID,PROTECTION_ELEMENT_ID,UPDATE_DATE) VALUES (150,16,135,NULL);
INSERT INTO CSM_PG_PE (PG_PE_ID,PROTECTION_GROUP_ID,PROTECTION_ELEMENT_ID,UPDATE_DATE) VALUES (151,16,136,NULL);
INSERT INTO CSM_PG_PE (PG_PE_ID,PROTECTION_GROUP_ID,PROTECTION_ELEMENT_ID,UPDATE_DATE) VALUES (152,16,137,NULL);
INSERT INTO CSM_PG_PE (PG_PE_ID,PROTECTION_GROUP_ID,PROTECTION_ELEMENT_ID,UPDATE_DATE) VALUES (153,16,138,NULL);
INSERT INTO CSM_PG_PE (PG_PE_ID,PROTECTION_GROUP_ID,PROTECTION_ELEMENT_ID,UPDATE_DATE) VALUES (154,16,139,NULL);
INSERT INTO CSM_PG_PE (PG_PE_ID,PROTECTION_GROUP_ID,PROTECTION_ELEMENT_ID,UPDATE_DATE) VALUES (155,16,140,NULL);
INSERT INTO CSM_PG_PE (PG_PE_ID,PROTECTION_GROUP_ID,PROTECTION_ELEMENT_ID,UPDATE_DATE) VALUES (156,16,141,NULL);
INSERT INTO CSM_PG_PE (PG_PE_ID,PROTECTION_GROUP_ID,PROTECTION_ELEMENT_ID,UPDATE_DATE) VALUES (157,16,142,NULL);
INSERT INTO CSM_PG_PE (PG_PE_ID,PROTECTION_GROUP_ID,PROTECTION_ELEMENT_ID,UPDATE_DATE) VALUES (158,16,143,NULL);
INSERT INTO CSM_PG_PE (PG_PE_ID,PROTECTION_GROUP_ID,PROTECTION_ELEMENT_ID,UPDATE_DATE) VALUES (159,16,144,NULL);
INSERT INTO CSM_PG_PE (PG_PE_ID,PROTECTION_GROUP_ID,PROTECTION_ELEMENT_ID,UPDATE_DATE) VALUES (160,16,145,NULL);
INSERT INTO CSM_PG_PE (PG_PE_ID,PROTECTION_GROUP_ID,PROTECTION_ELEMENT_ID,UPDATE_DATE) VALUES (161,16,146,NULL);
INSERT INTO CSM_PG_PE (PG_PE_ID,PROTECTION_GROUP_ID,PROTECTION_ELEMENT_ID,UPDATE_DATE) VALUES (162,16,147,NULL);
INSERT INTO CSM_PG_PE (PG_PE_ID,PROTECTION_GROUP_ID,PROTECTION_ELEMENT_ID,UPDATE_DATE) VALUES (163,16,148,NULL);
INSERT INTO CSM_PG_PE (PG_PE_ID,PROTECTION_GROUP_ID,PROTECTION_ELEMENT_ID,UPDATE_DATE) VALUES (164,16,149,NULL);
INSERT INTO CSM_PG_PE (PG_PE_ID,PROTECTION_GROUP_ID,PROTECTION_ELEMENT_ID,UPDATE_DATE) VALUES (165,16,150,NULL);
INSERT INTO CSM_PG_PE (PG_PE_ID,PROTECTION_GROUP_ID,PROTECTION_ELEMENT_ID,UPDATE_DATE) VALUES (166,12,151,NULL);
INSERT INTO CSM_PG_PE (PG_PE_ID,PROTECTION_GROUP_ID,PROTECTION_ELEMENT_ID,UPDATE_DATE) VALUES (167,12,152,NULL);
INSERT INTO CSM_PG_PE (PG_PE_ID,PROTECTION_GROUP_ID,PROTECTION_ELEMENT_ID,UPDATE_DATE) VALUES (168,12,153,NULL);
INSERT INTO CSM_PG_PE (PG_PE_ID,PROTECTION_GROUP_ID,PROTECTION_ELEMENT_ID,UPDATE_DATE) VALUES (169,12,154,NULL);
INSERT INTO CSM_PG_PE (PG_PE_ID,PROTECTION_GROUP_ID,PROTECTION_ELEMENT_ID,UPDATE_DATE) VALUES (170,12,155,NULL);
INSERT INTO CSM_PG_PE (PG_PE_ID,PROTECTION_GROUP_ID,PROTECTION_ELEMENT_ID,UPDATE_DATE) VALUES (171,12,156,NULL);
INSERT INTO CSM_PG_PE (PG_PE_ID,PROTECTION_GROUP_ID,PROTECTION_ELEMENT_ID,UPDATE_DATE) VALUES (172,12,157,NULL);
INSERT INTO CSM_PG_PE (PG_PE_ID,PROTECTION_GROUP_ID,PROTECTION_ELEMENT_ID,UPDATE_DATE) VALUES (173,12,158,NULL);
INSERT INTO CSM_PG_PE (PG_PE_ID,PROTECTION_GROUP_ID,PROTECTION_ELEMENT_ID,UPDATE_DATE) VALUES (174,12,159,NULL);
INSERT INTO CSM_PG_PE (PG_PE_ID,PROTECTION_GROUP_ID,PROTECTION_ELEMENT_ID,UPDATE_DATE) VALUES (175,12,160,NULL);
INSERT INTO CSM_PG_PE (PG_PE_ID,PROTECTION_GROUP_ID,PROTECTION_ELEMENT_ID,UPDATE_DATE) VALUES (176,12,161,NULL);
INSERT INTO CSM_PG_PE (PG_PE_ID,PROTECTION_GROUP_ID,PROTECTION_ELEMENT_ID,UPDATE_DATE) VALUES (177,12,162,NULL);
INSERT INTO CSM_PG_PE (PG_PE_ID,PROTECTION_GROUP_ID,PROTECTION_ELEMENT_ID,UPDATE_DATE) VALUES (178,12,163,NULL);
INSERT INTO CSM_PG_PE (PG_PE_ID,PROTECTION_GROUP_ID,PROTECTION_ELEMENT_ID,UPDATE_DATE) VALUES (179,12,164,NULL);
INSERT INTO CSM_PG_PE (PG_PE_ID,PROTECTION_GROUP_ID,PROTECTION_ELEMENT_ID,UPDATE_DATE) VALUES (180,12,165,NULL);
INSERT INTO CSM_PG_PE (PG_PE_ID,PROTECTION_GROUP_ID,PROTECTION_ELEMENT_ID,UPDATE_DATE) VALUES (181,12,166,NULL);
INSERT INTO CSM_PG_PE (PG_PE_ID,PROTECTION_GROUP_ID,PROTECTION_ELEMENT_ID,UPDATE_DATE) VALUES (182,12,167,NULL);
INSERT INTO CSM_PG_PE (PG_PE_ID,PROTECTION_GROUP_ID,PROTECTION_ELEMENT_ID,UPDATE_DATE) VALUES (183,12,168,NULL);
INSERT INTO CSM_PG_PE (PG_PE_ID,PROTECTION_GROUP_ID,PROTECTION_ELEMENT_ID,UPDATE_DATE) VALUES (184,12,169,NULL);
INSERT INTO CSM_PG_PE (PG_PE_ID,PROTECTION_GROUP_ID,PROTECTION_ELEMENT_ID,UPDATE_DATE) VALUES (185,12,170,NULL);
INSERT INTO CSM_PG_PE (PG_PE_ID,PROTECTION_GROUP_ID,PROTECTION_ELEMENT_ID,UPDATE_DATE) VALUES (186,12,171,NULL);
INSERT INTO CSM_PG_PE (PG_PE_ID,PROTECTION_GROUP_ID,PROTECTION_ELEMENT_ID,UPDATE_DATE) VALUES (187,12,172,NULL);
INSERT INTO CSM_PG_PE (PG_PE_ID,PROTECTION_GROUP_ID,PROTECTION_ELEMENT_ID,UPDATE_DATE) VALUES (188,12,173,NULL);
INSERT INTO CSM_PG_PE (PG_PE_ID,PROTECTION_GROUP_ID,PROTECTION_ELEMENT_ID,UPDATE_DATE) VALUES (189,12,174,NULL);
INSERT INTO CSM_PG_PE (PG_PE_ID,PROTECTION_GROUP_ID,PROTECTION_ELEMENT_ID,UPDATE_DATE) VALUES (190,12,175,NULL);
INSERT INTO CSM_PG_PE (PG_PE_ID,PROTECTION_GROUP_ID,PROTECTION_ELEMENT_ID,UPDATE_DATE) VALUES (191,12,176,NULL);
INSERT INTO CSM_PG_PE (PG_PE_ID,PROTECTION_GROUP_ID,PROTECTION_ELEMENT_ID,UPDATE_DATE) VALUES (192,12,177,NULL);
INSERT INTO CSM_PG_PE (PG_PE_ID,PROTECTION_GROUP_ID,PROTECTION_ELEMENT_ID,UPDATE_DATE) VALUES (193,12,178,NULL);
INSERT INTO CSM_PG_PE (PG_PE_ID,PROTECTION_GROUP_ID,PROTECTION_ELEMENT_ID,UPDATE_DATE) VALUES (194,12,179,NULL);
INSERT INTO CSM_PG_PE (PG_PE_ID,PROTECTION_GROUP_ID,PROTECTION_ELEMENT_ID,UPDATE_DATE) VALUES (195,12,180,NULL);
INSERT INTO CSM_PG_PE (PG_PE_ID,PROTECTION_GROUP_ID,PROTECTION_ELEMENT_ID,UPDATE_DATE) VALUES (196,12,181,NULL);
INSERT INTO CSM_PG_PE (PG_PE_ID,PROTECTION_GROUP_ID,PROTECTION_ELEMENT_ID,UPDATE_DATE) VALUES (197,12,182,NULL);
INSERT INTO CSM_PG_PE (PG_PE_ID,PROTECTION_GROUP_ID,PROTECTION_ELEMENT_ID,UPDATE_DATE) VALUES (198,12,183,NULL);
INSERT INTO CSM_PG_PE (PG_PE_ID,PROTECTION_GROUP_ID,PROTECTION_ELEMENT_ID,UPDATE_DATE) VALUES (199,12,184,NULL);
INSERT INTO CSM_PG_PE (PG_PE_ID,PROTECTION_GROUP_ID,PROTECTION_ELEMENT_ID,UPDATE_DATE) VALUES (200,12,185,NULL);
INSERT INTO CSM_PG_PE (PG_PE_ID,PROTECTION_GROUP_ID,PROTECTION_ELEMENT_ID,UPDATE_DATE) VALUES (201,12,186,NULL);
INSERT INTO CSM_PG_PE (PG_PE_ID,PROTECTION_GROUP_ID,PROTECTION_ELEMENT_ID,UPDATE_DATE) VALUES (202,12,187,NULL);
INSERT INTO CSM_PG_PE (PG_PE_ID,PROTECTION_GROUP_ID,PROTECTION_ELEMENT_ID,UPDATE_DATE) VALUES (203,12,188,NULL);
INSERT INTO CSM_PG_PE (PG_PE_ID,PROTECTION_GROUP_ID,PROTECTION_ELEMENT_ID,UPDATE_DATE) VALUES (204,12,189,NULL);
INSERT INTO CSM_PG_PE (PG_PE_ID,PROTECTION_GROUP_ID,PROTECTION_ELEMENT_ID,UPDATE_DATE) VALUES (205,12,190,NULL);
INSERT INTO CSM_PG_PE (PG_PE_ID,PROTECTION_GROUP_ID,PROTECTION_ELEMENT_ID,UPDATE_DATE) VALUES (206,12,191,NULL);
INSERT INTO CSM_PG_PE (PG_PE_ID,PROTECTION_GROUP_ID,PROTECTION_ELEMENT_ID,UPDATE_DATE) VALUES (207,12,192,NULL);
INSERT INTO CSM_PG_PE (PG_PE_ID,PROTECTION_GROUP_ID,PROTECTION_ELEMENT_ID,UPDATE_DATE) VALUES (208,12,193,NULL);
INSERT INTO CSM_PG_PE (PG_PE_ID,PROTECTION_GROUP_ID,PROTECTION_ELEMENT_ID,UPDATE_DATE) VALUES (209,12,194,NULL);
INSERT INTO CSM_PG_PE (PG_PE_ID,PROTECTION_GROUP_ID,PROTECTION_ELEMENT_ID,UPDATE_DATE) VALUES (210,12,195,NULL);
INSERT INTO CSM_PG_PE (PG_PE_ID,PROTECTION_GROUP_ID,PROTECTION_ELEMENT_ID,UPDATE_DATE) VALUES (211,12,196,NULL);
INSERT INTO CSM_PG_PE (PG_PE_ID,PROTECTION_GROUP_ID,PROTECTION_ELEMENT_ID,UPDATE_DATE) VALUES (212,12,197,NULL);

/*Gautam : Changed the PROTECTION_GROUP_ID to COLLECTION_PROTOCOL_PROTECTED_ATTRIBUTES group_id(7).(Because of identified data)*/

INSERT INTO CSM_PG_PE (PG_PE_ID,PROTECTION_GROUP_ID,PROTECTION_ELEMENT_ID,UPDATE_DATE) VALUES (213,7,198,NULL);
INSERT INTO CSM_PG_PE (PG_PE_ID,PROTECTION_GROUP_ID,PROTECTION_ELEMENT_ID,UPDATE_DATE) VALUES (215,7,200,NULL);

INSERT INTO CSM_PG_PE (PG_PE_ID,PROTECTION_GROUP_ID,PROTECTION_ELEMENT_ID,UPDATE_DATE) VALUES (214,8,199,NULL);
INSERT INTO CSM_PG_PE (PG_PE_ID,PROTECTION_GROUP_ID,PROTECTION_ELEMENT_ID,UPDATE_DATE) VALUES (216,8,201,NULL);
INSERT INTO CSM_PG_PE (PG_PE_ID,PROTECTION_GROUP_ID,PROTECTION_ELEMENT_ID,UPDATE_DATE) VALUES (217,10,201,NULL);
INSERT INTO CSM_PG_PE (PG_PE_ID,PROTECTION_GROUP_ID,PROTECTION_ELEMENT_ID,UPDATE_DATE) VALUES (218,8,202,NULL);
INSERT INTO CSM_PG_PE (PG_PE_ID,PROTECTION_GROUP_ID,PROTECTION_ELEMENT_ID,UPDATE_DATE) VALUES (219,10,202,NULL);
INSERT INTO CSM_PG_PE (PG_PE_ID,PROTECTION_GROUP_ID,PROTECTION_ELEMENT_ID,UPDATE_DATE) VALUES (220,8,203,NULL);
INSERT INTO CSM_PG_PE (PG_PE_ID,PROTECTION_GROUP_ID,PROTECTION_ELEMENT_ID,UPDATE_DATE) VALUES (221,10,203,NULL);
INSERT INTO CSM_PG_PE (PG_PE_ID,PROTECTION_GROUP_ID,PROTECTION_ELEMENT_ID,UPDATE_DATE) VALUES (222,8,204,NULL);
INSERT INTO CSM_PG_PE (PG_PE_ID,PROTECTION_GROUP_ID,PROTECTION_ELEMENT_ID,UPDATE_DATE) VALUES (223,10,204,NULL);
INSERT INTO CSM_PG_PE (PG_PE_ID,PROTECTION_GROUP_ID,PROTECTION_ELEMENT_ID,UPDATE_DATE) VALUES (224,8,205,NULL);
INSERT INTO CSM_PG_PE (PG_PE_ID,PROTECTION_GROUP_ID,PROTECTION_ELEMENT_ID,UPDATE_DATE) VALUES (225,10,205,NULL);
INSERT INTO CSM_PG_PE (PG_PE_ID,PROTECTION_GROUP_ID,PROTECTION_ELEMENT_ID,UPDATE_DATE) VALUES (226,8,206,NULL);
INSERT INTO CSM_PG_PE (PG_PE_ID,PROTECTION_GROUP_ID,PROTECTION_ELEMENT_ID,UPDATE_DATE) VALUES (227,10,206,NULL);
INSERT INTO CSM_PG_PE (PG_PE_ID,PROTECTION_GROUP_ID,PROTECTION_ELEMENT_ID,UPDATE_DATE) VALUES (228,8,207,NULL);
INSERT INTO CSM_PG_PE (PG_PE_ID,PROTECTION_GROUP_ID,PROTECTION_ELEMENT_ID,UPDATE_DATE) VALUES (229,10,207,NULL);
INSERT INTO CSM_PG_PE (PG_PE_ID,PROTECTION_GROUP_ID,PROTECTION_ELEMENT_ID,UPDATE_DATE) VALUES (230,8,208,NULL);
INSERT INTO CSM_PG_PE (PG_PE_ID,PROTECTION_GROUP_ID,PROTECTION_ELEMENT_ID,UPDATE_DATE) VALUES (231,10,208,NULL);
INSERT INTO CSM_PG_PE (PG_PE_ID,PROTECTION_GROUP_ID,PROTECTION_ELEMENT_ID,UPDATE_DATE) VALUES (232,8,209,NULL);
INSERT INTO CSM_PG_PE (PG_PE_ID,PROTECTION_GROUP_ID,PROTECTION_ELEMENT_ID,UPDATE_DATE) VALUES (233,10,209,NULL);
INSERT INTO CSM_PG_PE (PG_PE_ID,PROTECTION_GROUP_ID,PROTECTION_ELEMENT_ID,UPDATE_DATE) VALUES (234,8,210,NULL);
INSERT INTO CSM_PG_PE (PG_PE_ID,PROTECTION_GROUP_ID,PROTECTION_ELEMENT_ID,UPDATE_DATE) VALUES (235,10,210,NULL);
INSERT INTO CSM_PG_PE (PG_PE_ID,PROTECTION_GROUP_ID,PROTECTION_ELEMENT_ID,UPDATE_DATE) VALUES (236,8,211,NULL);
INSERT INTO CSM_PG_PE (PG_PE_ID,PROTECTION_GROUP_ID,PROTECTION_ELEMENT_ID,UPDATE_DATE) VALUES (237,10,211,NULL);
INSERT INTO CSM_PG_PE (PG_PE_ID,PROTECTION_GROUP_ID,PROTECTION_ELEMENT_ID,UPDATE_DATE) VALUES (238,8,212,NULL);
INSERT INTO CSM_PG_PE (PG_PE_ID,PROTECTION_GROUP_ID,PROTECTION_ELEMENT_ID,UPDATE_DATE) VALUES (239,10,212,NULL);
INSERT INTO CSM_PG_PE (PG_PE_ID,PROTECTION_GROUP_ID,PROTECTION_ELEMENT_ID,UPDATE_DATE) VALUES (240,8,213,NULL);
INSERT INTO CSM_PG_PE (PG_PE_ID,PROTECTION_GROUP_ID,PROTECTION_ELEMENT_ID,UPDATE_DATE) VALUES (241,10,213,NULL);
INSERT INTO CSM_PG_PE (PG_PE_ID,PROTECTION_GROUP_ID,PROTECTION_ELEMENT_ID,UPDATE_DATE) VALUES (242,8,214,NULL);
INSERT INTO CSM_PG_PE (PG_PE_ID,PROTECTION_GROUP_ID,PROTECTION_ELEMENT_ID,UPDATE_DATE) VALUES (243,10,214,NULL);
INSERT INTO CSM_PG_PE (PG_PE_ID,PROTECTION_GROUP_ID,PROTECTION_ELEMENT_ID,UPDATE_DATE) VALUES (244,8,215,NULL);
INSERT INTO CSM_PG_PE (PG_PE_ID,PROTECTION_GROUP_ID,PROTECTION_ELEMENT_ID,UPDATE_DATE) VALUES (245,10,215,NULL);
INSERT INTO CSM_PG_PE (PG_PE_ID,PROTECTION_GROUP_ID,PROTECTION_ELEMENT_ID,UPDATE_DATE) VALUES (246,8,216,NULL);
INSERT INTO CSM_PG_PE (PG_PE_ID,PROTECTION_GROUP_ID,PROTECTION_ELEMENT_ID,UPDATE_DATE) VALUES (247,10,216,NULL);
INSERT INTO CSM_PG_PE (PG_PE_ID,PROTECTION_GROUP_ID,PROTECTION_ELEMENT_ID,UPDATE_DATE) VALUES (248,8,217,NULL);
INSERT INTO CSM_PG_PE (PG_PE_ID,PROTECTION_GROUP_ID,PROTECTION_ELEMENT_ID,UPDATE_DATE) VALUES (249,10,217,NULL);
INSERT INTO CSM_PG_PE (PG_PE_ID,PROTECTION_GROUP_ID,PROTECTION_ELEMENT_ID,UPDATE_DATE) VALUES (250,8,218,NULL);
INSERT INTO CSM_PG_PE (PG_PE_ID,PROTECTION_GROUP_ID,PROTECTION_ELEMENT_ID,UPDATE_DATE) VALUES (251,10,218,NULL);
INSERT INTO CSM_PG_PE (PG_PE_ID,PROTECTION_GROUP_ID,PROTECTION_ELEMENT_ID,UPDATE_DATE) VALUES (253,17,223,NULL);
INSERT INTO CSM_PG_PE (PG_PE_ID,PROTECTION_GROUP_ID,PROTECTION_ELEMENT_ID,UPDATE_DATE) VALUES (254,17,224,NULL);
INSERT INTO CSM_PG_PE (PG_PE_ID,PROTECTION_GROUP_ID,PROTECTION_ELEMENT_ID,UPDATE_DATE) VALUES (255,17,225,NULL);
INSERT INTO CSM_PG_PE (PG_PE_ID,PROTECTION_GROUP_ID,PROTECTION_ELEMENT_ID,UPDATE_DATE) VALUES (256,17,226,NULL);
INSERT INTO CSM_PG_PE (PG_PE_ID,PROTECTION_GROUP_ID,PROTECTION_ELEMENT_ID,UPDATE_DATE) VALUES (257,17,227,NULL);
INSERT INTO CSM_PG_PE (PG_PE_ID,PROTECTION_GROUP_ID,PROTECTION_ELEMENT_ID,UPDATE_DATE) VALUES (258,17,228,NULL);
INSERT INTO CSM_PG_PE (PG_PE_ID,PROTECTION_GROUP_ID,PROTECTION_ELEMENT_ID,UPDATE_DATE) VALUES (259,17,229,NULL);
INSERT INTO CSM_PG_PE (PG_PE_ID,PROTECTION_GROUP_ID,PROTECTION_ELEMENT_ID,UPDATE_DATE) VALUES (260,17,230,NULL);
INSERT INTO CSM_PG_PE (PG_PE_ID,PROTECTION_GROUP_ID,PROTECTION_ELEMENT_ID,UPDATE_DATE) VALUES (261,17,231,NULL);
INSERT INTO CSM_PG_PE (PG_PE_ID,PROTECTION_GROUP_ID,PROTECTION_ELEMENT_ID,UPDATE_DATE) VALUES (264,17,234,NULL);
INSERT INTO CSM_PG_PE (PG_PE_ID,PROTECTION_GROUP_ID,PROTECTION_ELEMENT_ID,UPDATE_DATE) VALUES (265,17,235,NULL);
INSERT INTO CSM_PG_PE (PG_PE_ID,PROTECTION_GROUP_ID,PROTECTION_ELEMENT_ID,UPDATE_DATE) VALUES (266,17,236,NULL);

INSERT INTO CSM_PG_PE (PG_PE_ID,PROTECTION_GROUP_ID,PROTECTION_ELEMENT_ID,UPDATE_DATE) VALUES (267,18,237,NULL);
INSERT INTO CSM_PG_PE (PG_PE_ID,PROTECTION_GROUP_ID,PROTECTION_ELEMENT_ID,UPDATE_DATE) VALUES (268,18,238,NULL);
INSERT INTO CSM_PG_PE (PG_PE_ID,PROTECTION_GROUP_ID,PROTECTION_ELEMENT_ID,UPDATE_DATE) VALUES (269,18,239,NULL);
INSERT INTO CSM_PG_PE (PG_PE_ID,PROTECTION_GROUP_ID,PROTECTION_ELEMENT_ID,UPDATE_DATE) VALUES (270,19,240,NULL);
INSERT INTO CSM_PG_PE (PG_PE_ID,PROTECTION_GROUP_ID,PROTECTION_ELEMENT_ID,UPDATE_DATE) VALUES (271,19,241,NULL);
INSERT INTO CSM_PG_PE (PG_PE_ID,PROTECTION_GROUP_ID,PROTECTION_ELEMENT_ID,UPDATE_DATE) VALUES (272,19,242,NULL);

INSERT INTO CSM_PG_PE (PG_PE_ID,PROTECTION_GROUP_ID,PROTECTION_ELEMENT_ID,UPDATE_DATE) VALUES (273,19,243,NULL);
INSERT INTO CSM_PG_PE (PG_PE_ID,PROTECTION_GROUP_ID,PROTECTION_ELEMENT_ID,UPDATE_DATE) VALUES (274,19,244,NULL);
INSERT INTO CSM_PG_PE (PG_PE_ID,PROTECTION_GROUP_ID,PROTECTION_ELEMENT_ID,UPDATE_DATE) VALUES (275,19,245,NULL);
INSERT INTO CSM_PG_PE (PG_PE_ID,PROTECTION_GROUP_ID,PROTECTION_ELEMENT_ID,UPDATE_DATE) VALUES (276,19,246,NULL);
INSERT INTO CSM_PG_PE (PG_PE_ID,PROTECTION_GROUP_ID,PROTECTION_ELEMENT_ID,UPDATE_DATE) VALUES (277,19,247,NULL);
INSERT INTO CSM_PG_PE (PG_PE_ID,PROTECTION_GROUP_ID,PROTECTION_ELEMENT_ID,UPDATE_DATE) VALUES (278,19,248,NULL);
INSERT INTO CSM_PG_PE (PG_PE_ID,PROTECTION_GROUP_ID,PROTECTION_ELEMENT_ID,UPDATE_DATE) VALUES (279,19,249,NULL);
INSERT INTO CSM_PG_PE (PG_PE_ID,PROTECTION_GROUP_ID,PROTECTION_ELEMENT_ID,UPDATE_DATE) VALUES (280,19,250,NULL);
INSERT INTO CSM_PG_PE (PG_PE_ID,PROTECTION_GROUP_ID,PROTECTION_ELEMENT_ID,UPDATE_DATE) VALUES (281,19,251,NULL);

INSERT INTO CSM_PG_PE (PG_PE_ID,PROTECTION_GROUP_ID,PROTECTION_ELEMENT_ID,UPDATE_DATE) VALUES (282,24,252,NULL);
INSERT INTO CSM_PG_PE (PG_PE_ID,PROTECTION_GROUP_ID,PROTECTION_ELEMENT_ID,UPDATE_DATE) VALUES (283,17,253,NULL);
INSERT INTO CSM_PG_PE (PG_PE_ID,PROTECTION_GROUP_ID,PROTECTION_ELEMENT_ID,UPDATE_DATE) VALUES (284,17,254,NULL);
INSERT INTO CSM_PG_PE (PG_PE_ID,PROTECTION_GROUP_ID,PROTECTION_ELEMENT_ID,UPDATE_DATE) VALUES (285,17,255,NULL);
INSERT INTO CSM_PG_PE (PG_PE_ID,PROTECTION_GROUP_ID,PROTECTION_ELEMENT_ID,UPDATE_DATE) VALUES (286,17,256,NULL);
INSERT INTO CSM_PG_PE (PG_PE_ID,PROTECTION_GROUP_ID,PROTECTION_ELEMENT_ID,UPDATE_DATE) VALUES (287,17,257,NULL);
INSERT INTO CSM_PG_PE (PG_PE_ID,PROTECTION_GROUP_ID,PROTECTION_ELEMENT_ID,UPDATE_DATE) VALUES (288,17,258,NULL);
INSERT INTO CSM_PG_PE (PG_PE_ID,PROTECTION_GROUP_ID,PROTECTION_ELEMENT_ID,UPDATE_DATE) VALUES (289,17,259,NULL);
INSERT INTO CSM_PG_PE (PG_PE_ID,PROTECTION_GROUP_ID,PROTECTION_ELEMENT_ID,UPDATE_DATE) VALUES (290,17,260,NULL);
INSERT INTO CSM_PG_PE (PG_PE_ID,PROTECTION_GROUP_ID,PROTECTION_ELEMENT_ID,UPDATE_DATE) VALUES (291,17,261,NULL);
INSERT INTO CSM_PG_PE (PG_PE_ID,PROTECTION_GROUP_ID,PROTECTION_ELEMENT_ID,UPDATE_DATE) VALUES (292,17,262,NULL);
INSERT INTO CSM_PG_PE (PG_PE_ID,PROTECTION_GROUP_ID,PROTECTION_ELEMENT_ID,UPDATE_DATE) VALUES (293,18,263,NULL);
INSERT INTO CSM_PG_PE (PG_PE_ID,PROTECTION_GROUP_ID,PROTECTION_ELEMENT_ID,UPDATE_DATE) VALUES (294,18,264,NULL);
INSERT INTO CSM_PG_PE (PG_PE_ID,PROTECTION_GROUP_ID,PROTECTION_ELEMENT_ID,UPDATE_DATE) VALUES (295,18,265,NULL);
INSERT INTO CSM_PG_PE (PG_PE_ID,PROTECTION_GROUP_ID,PROTECTION_ELEMENT_ID,UPDATE_DATE) VALUES (296,19,266,NULL);
INSERT INTO CSM_PG_PE (PG_PE_ID,PROTECTION_GROUP_ID,PROTECTION_ELEMENT_ID,UPDATE_DATE) VALUES (297,19,267,NULL);
INSERT INTO CSM_PG_PE (PG_PE_ID,PROTECTION_GROUP_ID,PROTECTION_ELEMENT_ID,UPDATE_DATE) VALUES (298,17,268,NULL);
INSERT INTO CSM_PG_PE (PG_PE_ID,PROTECTION_GROUP_ID,PROTECTION_ELEMENT_ID,UPDATE_DATE) VALUES (299,1,269,NULL);
INSERT INTO CSM_PG_PE (PG_PE_ID,PROTECTION_GROUP_ID,PROTECTION_ELEMENT_ID,UPDATE_DATE) VALUES (300,17,270,NULL);
INSERT INTO CSM_PG_PE (PG_PE_ID,PROTECTION_GROUP_ID,PROTECTION_ELEMENT_ID,UPDATE_DATE) VALUES (301,19,271,NULL);
INSERT INTO CSM_PG_PE (PG_PE_ID,PROTECTION_GROUP_ID,PROTECTION_ELEMENT_ID,UPDATE_DATE) VALUES (302,1,272,NULL);
INSERT INTO CSM_PG_PE (PG_PE_ID,PROTECTION_GROUP_ID,PROTECTION_ELEMENT_ID,UPDATE_DATE) VALUES (303,19,273,NULL);
/* chetan 04-07-2006 */
INSERT INTO CSM_PG_PE (PG_PE_ID,PROTECTION_GROUP_ID,PROTECTION_ELEMENT_ID,UPDATE_DATE) VALUES (304,17,274,NULL);


INSERT INTO CSM_PG_PE (PG_PE_ID,PROTECTION_GROUP_ID,PROTECTION_ELEMENT_ID,UPDATE_DATE) VALUES (305,17,275,NULL);
INSERT INTO CSM_PG_PE (PG_PE_ID,PROTECTION_GROUP_ID,PROTECTION_ELEMENT_ID,UPDATE_DATE) VALUES (306,1,276,NULL);
INSERT INTO CSM_PG_PE (PG_PE_ID,PROTECTION_GROUP_ID,PROTECTION_ELEMENT_ID,UPDATE_DATE) VALUES (307,17,277,NULL);
INSERT INTO CSM_PG_PE (PG_PE_ID,PROTECTION_GROUP_ID,PROTECTION_ELEMENT_ID,UPDATE_DATE) VALUES (308,19,278,NULL);
INSERT INTO CSM_PG_PE (PG_PE_ID,PROTECTION_GROUP_ID,PROTECTION_ELEMENT_ID,UPDATE_DATE) VALUES (310,3,279,NULL);

/* Ashwin 26-09-2006*/
INSERT INTO CSM_PG_PE (PG_PE_ID,PROTECTION_GROUP_ID,PROTECTION_ELEMENT_ID,UPDATE_DATE) VALUES (311,19,280,NULL);
INSERT INTO CSM_PG_PE (PG_PE_ID,PROTECTION_GROUP_ID,PROTECTION_ELEMENT_ID,UPDATE_DATE) VALUES (312,3,281,NULL);
INSERT INTO CSM_PG_PE (PG_PE_ID,PROTECTION_GROUP_ID,PROTECTION_ELEMENT_ID,UPDATE_DATE) VALUES (313,19,282,NULL);
/* Changes done */
/* vaishali 11-10-2006 - aliquotAction changes */
INSERT INTO CSM_PG_PE (PG_PE_ID,PROTECTION_GROUP_ID,PROTECTION_ELEMENT_ID,UPDATE_DATE) VALUES (314,19,283,NULL);
/* Mandar 05Dec06 - MultipleSpecimen action entries start */
INSERT INTO CSM_PG_PE (PG_PE_ID,PROTECTION_GROUP_ID,PROTECTION_ELEMENT_ID,UPDATE_DATE) VALUES (315,19,284,NULL);
INSERT INTO CSM_PG_PE (PG_PE_ID,PROTECTION_GROUP_ID,PROTECTION_ELEMENT_ID,UPDATE_DATE) VALUES (316,19,285,NULL);
INSERT INTO CSM_PG_PE (PG_PE_ID,PROTECTION_GROUP_ID,PROTECTION_ELEMENT_ID,UPDATE_DATE) VALUES (317,19,286,NULL);
INSERT INTO CSM_PG_PE (PG_PE_ID,PROTECTION_GROUP_ID,PROTECTION_ELEMENT_ID,UPDATE_DATE) VALUES (318,19,287,NULL);
INSERT INTO CSM_PG_PE (PG_PE_ID,PROTECTION_GROUP_ID,PROTECTION_ELEMENT_ID,UPDATE_DATE) VALUES (319,19,288,NULL);
INSERT INTO CSM_PG_PE (PG_PE_ID,PROTECTION_GROUP_ID,PROTECTION_ELEMENT_ID,UPDATE_DATE) VALUES (320,19,289,NULL);
INSERT INTO CSM_PG_PE (PG_PE_ID,PROTECTION_GROUP_ID,PROTECTION_ELEMENT_ID,UPDATE_DATE) VALUES (321,19,290,NULL);
INSERT INTO CSM_PG_PE (PG_PE_ID,PROTECTION_GROUP_ID,PROTECTION_ELEMENT_ID,UPDATE_DATE) VALUES (322,19,291,NULL);

/* Mandar 05Dec06 - MultipleSpecimen action entries end */


/* changes for making cpbasedSearchAction a secureAction - by vaishali*/
/* changing this cpbasedSearchAction element from SECURED_TECHNICIAN_ACTIONS to SECURED_SUPERVISORY_ACTIONS for making cpbasedSearchAction a secureAction - by Deepti*/
/*INSERT INTO CSM_PG_PE (PG_PE_ID,PROTECTION_GROUP_ID,PROTECTION_ELEMENT_ID,UPDATE_DATE) VALUES (323,19,292,NULL);*/
INSERT INTO CSM_PG_PE (PG_PE_ID,PROTECTION_GROUP_ID,PROTECTION_ELEMENT_ID,UPDATE_DATE) VALUES (323,18,292,NULL);
/* changes done */

INSERT INTO CSM_PG_PE (PG_PE_ID,PROTECTION_GROUP_ID,PROTECTION_ELEMENT_ID,UPDATE_DATE) VALUES (324,19,293,NULL);
/* Local Extension  */
INSERT INTO CSM_PG_PE (PG_PE_ID,PROTECTION_GROUP_ID,PROTECTION_ELEMENT_ID,UPDATE_DATE) VALUES (325,17,295,NULL);
INSERT INTO CSM_PG_PE (PG_PE_ID,PROTECTION_GROUP_ID,PROTECTION_ELEMENT_ID,UPDATE_DATE) VALUES (326,6,296,NULL);

/*changes for making Action a secureAction  :kalpana */
INSERT INTO CSM_PG_PE (PG_PE_ID,PROTECTION_GROUP_ID,PROTECTION_ELEMENT_ID,UPDATE_DATE) VALUES (327,19,297,NULL);
INSERT INTO CSM_PG_PE (PG_PE_ID,PROTECTION_GROUP_ID,PROTECTION_ELEMENT_ID,UPDATE_DATE) VALUES (328,19,298,NULL);
INSERT INTO CSM_PG_PE (PG_PE_ID,PROTECTION_GROUP_ID,PROTECTION_ELEMENT_ID,UPDATE_DATE) VALUES (329,19,299,NULL);


/* Table Objects for table csm_privilege*/



DROP TABLE  CSM_PRIVILEGE;

CREATE TABLE CSM_PRIVILEGE (
  PRIVILEGE_ID DECIMAL(31) NOT NULL ,
  PRIVILEGE_NAME varchar(100) NOT NULL default '',
  PRIVILEGE_DESCRIPTION varchar(200) default NULL,
  UPDATE_DATE date NOT NULL default CURRENT DATE,
  PRIMARY KEY  (PRIVILEGE_ID),
  CONSTRAINT UQ_PRIVILEGE_NAME UNIQUE (PRIVILEGE_NAME)
) ;


/* Dumping data for table csm_privilege*/



INSERT INTO CSM_PRIVILEGE (PRIVILEGE_ID,PRIVILEGE_NAME,PRIVILEGE_DESCRIPTION,UPDATE_DATE) VALUES (1,'CREATE','This privilege grants permission to a user to create an entity. This entity can be an object, a database entry, or a resource such as a network connection','2005-08-22');
INSERT INTO CSM_PRIVILEGE (PRIVILEGE_ID,PRIVILEGE_NAME,PRIVILEGE_DESCRIPTION,UPDATE_DATE) VALUES (2,'ACCESS','This privilege allows a user to access a particular resource.  Examples of resources include a network or database connection, socket, module of the application, or even the application itself','2005-08-22');
INSERT INTO CSM_PRIVILEGE (PRIVILEGE_ID,PRIVILEGE_NAME,PRIVILEGE_DESCRIPTION,UPDATE_DATE) VALUES (3,'READ','This privilege permits the user to read data from a file, URL, database, an object, etc. This can be used at an entity level signifying that the user is allowed to read data about a particular entry','2005-08-22');
INSERT INTO CSM_PRIVILEGE (PRIVILEGE_ID,PRIVILEGE_NAME,PRIVILEGE_DESCRIPTION,UPDATE_DATE) VALUES (4,'WRITE','This privilege allows a user to write data to a file, URL, database, an object, etc. This can be used at an entity level signifying that the user is allowed to write data about a particular entity','2005-08-22');
INSERT INTO CSM_PRIVILEGE (PRIVILEGE_ID,PRIVILEGE_NAME,PRIVILEGE_DESCRIPTION,UPDATE_DATE) VALUES (5,'UPDATE','This privilege grants permission at an entity level and signifies that the user is allowed to update data for a particular entity. Entities may include an object, object attribute, database row etc','2005-08-22');
INSERT INTO CSM_PRIVILEGE (PRIVILEGE_ID,PRIVILEGE_NAME,PRIVILEGE_DESCRIPTION,UPDATE_DATE) VALUES (6,'DELETE','This privilege permits a user to delete a logical entity. This entity can be an object, a database entry, a resource such as a network connection, etc','2005-08-22');
INSERT INTO CSM_PRIVILEGE (PRIVILEGE_ID,PRIVILEGE_NAME,PRIVILEGE_DESCRIPTION,UPDATE_DATE) VALUES (7,'EXECUTE','This privilege allows a user to execute a particular resource. The resource can be a method, function, behavior of the application, URL, button etc','2005-08-22');
INSERT INTO CSM_PRIVILEGE (PRIVILEGE_ID,PRIVILEGE_NAME,PRIVILEGE_DESCRIPTION,UPDATE_DATE) VALUES (8,'USE','This privilege allows a user to use a particular resource','2005-08-22');
INSERT INTO CSM_PRIVILEGE (PRIVILEGE_ID,PRIVILEGE_NAME,PRIVILEGE_DESCRIPTION,UPDATE_DATE) VALUES (9,'ASSIGN_READ','This privilege allows a user to assign a read privilege to others','2005-08-22');
INSERT INTO CSM_PRIVILEGE (PRIVILEGE_ID,PRIVILEGE_NAME,PRIVILEGE_DESCRIPTION,UPDATE_DATE) VALUES (10,'ASSIGN_USE','This privilege allows a user to assign a use privilege to others','2005-08-22');
INSERT INTO CSM_PRIVILEGE (PRIVILEGE_ID,PRIVILEGE_NAME,PRIVILEGE_DESCRIPTION,UPDATE_DATE) VALUES (11,'IDENTIFIED_DATA_ACCESS','This privilege allows a user to view identified data of an object','2005-08-22');

/*Gautam : Added a READ_DENIED privilege.*/

INSERT INTO CSM_PRIVILEGE (PRIVILEGE_ID,PRIVILEGE_NAME,PRIVILEGE_DESCRIPTION,UPDATE_DATE) VALUES (12,'READ_DENIED','This privilege doesnt permit the user to read data','2005-08-22');


/* Table Objects for table csm_protection_element*/



DROP TABLE  CSM_PROTECTION_ELEMENT;

CREATE TABLE CSM_PROTECTION_ELEMENT (
  PROTECTION_ELEMENT_ID DECIMAL(31) NOT NULL ,
  PROTECTION_ELEMENT_NAME varchar(100) NOT NULL default '',
  PROTECTION_ELEMENT_DESCRIPTION varchar(200) default NULL,
  OBJECT_ID varchar(100) NOT NULL default '',
  ATTRIBUTE varchar(100) not null default '',
  PROTECTION_ELEMENT_TYPE varchar(100) default NULL,
  APPLICATION_ID DECIMAL(31) NOT NULL default 0,
  UPDATE_DATE date NOT NULL default '2005-01-01',
  PRIMARY KEY  (PROTECTION_ELEMENT_ID),
  CONSTRAINT UQ_PE_PE_NAME_ATTRIBUTE_APP_ID UNIQUE (OBJECT_ID,ATTRIBUTE,APPLICATION_ID),
  CONSTRAINT UQ_PE_OBJECT_ID_ATTRIBUTE_APP_ID UNIQUE (PROTECTION_ELEMENT_NAME,ATTRIBUTE,APPLICATION_ID)
) ;
CREATE INDEX IDX_APPLICATION_ID ON CSM_PROTECTION_ELEMENT(APPLICATION_ID);


/* Dumping data for table csm_protection_element*/


/* changes for specimen array type -  8th Sep 2006 */
insert into CSM_PROTECTION_ELEMENT (PROTECTION_ELEMENT_ID,PROTECTION_ELEMENT_NAME,PROTECTION_ELEMENT_DESCRIPTION,OBJECT_ID,ATTRIBUTE,PROTECTION_ELEMENT_TYPE,APPLICATION_ID,UPDATE_DATE ) VALUES (275,'edu.wustl.catissuecore.action.SpecimenArrayTypeAction','edu.wustl.catissuecore.action.SpecimenArrayTypeAction','edu.wustl.catissuecore.action.SpecimenArrayTypeAction','',NULL,1,CURRENT DATE);

insert into CSM_PROTECTION_ELEMENT (PROTECTION_ELEMENT_ID,PROTECTION_ELEMENT_NAME,PROTECTION_ELEMENT_DESCRIPTION,OBJECT_ID,ATTRIBUTE,PROTECTION_ELEMENT_TYPE,APPLICATION_ID,UPDATE_DATE ) VALUES (276,'SpecimenArrayType','SpecimenArrayType Class','edu.wustl.catissuecore.domain.SpecimenArrayType','',NULL,1,CURRENT DATE);

insert into CSM_PROTECTION_ELEMENT (PROTECTION_ELEMENT_ID,PROTECTION_ELEMENT_NAME,PROTECTION_ELEMENT_DESCRIPTION,OBJECT_ID,ATTRIBUTE,PROTECTION_ELEMENT_TYPE,APPLICATION_ID,UPDATE_DATE ) VALUES (277,'edu.wustl.common.action.SimpleQueryInterfaceAction_SpecimenArrayType','edu.wustl.common.action.SimpleQueryInterfaceAction_SpecimenArrayType','edu.wustl.common.action.SimpleQueryInterfaceAction_SpecimenArrayType','',NULL,1,CURRENT DATE);

INSERT into CSM_PROTECTION_ELEMENT (PROTECTION_ELEMENT_ID,PROTECTION_ELEMENT_NAME,PROTECTION_ELEMENT_DESCRIPTION,OBJECT_ID,ATTRIBUTE,PROTECTION_ELEMENT_TYPE,APPLICATION_ID,UPDATE_DATE ) VALUES (278,'edu.wustl.common.action.SimpleQueryInterfaceAction_Distribution_array','edu.wustl.common.action.SimpleQueryInterfaceAction_SpecimenArrayType','edu.wustl.common.action.SimpleQueryInterfaceAction_Distribution_array','',NULL,1,CURRENT DATE); 
INSERT INTO CSM_PROTECTION_ELEMENT (PROTECTION_ELEMENT_ID,PROTECTION_ELEMENT_NAME,PROTECTION_ELEMENT_DESCRIPTION,OBJECT_ID,ATTRIBUTE,PROTECTION_ELEMENT_TYPE,APPLICATION_ID,UPDATE_DATE ) VALUES (279,'edu.wustl.catissuecore.action.DisposalEventParametersAction','edu.wustl.catissuecore.action.SimilarContainersAction','edu.wustl.catissuecore.action.DisposalEventParametersAction','',NULL,1,CURRENT DATE);

/* Ashwin 26-09-2006 */
INSERT into CSM_PROTECTION_ELEMENT (PROTECTION_ELEMENT_ID,PROTECTION_ELEMENT_NAME,PROTECTION_ELEMENT_DESCRIPTION,OBJECT_ID,ATTRIBUTE,PROTECTION_ELEMENT_TYPE,APPLICATION_ID,UPDATE_DATE ) VALUES (280,'edu.wustl.catissuecore.action.SpecimenArrayAction','edu.wustl.catissuecore.action.SpecimenArrayAction','edu.wustl.catissuecore.action.SpecimenArrayAction','',NULL,1,CURRENT DATE);
INSERT into CSM_PROTECTION_ELEMENT (PROTECTION_ELEMENT_ID,PROTECTION_ELEMENT_NAME,PROTECTION_ELEMENT_DESCRIPTION,OBJECT_ID,ATTRIBUTE,PROTECTION_ELEMENT_TYPE,APPLICATION_ID,UPDATE_DATE ) VALUES (281,'SpecimenArray','SpecimenArray Class','edu.wustl.catissuecore.domain.SpecimenArray','',NULL,1,CURRENT DATE);
INSERT into CSM_PROTECTION_ELEMENT (PROTECTION_ELEMENT_ID,PROTECTION_ELEMENT_NAME,PROTECTION_ELEMENT_DESCRIPTION,OBJECT_ID,ATTRIBUTE,PROTECTION_ELEMENT_TYPE,APPLICATION_ID,UPDATE_DATE ) VALUES (282,'edu.wustl.common.action.SimpleQueryInterfaceAction_SpecimenArray','edu.wustl.common.action.SimpleQueryInterfaceAction_SpecimenArray','edu.wustl.common.action.SimpleQueryInterfaceAction_SpecimenArray','',NULL,1,CURRENT DATE);
/* changes done */

/* vaishali 10-11-2006 */
INSERT into CSM_PROTECTION_ELEMENT (PROTECTION_ELEMENT_ID,PROTECTION_ELEMENT_NAME,PROTECTION_ELEMENT_DESCRIPTION,OBJECT_ID,ATTRIBUTE,PROTECTION_ELEMENT_TYPE,APPLICATION_ID,UPDATE_DATE ) VALUES (283,'edu.wustl.catissuecore.action.AliquotAction','edu.wustl.catissuecore.action.AliquotAction','edu.wustl.catissuecore.action.AliquotAction','',NULL,1,CURRENT DATE);

/* Mandar 05Dec06 - MultipleSpecimen action entries start */
INSERT into CSM_PROTECTION_ELEMENT (PROTECTION_ELEMENT_ID,PROTECTION_ELEMENT_NAME,PROTECTION_ELEMENT_DESCRIPTION,OBJECT_ID,ATTRIBUTE,PROTECTION_ELEMENT_TYPE,APPLICATION_ID,UPDATE_DATE ) VALUES (284,'edu.wustl.catissuecore.action.MultipleSpecimenAppletAction','edu.wustl.catissuecore.action.MultipleSpecimenAppletAction','edu.wustl.catissuecore.action.MultipleSpecimenAppletAction','',NULL,1,CURRENT DATE);
INSERT into CSM_PROTECTION_ELEMENT (PROTECTION_ELEMENT_ID,PROTECTION_ELEMENT_NAME,PROTECTION_ELEMENT_DESCRIPTION,OBJECT_ID,ATTRIBUTE,PROTECTION_ELEMENT_TYPE,APPLICATION_ID,UPDATE_DATE ) VALUES (285,'edu.wustl.catissuecore.action.MultipleSpecimenCopyPasteAction','edu.wustl.catissuecore.action.MultipleSpecimenCopyPasteAction','edu.wustl.catissuecore.action.MultipleSpecimenCopyPasteAction','',NULL,1,CURRENT DATE);
INSERT into CSM_PROTECTION_ELEMENT (PROTECTION_ELEMENT_ID,PROTECTION_ELEMENT_NAME,PROTECTION_ELEMENT_DESCRIPTION,OBJECT_ID,ATTRIBUTE,PROTECTION_ELEMENT_TYPE,APPLICATION_ID,UPDATE_DATE ) VALUES (286,'edu.wustl.catissuecore.action.SpecimenArrayAppletAction','edu.wustl.catissuecore.action.SpecimenArrayAppletAction','edu.wustl.catissuecore.action.SpecimenArrayAppletAction','',NULL,1,CURRENT DATE);
INSERT into CSM_PROTECTION_ELEMENT (PROTECTION_ELEMENT_ID,PROTECTION_ELEMENT_NAME,PROTECTION_ELEMENT_DESCRIPTION,OBJECT_ID,ATTRIBUTE,PROTECTION_ELEMENT_TYPE,APPLICATION_ID,UPDATE_DATE ) VALUES (287,'edu.wustl.catissuecore.action.MultipleSpecimenAction','edu.wustl.catissuecore.action.MultipleSpecimenAction','edu.wustl.catissuecore.action.MultipleSpecimenAction','',NULL,1,CURRENT DATE);
INSERT into CSM_PROTECTION_ELEMENT (PROTECTION_ELEMENT_ID,PROTECTION_ELEMENT_NAME,PROTECTION_ELEMENT_DESCRIPTION,OBJECT_ID,ATTRIBUTE,PROTECTION_ELEMENT_TYPE,APPLICATION_ID,UPDATE_DATE ) VALUES (288,'edu.wustl.catissuecore.action.NewMultipleSpecimenAction','edu.wustl.catissuecore.action.NewMultipleSpecimenAction','edu.wustl.catissuecore.action.NewMultipleSpecimenAction','',NULL,1,CURRENT DATE);
INSERT into CSM_PROTECTION_ELEMENT (PROTECTION_ELEMENT_ID,PROTECTION_ELEMENT_NAME,PROTECTION_ELEMENT_DESCRIPTION,OBJECT_ID,ATTRIBUTE,PROTECTION_ELEMENT_TYPE,APPLICATION_ID,UPDATE_DATE ) VALUES (289,'edu.wustl.catissuecore.action.DerivedMultipleSpecimenAddAction','edu.wustl.catissuecore.action.DerivedMultipleSpecimenAddAction','edu.wustl.catissuecore.action.DerivedMultipleSpecimenAddAction','',NULL,1,CURRENT DATE);
INSERT into CSM_PROTECTION_ELEMENT (PROTECTION_ELEMENT_ID,PROTECTION_ELEMENT_NAME,PROTECTION_ELEMENT_DESCRIPTION,OBJECT_ID,ATTRIBUTE,PROTECTION_ELEMENT_TYPE,APPLICATION_ID,UPDATE_DATE ) VALUES (290,'edu.wustl.catissuecore.action.AddSpecimenAction','edu.wustl.catissuecore.action.AddSpecimenAction','edu.wustl.catissuecore.action.AddSpecimenAction','',NULL,1,CURRENT DATE);
INSERT into CSM_PROTECTION_ELEMENT (PROTECTION_ELEMENT_ID,PROTECTION_ELEMENT_NAME,PROTECTION_ELEMENT_DESCRIPTION,OBJECT_ID,ATTRIBUTE,PROTECTION_ELEMENT_TYPE,APPLICATION_ID,UPDATE_DATE ) VALUES (291,'edu.wustl.catissuecore.action.InitMultipleSpecimenAction','edu.wustl.catissuecore.action.InitMultipleSpecimenAction','edu.wustl.catissuecore.action.InitMultipleSpecimenAction','',NULL,1,CURRENT DATE);

/* Mandar 05Dec06 - MultipleSpecimen action entries end */


/* cpBasedSearchResult changes  - vaishali*/
INSERT INTO CSM_PROTECTION_ELEMENT (PROTECTION_ELEMENT_ID,PROTECTION_ELEMENT_NAME,PROTECTION_ELEMENT_DESCRIPTION,OBJECT_ID,ATTRIBUTE,PROTECTION_ELEMENT_TYPE,APPLICATION_ID,UPDATE_DATE) VALUES (292,'edu.wustl.catissuecore.action.CPBasedSearchAction','edu.wustl.catissuecore.action.CPBasedSearchAction','edu.wustl.catissuecore.action.CPBasedSearchAction','',NULL,1,CURRENT DATE);
/* changes finish */

INSERT INTO CSM_PROTECTION_ELEMENT (PROTECTION_ELEMENT_ID,PROTECTION_ELEMENT_NAME,PROTECTION_ELEMENT_DESCRIPTION,OBJECT_ID,ATTRIBUTE,PROTECTION_ELEMENT_TYPE,APPLICATION_ID,UPDATE_DATE) VALUES (293,'edu.wustl.catissuecore.action.SpecimenArrayAliquotAction','edu.wustl.catissuecore.action.SpecimenArrayAliquotAction','edu.wustl.catissuecore.action.SpecimenArrayAliquotAction','',NULL,1,CURRENT DATE);

/* Table Objects for table csm_protection_group*/

/* Local Extension  */
INSERT INTO CSM_PROTECTION_ELEMENT (PROTECTION_ELEMENT_ID,PROTECTION_ELEMENT_NAME,PROTECTION_ELEMENT_DESCRIPTION,OBJECT_ID,ATTRIBUTE,PROTECTION_ELEMENT_TYPE,APPLICATION_ID,UPDATE_DATE) VALUES (294,'Local Extensions','Local Extensions class','edu.common.dynamicextensions.domain.integration.EntityMap','',NULL,1,CURRENT DATE);
INSERT INTO CSM_PROTECTION_ELEMENT (PROTECTION_ELEMENT_ID,PROTECTION_ELEMENT_NAME,PROTECTION_ELEMENT_DESCRIPTION,OBJECT_ID,ATTRIBUTE,PROTECTION_ELEMENT_TYPE,APPLICATION_ID,UPDATE_DATE) VALUES (295,'edu.wustl.catissuecore.action.annotations.LoadAnnotationDefinitionAction','edu.wustl.catissuecore.action.annotations.LoadAnnotationDefinitionAction','edu.wustl.catissuecore.action.annotations.LoadAnnotationDefinitionAction','',NULL,1,CURRENT DATE);

/* changes for making Action a secureAction  :kalpana */
INSERT INTO CSM_PROTECTION_ELEMENT (PROTECTION_ELEMENT_ID,PROTECTION_ELEMENT_NAME,PROTECTION_ELEMENT_DESCRIPTION,OBJECT_ID,ATTRIBUTE,PROTECTION_ELEMENT_TYPE,APPLICATION_ID,UPDATE_DATE) VALUES (297,'edu.wustl.catissuecore.action.bulkOperations.BulkTransferEventsAction','edu.wustl.catissuecore.action.bulkOperations.BulkTransferEventsAction','edu.wustl.catissuecore.action.bulkOperations.BulkTransferEventsAction','',NULL,1,CURRENT DATE);
INSERT INTO CSM_PROTECTION_ELEMENT (PROTECTION_ELEMENT_ID,PROTECTION_ELEMENT_NAME,PROTECTION_ELEMENT_DESCRIPTION,OBJECT_ID,ATTRIBUTE,PROTECTION_ELEMENT_TYPE,APPLICATION_ID,UPDATE_DATE) VALUES (298,'edu.wustl.catissuecore.action.MultipleSpecimenFlexInitAction','edu.wustl.catissuecore.action.MultipleSpecimenFlexInitAction','edu.wustl.catissuecore.action.MultipleSpecimenFlexInitAction','',NULL,1,CURRENT DATE);
INSERT INTO CSM_PROTECTION_ELEMENT (PROTECTION_ELEMENT_ID,PROTECTION_ELEMENT_NAME,PROTECTION_ELEMENT_DESCRIPTION,OBJECT_ID,ATTRIBUTE,PROTECTION_ELEMENT_TYPE,APPLICATION_ID,UPDATE_DATE) VALUES (299,'edu.wustl.catissuecore.action.bulkOperations.BulkDisposalEventsAction','edu.wustl.catissuecore.action.bulkOperations.BulkDisposalEventsAction','edu.wustl.catissuecore.action.bulkOperations.BulkDisposalEventsAction','',NULL,1,CURRENT DATE);
/* kalpana :end */


DROP TABLE  CSM_PROTECTION_GROUP;

CREATE TABLE CSM_PROTECTION_GROUP (
  PROTECTION_GROUP_ID DECIMAL(31) NOT NULL ,
  PROTECTION_GROUP_NAME varchar(100) NOT NULL default '',
  PROTECTION_GROUP_DESCRIPTION varchar(200) default NULL,
  APPLICATION_ID DECIMAL(31) NOT NULL default 0,
  LARGE_ELEMENT_COUNT_FLAG DECIMAL(1,0) NOT NULL default 0,
  UPDATE_DATE date NOT NULL default CURRENT DATE,
  PARENT_PROTECTION_GROUP_ID DECIMAL(31) default NULL,
  PRIMARY KEY  (PROTECTION_GROUP_ID),
  CONSTRAINT UQ_PROTECTION_GROUP_PROTECTION_GROUP_NAME UNIQUE (APPLICATION_ID,PROTECTION_GROUP_NAME)
) ;
CREATE INDEX IDX_APPLICATION_ID ON CSM_PROTECTION_GROUP(APPLICATION_ID);
CREATE INDEX IDX_PARENT_PROTECTION_GROUP_ID ON CSM_PROTECTION_GROUP(PARENT_PROTECTION_GROUP_ID);

/* Dumping data for table csm_protection_group*/



INSERT INTO CSM_PROTECTION_GROUP (PROTECTION_GROUP_ID,PROTECTION_GROUP_NAME,PROTECTION_GROUP_DESCRIPTION,APPLICATION_ID,LARGE_ELEMENT_COUNT_FLAG,UPDATE_DATE,PARENT_PROTECTION_GROUP_ID) 
		VALUES (1,'ADMINISTRATOR_PROTECTION_GROUP','Protection elements for class names of objects that belong to Administrative data',1,0,CURRENT DATE,NULL);
INSERT INTO CSM_PROTECTION_GROUP (PROTECTION_GROUP_ID,PROTECTION_GROUP_NAME,PROTECTION_GROUP_DESCRIPTION,APPLICATION_ID,LARGE_ELEMENT_COUNT_FLAG,UPDATE_DATE,PARENT_PROTECTION_GROUP_ID) VALUES (2,'SUPERVISOR_PROTECTION_GROUP','Protection elements for class names of objects that belong to Supervisors data',1,0,CURRENT DATE,NULL);
INSERT INTO CSM_PROTECTION_GROUP (PROTECTION_GROUP_ID,PROTECTION_GROUP_NAME,PROTECTION_GROUP_DESCRIPTION,APPLICATION_ID,LARGE_ELEMENT_COUNT_FLAG,UPDATE_DATE,PARENT_PROTECTION_GROUP_ID) VALUES (3,'TECHNICIAN_PROTECTION_GROUP','Protection elements for class names of objects that belong to Technician data',1,0,CURRENT DATE,NULL);
INSERT INTO CSM_PROTECTION_GROUP (PROTECTION_GROUP_ID,PROTECTION_GROUP_NAME,PROTECTION_GROUP_DESCRIPTION,APPLICATION_ID,LARGE_ELEMENT_COUNT_FLAG,UPDATE_DATE,PARENT_PROTECTION_GROUP_ID) VALUES (4,'ADMIN_DATA_USE_GROUP',NULL,1,0,CURRENT DATE,NULL);
INSERT INTO CSM_PROTECTION_GROUP (PROTECTION_GROUP_ID,PROTECTION_GROUP_NAME,PROTECTION_GROUP_DESCRIPTION,APPLICATION_ID,LARGE_ELEMENT_COUNT_FLAG,UPDATE_DATE,PARENT_PROTECTION_GROUP_ID) VALUES (5,'DISTRIBUTION_PROTOCOL_GROUP',NULL,1,0,CURRENT DATE,NULL);
INSERT INTO CSM_PROTECTION_GROUP (PROTECTION_GROUP_ID,PROTECTION_GROUP_NAME,PROTECTION_GROUP_DESCRIPTION,APPLICATION_ID,LARGE_ELEMENT_COUNT_FLAG,UPDATE_DATE,PARENT_PROTECTION_GROUP_ID) VALUES (6,'COLLECTION_PROTOCOL_GROUP',NULL,1,0,CURRENT DATE,NULL);
INSERT INTO CSM_PROTECTION_GROUP (PROTECTION_GROUP_ID,PROTECTION_GROUP_NAME,PROTECTION_GROUP_DESCRIPTION,APPLICATION_ID,LARGE_ELEMENT_COUNT_FLAG,UPDATE_DATE,PARENT_PROTECTION_GROUP_ID) VALUES (7,'COLLECTION_PROTOCOL_PROTECTED_ATTRIBUTES',NULL,1,0,CURRENT DATE,NULL);
INSERT INTO CSM_PROTECTION_GROUP (PROTECTION_GROUP_ID,PROTECTION_GROUP_NAME,PROTECTION_GROUP_DESCRIPTION,APPLICATION_ID,LARGE_ELEMENT_COUNT_FLAG,UPDATE_DATE,PARENT_PROTECTION_GROUP_ID) VALUES (8,'COLLECTION_PROTOCOL_PUBLIC_ATTRIBUTES',NULL,1,0,CURRENT DATE,NULL);
INSERT INTO CSM_PROTECTION_GROUP (PROTECTION_GROUP_ID,PROTECTION_GROUP_NAME,PROTECTION_GROUP_DESCRIPTION,APPLICATION_ID,LARGE_ELEMENT_COUNT_FLAG,UPDATE_DATE,PARENT_PROTECTION_GROUP_ID) VALUES (9,'DISTRIBUTION_PROTOCOL_PROTECTED_ATTRIBUTES',NULL,1,0,CURRENT DATE,NULL);
INSERT INTO CSM_PROTECTION_GROUP (PROTECTION_GROUP_ID,PROTECTION_GROUP_NAME,PROTECTION_GROUP_DESCRIPTION,APPLICATION_ID,LARGE_ELEMENT_COUNT_FLAG,UPDATE_DATE,PARENT_PROTECTION_GROUP_ID) VALUES (10,'DISTRIBUTION_PROTOCOL_PUBLIC_ATTRIBUTES',NULL,1,0,CURRENT DATE,NULL);
INSERT INTO CSM_PROTECTION_GROUP (PROTECTION_GROUP_ID,PROTECTION_GROUP_NAME,PROTECTION_GROUP_DESCRIPTION,APPLICATION_ID,LARGE_ELEMENT_COUNT_FLAG,UPDATE_DATE,PARENT_PROTECTION_GROUP_ID) VALUES (11,'ADMINISTRATIVE_DATA_PROTECTED_ATTRIBUTES',NULL,1,0,CURRENT DATE,NULL);
INSERT INTO CSM_PROTECTION_GROUP (PROTECTION_GROUP_ID,PROTECTION_GROUP_NAME,PROTECTION_GROUP_DESCRIPTION,APPLICATION_ID,LARGE_ELEMENT_COUNT_FLAG,UPDATE_DATE,PARENT_PROTECTION_GROUP_ID) VALUES (12,'ADMINISTRATIVE_DATA_PUBLIC_ATTRIBUTES',NULL,1,0,CURRENT DATE,NULL);
INSERT INTO CSM_PROTECTION_GROUP (PROTECTION_GROUP_ID,PROTECTION_GROUP_NAME,PROTECTION_GROUP_DESCRIPTION,APPLICATION_ID,LARGE_ELEMENT_COUNT_FLAG,UPDATE_DATE,PARENT_PROTECTION_GROUP_ID) VALUES (13,'PARTICIPANT_DATA_PROTECTED_ATTRIBUTES',NULL,1,0,CURRENT DATE,NULL);
INSERT INTO CSM_PROTECTION_GROUP (PROTECTION_GROUP_ID,PROTECTION_GROUP_NAME,PROTECTION_GROUP_DESCRIPTION,APPLICATION_ID,LARGE_ELEMENT_COUNT_FLAG,UPDATE_DATE,PARENT_PROTECTION_GROUP_ID) VALUES (14,'PARTICIPANT_DATA_PUBLIC_ATTRIBUTES',NULL,1,0,CURRENT DATE,NULL);
INSERT INTO CSM_PROTECTION_GROUP (PROTECTION_GROUP_ID,PROTECTION_GROUP_NAME,PROTECTION_GROUP_DESCRIPTION,APPLICATION_ID,LARGE_ELEMENT_COUNT_FLAG,UPDATE_DATE,PARENT_PROTECTION_GROUP_ID) VALUES (15,'BIOSPECIMEN_DATA_PROTECTED_ATTRIBUTES',NULL,1,0,CURRENT DATE,NULL);
INSERT INTO CSM_PROTECTION_GROUP (PROTECTION_GROUP_ID,PROTECTION_GROUP_NAME,PROTECTION_GROUP_DESCRIPTION,APPLICATION_ID,LARGE_ELEMENT_COUNT_FLAG,UPDATE_DATE,PARENT_PROTECTION_GROUP_ID) VALUES (16,'BIOSPECIMEN_DATA_PUBLIC_ATTRIBUTES',NULL,1,0,CURRENT DATE,NULL);
INSERT INTO CSM_PROTECTION_GROUP (PROTECTION_GROUP_ID,PROTECTION_GROUP_NAME,PROTECTION_GROUP_DESCRIPTION,APPLICATION_ID,LARGE_ELEMENT_COUNT_FLAG,UPDATE_DATE,PARENT_PROTECTION_GROUP_ID) VALUES (17,'SECURED_ADMINISTRATIVE_ACTIONS',NULL,1,0,CURRENT DATE,NULL);
INSERT INTO CSM_PROTECTION_GROUP (PROTECTION_GROUP_ID,PROTECTION_GROUP_NAME,PROTECTION_GROUP_DESCRIPTION,APPLICATION_ID,LARGE_ELEMENT_COUNT_FLAG,UPDATE_DATE,PARENT_PROTECTION_GROUP_ID) VALUES (18,'SECURED_SUPERVISORY_ACTIONS',NULL,1,0,CURRENT DATE,NULL);
INSERT INTO CSM_PROTECTION_GROUP (PROTECTION_GROUP_ID,PROTECTION_GROUP_NAME,PROTECTION_GROUP_DESCRIPTION,APPLICATION_ID,LARGE_ELEMENT_COUNT_FLAG,UPDATE_DATE,PARENT_PROTECTION_GROUP_ID) VALUES (19,'SECURED_TECHNICIAN_ACTIONS',NULL,1,0,CURRENT DATE,NULL);
INSERT INTO CSM_PROTECTION_GROUP (PROTECTION_GROUP_ID,PROTECTION_GROUP_NAME,PROTECTION_GROUP_DESCRIPTION,APPLICATION_ID,LARGE_ELEMENT_COUNT_FLAG,UPDATE_DATE,PARENT_PROTECTION_GROUP_ID) VALUES (20,'PUBLIC_DATA_GROUP',NULL,1,0,CURRENT DATE,NULL);
INSERT INTO CSM_PROTECTION_GROUP (PROTECTION_GROUP_ID,PROTECTION_GROUP_NAME,PROTECTION_GROUP_DESCRIPTION,APPLICATION_ID,LARGE_ELEMENT_COUNT_FLAG,UPDATE_DATE,PARENT_PROTECTION_GROUP_ID) VALUES (21,'ADMINISTRATORS_DATA_GROUP',NULL,1,0,CURRENT DATE,NULL);
INSERT INTO CSM_PROTECTION_GROUP (PROTECTION_GROUP_ID,PROTECTION_GROUP_NAME,PROTECTION_GROUP_DESCRIPTION,APPLICATION_ID,LARGE_ELEMENT_COUNT_FLAG,UPDATE_DATE,PARENT_PROTECTION_GROUP_ID) VALUES (22,'SUPERVISORS_DATA_GROUP',NULL,1,0,CURRENT DATE,NULL);
INSERT INTO CSM_PROTECTION_GROUP (PROTECTION_GROUP_ID,PROTECTION_GROUP_NAME,PROTECTION_GROUP_DESCRIPTION,APPLICATION_ID,LARGE_ELEMENT_COUNT_FLAG,UPDATE_DATE,PARENT_PROTECTION_GROUP_ID) VALUES (23,'TECHNICIANS_DATA_GROUP',NULL,1,0,CURRENT DATE,NULL);
INSERT INTO CSM_PROTECTION_GROUP (PROTECTION_GROUP_ID,PROTECTION_GROUP_NAME,PROTECTION_GROUP_DESCRIPTION,APPLICATION_ID,LARGE_ELEMENT_COUNT_FLAG,UPDATE_DATE,PARENT_PROTECTION_GROUP_ID) VALUES (24,'SECURED_PUBLIC_ACTIONS',NULL,1,0,CURRENT DATE,NULL);



/* Table Objects for table csm_role*/



DROP TABLE  CSM_ROLE;

CREATE TABLE CSM_ROLE (
  ROLE_ID DECIMAL(31) NOT NULL ,
  ROLE_NAME varchar(100) NOT NULL default '',
  ROLE_DESCRIPTION varchar(200) default NULL,
  APPLICATION_ID DECIMAL(31) NOT NULL default 0,
  ACTIVE_FLAG DECIMAL(1,0) NOT NULL default 0,
  UPDATE_DATE date NOT NULL default CURRENT DATE,
  PRIMARY KEY  (ROLE_ID),
  CONSTRAINT UQ_ROLE_ROLE_NAME UNIQUE (APPLICATION_ID,ROLE_NAME)
) ;
CREATE INDEX IDX_APPLICATION_ID ON CSM_ROLE(APPLICATION_ID);


/* Dumping data for table csm_role*/



INSERT INTO CSM_ROLE (ROLE_ID,ROLE_NAME,ROLE_DESCRIPTION,APPLICATION_ID,ACTIVE_FLAG,UPDATE_DATE) VALUES (1,'Administrator','Role for Administrator',1,0,CURRENT DATE);
INSERT INTO CSM_ROLE (ROLE_ID,ROLE_NAME,ROLE_DESCRIPTION,APPLICATION_ID,ACTIVE_FLAG,UPDATE_DATE) VALUES (2,'Supervisor','Role for Supervisor',1,0,CURRENT DATE);
INSERT INTO CSM_ROLE (ROLE_ID,ROLE_NAME,ROLE_DESCRIPTION,APPLICATION_ID,ACTIVE_FLAG,UPDATE_DATE) VALUES (3,'Technician','Role for Technician',1,0,CURRENT DATE);
INSERT INTO CSM_ROLE (ROLE_ID,ROLE_NAME,ROLE_DESCRIPTION,APPLICATION_ID,ACTIVE_FLAG,UPDATE_DATE) VALUES (4,'PI','Role for Principal Investigator',1,0,CURRENT DATE);
INSERT INTO CSM_ROLE (ROLE_ID,ROLE_NAME,ROLE_DESCRIPTION,APPLICATION_ID,ACTIVE_FLAG,UPDATE_DATE) VALUES (5,'READ_ONLY','Read Only Role',1,0,CURRENT DATE);
INSERT INTO CSM_ROLE (ROLE_ID,ROLE_NAME,ROLE_DESCRIPTION,APPLICATION_ID,ACTIVE_FLAG,UPDATE_DATE) VALUES (6,'USE_ONLY','Use Only Role',1,0,CURRENT DATE);
INSERT INTO CSM_ROLE (ROLE_ID,ROLE_NAME,ROLE_DESCRIPTION,APPLICATION_ID,ACTIVE_FLAG,UPDATE_DATE) VALUES (7,'Scientist','Role for Public',1,0,CURRENT DATE);
INSERT INTO CSM_ROLE (ROLE_ID,ROLE_NAME,ROLE_DESCRIPTION,APPLICATION_ID,ACTIVE_FLAG,UPDATE_DATE) VALUES (8,'UPDATE_ONLY','Update Only Role',1,0,CURRENT DATE);
INSERT INTO CSM_ROLE (ROLE_ID,ROLE_NAME,ROLE_DESCRIPTION,APPLICATION_ID,ACTIVE_FLAG,UPDATE_DATE) VALUES (9,'EXECUTE_ONLY','Execute Only Role',1,0,CURRENT DATE);

/*Gautam : Added a READ_DENIED privilege.*/
INSERT INTO CSM_ROLE (ROLE_ID,ROLE_NAME,ROLE_DESCRIPTION,APPLICATION_ID,ACTIVE_FLAG,UPDATE_DATE) VALUES (10,'READ_DENIED','Read Denied Role',1,0,CURRENT DATE);
INSERT INTO CSM_ROLE (ROLE_ID,ROLE_NAME,ROLE_DESCRIPTION,APPLICATION_ID,ACTIVE_FLAG,UPDATE_DATE) VALUES (11,'Coordinator','Role for Coordinator',1,0,CURRENT DATE);


/* Table Objects for table csm_role_privilege*/



DROP TABLE  CSM_ROLE_PRIVILEGE;

CREATE TABLE CSM_ROLE_PRIVILEGE (
  ROLE_PRIVILEGE_ID DECIMAL(31) NOT NULL ,
  ROLE_ID DECIMAL(31) NOT NULL default 0,
  PRIVILEGE_ID DECIMAL(31) NOT NULL default 0,
  UPDATE_DATE date NOT NULL default CURRENT DATE,
  PRIMARY KEY  (ROLE_PRIVILEGE_ID),
  CONSTRAINT UQ_ROLE_PRIVILEGE_ROLE_ID UNIQUE (PRIVILEGE_ID,ROLE_ID)
) ;
CREATE INDEX IDX_PRIVILEGE_ID ON CSM_ROLE_PRIVILEGE(PRIVILEGE_ID);
CREATE INDEX IDX_ROLE_ID ON CSM_ROLE_PRIVILEGE(ROLE_ID);


/* Dumping data for table csm_role_privilege*/



INSERT INTO CSM_ROLE_PRIVILEGE (ROLE_PRIVILEGE_ID,ROLE_ID,PRIVILEGE_ID,UPDATE_DATE) VALUES (1,1,1,CURRENT DATE);
INSERT INTO CSM_ROLE_PRIVILEGE (ROLE_PRIVILEGE_ID,ROLE_ID,PRIVILEGE_ID,UPDATE_DATE) VALUES (2,1,3,CURRENT DATE);
INSERT INTO CSM_ROLE_PRIVILEGE (ROLE_PRIVILEGE_ID,ROLE_ID,PRIVILEGE_ID,UPDATE_DATE) VALUES (3,1,5,CURRENT DATE);
INSERT INTO CSM_ROLE_PRIVILEGE (ROLE_PRIVILEGE_ID,ROLE_ID,PRIVILEGE_ID,UPDATE_DATE) VALUES (4,1,7,CURRENT DATE);
INSERT INTO CSM_ROLE_PRIVILEGE (ROLE_PRIVILEGE_ID,ROLE_ID,PRIVILEGE_ID,UPDATE_DATE) VALUES (5,1,8,CURRENT DATE);
INSERT INTO CSM_ROLE_PRIVILEGE (ROLE_PRIVILEGE_ID,ROLE_ID,PRIVILEGE_ID,UPDATE_DATE) VALUES (6,1,9,CURRENT DATE);
INSERT INTO CSM_ROLE_PRIVILEGE (ROLE_PRIVILEGE_ID,ROLE_ID,PRIVILEGE_ID,UPDATE_DATE) VALUES (7,1,10,CURRENT DATE);
INSERT INTO CSM_ROLE_PRIVILEGE (ROLE_PRIVILEGE_ID,ROLE_ID,PRIVILEGE_ID,UPDATE_DATE) VALUES (8,2,3,CURRENT DATE);
INSERT INTO CSM_ROLE_PRIVILEGE (ROLE_PRIVILEGE_ID,ROLE_ID,PRIVILEGE_ID,UPDATE_DATE) VALUES (9,2,7,CURRENT DATE);
/* Aarti: Bug#1854 - To assign or revoke use privilege on storage containers and sites should NOT only apply to technician group users but also to supervisors.*/
/*INSERT INTO CSM_ROLE_PRIVILEGE (ROLE_PRIVILEGE_ID,ROLE_ID,PRIVILEGE_ID,UPDATE_DATE) VALUES (10,2,8,CURRENT DATE);*/
INSERT INTO CSM_ROLE_PRIVILEGE (ROLE_PRIVILEGE_ID,ROLE_ID,PRIVILEGE_ID,UPDATE_DATE) VALUES (11,3,1,CURRENT DATE);
INSERT INTO CSM_ROLE_PRIVILEGE (ROLE_PRIVILEGE_ID,ROLE_ID,PRIVILEGE_ID,UPDATE_DATE) VALUES (12,3,3,CURRENT DATE);
INSERT INTO CSM_ROLE_PRIVILEGE (ROLE_PRIVILEGE_ID,ROLE_ID,PRIVILEGE_ID,UPDATE_DATE) VALUES (13,3,5,CURRENT DATE);
INSERT INTO CSM_ROLE_PRIVILEGE (ROLE_PRIVILEGE_ID,ROLE_ID,PRIVILEGE_ID,UPDATE_DATE) VALUES (14,3,7,CURRENT DATE);
/*Virender: Bug#4290- If technician log in then by default no storage  position is allowed*/
/*INSERT INTO CSM_ROLE_PRIVILEGE (ROLE_PRIVILEGE_ID,ROLE_ID,PRIVILEGE_ID,UPDATE_DATE) VALUES (15,3,8,CURRENT DATE);*/
INSERT INTO CSM_ROLE_PRIVILEGE (ROLE_PRIVILEGE_ID,ROLE_ID,PRIVILEGE_ID,UPDATE_DATE) VALUES (16,4,3,CURRENT DATE);
INSERT INTO CSM_ROLE_PRIVILEGE (ROLE_PRIVILEGE_ID,ROLE_ID,PRIVILEGE_ID,UPDATE_DATE) VALUES (17,4,9,CURRENT DATE);
INSERT INTO CSM_ROLE_PRIVILEGE (ROLE_PRIVILEGE_ID,ROLE_ID,PRIVILEGE_ID,UPDATE_DATE) VALUES (18,5,3,CURRENT DATE);
INSERT INTO CSM_ROLE_PRIVILEGE (ROLE_PRIVILEGE_ID,ROLE_ID,PRIVILEGE_ID,UPDATE_DATE) VALUES (19,6,8,CURRENT DATE);
INSERT INTO CSM_ROLE_PRIVILEGE (ROLE_PRIVILEGE_ID,ROLE_ID,PRIVILEGE_ID,UPDATE_DATE) VALUES (20,8,5,CURRENT DATE);
INSERT INTO CSM_ROLE_PRIVILEGE (ROLE_PRIVILEGE_ID,ROLE_ID,PRIVILEGE_ID,UPDATE_DATE) VALUES (21,9,7,CURRENT DATE);
INSERT INTO CSM_ROLE_PRIVILEGE (ROLE_PRIVILEGE_ID,ROLE_ID,PRIVILEGE_ID,UPDATE_DATE) VALUES (22,6,3,CURRENT DATE);
INSERT INTO CSM_ROLE_PRIVILEGE (ROLE_PRIVILEGE_ID,ROLE_ID,PRIVILEGE_ID,UPDATE_DATE) VALUES (23,8,3,CURRENT DATE);
INSERT INTO CSM_ROLE_PRIVILEGE (ROLE_PRIVILEGE_ID,ROLE_ID,PRIVILEGE_ID,UPDATE_DATE) VALUES (24,1,11,CURRENT DATE);
INSERT INTO CSM_ROLE_PRIVILEGE (ROLE_PRIVILEGE_ID,ROLE_ID,PRIVILEGE_ID,UPDATE_DATE) VALUES (25,2,11,CURRENT DATE);
INSERT INTO CSM_ROLE_PRIVILEGE (ROLE_PRIVILEGE_ID,ROLE_ID,PRIVILEGE_ID,UPDATE_DATE) VALUES (26,4,11,CURRENT DATE);

/*Gautam : Added the relationship between READ_DENIED privilege and role.*/

INSERT INTO CSM_ROLE_PRIVILEGE (ROLE_PRIVILEGE_ID,ROLE_ID,PRIVILEGE_ID,UPDATE_DATE) VALUES (27,10,12,CURRENT DATE);
INSERT INTO CSM_ROLE_PRIVILEGE (ROLE_PRIVILEGE_ID,ROLE_ID,PRIVILEGE_ID,UPDATE_DATE) VALUES (28,11,3,CURRENT DATE);
INSERT INTO CSM_ROLE_PRIVILEGE (ROLE_PRIVILEGE_ID,ROLE_ID,PRIVILEGE_ID,UPDATE_DATE) VALUES (29,11,11,CURRENT DATE);



/* Table Objects for table csm_user*/



DROP TABLE  CSM_USER;

CREATE TABLE CSM_USER (
  USER_ID DECIMAL(31) NOT NULL ,
  LOGIN_NAME varchar(100) NOT NULL default '',
  FIRST_NAME varchar(100) NOT NULL default '',
  LAST_NAME varchar(100) NOT NULL default '',
  ORGANIZATION varchar(100) default NULL,
  DEPARTMENT varchar(100) default NULL,
  TITLE varchar(100) default NULL,
  PHONE_NUMBER varchar(15) default NULL,
  PASSWORD varchar(100) default NULL,
  EMAIL_ID varchar(100) default NULL,
  START_DATE date default NULL,
  END_DATE date default NULL,
  UPDATE_DATE date NOT NULL default CURRENT DATE,
  PRIMARY KEY  (USER_ID),
  CONSTRAINT UQ_LOGIN_NAME UNIQUE (LOGIN_NAME)
) ;


/* Dumping data for table csm_user*/



INSERT INTO CSM_USER (USER_ID,LOGIN_NAME,FIRST_NAME,LAST_NAME,ORGANIZATION,DEPARTMENT,TITLE,PHONE_NUMBER,PASSWORD,EMAIL_ID,START_DATE,END_DATE,UPDATE_DATE) VALUES (1,'admin@admin.com','Admin','Admin',NULL,NULL,NULL,NULL,'6c416f576765696c6e63316f326d3365','admin@admin.com','2005-08-30',NULL,'2005-08-30');


/* Table Objects for table csm_user_group*/



DROP TABLE  CSM_USER_GROUP;

CREATE TABLE CSM_USER_GROUP (
  USER_GROUP_ID DECIMAL(31) NOT NULL ,
  USER_ID DECIMAL(31) NOT NULL default 0,
  GROUP_ID DECIMAL(31) NOT NULL default 0,
  PRIMARY KEY (USER_GROUP_ID)
) ;
CREATE INDEX IDX_USER_ID ON CSM_USER_GROUP(USER_ID);
CREATE INDEX IDX_GROUP_ID ON CSM_USER_GROUP(GROUP_ID);


/* Dumping data for table csm_user_group*/



INSERT INTO CSM_USER_GROUP (USER_GROUP_ID,USER_ID,GROUP_ID) VALUES (1,1,1);


/* Table Objects for table csm_user_group_role_pg*/



DROP TABLE  CSM_USER_GROUP_ROLE_PG;

CREATE TABLE CSM_USER_GROUP_ROLE_PG (
  USER_GROUP_ROLE_PG_ID DECIMAL(31) NOT NULL ,
  USER_ID DECIMAL(31) default NULL,
  GROUP_ID DECIMAL(31) default NULL,
  ROLE_ID DECIMAL(31) NOT NULL default 0,
  PROTECTION_GROUP_ID DECIMAL(31) NOT NULL default 0,
  UPDATE_DATE date NOT NULL default CURRENT DATE,
  PRIMARY KEY  (USER_GROUP_ROLE_PG_ID)
) ;
CREATE INDEX IDX_GROUP_ID ON CSM_USER_GROUP_ROLE_PG(GROUP_ID);
CREATE INDEX IDX_ROLE_ID ON CSM_USER_GROUP_ROLE_PG(ROLE_ID);
CREATE INDEX IDX_PROTECTION_GROUP_ID ON CSM_USER_GROUP_ROLE_PG(PROTECTION_GROUP_ID);
CREATE INDEX IDX_USER_ID ON CSM_USER_GROUP_ROLE_PG(USER_ID);


/* Dumping data for table csm_user_group_role_pg*/


/* giving read right to public users to view admin data as well */

INSERT INTO CSM_USER_GROUP_ROLE_PG (USER_GROUP_ROLE_PG_ID,USER_ID,GROUP_ID,ROLE_ID,PROTECTION_GROUP_ID,UPDATE_DATE) VALUES (3,NULL,4,5,1,CURRENT DATE);
INSERT INTO CSM_USER_GROUP_ROLE_PG (USER_GROUP_ROLE_PG_ID,USER_ID,GROUP_ID,ROLE_ID,PROTECTION_GROUP_ID,UPDATE_DATE) VALUES (4,NULL,1,1,1,CURRENT DATE);
INSERT INTO CSM_USER_GROUP_ROLE_PG (USER_GROUP_ROLE_PG_ID,USER_ID,GROUP_ID,ROLE_ID,PROTECTION_GROUP_ID,UPDATE_DATE) VALUES (5,NULL,1,1,2,CURRENT DATE);
INSERT INTO CSM_USER_GROUP_ROLE_PG (USER_GROUP_ROLE_PG_ID,USER_ID,GROUP_ID,ROLE_ID,PROTECTION_GROUP_ID,UPDATE_DATE) VALUES (6,NULL,1,1,3,CURRENT DATE);
INSERT INTO CSM_USER_GROUP_ROLE_PG (USER_GROUP_ROLE_PG_ID,USER_ID,GROUP_ID,ROLE_ID,PROTECTION_GROUP_ID,UPDATE_DATE) VALUES (7,NULL,1,1,4,CURRENT DATE);
INSERT INTO CSM_USER_GROUP_ROLE_PG (USER_GROUP_ROLE_PG_ID,USER_ID,GROUP_ID,ROLE_ID,PROTECTION_GROUP_ID,UPDATE_DATE) VALUES (8,NULL,1,1,5,CURRENT DATE);
INSERT INTO CSM_USER_GROUP_ROLE_PG (USER_GROUP_ROLE_PG_ID,USER_ID,GROUP_ID,ROLE_ID,PROTECTION_GROUP_ID,UPDATE_DATE) VALUES (9,NULL,1,1,6,CURRENT DATE);
INSERT INTO CSM_USER_GROUP_ROLE_PG (USER_GROUP_ROLE_PG_ID,USER_ID,GROUP_ID,ROLE_ID,PROTECTION_GROUP_ID,UPDATE_DATE) VALUES (10,NULL,1,1,7,CURRENT DATE);
INSERT INTO CSM_USER_GROUP_ROLE_PG (USER_GROUP_ROLE_PG_ID,USER_ID,GROUP_ID,ROLE_ID,PROTECTION_GROUP_ID,UPDATE_DATE) VALUES (11,NULL,1,1,8,CURRENT DATE);
INSERT INTO CSM_USER_GROUP_ROLE_PG (USER_GROUP_ROLE_PG_ID,USER_ID,GROUP_ID,ROLE_ID,PROTECTION_GROUP_ID,UPDATE_DATE) VALUES (12,NULL,1,1,9,CURRENT DATE);
INSERT INTO CSM_USER_GROUP_ROLE_PG (USER_GROUP_ROLE_PG_ID,USER_ID,GROUP_ID,ROLE_ID,PROTECTION_GROUP_ID,UPDATE_DATE) VALUES (13,NULL,1,1,10,CURRENT DATE);
INSERT INTO CSM_USER_GROUP_ROLE_PG (USER_GROUP_ROLE_PG_ID,USER_ID,GROUP_ID,ROLE_ID,PROTECTION_GROUP_ID,UPDATE_DATE) VALUES (14,NULL,1,1,11,CURRENT DATE);
INSERT INTO CSM_USER_GROUP_ROLE_PG (USER_GROUP_ROLE_PG_ID,USER_ID,GROUP_ID,ROLE_ID,PROTECTION_GROUP_ID,UPDATE_DATE) VALUES (15,NULL,1,1,12,CURRENT DATE);
INSERT INTO CSM_USER_GROUP_ROLE_PG (USER_GROUP_ROLE_PG_ID,USER_ID,GROUP_ID,ROLE_ID,PROTECTION_GROUP_ID,UPDATE_DATE) VALUES (16,NULL,1,1,13,CURRENT DATE);
INSERT INTO CSM_USER_GROUP_ROLE_PG (USER_GROUP_ROLE_PG_ID,USER_ID,GROUP_ID,ROLE_ID,PROTECTION_GROUP_ID,UPDATE_DATE) VALUES (17,NULL,1,1,14,CURRENT DATE);
INSERT INTO CSM_USER_GROUP_ROLE_PG (USER_GROUP_ROLE_PG_ID,USER_ID,GROUP_ID,ROLE_ID,PROTECTION_GROUP_ID,UPDATE_DATE) VALUES (18,NULL,1,1,15,CURRENT DATE);
INSERT INTO CSM_USER_GROUP_ROLE_PG (USER_GROUP_ROLE_PG_ID,USER_ID,GROUP_ID,ROLE_ID,PROTECTION_GROUP_ID,UPDATE_DATE) VALUES (19,NULL,1,1,16,CURRENT DATE);
INSERT INTO CSM_USER_GROUP_ROLE_PG (USER_GROUP_ROLE_PG_ID,USER_ID,GROUP_ID,ROLE_ID,PROTECTION_GROUP_ID,UPDATE_DATE) VALUES (20,NULL,1,1,17,CURRENT DATE);
INSERT INTO CSM_USER_GROUP_ROLE_PG (USER_GROUP_ROLE_PG_ID,USER_ID,GROUP_ID,ROLE_ID,PROTECTION_GROUP_ID,UPDATE_DATE) VALUES (21,NULL,1,1,18,CURRENT DATE);
INSERT INTO CSM_USER_GROUP_ROLE_PG (USER_GROUP_ROLE_PG_ID,USER_ID,GROUP_ID,ROLE_ID,PROTECTION_GROUP_ID,UPDATE_DATE) VALUES (22,NULL,1,1,19,CURRENT DATE);
INSERT INTO CSM_USER_GROUP_ROLE_PG (USER_GROUP_ROLE_PG_ID,USER_ID,GROUP_ID,ROLE_ID,PROTECTION_GROUP_ID,UPDATE_DATE) VALUES (23,NULL,1,1,20,CURRENT DATE);
INSERT INTO CSM_USER_GROUP_ROLE_PG (USER_GROUP_ROLE_PG_ID,USER_ID,GROUP_ID,ROLE_ID,PROTECTION_GROUP_ID,UPDATE_DATE) VALUES (24,NULL,1,1,21,CURRENT DATE);
INSERT INTO CSM_USER_GROUP_ROLE_PG (USER_GROUP_ROLE_PG_ID,USER_ID,GROUP_ID,ROLE_ID,PROTECTION_GROUP_ID,UPDATE_DATE) VALUES (25,NULL,1,1,22,CURRENT DATE);
INSERT INTO CSM_USER_GROUP_ROLE_PG (USER_GROUP_ROLE_PG_ID,USER_ID,GROUP_ID,ROLE_ID,PROTECTION_GROUP_ID,UPDATE_DATE) VALUES (26,NULL,1,1,23,CURRENT DATE);
INSERT INTO CSM_USER_GROUP_ROLE_PG (USER_GROUP_ROLE_PG_ID,USER_ID,GROUP_ID,ROLE_ID,PROTECTION_GROUP_ID,UPDATE_DATE) VALUES (27,NULL,2,1,2,CURRENT DATE);
INSERT INTO CSM_USER_GROUP_ROLE_PG (USER_GROUP_ROLE_PG_ID,USER_ID,GROUP_ID,ROLE_ID,PROTECTION_GROUP_ID,UPDATE_DATE) VALUES (28,NULL,2,1,3,CURRENT DATE);
INSERT INTO CSM_USER_GROUP_ROLE_PG (USER_GROUP_ROLE_PG_ID,USER_ID,GROUP_ID,ROLE_ID,PROTECTION_GROUP_ID,UPDATE_DATE) VALUES (29,NULL,2,1,13,CURRENT DATE);
INSERT INTO CSM_USER_GROUP_ROLE_PG (USER_GROUP_ROLE_PG_ID,USER_ID,GROUP_ID,ROLE_ID,PROTECTION_GROUP_ID,UPDATE_DATE) VALUES (30,NULL,2,1,14,CURRENT DATE);
INSERT INTO CSM_USER_GROUP_ROLE_PG (USER_GROUP_ROLE_PG_ID,USER_ID,GROUP_ID,ROLE_ID,PROTECTION_GROUP_ID,UPDATE_DATE) VALUES (31,NULL,2,1,15,CURRENT DATE);
INSERT INTO CSM_USER_GROUP_ROLE_PG (USER_GROUP_ROLE_PG_ID,USER_ID,GROUP_ID,ROLE_ID,PROTECTION_GROUP_ID,UPDATE_DATE) VALUES (32,NULL,2,1,16,CURRENT DATE);
INSERT INTO CSM_USER_GROUP_ROLE_PG (USER_GROUP_ROLE_PG_ID,USER_ID,GROUP_ID,ROLE_ID,PROTECTION_GROUP_ID,UPDATE_DATE) VALUES (33,NULL,2,1,22,CURRENT DATE);
INSERT INTO CSM_USER_GROUP_ROLE_PG (USER_GROUP_ROLE_PG_ID,USER_ID,GROUP_ID,ROLE_ID,PROTECTION_GROUP_ID,UPDATE_DATE) VALUES (34,NULL,2,1,23,CURRENT DATE);
INSERT INTO CSM_USER_GROUP_ROLE_PG (USER_GROUP_ROLE_PG_ID,USER_ID,GROUP_ID,ROLE_ID,PROTECTION_GROUP_ID,UPDATE_DATE) VALUES (35,NULL,2,2,1,CURRENT DATE);
INSERT INTO CSM_USER_GROUP_ROLE_PG (USER_GROUP_ROLE_PG_ID,USER_ID,GROUP_ID,ROLE_ID,PROTECTION_GROUP_ID,UPDATE_DATE) VALUES (36,NULL,2,2,7,CURRENT DATE);
INSERT INTO CSM_USER_GROUP_ROLE_PG (USER_GROUP_ROLE_PG_ID,USER_ID,GROUP_ID,ROLE_ID,PROTECTION_GROUP_ID,UPDATE_DATE) VALUES (37,NULL,2,2,8,CURRENT DATE);
INSERT INTO CSM_USER_GROUP_ROLE_PG (USER_GROUP_ROLE_PG_ID,USER_ID,GROUP_ID,ROLE_ID,PROTECTION_GROUP_ID,UPDATE_DATE) VALUES (38,NULL,2,2,11,CURRENT DATE);
INSERT INTO CSM_USER_GROUP_ROLE_PG (USER_GROUP_ROLE_PG_ID,USER_ID,GROUP_ID,ROLE_ID,PROTECTION_GROUP_ID,UPDATE_DATE) VALUES (39,NULL,2,2,12,CURRENT DATE);
INSERT INTO CSM_USER_GROUP_ROLE_PG (USER_GROUP_ROLE_PG_ID,USER_ID,GROUP_ID,ROLE_ID,PROTECTION_GROUP_ID,UPDATE_DATE) VALUES (40,NULL,2,2,18,CURRENT DATE);
INSERT INTO CSM_USER_GROUP_ROLE_PG (USER_GROUP_ROLE_PG_ID,USER_ID,GROUP_ID,ROLE_ID,PROTECTION_GROUP_ID,UPDATE_DATE) VALUES (41,NULL,2,2,19,CURRENT DATE);
INSERT INTO CSM_USER_GROUP_ROLE_PG (USER_GROUP_ROLE_PG_ID,USER_ID,GROUP_ID,ROLE_ID,PROTECTION_GROUP_ID,UPDATE_DATE) VALUES (42,NULL,2,2,5,CURRENT DATE);
INSERT INTO CSM_USER_GROUP_ROLE_PG (USER_GROUP_ROLE_PG_ID,USER_ID,GROUP_ID,ROLE_ID,PROTECTION_GROUP_ID,UPDATE_DATE) VALUES (43,NULL,2,2,6,CURRENT DATE);
INSERT INTO CSM_USER_GROUP_ROLE_PG (USER_GROUP_ROLE_PG_ID,USER_ID,GROUP_ID,ROLE_ID,PROTECTION_GROUP_ID,UPDATE_DATE) VALUES (44,NULL,2,2,9,CURRENT DATE);
INSERT INTO CSM_USER_GROUP_ROLE_PG (USER_GROUP_ROLE_PG_ID,USER_ID,GROUP_ID,ROLE_ID,PROTECTION_GROUP_ID,UPDATE_DATE) VALUES (45,NULL,2,2,10,CURRENT DATE);
INSERT INTO CSM_USER_GROUP_ROLE_PG (USER_GROUP_ROLE_PG_ID,USER_ID,GROUP_ID,ROLE_ID,PROTECTION_GROUP_ID,UPDATE_DATE) VALUES (46,NULL,2,2,21,CURRENT DATE);
INSERT INTO CSM_USER_GROUP_ROLE_PG (USER_GROUP_ROLE_PG_ID,USER_ID,GROUP_ID,ROLE_ID,PROTECTION_GROUP_ID,UPDATE_DATE) VALUES (47,NULL,3,3,3,CURRENT DATE);
INSERT INTO CSM_USER_GROUP_ROLE_PG (USER_GROUP_ROLE_PG_ID,USER_ID,GROUP_ID,ROLE_ID,PROTECTION_GROUP_ID,UPDATE_DATE) VALUES (48,NULL,3,3,15,CURRENT DATE);
INSERT INTO CSM_USER_GROUP_ROLE_PG (USER_GROUP_ROLE_PG_ID,USER_ID,GROUP_ID,ROLE_ID,PROTECTION_GROUP_ID,UPDATE_DATE) VALUES (49,NULL,3,3,16,CURRENT DATE);
INSERT INTO CSM_USER_GROUP_ROLE_PG (USER_GROUP_ROLE_PG_ID,USER_ID,GROUP_ID,ROLE_ID,PROTECTION_GROUP_ID,UPDATE_DATE) VALUES (50,NULL,3,3,19,CURRENT DATE);
INSERT INTO CSM_USER_GROUP_ROLE_PG (USER_GROUP_ROLE_PG_ID,USER_ID,GROUP_ID,ROLE_ID,PROTECTION_GROUP_ID,UPDATE_DATE) VALUES (51,NULL,3,5,1,CURRENT DATE);
INSERT INTO CSM_USER_GROUP_ROLE_PG (USER_GROUP_ROLE_PG_ID,USER_ID,GROUP_ID,ROLE_ID,PROTECTION_GROUP_ID,UPDATE_DATE) VALUES (52,NULL,3,5,2,CURRENT DATE);
INSERT INTO CSM_USER_GROUP_ROLE_PG (USER_GROUP_ROLE_PG_ID,USER_ID,GROUP_ID,ROLE_ID,PROTECTION_GROUP_ID,UPDATE_DATE) VALUES (53,NULL,3,5,8,CURRENT DATE);
INSERT INTO CSM_USER_GROUP_ROLE_PG (USER_GROUP_ROLE_PG_ID,USER_ID,GROUP_ID,ROLE_ID,PROTECTION_GROUP_ID,UPDATE_DATE) VALUES (54,NULL,3,5,12,CURRENT DATE);
INSERT INTO CSM_USER_GROUP_ROLE_PG (USER_GROUP_ROLE_PG_ID,USER_ID,GROUP_ID,ROLE_ID,PROTECTION_GROUP_ID,UPDATE_DATE) VALUES (55,NULL,3,5,14,CURRENT DATE);
INSERT INTO CSM_USER_GROUP_ROLE_PG (USER_GROUP_ROLE_PG_ID,USER_ID,GROUP_ID,ROLE_ID,PROTECTION_GROUP_ID,UPDATE_DATE) VALUES (56,NULL,3,5,21,CURRENT DATE);
INSERT INTO CSM_USER_GROUP_ROLE_PG (USER_GROUP_ROLE_PG_ID,USER_ID,GROUP_ID,ROLE_ID,PROTECTION_GROUP_ID,UPDATE_DATE) VALUES (57,NULL,3,5,22,CURRENT DATE);
INSERT INTO CSM_USER_GROUP_ROLE_PG (USER_GROUP_ROLE_PG_ID,USER_ID,GROUP_ID,ROLE_ID,PROTECTION_GROUP_ID,UPDATE_DATE) VALUES (58,NULL,3,6,5,CURRENT DATE);
INSERT INTO CSM_USER_GROUP_ROLE_PG (USER_GROUP_ROLE_PG_ID,USER_ID,GROUP_ID,ROLE_ID,PROTECTION_GROUP_ID,UPDATE_DATE) VALUES (59,NULL,3,6,9,CURRENT DATE);
INSERT INTO CSM_USER_GROUP_ROLE_PG (USER_GROUP_ROLE_PG_ID,USER_ID,GROUP_ID,ROLE_ID,PROTECTION_GROUP_ID,UPDATE_DATE) VALUES (60,NULL,3,6,10,CURRENT DATE);
INSERT INTO CSM_USER_GROUP_ROLE_PG (USER_GROUP_ROLE_PG_ID,USER_ID,GROUP_ID,ROLE_ID,PROTECTION_GROUP_ID,UPDATE_DATE) VALUES (61,NULL,4,5,2,CURRENT DATE);
INSERT INTO CSM_USER_GROUP_ROLE_PG (USER_GROUP_ROLE_PG_ID,USER_ID,GROUP_ID,ROLE_ID,PROTECTION_GROUP_ID,UPDATE_DATE) VALUES (62,NULL,4,5,3,CURRENT DATE);
INSERT INTO CSM_USER_GROUP_ROLE_PG (USER_GROUP_ROLE_PG_ID,USER_ID,GROUP_ID,ROLE_ID,PROTECTION_GROUP_ID,UPDATE_DATE) VALUES (63,NULL,4,5,5,CURRENT DATE);
INSERT INTO CSM_USER_GROUP_ROLE_PG (USER_GROUP_ROLE_PG_ID,USER_ID,GROUP_ID,ROLE_ID,PROTECTION_GROUP_ID,UPDATE_DATE) VALUES (64,NULL,4,5,6,CURRENT DATE);
INSERT INTO CSM_USER_GROUP_ROLE_PG (USER_GROUP_ROLE_PG_ID,USER_ID,GROUP_ID,ROLE_ID,PROTECTION_GROUP_ID,UPDATE_DATE) VALUES (65,NULL,4,5,8,CURRENT DATE);
INSERT INTO CSM_USER_GROUP_ROLE_PG (USER_GROUP_ROLE_PG_ID,USER_ID,GROUP_ID,ROLE_ID,PROTECTION_GROUP_ID,UPDATE_DATE) VALUES (66,NULL,4,5,10,CURRENT DATE);
INSERT INTO CSM_USER_GROUP_ROLE_PG (USER_GROUP_ROLE_PG_ID,USER_ID,GROUP_ID,ROLE_ID,PROTECTION_GROUP_ID,UPDATE_DATE) VALUES (67,NULL,4,5,14,CURRENT DATE);
INSERT INTO CSM_USER_GROUP_ROLE_PG (USER_GROUP_ROLE_PG_ID,USER_ID,GROUP_ID,ROLE_ID,PROTECTION_GROUP_ID,UPDATE_DATE) VALUES (68,NULL,4,5,16,CURRENT DATE);
INSERT INTO CSM_USER_GROUP_ROLE_PG (USER_GROUP_ROLE_PG_ID,USER_ID,GROUP_ID,ROLE_ID,PROTECTION_GROUP_ID,UPDATE_DATE) VALUES (69,NULL,4,5,20,CURRENT DATE);
INSERT INTO CSM_USER_GROUP_ROLE_PG (USER_GROUP_ROLE_PG_ID,USER_ID,GROUP_ID,ROLE_ID,PROTECTION_GROUP_ID,UPDATE_DATE) VALUES (70,NULL,1,1,24,CURRENT DATE);
INSERT INTO CSM_USER_GROUP_ROLE_PG (USER_GROUP_ROLE_PG_ID,USER_ID,GROUP_ID,ROLE_ID,PROTECTION_GROUP_ID,UPDATE_DATE) VALUES (71,NULL,2,2,24,CURRENT DATE);
INSERT INTO CSM_USER_GROUP_ROLE_PG (USER_GROUP_ROLE_PG_ID,USER_ID,GROUP_ID,ROLE_ID,PROTECTION_GROUP_ID,UPDATE_DATE) VALUES (72,NULL,3,3,24,CURRENT DATE);
INSERT INTO CSM_USER_GROUP_ROLE_PG (USER_GROUP_ROLE_PG_ID,USER_ID,GROUP_ID,ROLE_ID,PROTECTION_GROUP_ID,UPDATE_DATE) VALUES (73,NULL,4,9,24,CURRENT DATE);
/* Gautam : Added for allowing supervisor to see identified data.*/
INSERT INTO CSM_USER_GROUP_ROLE_PG (USER_GROUP_ROLE_PG_ID,USER_ID,GROUP_ID,ROLE_ID,PROTECTION_GROUP_ID,UPDATE_DATE) VALUES (74,NULL,2,2,20,CURRENT DATE);
/*  Aarti Assigning technician role to technicians on public data group */
INSERT INTO CSM_USER_GROUP_ROLE_PG (USER_GROUP_ROLE_PG_ID,USER_ID,GROUP_ID,ROLE_ID,PROTECTION_GROUP_ID,UPDATE_DATE) VALUES (75,NULL,3,3,20,CURRENT DATE);


/* Table Objects for table csm_user_pe*/



DROP TABLE  CSM_USER_PE;

CREATE TABLE CSM_USER_PE (
  USER_PROTECTION_ELEMENT_ID DECIMAL(31) NOT NULL ,
  PROTECTION_ELEMENT_ID DECIMAL(31) NOT NULL default 0,
  USER_ID DECIMAL(31) NOT NULL default 0,
  UPDATE_DATE date NOT NULL default CURRENT DATE,
  PRIMARY KEY  (USER_PROTECTION_ELEMENT_ID),
  CONSTRAINT UQ_USER_PROTECTION_ELEMENT_PROTECTION_ELEMENT_ID UNIQUE (USER_ID,PROTECTION_ELEMENT_ID)
) ;
CREATE INDEX IDX_USER_ID ON CSM_USER_PE(USER_ID);
CREATE INDEX IDX_PROTECTION_ELEMENT_ID ON CSM_USER_PE(PROTECTION_ELEMENT_ID);

/* Dumping data for table csm_user_pe*/





/*  CONSTRAINTs for table csm_group*/



ALTER TABLE CSM_GROUP
  ADD CONSTRAINT (APPLICATION_ID) REFERENCES `CSM_APPLICATION` (APPLICATION_ID) ON DELETE CASCADE;



/*  CONSTRAINTs for table csm_pg_pe*/



ALTER TABLE CSM_PG_PE
  ADD CONSTRAINT (PROTECTION_ELEMENT_ID) REFERENCES CSM_PROTECTION_ELEMENT (PROTECTION_ELEMENT_ID) ON DELETE CASCADE,
  ADD CONSTRAINT (PROTECTION_GROUP_ID) REFERENCES CSM_PROTECTION_GROUP (PROTECTION_GROUP_ID) ON DELETE CASCADE;



/*  CONSTRAINTs for table csm_protection_element*/



ALTER TABLE CSM_PROTECTION_ELEMENT
  ADD CONSTRAINT (APPLICATION_ID) REFERENCES `CSM_APPLICATION` (APPLICATION_ID) ON DELETE CASCADE;



/*  CONSTRAINTs for table csm_protection_group*/



ALTER TABLE CSM_PROTECTION_GROUP
  ADD CONSTRAINT (APPLICATION_ID) REFERENCES `CSM_APPLICATION` (APPLICATION_ID) ON DELETE CASCADE,
  ADD CONSTRAINT (PARENT_PROTECTION_GROUP_ID) REFERENCES CSM_PROTECTION_GROUP (PROTECTION_GROUP_ID);



/*  CONSTRAINTs for table csm_role*/



ALTER TABLE CSM_ROLE
  ADD CONSTRAINT (APPLICATION_ID) REFERENCES `CSM_APPLICATION` (APPLICATION_ID) ON DELETE CASCADE;



/*  CONSTRAINTs for table csm_role_privilege */



ALTER TABLE CSM_ROLE_PRIVILEGE
  ADD CONSTRAINT (PRIVILEGE_ID) REFERENCES CSM_PRIVILEGE (PRIVILEGE_ID) ON DELETE CASCADE,
  ADD CONSTRAINT (ROLE_ID) REFERENCES CSM_ROLE (ROLE_ID) ON DELETE CASCADE;



/*  CONSTRAINTs for table csm_user_group */



ALTER TABLE CSM_USER_GROUP
  ADD CONSTRAINT (GROUP_ID) REFERENCES CSM_GROUP (GROUP_ID) ON DELETE CASCADE,
  ADD CONSTRAINT (USER_ID) REFERENCES CSM_USER (USER_ID) ON DELETE CASCADE;



/*  CONSTRAINTs for table csm_user_group_role_pg */



ALTER TABLE CSM_USER_GROUP_ROLE_PG
  ADD CONSTRAINT (GROUP_ID) REFERENCES CSM_GROUP (GROUP_ID) ON DELETE CASCADE,
  ADD CONSTRAINT (PROTECTION_GROUP_ID) REFERENCES CSM_PROTECTION_GROUP (PROTECTION_GROUP_ID) ON DELETE CASCADE,
  ADD CONSTRAINT (ROLE_ID) REFERENCES CSM_ROLE (ROLE_ID) ON DELETE CASCADE,
  ADD CONSTRAINT (USER_ID) REFERENCES CSM_USER (USER_ID) ON DELETE CASCADE;



/*  CONSTRAINTs for table csm_user_pe */



ALTER TABLE CSM_USER_PE
  ADD CONSTRAINT (USER_ID) REFERENCES CSM_USER (USER_ID) ON DELETE CASCADE,
  ADD CONSTRAINT (PROTECTION_ELEMENT_ID) REFERENCES CSM_PROTECTION_ELEMENT (PROTECTION_ELEMENT_ID) ON DELETE CASCADE;




